epoch,time,train/box_loss,train/cls_loss,train/dfl_loss,metrics/precision(B),metrics/recall(B),metrics/mAP50(B),metrics/mAP50-95(B),val/box_loss,val/cls_loss,val/dfl_loss,lr/pg0,lr/pg1,lr/pg2
1,3.97906,4.14869,3.24208,0,0.02854,0.17563,0.01677,0.0039,3.84956,3.2204,0,0.0902,0.0002,0.0002
2,5.51139,3.94837,3.13404,0,0.0361,0.22217,0.02207,0.00544,3.61194,2.95913,0,0.07942,0.000419999,0.000419999
3,7.44279,3.71598,2.7911,0,0.01354,0.08331,0.00734,0.002,3.52603,2.71687,0,0.06864,0.000639994,0.000639994
4,9.41888,3.68801,2.77191,0,0.01992,0.12259,0.01123,0.0032,3.48788,2.75062,0,0.05786,0.000859981,0.000859981
5,11.316,3.66166,2.71236,0,0.01898,0.11684,0.01062,0.00282,3.49759,2.74997,0,0.04708,0.00107996,0.00107996
6,13.0297,3.62172,2.69307,0,0.02248,0.13835,0.0128,0.00335,3.49762,2.73349,0,0.0362999,0.00129992,0.00129992
7,15.0394,3.62423,2.68446,0,0.00598,0.03678,0.0031,0.00082,3.49006,2.72374,0,0.0255199,0.00151987,0.00151987
8,16.8457,3.61363,2.6783,0,0.01642,0.10108,0.00925,0.00251,3.49569,2.7643,0,0.0147398,0.00173979,0.00173979
9,18.6507,3.58788,2.66873,0,0.01244,0.07656,0.00672,0.00184,3.49404,2.81442,0,0.00395969,0.00195969,0.00195969
10,20.4271,3.62055,2.65545,0,0.01614,0.09932,0.00948,0.00253,3.48588,2.89996,0,0.0019996,0.0019996,0.0019996
11,22.1553,3.62606,2.6371,0,0.02077,0.12785,0.01187,0.00319,3.48882,2.97527,0,0.00199951,0.00199951,0.00199951
12,24.0317,3.61275,2.63648,0,0.01215,0.07481,0.00654,0.00165,3.48377,3.06344,0,0.00199941,0.00199941,0.00199941
13,25.8015,3.59859,2.61107,0,0.01589,0.09782,0.00875,0.00229,3.48935,3.04665,0,0.0019993,0.0019993,0.0019993
14,27.3841,3.59262,2.59798,0,0.02581,0.15887,0.01552,0.00441,3.49525,2.82375,0,0.00199917,0.00199917,0.00199917
15,28.7412,3.62719,2.569,0,0.03089,0.19014,0.01896,0.00512,3.49041,2.65503,0,0.00199904,0.00199904,0.00199904
16,30.1768,3.58456,2.56471,0,0.02874,0.17688,0.01794,0.00468,3.51787,2.63109,0,0.0019989,0.0019989,0.0019989
17,31.9077,3.59783,2.52219,0,0.02663,0.16387,0.01674,0.00441,3.56349,2.62242,0,0.00199875,0.00199875,0.00199875
18,33.3829,3.55387,2.50603,0,0.02654,0.16337,0.0158,0.00429,3.57389,2.68072,0,0.00199859,0.00199859,0.00199859
19,34.8784,3.58985,2.47476,0,0.02671,0.16437,0.0163,0.00422,3.55936,2.81431,0,0.00199842,0.00199842,0.00199842
20,36.6106,3.60269,2.46711,0,0.02589,0.15937,0.0157,0.00422,3.58046,2.71491,0,0.00199824,0.00199824,0.00199824
21,38.3428,3.56161,2.42131,0,0.02825,0.17388,0.01755,0.00433,3.6694,2.59646,0,0.00199805,0.00199805,0.00199805
22,40.227,3.55683,2.38729,0,0.02427,0.14936,0.01401,0.00357,3.86525,2.9953,0,0.00199785,0.00199785,0.00199785
23,41.9482,3.5258,2.37215,0,0.01797,0.11058,0.01,0.0026,4.02383,4.00109,0,0.00199764,0.00199764,0.00199764
24,43.7643,3.51297,2.33865,0,0.03455,0.21266,0.0229,0.00598,3.68172,2.72257,0,0.00199742,0.00199742,0.00199742
25,45.5221,3.47829,2.31384,0,0.03671,0.22592,0.02436,0.0066,3.61188,2.79977,0,0.00199719,0.00199719,0.00199719
26,47.3793,3.45731,2.25271,0,0.06525,0.1386,0.03477,0.00908,3.57015,2.74031,0,0.00199695,0.00199695,0.00199695
27,49.3651,3.40954,2.22577,0,0.06039,0.10808,0.03112,0.0082,3.65398,2.6462,0,0.0019967,0.0019967,0.0019967
28,51.1044,3.32693,2.20277,0,0.06494,0.09982,0.03312,0.00948,3.62304,2.56575,0,0.00199644,0.00199644,0.00199644
29,52.9032,3.33277,2.1223,0,0.05748,0.10133,0.02604,0.0079,3.6107,2.92523,0,0.00199617,0.00199617,0.00199617
30,54.6354,3.25969,2.07675,0,0.04726,0.0718,0.01751,0.0051,3.73302,4.97419,0,0.00199589,0.00199589,0.00199589
31,56.3753,3.21494,2.02457,0,0.07786,0.0683,0.03223,0.00958,3.68296,5.15038,0,0.00199561,0.00199561,0.00199561
32,58.2694,3.11871,1.96927,0,0.10124,0.11859,0.05225,0.01603,3.33512,4.38277,0,0.00199531,0.00199531,0.00199531
33,60.042,3.07958,1.92974,0,0.12033,0.16237,0.06419,0.01746,3.28039,3.579,0,0.001995,0.001995,0.001995
34,61.8624,3.01018,1.89096,0,0.18691,0.1974,0.11143,0.03226,3.04682,3.1936,0,0.00199468,0.00199468,0.00199468
35,63.5755,2.97951,1.86657,0,0.13608,0.18507,0.07939,0.02257,3.141,3.32925,0,0.00199436,0.00199436,0.00199436
36,65.3154,2.89144,1.81743,0,0.0942,0.11709,0.04835,0.01334,3.31496,4.04446,0,0.00199402,0.00199402,0.00199402
37,67.2646,2.86731,1.77957,0,0.14673,0.17813,0.07376,0.02186,3.18974,3.4725,0,0.00199368,0.00199368,0.00199368
38,68.9854,2.85575,1.78288,0,0.22792,0.2662,0.1429,0.04289,2.93388,2.27886,0,0.00199332,0.00199332,0.00199332
39,70.6998,2.81382,1.74546,0,0.22099,0.25894,0.13488,0.03984,2.98108,2.3784,0,0.00199295,0.00199295,0.00199295
40,72.4739,2.77008,1.72182,0,0.22962,0.28471,0.14265,0.04411,2.86802,2.50781,0,0.00199258,0.00199258,0.00199258
41,74.163,2.8074,1.73731,0,0.26548,0.29047,0.15519,0.0477,2.81613,1.923,0,0.00199219,0.00199219,0.00199219
42,75.9857,2.72288,1.69754,0,0.27083,0.29022,0.17235,0.0559,2.76326,1.86011,0,0.0019918,0.0019918,0.0019918
43,77.6271,2.73186,1.69176,0,0.29822,0.30298,0.18226,0.05804,2.78299,1.89006,0,0.00199139,0.00199139,0.00199139
44,79.3902,2.6921,1.67251,0,0.32478,0.31374,0.2223,0.07518,2.68092,1.83951,0,0.00199098,0.00199098,0.00199098
45,81.1429,2.66446,1.64503,0,0.33999,0.32274,0.24382,0.08427,2.65811,1.72012,0,0.00199056,0.00199056,0.00199056
46,82.9338,2.66732,1.63329,0,0.34548,0.32574,0.26119,0.09083,2.62412,1.71761,0,0.00199012,0.00199012,0.00199012
47,84.8304,2.5998,1.60767,0,0.36232,0.33079,0.26819,0.09143,2.6087,1.73416,0,0.00198968,0.00198968,0.00198968
48,86.5112,2.60073,1.61694,0,0.38553,0.33525,0.26955,0.09199,2.58104,1.70985,0,0.00198923,0.00198923,0.00198923
49,88.2888,2.58052,1.59912,0,0.38902,0.33675,0.28907,0.10097,2.54759,1.61499,0,0.00198877,0.00198877,0.00198877
50,90.2899,2.60028,1.5868,0,0.40595,0.34074,0.29591,0.10279,2.54295,1.60775,0,0.00198829,0.00198829,0.00198829
51,91.9922,2.5593,1.57996,0,0.38404,0.32975,0.28833,0.10069,2.5473,1.65924,0,0.00198781,0.00198781,0.00198781
52,93.8635,2.55997,1.58577,0,0.38979,0.34651,0.29424,0.10234,2.53264,1.61138,0,0.00198732,0.00198732,0.00198732
53,95.624,2.52414,1.55894,0,0.39616,0.34401,0.30012,0.10398,2.52625,1.56343,0,0.00198682,0.00198682,0.00198682
54,97.384,2.4742,1.53547,0,0.39959,0.36352,0.31193,0.11222,2.46135,1.5643,0,0.00198631,0.00198631,0.00198631
55,99.2367,2.47881,1.54238,0,0.41352,0.35552,0.31189,0.11396,2.46875,1.58518,0,0.00198579,0.00198579,0.00198579
56,101.054,2.47895,1.5329,0,0.41786,0.35522,0.31339,0.11211,2.46527,1.56281,0,0.00198526,0.00198526,0.00198526
57,102.955,2.44548,1.52128,0,0.40934,0.35402,0.30493,0.11228,2.42197,1.53996,0,0.00198472,0.00198472,0.00198472
58,104.703,2.42413,1.51672,0,0.40015,0.3595,0.30944,0.11226,2.50696,1.54975,0,0.00198417,0.00198417,0.00198417
59,106.419,2.43371,1.52504,0,0.42964,0.34726,0.32467,0.11951,2.47674,1.54197,0,0.00198361,0.00198361,0.00198361
60,108.275,2.40079,1.50026,0,0.43641,0.35652,0.33423,0.12163,2.43638,1.53977,0,0.00198304,0.00198304,0.00198304
61,110.045,2.40966,1.49271,0,0.45089,0.38129,0.33604,0.1219,2.41762,1.56382,0,0.00198246,0.00198246,0.00198246
62,111.913,2.3925,1.49038,0,0.43359,0.37575,0.3303,0.11822,2.46788,1.56921,0,0.00198188,0.00198188,0.00198188
63,113.719,2.40112,1.4821,0,0.45129,0.39355,0.35593,0.13185,2.39118,1.47812,0,0.00198128,0.00198128,0.00198128
64,115.439,2.3578,1.46475,0,0.43537,0.38776,0.3496,0.12822,2.39372,1.47429,0,0.00198067,0.00198067,0.00198067
65,117.066,2.39333,1.48551,0,0.47984,0.37753,0.35593,0.1352,2.33479,1.47106,0,0.00198006,0.00198006,0.00198006
66,118.893,2.37368,1.48633,0,0.46176,0.38579,0.36125,0.13488,2.36732,1.47084,0,0.00197943,0.00197943,0.00197943
67,120.742,2.36682,1.47635,0,0.48181,0.38429,0.37167,0.14188,2.35177,1.47215,0,0.0019788,0.0019788,0.0019788
68,122.474,2.33114,1.46016,0,0.48461,0.3858,0.36132,0.13715,2.3501,1.49208,0,0.00197815,0.00197815,0.00197815
69,124.114,2.33581,1.46723,0,0.46101,0.38129,0.36024,0.13822,2.31532,1.45341,0,0.0019775,0.0019775,0.0019775
70,125.774,2.31264,1.44306,0,0.48188,0.39805,0.37901,0.14513,2.30349,1.44073,0,0.00197683,0.00197683,0.00197683
71,127.45,2.35261,1.43603,0,0.48331,0.39605,0.38419,0.14489,2.31935,1.44777,0,0.00197616,0.00197616,0.00197616
72,129.386,2.29781,1.40215,0,0.4937,0.4048,0.38509,0.14599,2.30293,1.45795,0,0.00197547,0.00197547,0.00197547
73,131.124,2.30035,1.43292,0,0.50484,0.40608,0.38841,0.14955,2.26542,1.4682,0,0.00197478,0.00197478,0.00197478
74,132.864,2.3101,1.43907,0,0.50015,0.40054,0.39967,0.1575,2.26199,1.42886,0,0.00197408,0.00197408,0.00197408
75,134.575,2.30664,1.41662,0,0.50637,0.40605,0.39983,0.15482,2.28981,1.44169,0,0.00197337,0.00197337,0.00197337
76,136.231,2.30969,1.42249,0,0.51681,0.41006,0.40508,0.15479,2.29291,1.46467,0,0.00197265,0.00197265,0.00197265
77,138.055,2.26093,1.41607,0,0.50495,0.42769,0.4069,0.15907,2.24175,1.49266,0,0.00197192,0.00197192,0.00197192
78,139.798,2.2808,1.41673,0,0.50462,0.40906,0.38454,0.14692,2.27405,1.5468,0,0.00197118,0.00197118,0.00197118
79,141.342,2.2744,1.41562,0,0.49971,0.39329,0.38483,0.14818,2.30264,1.45985,0,0.00197043,0.00197043,0.00197043
80,143.041,2.2331,1.40071,0,0.50827,0.4033,0.40049,0.15569,2.27265,1.42434,0,0.00196967,0.00196967,0.00196967
81,144.593,2.25164,1.3924,0,0.51209,0.41481,0.40815,0.16196,2.24346,1.43845,0,0.0019689,0.0019689,0.0019689
82,146.351,2.27519,1.41496,0,0.50509,0.41747,0.40947,0.16477,2.23059,1.39199,0,0.00196812,0.00196812,0.00196812
83,148.078,2.241,1.39399,0,0.49474,0.41606,0.41072,0.16422,2.21847,1.39755,0,0.00196733,0.00196733,0.00196733
84,149.778,2.22842,1.38717,0,0.51565,0.41806,0.41578,0.1698,2.20905,1.3728,0,0.00196653,0.00196653,0.00196653
85,151.537,2.23359,1.37816,0,0.49877,0.41756,0.40866,0.16303,2.25865,1.37817,0,0.00196573,0.00196573,0.00196573
86,153.332,2.20898,1.38493,0,0.52813,0.42382,0.4252,0.17658,2.17965,1.37583,0,0.00196491,0.00196491,0.00196491
87,155.347,2.20916,1.38594,0,0.49203,0.38729,0.37243,0.13997,2.35264,1.45976,0,0.00196409,0.00196409,0.00196409
88,157.042,2.20628,1.38834,0,0.53952,0.40921,0.41529,0.1642,2.19446,1.38786,0,0.00196325,0.00196325,0.00196325
89,158.735,2.20445,1.37367,0,0.52234,0.40792,0.40829,0.16502,2.2358,1.36631,0,0.00196241,0.00196241,0.00196241
90,160.499,2.26432,1.38617,0,0.50283,0.41447,0.40088,0.16463,2.2275,1.37284,0,0.00196155,0.00196155,0.00196155
91,162.198,2.18626,1.35579,0,0.53988,0.39755,0.42047,0.17215,2.20819,1.36183,0,0.00196069,0.00196069,0.00196069
92,164.078,2.19498,1.35985,0,0.50849,0.41981,0.41538,0.17399,2.15474,1.364,0,0.00195982,0.00195982,0.00195982
93,165.741,2.20297,1.36622,0,0.52712,0.41749,0.42506,0.17564,2.15378,1.36406,0,0.00195894,0.00195894,0.00195894
94,167.291,2.15878,1.35814,0,0.50573,0.41581,0.41399,0.16889,2.21685,1.36633,0,0.00195805,0.00195805,0.00195805
95,168.935,2.15791,1.34373,0,0.52416,0.41406,0.41978,0.17465,2.16377,1.36243,0,0.00195714,0.00195714,0.00195714
96,170.593,2.17447,1.33897,0,0.53035,0.42482,0.42759,0.17512,2.1719,1.35306,0,0.00195624,0.00195624,0.00195624
97,172.461,2.16548,1.33011,0,0.53274,0.41481,0.42266,0.17651,2.16435,1.34279,0,0.00195532,0.00195532,0.00195532
98,174.256,2.15542,1.3387,0,0.54202,0.43332,0.43532,0.18193,2.13016,1.34579,0,0.00195439,0.00195439,0.00195439
99,175.997,2.12638,1.32949,0,0.55272,0.43833,0.45117,0.19432,2.10233,1.31294,0,0.00195345,0.00195345,0.00195345
100,177.787,2.13859,1.33216,0,0.53873,0.42182,0.43502,0.18386,2.13576,1.33284,0,0.0019525,0.0019525,0.0019525
101,179.511,2.13716,1.33301,0,0.52889,0.43232,0.43896,0.18722,2.10624,1.31454,0,0.00195155,0.00195155,0.00195155
102,181.477,2.10179,1.31629,0,0.51373,0.42457,0.42655,0.18268,2.11988,1.34028,0,0.00195058,0.00195058,0.00195058
103,183.164,2.09241,1.31179,0,0.53482,0.43002,0.43001,0.17871,2.1521,1.33532,0,0.00194961,0.00194961,0.00194961
104,184.902,2.13739,1.32019,0,0.53862,0.44408,0.44642,0.19127,2.10261,1.31851,0,0.00194862,0.00194862,0.00194862
105,186.821,2.1263,1.32184,0,0.53335,0.43207,0.43827,0.1875,2.1006,1.33097,0,0.00194763,0.00194763,0.00194763
106,188.497,2.07516,1.30969,0,0.54093,0.43032,0.4398,0.188,2.10717,1.31155,0,0.00194662,0.00194662,0.00194662
107,190.4,2.09282,1.31077,0,0.55009,0.4307,0.43971,0.19238,2.09933,1.32255,0,0.00194561,0.00194561,0.00194561
108,192.166,2.09885,1.3148,0,0.54464,0.42982,0.44231,0.19605,2.06105,1.30868,0,0.00194459,0.00194459,0.00194459
109,193.918,2.11151,1.30528,0,0.5653,0.44233,0.45711,0.20345,2.04362,1.30222,0,0.00194356,0.00194356,0.00194356
110,195.687,2.0578,1.31572,0,0.54523,0.44063,0.45302,0.2018,2.06167,1.28454,0,0.00194252,0.00194252,0.00194252
111,197.391,2.06248,1.3106,0,0.54808,0.44997,0.45455,0.20047,2.06105,1.27941,0,0.00194147,0.00194147,0.00194147
112,199.279,2.04952,1.30133,0,0.55278,0.43032,0.44581,0.1951,2.05942,1.30582,0,0.00194041,0.00194041,0.00194041
113,200.929,2.07563,1.29893,0,0.561,0.43558,0.4478,0.19734,2.08096,1.30665,0,0.00193935,0.00193935,0.00193935
114,202.705,2.08712,1.2955,0,0.55836,0.43783,0.44824,0.19689,2.08386,1.3256,0,0.00193827,0.00193827,0.00193827
115,204.417,2.07164,1.29168,0,0.57105,0.43332,0.45355,0.19525,2.08724,1.30949,0,0.00193718,0.00193718,0.00193718
116,206.126,2.07575,1.28624,0,0.55746,0.44033,0.45302,0.1997,2.05423,1.29386,0,0.00193609,0.00193609,0.00193609
117,208.059,2.0753,1.28514,0,0.54508,0.43733,0.44359,0.19914,2.04604,1.29672,0,0.00193499,0.00193499,0.00193499
118,209.844,2.08282,1.29449,0,0.55556,0.43483,0.44757,0.1982,2.06673,1.28772,0,0.00193387,0.00193387,0.00193387
119,211.519,2.05117,1.27785,0,0.55768,0.44108,0.44785,0.19743,2.0524,1.30891,0,0.00193275,0.00193275,0.00193275
120,213.277,2.06636,1.28391,0,0.54967,0.43358,0.43763,0.19227,2.07801,1.31329,0,0.00193162,0.00193162,0.00193162
121,214.988,2.03792,1.28058,0,0.5567,0.44158,0.45646,0.20702,2.01435,1.26618,0,0.00193048,0.00193048,0.00193048
122,216.868,2.06255,1.2786,0,0.54821,0.44687,0.45307,0.20618,2.04785,1.287,0,0.00192933,0.00192933,0.00192933
123,218.592,2.02656,1.26298,0,0.5587,0.45169,0.45226,0.20028,2.07067,1.31606,0,0.00192817,0.00192817,0.00192817
124,220.319,2.06078,1.29119,0,0.56004,0.44308,0.455,0.19848,2.0644,1.29537,0,0.001927,0.001927,0.001927
125,222.163,2.06478,1.27445,0,0.54561,0.43983,0.44871,0.19804,2.06803,1.28077,0,0.00192583,0.00192583,0.00192583
126,223.797,2.02281,1.26286,0,0.55972,0.4542,0.4585,0.2041,2.01464,1.29511,0,0.00192464,0.00192464,0.00192464
127,225.433,2.03225,1.26548,0,0.56376,0.45104,0.46374,0.21353,1.98456,1.28318,0,0.00192345,0.00192345,0.00192345
128,226.939,2.03674,1.26229,0,0.56269,0.46099,0.4643,0.21022,2.00044,1.26987,0,0.00192224,0.00192224,0.00192224
129,228.625,2.02411,1.266,0,0.57066,0.45509,0.46153,0.21052,1.99596,1.27293,0,0.00192103,0.00192103,0.00192103
130,230.296,2.03543,1.26744,0,0.54113,0.44033,0.4343,0.18529,2.12452,1.29829,0,0.00191981,0.00191981,0.00191981
131,232.163,2.02478,1.27621,0,0.55988,0.45159,0.45692,0.20947,1.9957,1.27299,0,0.00191858,0.00191858,0.00191858
132,233.949,2.02189,1.25643,0,0.56621,0.43207,0.45318,0.20484,2.02526,1.26298,0,0.00191734,0.00191734,0.00191734
133,235.606,2.0212,1.2473,0,0.55814,0.45434,0.46147,0.21116,1.97997,1.26024,0,0.00191609,0.00191609,0.00191609
134,237.194,2.01361,1.2558,0,0.56048,0.45684,0.46462,0.21221,2.00026,1.2712,0,0.00191483,0.00191483,0.00191483
135,238.734,1.99848,1.25422,0,0.56089,0.44995,0.46773,0.21243,2.00076,1.26401,0,0.00191356,0.00191356,0.00191356
136,240.443,2.0056,1.24476,0,0.55057,0.4611,0.45969,0.20696,2.02765,1.27755,0,0.00191229,0.00191229,0.00191229
137,242.029,1.98903,1.24234,0,0.56107,0.4686,0.47202,0.21318,1.99809,1.25239,0,0.001911,0.001911,0.001911
138,243.747,2.00853,1.24739,0,0.57709,0.46464,0.47205,0.21666,1.9767,1.25836,0,0.00190971,0.00190971,0.00190971
139,245.501,1.98352,1.24183,0,0.56178,0.4656,0.4708,0.21669,1.97255,1.26718,0,0.00190841,0.00190841,0.00190841
140,247.219,1.97353,1.24403,0,0.55025,0.45909,0.46266,0.21562,1.96542,1.27214,0,0.0019071,0.0019071,0.0019071
141,249.091,1.96465,1.23051,0,0.5704,0.45809,0.46769,0.21816,1.95635,1.26962,0,0.00190578,0.00190578,0.00190578
142,250.919,2.00545,1.23747,0,0.58963,0.45159,0.47372,0.21575,1.97688,1.24405,0,0.00190445,0.00190445,0.00190445
143,252.575,1.9825,1.23573,0,0.564,0.44033,0.45099,0.20378,2.02773,1.2613,0,0.00190311,0.00190311,0.00190311
144,254.211,2.02468,1.25583,0,0.5891,0.44478,0.46896,0.22006,1.95284,1.24191,0,0.00190177,0.00190177,0.00190177
145,256.04,1.94986,1.24608,0,0.56036,0.45009,0.46631,0.21958,1.95754,1.23503,0,0.00190041,0.00190041,0.00190041
146,258.016,1.99761,1.24671,0,0.5554,0.44133,0.45771,0.21904,1.96106,1.24627,0,0.00189905,0.00189905,0.00189905
147,259.739,1.95909,1.23977,0,0.59817,0.43872,0.4695,0.21683,1.98403,1.23573,0,0.00189767,0.00189767,0.00189767
148,261.434,1.98657,1.24107,0,0.57706,0.46285,0.4755,0.22313,1.96427,1.24068,0,0.00189629,0.00189629,0.00189629
149,263.129,1.98618,1.24554,0,0.56928,0.45259,0.47192,0.22114,1.96036,1.24902,0,0.0018949,0.0018949,0.0018949
150,264.858,1.9812,1.23745,0,0.56979,0.45059,0.46549,0.21323,1.99181,1.24614,0,0.0018935,0.0018935,0.0018935
151,266.704,1.97395,1.24453,0,0.57401,0.45276,0.46976,0.22265,1.93971,1.23978,0,0.0018921,0.0018921,0.0018921
152,268.421,1.94681,1.22593,0,0.56901,0.45634,0.46527,0.2162,1.96897,1.24269,0,0.00189068,0.00189068,0.00189068
153,270.056,1.96793,1.22335,0,0.57718,0.45109,0.47678,0.22563,1.92986,1.22425,0,0.00188926,0.00188926,0.00188926
154,271.82,1.95929,1.2339,0,0.57838,0.46264,0.47928,0.22339,1.96068,1.23738,0,0.00188782,0.00188782,0.00188782
155,273.508,1.9635,1.21461,0,0.55931,0.44884,0.45705,0.20801,2.02332,1.25117,0,0.00188638,0.00188638,0.00188638
156,275.154,1.9996,1.22779,0,0.57259,0.45617,0.47273,0.22057,1.96599,1.23994,0,0.00188493,0.00188493,0.00188493
157,276.723,1.96405,1.22581,0,0.54669,0.46104,0.46023,0.2074,2.02548,1.26502,0,0.00188347,0.00188347,0.00188347
158,278.44,1.98662,1.2257,0,0.57524,0.452,0.47138,0.22723,1.91325,1.24205,0,0.001882,0.001882,0.001882
159,279.966,1.94646,1.23141,0,0.55238,0.46064,0.47286,0.22593,1.9276,1.22895,0,0.00188052,0.00188052,0.00188052
160,281.428,1.97419,1.21507,0,0.55174,0.46485,0.46845,0.21711,1.97395,1.23351,0,0.00187904,0.00187904,0.00187904
161,282.961,1.96548,1.22736,0,0.58106,0.47331,0.48262,0.22929,1.91113,1.2263,0,0.00187754,0.00187754,0.00187754
162,284.4,1.93716,1.22315,0,0.54731,0.45259,0.4555,0.20554,1.99784,1.24599,0,0.00187604,0.00187604,0.00187604
163,286.082,1.9728,1.22084,0,0.57349,0.4601,0.48017,0.22564,1.93249,1.22829,0,0.00187453,0.00187453,0.00187453
164,287.775,1.92586,1.22895,0,0.57612,0.4651,0.47537,0.22626,1.92144,1.21458,0,0.00187301,0.00187301,0.00187301
165,289.437,1.96234,1.21004,0,0.59152,0.4641,0.48342,0.23083,1.9051,1.21353,0,0.00187148,0.00187148,0.00187148
166,291.471,1.93579,1.21206,0,0.57713,0.4671,0.48001,0.22823,1.91367,1.2308,0,0.00186995,0.00186995,0.00186995
167,293.182,1.89014,1.19614,0,0.5824,0.47761,0.48265,0.23313,1.89024,1.21812,0,0.0018684,0.0018684,0.0018684
168,294.874,1.95568,1.21514,0,0.57688,0.45684,0.46956,0.22103,1.92372,1.25487,0,0.00186685,0.00186685,0.00186685
169,296.658,1.9609,1.21765,0,0.56932,0.46735,0.47545,0.22815,1.90985,1.21487,0,0.00186528,0.00186528,0.00186528
170,298.386,1.9673,1.20877,0,0.58335,0.45634,0.48168,0.23117,1.90698,1.22442,0,0.00186371,0.00186371,0.00186371
171,300.303,1.96161,1.21719,0,0.59051,0.45084,0.47507,0.22249,1.92928,1.23939,0,0.00186213,0.00186213,0.00186213
172,302.036,1.9299,1.22131,0,0.58682,0.46385,0.47955,0.2291,1.90192,1.2094,0,0.00186055,0.00186055,0.00186055
173,303.756,1.88877,1.20001,0,0.58204,0.45184,0.47388,0.22464,1.94725,1.23233,0,0.00185895,0.00185895,0.00185895
174,305.427,1.91668,1.21424,0,0.57075,0.4706,0.4738,0.22385,1.91729,1.2393,0,0.00185735,0.00185735,0.00185735
175,307.083,1.90877,1.20953,0,0.59116,0.47886,0.4904,0.23111,1.90899,1.23696,0,0.00185573,0.00185573,0.00185573
176,308.927,1.90877,1.20194,0,0.59865,0.46908,0.48854,0.23599,1.88618,1.21992,0,0.00185411,0.00185411,0.00185411
177,310.631,1.89656,1.19828,0,0.57766,0.47436,0.4728,0.22274,1.94179,1.26152,0,0.00185248,0.00185248,0.00185248
178,312.325,1.89977,1.20269,0,0.57395,0.4636,0.484,0.23331,1.89279,1.21445,0,0.00185085,0.00185085,0.00185085
179,313.993,1.88209,1.19934,0,0.59418,0.46229,0.48347,0.23804,1.87818,1.20086,0,0.0018492,0.0018492,0.0018492
180,315.735,1.91372,1.19284,0,0.58503,0.46277,0.48693,0.23774,1.88613,1.21001,0,0.00184755,0.00184755,0.00184755
181,317.662,1.89679,1.20116,0,0.58702,0.45584,0.48308,0.24111,1.85744,1.19842,0,0.00184588,0.00184588,0.00184588
182,319.331,1.91332,1.19183,0,0.57795,0.47085,0.48484,0.2404,1.85454,1.20425,0,0.00184421,0.00184421,0.00184421
183,321.051,1.90592,1.1915,0,0.56623,0.46799,0.48152,0.23705,1.88809,1.19899,0,0.00184254,0.00184254,0.00184254
184,322.843,1.92408,1.20269,0,0.57337,0.4686,0.48145,0.23484,1.89564,1.20224,0,0.00184085,0.00184085,0.00184085
185,324.582,1.91667,1.20064,0,0.56801,0.46985,0.48392,0.23763,1.86556,1.21412,0,0.00183915,0.00183915,0.00183915
186,326.525,1.87285,1.19275,0,0.57068,0.48762,0.4911,0.23686,1.87453,1.20218,0,0.00183745,0.00183745,0.00183745
187,328.176,1.89,1.18493,0,0.56948,0.47987,0.487,0.2367,1.87521,1.2141,0,0.00183574,0.00183574,0.00183574
188,329.821,1.88981,1.19098,0,0.58915,0.4656,0.48594,0.23774,1.87544,1.21347,0,0.00183402,0.00183402,0.00183402
189,331.342,1.88663,1.17873,0,0.5865,0.46235,0.48408,0.23533,1.87019,1.21236,0,0.00183229,0.00183229,0.00183229
190,332.846,1.90308,1.19855,0,0.60759,0.46435,0.48821,0.24088,1.86204,1.22058,0,0.00183055,0.00183055,0.00183055
191,334.508,1.89861,1.18515,0,0.58805,0.47561,0.49278,0.24014,1.88062,1.18999,0,0.00182881,0.00182881,0.00182881
192,335.996,1.90928,1.19548,0,0.57903,0.47861,0.49168,0.24139,1.85892,1.21606,0,0.00182706,0.00182706,0.00182706
193,337.711,1.89095,1.18738,0,0.58518,0.48036,0.49193,0.24077,1.8498,1.22746,0,0.0018253,0.0018253,0.0018253
194,339.165,1.92112,1.20073,0,0.58971,0.47811,0.486,0.2385,1.84472,1.20605,0,0.00182353,0.00182353,0.00182353
195,340.691,1.89488,1.19945,0,0.59996,0.47652,0.49304,0.23864,1.87735,1.20244,0,0.00182175,0.00182175,0.00182175
196,342.468,1.86597,1.17441,0,0.58718,0.47336,0.4849,0.23832,1.85934,1.19877,0,0.00181997,0.00181997,0.00181997
197,344.02,1.88307,1.17506,0,0.58904,0.46977,0.49076,0.2437,1.84575,1.18836,0,0.00181818,0.00181818,0.00181818
198,345.731,1.87567,1.18483,0,0.59815,0.46585,0.49447,0.24866,1.83135,1.17962,0,0.00181638,0.00181638,0.00181638
199,347.325,1.9208,1.19862,0,0.58516,0.4686,0.48529,0.23787,1.87064,1.19173,0,0.00181457,0.00181457,0.00181457
200,348.878,1.89256,1.17945,0,0.58691,0.47561,0.49092,0.2453,1.82157,1.19754,0,0.00181275,0.00181275,0.00181275
201,350.664,1.86895,1.18582,0,0.57033,0.47836,0.47841,0.23577,1.8531,1.21349,0,0.00181093,0.00181093,0.00181093
202,352.406,1.89659,1.17386,0,0.56874,0.47445,0.48299,0.23649,1.86362,1.1957,0,0.00180909,0.00180909,0.00180909
203,353.851,1.87732,1.17727,0,0.58442,0.47636,0.49443,0.24691,1.82156,1.18209,0,0.00180725,0.00180725,0.00180725
204,355.403,1.86121,1.17736,0,0.57912,0.47988,0.48498,0.237,1.87608,1.23895,0,0.00180541,0.00180541,0.00180541
205,357.019,1.86628,1.17492,0,0.59168,0.47436,0.49146,0.24182,1.85943,1.22479,0,0.00180355,0.00180355,0.00180355
206,358.904,1.84057,1.17723,0,0.59543,0.47561,0.49516,0.24395,1.85352,1.20251,0,0.00180169,0.00180169,0.00180169
207,360.522,1.86539,1.17231,0,0.58997,0.49062,0.49851,0.24555,1.84134,1.22136,0,0.00179982,0.00179982,0.00179982
208,362.301,1.84494,1.17969,0,0.58371,0.47936,0.4982,0.24999,1.81782,1.17627,0,0.00179794,0.00179794,0.00179794
209,364.021,1.86683,1.16944,0,0.57947,0.46935,0.47749,0.23129,1.89401,1.20831,0,0.00179605,0.00179605,0.00179605
210,365.731,1.86672,1.1685,0,0.57927,0.4656,0.48694,0.24335,1.84359,1.20383,0,0.00179416,0.00179416,0.00179416
211,367.598,1.8581,1.17049,0,0.58987,0.47605,0.49966,0.24615,1.84781,1.18766,0,0.00179225,0.00179225,0.00179225
212,369.158,1.85515,1.16875,0,0.60378,0.47199,0.50035,0.25057,1.82104,1.18939,0,0.00179034,0.00179034,0.00179034
213,371.025,1.83742,1.16704,0,0.59416,0.46985,0.49727,0.24594,1.84481,1.19509,0,0.00178843,0.00178843,0.00178843
214,372.619,1.87541,1.17624,0,0.59236,0.47336,0.49558,0.24687,1.83206,1.18216,0,0.0017865,0.0017865,0.0017865
215,374.274,1.87125,1.15763,0,0.60593,0.4701,0.49772,0.24234,1.87759,1.21823,0,0.00178457,0.00178457,0.00178457
216,376.366,1.82608,1.16697,0,0.59531,0.47736,0.49867,0.24884,1.84425,1.19669,0,0.00178263,0.00178263,0.00178263
217,378.125,1.87399,1.1701,0,0.59838,0.47836,0.50143,0.24743,1.84495,1.19193,0,0.00178068,0.00178068,0.00178068
218,379.935,1.87703,1.16453,0,0.58521,0.47361,0.49457,0.24803,1.83749,1.18383,0,0.00177872,0.00177872,0.00177872
219,381.666,1.83351,1.16372,0,0.59347,0.48111,0.50084,0.25103,1.82833,1.17159,0,0.00177676,0.00177676,0.00177676
220,383.501,1.8046,1.14366,0,0.59235,0.47511,0.502,0.25544,1.81942,1.17969,0,0.00177479,0.00177479,0.00177479
221,385.448,1.82722,1.15497,0,0.5663,0.4861,0.49328,0.24816,1.83659,1.19318,0,0.00177281,0.00177281,0.00177281
222,387.186,1.82577,1.14413,0,0.5796,0.47738,0.48387,0.24107,1.85069,1.21541,0,0.00177082,0.00177082,0.00177082
223,388.875,1.85009,1.16316,0,0.59523,0.48286,0.49721,0.24958,1.82945,1.19192,0,0.00176883,0.00176883,0.00176883
224,390.627,1.87209,1.1729,0,0.58817,0.47461,0.48746,0.24468,1.83345,1.1901,0,0.00176683,0.00176683,0.00176683
225,392.434,1.84889,1.15902,0,0.59836,0.48231,0.49857,0.25295,1.82028,1.17613,0,0.00176482,0.00176482,0.00176482
226,394.315,1.84809,1.15475,0,0.58929,0.47386,0.49259,0.24844,1.84901,1.21142,0,0.0017628,0.0017628,0.0017628
227,396.07,1.84148,1.16241,0,0.57812,0.47761,0.49092,0.24692,1.82286,1.20569,0,0.00176078,0.00176078,0.00176078
228,397.805,1.79976,1.14844,0,0.5839,0.49116,0.50428,0.25523,1.79589,1.18175,0,0.00175875,0.00175875,0.00175875
229,399.471,1.83478,1.15543,0,0.5699,0.48812,0.49764,0.25389,1.80854,1.18239,0,0.00175671,0.00175671,0.00175671
230,401.191,1.83643,1.15922,0,0.5874,0.4696,0.48273,0.24182,1.83798,1.20519,0,0.00175466,0.00175466,0.00175466
231,403.04,1.82991,1.14964,0,0.597,0.49034,0.5038,0.25758,1.80188,1.17892,0,0.00175261,0.00175261,0.00175261
232,404.805,1.82422,1.16343,0,0.57396,0.48712,0.48811,0.24236,1.8488,1.20374,0,0.00175055,0.00175055,0.00175055
233,406.454,1.83628,1.15282,0,0.58786,0.48586,0.4999,0.25136,1.8127,1.25065,0,0.00174848,0.00174848,0.00174848
234,408.166,1.81071,1.14411,0,0.57812,0.48862,0.49427,0.24995,1.81212,1.19265,0,0.00174641,0.00174641,0.00174641
235,409.829,1.82139,1.14692,0,0.57159,0.50004,0.49339,0.2518,1.79456,1.2098,0,0.00174432,0.00174432,0.00174432
236,411.835,1.8242,1.1485,0,0.58569,0.49112,0.49767,0.25491,1.79297,1.19307,0,0.00174223,0.00174223,0.00174223
237,413.453,1.79252,1.1443,0,0.57314,0.47661,0.48284,0.2394,1.8636,1.19237,0,0.00174014,0.00174014,0.00174014
238,415.135,1.82167,1.14635,0,0.5819,0.48211,0.50087,0.25417,1.81356,1.16973,0,0.00173803,0.00173803,0.00173803
239,416.811,1.84916,1.16033,0,0.58472,0.48687,0.49754,0.25211,1.82228,1.17347,0,0.00173592,0.00173592,0.00173592
240,418.587,1.81291,1.14605,0,0.60032,0.4765,0.503,0.25719,1.80049,1.16405,0,0.0017338,0.0017338,0.0017338
241,420.484,1.81263,1.14706,0,0.59694,0.48984,0.50758,0.25964,1.79345,1.16668,0,0.00173168,0.00173168,0.00173168
242,422.205,1.79006,1.14101,0,0.59225,0.48804,0.50239,0.25755,1.79213,1.16463,0,0.00172955,0.00172955,0.00172955
243,423.986,1.81327,1.13965,0,0.59025,0.48835,0.50511,0.256,1.81624,1.1662,0,0.00172741,0.00172741,0.00172741
244,425.784,1.79813,1.14627,0,0.59939,0.47936,0.50404,0.25905,1.78925,1.16306,0,0.00172526,0.00172526,0.00172526
245,427.501,1.82819,1.14678,0,0.57726,0.49287,0.4946,0.24936,1.82077,1.16985,0,0.00172311,0.00172311,0.00172311
246,429.41,1.80963,1.15257,0,0.5955,0.46335,0.48784,0.24409,1.85958,1.19926,0,0.00172095,0.00172095,0.00172095
247,431.078,1.8129,1.14565,0,0.60032,0.47612,0.50054,0.25519,1.8114,1.18692,0,0.00171878,0.00171878,0.00171878
248,432.785,1.81783,1.1415,0,0.6128,0.48636,0.50879,0.25609,1.81904,1.17377,0,0.0017166,0.0017166,0.0017166
249,434.514,1.8085,1.1494,0,0.57866,0.48937,0.5015,0.25346,1.82411,1.16606,0,0.00171442,0.00171442,0.00171442
250,436.209,1.77457,1.14062,0,0.59339,0.48787,0.50449,0.26018,1.79553,1.17657,0,0.00171223,0.00171223,0.00171223
251,438.112,1.80363,1.13198,0,0.59714,0.48862,0.50708,0.26147,1.78821,1.18088,0,0.00171004,0.00171004,0.00171004
252,439.894,1.80973,1.13977,0,0.59468,0.49662,0.51225,0.2644,1.79018,1.16678,0,0.00170783,0.00170783,0.00170783
253,441.732,1.81534,1.13502,0,0.61383,0.49087,0.51314,0.26351,1.79065,1.15324,0,0.00170562,0.00170562,0.00170562
254,443.433,1.80848,1.13424,0,0.59437,0.48311,0.49694,0.25187,1.82132,1.16159,0,0.00170341,0.00170341,0.00170341
255,445.092,1.79004,1.13459,0,0.60192,0.49437,0.51034,0.25971,1.79105,1.15732,0,0.00170118,0.00170118,0.00170118
256,446.996,1.79606,1.13023,0,0.58913,0.49687,0.5098,0.26252,1.79444,1.15954,0,0.00169895,0.00169895,0.00169895
257,448.663,1.80106,1.13683,0,0.59281,0.49887,0.50246,0.25675,1.80645,1.17855,0,0.00169672,0.00169672,0.00169672
258,450.299,1.78959,1.1363,0,0.58135,0.49912,0.50624,0.25679,1.79394,1.16753,0,0.00169447,0.00169447,0.00169447
259,451.723,1.80924,1.13305,0,0.59738,0.50088,0.51077,0.26057,1.79117,1.18052,0,0.00169222,0.00169222,0.00169222
260,453.284,1.7885,1.12629,0,0.58948,0.48236,0.49711,0.25175,1.80403,1.16752,0,0.00168997,0.00168997,0.00168997
261,454.775,1.81379,1.12434,0,0.58449,0.48356,0.50048,0.25487,1.80402,1.15417,0,0.0016877,0.0016877,0.0016877
262,456.186,1.80403,1.14169,0,0.58763,0.48586,0.50839,0.2644,1.76948,1.14629,0,0.00168543,0.00168543,0.00168543
263,457.706,1.75807,1.11751,0,0.60673,0.48751,0.50938,0.26181,1.78885,1.14772,0,0.00168315,0.00168315,0.00168315
264,459.26,1.80518,1.12648,0,0.60872,0.49626,0.51764,0.26879,1.76474,1.15095,0,0.00168087,0.00168087,0.00168087
265,460.672,1.77316,1.12704,0,0.60925,0.49892,0.51717,0.26893,1.7737,1.14975,0,0.00167858,0.00167858,0.00167858
266,462.422,1.80996,1.12038,0,0.60272,0.48812,0.51412,0.26711,1.76356,1.14122,0,0.00167628,0.00167628,0.00167628
267,464.195,1.79349,1.12526,0,0.60808,0.49027,0.51781,0.26852,1.76254,1.14219,0,0.00167398,0.00167398,0.00167398
268,465.839,1.79577,1.12062,0,0.59445,0.49312,0.51033,0.26751,1.7588,1.15572,0,0.00167167,0.00167167,0.00167167
269,467.448,1.79728,1.13047,0,0.6015,0.49062,0.51219,0.26634,1.76053,1.14408,0,0.00166935,0.00166935,0.00166935
270,469.144,1.75299,1.10853,0,0.6088,0.49937,0.52112,0.27328,1.75017,1.14758,0,0.00166703,0.00166703,0.00166703
271,471.049,1.75427,1.11167,0,0.60755,0.49512,0.52039,0.27319,1.74921,1.14374,0,0.0016647,0.0016647,0.0016647
272,472.525,1.75609,1.1079,0,0.60725,0.50113,0.51574,0.26817,1.76631,1.15804,0,0.00166236,0.00166236,0.00166236
273,474.053,1.7589,1.11453,0,0.61658,0.49326,0.51584,0.26748,1.76866,1.16835,0,0.00166002,0.00166002,0.00166002
274,475.508,1.7829,1.12207,0,0.6115,0.49837,0.51821,0.26947,1.76239,1.14107,0,0.00165767,0.00165767,0.00165767
275,476.974,1.78415,1.12429,0,0.61873,0.49637,0.52248,0.27324,1.75478,1.13627,0,0.00165532,0.00165532,0.00165532
276,478.359,1.77193,1.11612,0,0.61085,0.49687,0.51985,0.27346,1.75213,1.13959,0,0.00165295,0.00165295,0.00165295
277,480.171,1.77548,1.12398,0,0.60632,0.49262,0.5179,0.27249,1.76153,1.15158,0,0.00165059,0.00165059,0.00165059
278,481.744,1.76174,1.10824,0,0.61256,0.48536,0.51385,0.26478,1.79089,1.13717,0,0.00164821,0.00164821,0.00164821
279,483.344,1.775,1.11058,0,0.61419,0.49312,0.52337,0.27607,1.75738,1.12085,0,0.00164583,0.00164583,0.00164583
280,484.929,1.79036,1.12126,0,0.6164,0.48806,0.51858,0.26333,1.80273,1.13968,0,0.00164344,0.00164344,0.00164344
281,486.64,1.78034,1.10588,0,0.60476,0.50838,0.52551,0.27183,1.76613,1.13741,0,0.00164105,0.00164105,0.00164105
282,488.192,1.7747,1.1187,0,0.59319,0.51037,0.52261,0.27099,1.75886,1.15557,0,0.00163865,0.00163865,0.00163865
283,489.724,1.77005,1.11799,0,0.5956,0.50338,0.51902,0.26841,1.77488,1.15827,0,0.00163624,0.00163624,0.00163624
284,491.404,1.77509,1.13174,0,0.60481,0.50113,0.52076,0.26982,1.7614,1.185,0,0.00163383,0.00163383,0.00163383
285,493.031,1.77776,1.12321,0,0.60035,0.50698,0.51647,0.26893,1.76434,1.18945,0,0.00163141,0.00163141,0.00163141
286,494.859,1.77946,1.11613,0,0.61666,0.49187,0.51854,0.27091,1.75663,1.14654,0,0.00162899,0.00162899,0.00162899
287,496.756,1.75362,1.11405,0,0.61651,0.48687,0.51086,0.26708,1.75793,1.13433,0,0.00162656,0.00162656,0.00162656
288,498.315,1.78836,1.10593,0,0.58629,0.47611,0.49206,0.2507,1.84415,1.15179,0,0.00162412,0.00162412,0.00162412
289,499.888,1.74654,1.10334,0,0.61005,0.48812,0.51531,0.26891,1.77233,1.13832,0,0.00162168,0.00162168,0.00162168
290,501.461,1.76446,1.10111,0,0.62014,0.48361,0.5189,0.26809,1.78262,1.13663,0,0.00161923,0.00161923,0.00161923
291,502.772,1.79021,1.10859,0,0.59735,0.48623,0.51276,0.2682,1.75721,1.13928,0,0.00161678,0.00161678,0.00161678
292,503.924,1.75515,1.10624,0,0.58943,0.49537,0.51186,0.27073,1.75136,1.14388,0,0.00161432,0.00161432,0.00161432
293,505.292,1.74387,1.10931,0,0.60197,0.49662,0.51876,0.27124,1.75872,1.14879,0,0.00161185,0.00161185,0.00161185
294,506.757,1.7505,1.10982,0,0.60186,0.48787,0.51741,0.27013,1.75816,1.14528,0,0.00160938,0.00160938,0.00160938
295,508.193,1.7694,1.11661,0,0.61345,0.48875,0.52588,0.27584,1.74499,1.13316,0,0.0016069,0.0016069,0.0016069
296,509.852,1.75118,1.10082,0,0.61983,0.49687,0.52676,0.27712,1.74138,1.12553,0,0.00160442,0.00160442,0.00160442
297,511.435,1.7436,1.10542,0,0.62567,0.49462,0.52726,0.27929,1.72195,1.12834,0,0.00160193,0.00160193,0.00160193
298,513.02,1.74924,1.10517,0,0.62491,0.50013,0.52661,0.27274,1.77003,1.16673,0,0.00159943,0.00159943,0.00159943
299,514.354,1.75769,1.11605,0,0.62125,0.4826,0.52064,0.2749,1.74905,1.13643,0,0.00159693,0.00159693,0.00159693
300,515.953,1.74923,1.11064,0,0.61237,0.47944,0.51719,0.27353,1.74205,1.13432,0,0.00159442,0.00159442,0.00159442
301,517.789,1.76624,1.10798,0,0.62423,0.49542,0.52851,0.27789,1.74498,1.12477,0,0.00159191,0.00159191,0.00159191
302,519.572,1.73116,1.10126,0,0.60584,0.49914,0.51845,0.27153,1.76322,1.13894,0,0.00158939,0.00158939,0.00158939
303,521.381,1.71438,1.10044,0,0.61702,0.49297,0.52367,0.2756,1.75404,1.13508,0,0.00158686,0.00158686,0.00158686
304,523.219,1.72462,1.09427,0,0.62875,0.48687,0.52512,0.27785,1.7476,1.12394,0,0.00158433,0.00158433,0.00158433
305,524.965,1.72948,1.09932,0,0.62005,0.49321,0.52142,0.27703,1.73997,1.11677,0,0.0015818,0.0015818,0.0015818
306,526.892,1.72852,1.09042,0,0.63849,0.49047,0.52786,0.2773,1.74743,1.10954,0,0.00157926,0.00157926,0.00157926
307,528.556,1.74275,1.09032,0,0.63052,0.49825,0.52945,0.27315,1.77609,1.13557,0,0.00157671,0.00157671,0.00157671
308,530.246,1.75924,1.10564,0,0.61478,0.50013,0.52474,0.27866,1.73748,1.12692,0,0.00157415,0.00157415,0.00157415
309,531.911,1.79047,1.10134,0,0.60783,0.50603,0.52459,0.27255,1.77477,1.16106,0,0.0015716,0.0015716,0.0015716
310,533.533,1.74491,1.09627,0,0.61052,0.50338,0.52669,0.27478,1.74137,1.14079,0,0.00156903,0.00156903,0.00156903
311,535.211,1.74471,1.10188,0,0.60319,0.51364,0.5275,0.27507,1.73851,1.15782,0,0.00156646,0.00156646,0.00156646
312,536.758,1.77159,1.1009,0,0.61686,0.49912,0.52807,0.27949,1.73359,1.12811,0,0.00156389,0.00156389,0.00156389
313,538.448,1.73088,1.10397,0,0.61314,0.50288,0.52812,0.28048,1.71968,1.1091,0,0.00156131,0.00156131,0.00156131
314,540.117,1.74465,1.08898,0,0.63234,0.5026,0.53177,0.27906,1.72423,1.13945,0,0.00155872,0.00155872,0.00155872
315,541.617,1.72721,1.10172,0,0.61327,0.50863,0.52819,0.2785,1.72735,1.15098,0,0.00155613,0.00155613,0.00155613
316,543.425,1.73884,1.09084,0,0.62197,0.50613,0.53152,0.28066,1.73041,1.11864,0,0.00155353,0.00155353,0.00155353
317,545.073,1.71362,1.0812,0,0.62285,0.49333,0.52488,0.27794,1.73399,1.11551,0,0.00155093,0.00155093,0.00155093
318,546.696,1.71186,1.09488,0,0.61917,0.48486,0.51572,0.27414,1.735,1.12196,0,0.00154832,0.00154832,0.00154832
319,548.321,1.76856,1.10299,0,0.61569,0.49061,0.52432,0.27891,1.71277,1.13638,0,0.00154571,0.00154571,0.00154571
320,549.846,1.73046,1.09699,0,0.62014,0.50038,0.52516,0.2785,1.71361,1.13669,0,0.00154309,0.00154309,0.00154309
321,551.624,1.75033,1.09514,0,0.61358,0.50488,0.5258,0.27796,1.73106,1.12018,0,0.00154047,0.00154047,0.00154047
322,553.21,1.72783,1.09194,0,0.62133,0.48893,0.51753,0.27191,1.74668,1.13157,0,0.00153784,0.00153784,0.00153784
323,554.793,1.71262,1.08762,0,0.61294,0.49887,0.52567,0.27975,1.7159,1.13752,0,0.00153521,0.00153521,0.00153521
324,556.51,1.73841,1.08836,0,0.62882,0.49037,0.52988,0.28027,1.72952,1.11658,0,0.00153257,0.00153257,0.00153257
325,558.199,1.73081,1.08119,0,0.63081,0.48111,0.52364,0.27889,1.71932,1.10766,0,0.00152992,0.00152992,0.00152992
326,560.131,1.73756,1.08192,0,0.61097,0.49337,0.52572,0.27837,1.73312,1.1352,0,0.00152727,0.00152727,0.00152727
327,561.818,1.74035,1.0801,0,0.6156,0.50323,0.52946,0.28124,1.72519,1.13122,0,0.00152462,0.00152462,0.00152462
328,563.609,1.72718,1.07957,0,0.62217,0.50014,0.53132,0.28546,1.70678,1.11712,0,0.00152196,0.00152196,0.00152196
329,565.354,1.71198,1.08138,0,0.6269,0.50013,0.53309,0.28875,1.69969,1.10788,0,0.0015193,0.0015193,0.0015193
330,567.038,1.73793,1.09063,0,0.61579,0.50926,0.53043,0.28323,1.71228,1.12033,0,0.00151663,0.00151663,0.00151663
331,568.657,1.71559,1.09282,0,0.61887,0.50313,0.52873,0.2847,1.69919,1.10488,0,0.00151395,0.00151395,0.00151395
332,570.496,1.71195,1.08691,0,0.60362,0.49737,0.51579,0.27072,1.75642,1.11122,0,0.00151127,0.00151127,0.00151127
333,572.099,1.70437,1.08317,0,0.60576,0.51639,0.53063,0.28422,1.72199,1.11537,0,0.00150859,0.00150859,0.00150859
334,573.717,1.70409,1.07283,0,0.60584,0.50488,0.52469,0.27947,1.72701,1.11049,0,0.0015059,0.0015059,0.0015059
335,575.298,1.69253,1.08177,0,0.61477,0.51113,0.53089,0.28339,1.71696,1.10687,0,0.0015032,0.0015032,0.0015032
336,576.982,1.71171,1.0889,0,0.61346,0.51088,0.53078,0.28518,1.70774,1.10884,0,0.0015005,0.0015005,0.0015005
337,578.816,1.72683,1.09358,0,0.63114,0.50288,0.53018,0.28112,1.71758,1.12503,0,0.0014978,0.0014978,0.0014978
338,580.494,1.73624,1.08223,0,0.61934,0.50515,0.53324,0.28634,1.70224,1.10796,0,0.00149509,0.00149509,0.00149509
339,582.115,1.68341,1.06671,0,0.61804,0.49308,0.51858,0.2736,1.7371,1.11538,0,0.00149238,0.00149238,0.00149238
340,583.929,1.71005,1.07775,0,0.62246,0.50413,0.52993,0.28701,1.68671,1.10107,0,0.00148966,0.00148966,0.00148966
341,585.623,1.71036,1.07511,0,0.6293,0.50388,0.53172,0.28566,1.69126,1.10487,0,0.00148694,0.00148694,0.00148694
342,587.389,1.72784,1.06663,0,0.6238,0.49989,0.53203,0.28738,1.69499,1.10379,0,0.00148421,0.00148421,0.00148421
343,588.933,1.70437,1.07781,0,0.63019,0.49987,0.53355,0.28607,1.69413,1.09754,0,0.00148148,0.00148148,0.00148148
344,590.428,1.73054,1.07354,0,0.62559,0.50248,0.53001,0.28406,1.71334,1.11604,0,0.00147874,0.00147874,0.00147874
345,591.8,1.70111,1.07535,0,0.61666,0.50388,0.53114,0.28514,1.70597,1.10464,0,0.001476,0.001476,0.001476
346,593.454,1.71181,1.07941,0,0.61685,0.51637,0.53826,0.28283,1.73478,1.12296,0,0.00147325,0.00147325,0.00147325
347,595.261,1.70779,1.08016,0,0.61893,0.51263,0.54029,0.28771,1.71071,1.1222,0,0.0014705,0.0014705,0.0014705
348,596.907,1.6975,1.08072,0,0.62828,0.50213,0.5286,0.27982,1.70482,1.12075,0,0.00146774,0.00146774,0.00146774
349,598.513,1.71593,1.08559,0,0.62433,0.50013,0.5288,0.28458,1.70612,1.11376,0,0.00146498,0.00146498,0.00146498
350,600.225,1.70709,1.08032,0,0.61458,0.49212,0.52169,0.27657,1.72851,1.11059,0,0.00146222,0.00146222,0.00146222
351,601.778,1.72151,1.07504,0,0.6241,0.50488,0.52972,0.27965,1.73001,1.12878,0,0.00145945,0.00145945,0.00145945
352,603.654,1.70799,1.07449,0,0.62721,0.49662,0.53348,0.28733,1.69154,1.1173,0,0.00145668,0.00145668,0.00145668
353,605.291,1.71708,1.07918,0,0.62718,0.50188,0.53081,0.28881,1.68396,1.09706,0,0.0014539,0.0014539,0.0014539
354,606.971,1.70841,1.08406,0,0.6236,0.48511,0.52194,0.28176,1.70012,1.11451,0,0.00145112,0.00145112,0.00145112
355,608.496,1.69965,1.06825,0,0.61787,0.48866,0.52222,0.28286,1.68925,1.10278,0,0.00144833,0.00144833,0.00144833
356,610.05,1.71316,1.06858,0,0.62909,0.50138,0.5323,0.28491,1.7178,1.1046,0,0.00144554,0.00144554,0.00144554
357,611.698,1.70802,1.07266,0,0.61777,0.50538,0.53215,0.28867,1.6768,1.0967,0,0.00144274,0.00144274,0.00144274
358,612.807,1.69436,1.06988,0,0.62111,0.50613,0.53289,0.28491,1.70177,1.11544,0,0.00143995,0.00143995,0.00143995
359,614.151,1.70156,1.06285,0,0.62667,0.51088,0.53986,0.29149,1.68113,1.10847,0,0.00143714,0.00143714,0.00143714
360,615.829,1.71338,1.07278,0,0.61875,0.51113,0.53799,0.27955,1.74888,1.11697,0,0.00143433,0.00143433,0.00143433
361,617.405,1.7128,1.06174,0,0.61698,0.509,0.52652,0.28338,1.71328,1.1135,0,0.00143152,0.00143152,0.00143152
362,619.208,1.69719,1.06604,0,0.62044,0.51734,0.54127,0.28251,1.74227,1.11846,0,0.00142871,0.00142871,0.00142871
363,620.86,1.70517,1.06462,0,0.61762,0.50788,0.53741,0.29288,1.67434,1.10469,0,0.00142588,0.00142588,0.00142588
364,622.61,1.69187,1.07111,0,0.6179,0.50838,0.53325,0.29009,1.68649,1.11653,0,0.00142306,0.00142306,0.00142306
365,624.296,1.69873,1.06756,0,0.63314,0.50213,0.53672,0.29102,1.68801,1.09348,0,0.00142023,0.00142023,0.00142023
366,626.205,1.6939,1.07304,0,0.63976,0.49453,0.52951,0.2862,1.71371,1.08823,0,0.0014174,0.0014174,0.0014174
367,627.875,1.69962,1.0554,0,0.64184,0.49187,0.52884,0.28387,1.71865,1.08875,0,0.00141456,0.00141456,0.00141456
368,629.529,1.70782,1.0662,0,0.63361,0.49737,0.53282,0.28623,1.69896,1.08865,0,0.00141172,0.00141172,0.00141172
369,631.157,1.67018,1.0571,0,0.622,0.50488,0.53366,0.2898,1.69512,1.11475,0,0.00140888,0.00140888,0.00140888
370,632.727,1.68022,1.06279,0,0.61891,0.50838,0.53378,0.28823,1.69371,1.1173,0,0.00140603,0.00140603,0.00140603
371,634.451,1.6944,1.0622,0,0.61918,0.51063,0.53276,0.2896,1.69604,1.08746,0,0.00140318,0.00140318,0.00140318
372,636.163,1.6633,1.0484,0,0.62785,0.50439,0.53036,0.2874,1.69288,1.10463,0,0.00140032,0.00140032,0.00140032
373,637.814,1.68847,1.05096,0,0.6235,0.50763,0.53197,0.28722,1.69301,1.11258,0,0.00139746,0.00139746,0.00139746
374,639.463,1.6804,1.05822,0,0.63256,0.51138,0.54283,0.29265,1.69342,1.10623,0,0.0013946,0.0013946,0.0013946
375,641.109,1.67862,1.05896,0,0.6365,0.50813,0.53905,0.29135,1.67678,1.10662,0,0.00139173,0.00139173,0.00139173
376,642.999,1.6609,1.04814,0,0.64483,0.50438,0.53783,0.29055,1.68503,1.09128,0,0.00138886,0.00138886,0.00138886
377,644.72,1.69511,1.05272,0,0.63874,0.50713,0.54043,0.29255,1.68727,1.08962,0,0.00138598,0.00138598,0.00138598
378,646.439,1.683,1.06533,0,0.64017,0.49387,0.5281,0.28745,1.68275,1.09859,0,0.0013831,0.0013831,0.0013831
379,647.837,1.65818,1.05376,0,0.64224,0.49495,0.53585,0.29328,1.66876,1.08885,0,0.00138022,0.00138022,0.00138022
380,649.458,1.6897,1.0606,0,0.62978,0.49512,0.53442,0.28955,1.69051,1.08764,0,0.00137733,0.00137733,0.00137733
381,651.406,1.68358,1.05774,0,0.62654,0.49537,0.52723,0.28595,1.70381,1.08103,0,0.00137444,0.00137444,0.00137444
382,653.069,1.67576,1.06418,0,0.64085,0.49812,0.53954,0.29215,1.69727,1.09426,0,0.00137155,0.00137155,0.00137155
383,654.347,1.68233,1.05561,0,0.63733,0.49987,0.53802,0.29437,1.66237,1.08101,0,0.00136865,0.00136865,0.00136865
384,655.684,1.69416,1.06698,0,0.63854,0.50827,0.5431,0.29158,1.69099,1.11435,0,0.00136575,0.00136575,0.00136575
385,656.889,1.67604,1.05778,0,0.62001,0.50263,0.53329,0.28634,1.70676,1.09888,0,0.00136285,0.00136285,0.00136285
386,658.215,1.69303,1.06226,0,0.63116,0.49487,0.53555,0.2882,1.7078,1.09474,0,0.00135994,0.00135994,0.00135994
387,659.583,1.68613,1.06547,0,0.61309,0.51664,0.53917,0.28915,1.70699,1.09234,0,0.00135703,0.00135703,0.00135703
388,661.064,1.665,1.05005,0,0.63196,0.49876,0.54102,0.29385,1.68073,1.07947,0,0.00135411,0.00135411,0.00135411
389,662.552,1.67345,1.05399,0,0.63325,0.50713,0.54413,0.2923,1.69244,1.09374,0,0.0013512,0.0013512,0.0013512
390,664.093,1.68616,1.05333,0,0.62967,0.50038,0.53627,0.29252,1.68103,1.08357,0,0.00134828,0.00134828,0.00134828
391,665.373,1.69827,1.05986,0,0.62419,0.50279,0.5389,0.29085,1.69801,1.09291,0,0.00134535,0.00134535,0.00134535
392,666.849,1.68729,1.06083,0,0.62954,0.51188,0.54492,0.29682,1.66293,1.07717,0,0.00134242,0.00134242,0.00134242
393,668.445,1.6946,1.048,0,0.62471,0.51559,0.54336,0.29531,1.66179,1.07358,0,0.00133949,0.00133949,0.00133949
394,669.98,1.68381,1.05025,0,0.62274,0.51414,0.5455,0.29838,1.65775,1.07512,0,0.00133656,0.00133656,0.00133656
395,671.632,1.67088,1.04917,0,0.63139,0.51013,0.54288,0.29572,1.66838,1.07897,0,0.00133362,0.00133362,0.00133362
396,673.5,1.6595,1.0551,0,0.6286,0.51288,0.54636,0.29639,1.67581,1.09123,0,0.00133068,0.00133068,0.00133068
397,675.134,1.68642,1.05054,0,0.61959,0.50688,0.53423,0.29266,1.68646,1.0874,0,0.00132773,0.00132773,0.00132773
398,676.743,1.66403,1.05357,0,0.61689,0.50638,0.53018,0.28701,1.69478,1.09501,0,0.00132479,0.00132479,0.00132479
399,678.287,1.6697,1.04854,0,0.62624,0.51854,0.54606,0.29702,1.66905,1.09225,0,0.00132184,0.00132184,0.00132184
400,679.835,1.6577,1.05748,0,0.63647,0.50067,0.54079,0.29581,1.67878,1.08698,0,0.00131888,0.00131888,0.00131888
401,681.588,1.65076,1.04561,0,0.63192,0.51199,0.54657,0.30007,1.66942,1.08947,0,0.00131593,0.00131593,0.00131593
402,683.129,1.64515,1.03863,0,0.63028,0.50863,0.53892,0.29454,1.67555,1.08574,0,0.00131297,0.00131297,0.00131297
403,684.211,1.6611,1.04511,0,0.62645,0.51464,0.53872,0.29426,1.67068,1.07956,0,0.00131,0.00131,0.00131
404,685.731,1.66275,1.04258,0,0.63527,0.51138,0.54709,0.3017,1.64795,1.06529,0,0.00130704,0.00130704,0.00130704
405,687.611,1.67584,1.04701,0,0.62741,0.50963,0.53947,0.29803,1.65141,1.06839,0,0.00130407,0.00130407,0.00130407
406,689.189,1.67023,1.05336,0,0.63289,0.51138,0.54111,0.29772,1.65162,1.07401,0,0.0013011,0.0013011,0.0013011
407,690.781,1.63809,1.05366,0,0.63549,0.51063,0.54161,0.2956,1.65546,1.09724,0,0.00129813,0.00129813,0.00129813
408,692.425,1.66597,1.0424,0,0.61922,0.51489,0.54163,0.29536,1.66136,1.08052,0,0.00129515,0.00129515,0.00129515
409,694.059,1.65575,1.04975,0,0.61121,0.51445,0.53046,0.28945,1.68115,1.0862,0,0.00129217,0.00129217,0.00129217
410,695.857,1.6626,1.05231,0,0.6285,0.51258,0.53992,0.29836,1.64809,1.0812,0,0.00128919,0.00128919,0.00128919
411,697.541,1.66661,1.0408,0,0.61765,0.51213,0.53713,0.29798,1.65527,1.08527,0,0.0012862,0.0012862,0.0012862
412,699.231,1.64975,1.03425,0,0.63397,0.49337,0.52969,0.28909,1.69311,1.08201,0,0.00128321,0.00128321,0.00128321
413,700.802,1.68048,1.04391,0,0.63196,0.49262,0.53203,0.2919,1.6744,1.07437,0,0.00128022,0.00128022,0.00128022
414,702.419,1.66546,1.03754,0,0.62948,0.50163,0.53737,0.29458,1.67312,1.06734,0,0.00127723,0.00127723,0.00127723
415,704.085,1.66211,1.03806,0,0.62368,0.52264,0.54801,0.29893,1.66888,1.07038,0,0.00127423,0.00127423,0.00127423
416,705.72,1.6716,1.04429,0,0.62664,0.51514,0.54925,0.30295,1.64579,1.06848,0,0.00127123,0.00127123,0.00127123
417,707.183,1.65015,1.03533,0,0.63892,0.50689,0.54863,0.29965,1.66014,1.07476,0,0.00126823,0.00126823,0.00126823
418,708.567,1.66783,1.05023,0,0.63728,0.51063,0.54652,0.29926,1.64849,1.08399,0,0.00126523,0.00126523,0.00126523
419,709.921,1.65692,1.04491,0,0.63782,0.51364,0.54769,0.30221,1.65188,1.09031,0,0.00126222,0.00126222,0.00126222
420,711.725,1.67461,1.05123,0,0.62893,0.52709,0.55133,0.30091,1.66223,1.09494,0,0.00125921,0.00125921,0.00125921
421,713.253,1.64762,1.03226,0,0.639,0.51789,0.5492,0.30433,1.64907,1.06107,0,0.0012562,0.0012562,0.0012562
422,714.81,1.69167,1.03534,0,0.64393,0.50888,0.54994,0.30128,1.66456,1.06309,0,0.00125319,0.00125319,0.00125319
423,716.389,1.70013,1.04401,0,0.64844,0.50069,0.54801,0.30166,1.64549,1.06202,0,0.00125017,0.00125017,0.00125017
424,717.989,1.6775,1.03796,0,0.64207,0.50188,0.54594,0.30128,1.64561,1.06349,0,0.00124715,0.00124715,0.00124715
425,719.772,1.65531,1.03763,0,0.63801,0.50838,0.54375,0.30146,1.64617,1.06691,0,0.00124413,0.00124413,0.00124413
426,721.404,1.62247,1.0327,0,0.61807,0.51564,0.54501,0.30379,1.64025,1.07521,0,0.00124111,0.00124111,0.00124111
427,722.891,1.66194,1.0334,0,0.63039,0.51675,0.54657,0.30019,1.6541,1.07295,0,0.00123809,0.00123809,0.00123809
428,724.354,1.64652,1.03126,0,0.6362,0.51714,0.54977,0.30092,1.67035,1.07839,0,0.00123506,0.00123506,0.00123506
429,725.932,1.64032,1.03239,0,0.63716,0.51889,0.55143,0.30512,1.64418,1.06961,0,0.00123203,0.00123203,0.00123203
430,727.807,1.64675,1.03112,0,0.62569,0.51021,0.5387,0.29423,1.67197,1.06977,0,0.001229,0.001229,0.001229
431,729.492,1.64569,1.02254,0,0.63914,0.51403,0.54885,0.30281,1.65285,1.07439,0,0.00122596,0.00122596,0.00122596
432,731.186,1.65428,1.0234,0,0.64355,0.51464,0.55023,0.30052,1.66219,1.09031,0,0.00122293,0.00122293,0.00122293
433,732.971,1.65516,1.02862,0,0.633,0.52314,0.55114,0.30314,1.65093,1.06863,0,0.00121989,0.00121989,0.00121989
434,734.732,1.64472,1.03873,0,0.62648,0.52414,0.54929,0.30294,1.65314,1.06519,0,0.00121685,0.00121685,0.00121685
435,736.552,1.64246,1.03262,0,0.64919,0.51389,0.54989,0.30302,1.65511,1.06651,0,0.0012138,0.0012138,0.0012138
436,738.214,1.67322,1.03192,0,0.64387,0.51213,0.54903,0.30633,1.64426,1.05758,0,0.00121076,0.00121076,0.00121076
437,740.023,1.62501,1.02635,0,0.6432,0.51263,0.54473,0.30212,1.65984,1.065,0,0.00120771,0.00120771,0.00120771
438,741.8,1.62098,1.02266,0,0.63969,0.51539,0.54779,0.30146,1.65524,1.07281,0,0.00120466,0.00120466,0.00120466
439,743.469,1.62129,1.03429,0,0.6398,0.51714,0.54847,0.29973,1.66625,1.07935,0,0.00120161,0.00120161,0.00120161
440,745.426,1.68001,1.03832,0,0.63752,0.51614,0.54944,0.29941,1.6788,1.08564,0,0.00119856,0.00119856,0.00119856
441,747.247,1.64423,1.03519,0,0.64028,0.51789,0.5496,0.30585,1.63613,1.06254,0,0.00119551,0.00119551,0.00119551
442,749.051,1.66288,1.02822,0,0.63776,0.52364,0.55241,0.30589,1.64544,1.08029,0,0.00119245,0.00119245,0.00119245
443,750.735,1.66515,1.03005,0,0.6364,0.51864,0.5511,0.30545,1.64875,1.0686,0,0.00118939,0.00118939,0.00118939
444,752.533,1.67018,1.03483,0,0.63364,0.50938,0.5397,0.29838,1.66095,1.06246,0,0.00118633,0.00118633,0.00118633
445,754.363,1.64234,1.02477,0,0.63789,0.51168,0.547,0.30239,1.64724,1.05959,0,0.00118327,0.00118327,0.00118327
446,756.017,1.64755,1.0308,0,0.6354,0.50013,0.54256,0.30288,1.63501,1.0712,0,0.00118021,0.00118021,0.00118021
447,757.73,1.64584,1.03272,0,0.64118,0.50088,0.54186,0.30252,1.63352,1.07046,0,0.00117715,0.00117715,0.00117715
448,759.378,1.64575,1.02869,0,0.64577,0.51084,0.54716,0.30515,1.63399,1.05265,0,0.00117408,0.00117408,0.00117408
449,761.057,1.66775,1.03108,0,0.64008,0.51414,0.54267,0.29929,1.66175,1.0578,0,0.00117101,0.00117101,0.00117101
450,762.915,1.62766,1.02741,0,0.62921,0.51889,0.54286,0.30038,1.64384,1.07651,0,0.00116794,0.00116794,0.00116794
451,764.553,1.62895,1.02705,0,0.63182,0.51648,0.54766,0.30496,1.63378,1.07036,0,0.00116487,0.00116487,0.00116487
452,766.235,1.63078,1.02064,0,0.63419,0.52039,0.55191,0.30704,1.63543,1.05318,0,0.0011618,0.0011618,0.0011618
453,767.891,1.62218,1.02057,0,0.65293,0.51389,0.55537,0.30978,1.62585,1.05044,0,0.00115872,0.00115872,0.00115872
454,769.439,1.62517,1.01773,0,0.6382,0.51722,0.5516,0.30659,1.62748,1.05276,0,0.00115565,0.00115565,0.00115565
455,771.255,1.63201,1.02866,0,0.63186,0.51213,0.54017,0.29956,1.64424,1.05949,0,0.00115257,0.00115257,0.00115257
456,772.76,1.63467,1.02922,0,0.63922,0.50813,0.54158,0.30256,1.62788,1.06584,0,0.00114949,0.00114949,0.00114949
457,774.443,1.63586,1.02711,0,0.64633,0.51939,0.54863,0.30679,1.6234,1.06833,0,0.00114641,0.00114641,0.00114641
458,776.101,1.65335,1.02411,0,0.64091,0.51188,0.5497,0.30635,1.62031,1.06596,0,0.00114333,0.00114333,0.00114333
459,777.714,1.62851,1.02284,0,0.65161,0.50888,0.55061,0.30723,1.61423,1.0682,0,0.00114025,0.00114025,0.00114025
460,779.611,1.66371,1.03171,0,0.65179,0.50563,0.54906,0.3067,1.6301,1.05813,0,0.00113716,0.00113716,0.00113716
461,781.331,1.60768,1.019,0,0.62901,0.50488,0.54002,0.29996,1.64913,1.06343,0,0.00113408,0.00113408,0.00113408
462,783.082,1.64467,1.02478,0,0.645,0.5114,0.54999,0.30777,1.62018,1.06132,0,0.00113099,0.00113099,0.00113099
463,784.795,1.66371,1.03644,0,0.64736,0.51238,0.54683,0.30274,1.63193,1.06504,0,0.00112791,0.00112791,0.00112791
464,786.476,1.6388,1.03087,0,0.64104,0.51113,0.54516,0.30352,1.62528,1.05455,0,0.00112482,0.00112482,0.00112482
465,788.302,1.64135,1.02368,0,0.64153,0.52296,0.5501,0.30592,1.62301,1.07341,0,0.00112173,0.00112173,0.00112173
466,790.009,1.62087,1.02276,0,0.64225,0.52414,0.54959,0.30645,1.62667,1.06234,0,0.00111864,0.00111864,0.00111864
467,791.741,1.64246,1.01919,0,0.64211,0.51127,0.54556,0.30533,1.63369,1.05839,0,0.00111555,0.00111555,0.00111555
468,793.471,1.64491,1.02652,0,0.64858,0.50438,0.54484,0.30281,1.64237,1.05874,0,0.00111245,0.00111245,0.00111245
469,795.22,1.62477,1.01929,0,0.64043,0.51964,0.55078,0.30571,1.63418,1.0535,0,0.00110936,0.00110936,0.00110936
470,797.061,1.61921,1.02227,0,0.64028,0.51439,0.55101,0.30862,1.62364,1.04909,0,0.00110626,0.00110626,0.00110626
471,798.731,1.61903,1.01828,0,0.63927,0.51919,0.55104,0.30918,1.62119,1.04862,0,0.00110317,0.00110317,0.00110317
472,800.457,1.63963,1.02262,0,0.62848,0.51364,0.54073,0.29925,1.64643,1.0546,0,0.00110007,0.00110007,0.00110007
473,802.175,1.65104,1.03102,0,0.63457,0.52614,0.55224,0.30953,1.6212,1.05731,0,0.00109697,0.00109697,0.00109697
474,803.898,1.63955,1.02989,0,0.64572,0.51528,0.54987,0.30782,1.62234,1.07292,0,0.00109387,0.00109387,0.00109387
475,805.808,1.59645,1.01285,0,0.64678,0.51163,0.54898,0.3076,1.62659,1.06271,0,0.00109077,0.00109077,0.00109077
476,807.51,1.61424,1.01515,0,0.63573,0.51213,0.548,0.30644,1.62335,1.05448,0,0.00108767,0.00108767,0.00108767
477,809.266,1.63681,1.0316,0,0.63053,0.50738,0.54134,0.30551,1.61243,1.06329,0,0.00108457,0.00108457,0.00108457
478,810.939,1.6109,1.0206,0,0.63685,0.51313,0.54439,0.30536,1.61788,1.06488,0,0.00108147,0.00108147,0.00108147
479,812.627,1.63104,1.02172,0,0.63551,0.51953,0.54461,0.30755,1.60068,1.0581,0,0.00107837,0.00107837,0.00107837
480,814.523,1.62124,1.02392,0,0.64803,0.52144,0.55141,0.30746,1.6202,1.0627,0,0.00107527,0.00107527,0.00107527
481,816.13,1.63714,1.03255,0,0.64052,0.51914,0.55206,0.31369,1.60383,1.04684,0,0.00107216,0.00107216,0.00107216
482,817.689,1.62755,1.01968,0,0.63086,0.51689,0.54744,0.30856,1.61981,1.04855,0,0.00106906,0.00106906,0.00106906
483,819.344,1.6233,1.02133,0,0.63774,0.52339,0.55446,0.31285,1.62158,1.04867,0,0.00106595,0.00106595,0.00106595
484,820.98,1.62463,1.01637,0,0.64043,0.51914,0.55661,0.31631,1.6066,1.05203,0,0.00106285,0.00106285,0.00106285
485,822.874,1.60995,1.01246,0,0.64698,0.52239,0.55672,0.31439,1.6111,1.06302,0,0.00105974,0.00105974,0.00105974
486,824.518,1.59745,1.00592,0,0.6391,0.52146,0.54991,0.30769,1.63344,1.05368,0,0.00105664,0.00105664,0.00105664
487,826.2,1.61246,1.01623,0,0.64207,0.52064,0.55193,0.30708,1.63703,1.05441,0,0.00105353,0.00105353,0.00105353
488,827.884,1.62562,1.01994,0,0.63302,0.51564,0.54718,0.30574,1.63197,1.05565,0,0.00105042,0.00105042,0.00105042
489,829.579,1.61357,1.02076,0,0.63978,0.51464,0.5495,0.30648,1.63613,1.05699,0,0.00104731,0.00104731,0.00104731
490,831.464,1.6005,1.00368,0,0.64375,0.52089,0.55421,0.31036,1.61335,1.0473,0,0.00104421,0.00104421,0.00104421
491,833.187,1.61219,1.01328,0,0.63694,0.52239,0.55148,0.30865,1.6152,1.0615,0,0.0010411,0.0010411,0.0010411
492,834.937,1.59868,1.01532,0,0.63308,0.52664,0.55022,0.30722,1.61441,1.06439,0,0.00103799,0.00103799,0.00103799
493,836.612,1.60959,1.01484,0,0.64118,0.51313,0.5495,0.30787,1.61166,1.05369,0,0.00103488,0.00103488,0.00103488
494,838.239,1.60483,1.01094,0,0.64128,0.51263,0.54696,0.30895,1.61298,1.04856,0,0.00103177,0.00103177,0.00103177
495,840.088,1.60121,1.01153,0,0.64689,0.51884,0.54954,0.31123,1.6098,1.05136,0,0.00102866,0.00102866,0.00102866
496,841.789,1.6164,1.02129,0,0.63395,0.51539,0.5501,0.30865,1.61443,1.04543,0,0.00102555,0.00102555,0.00102555
497,843.453,1.62193,1.01086,0,0.61874,0.52389,0.54726,0.30555,1.62714,1.04282,0,0.00102244,0.00102244,0.00102244
498,845.244,1.61005,1.01806,0,0.61167,0.52464,0.54791,0.30751,1.6171,1.04757,0,0.00101933,0.00101933,0.00101933
499,846.88,1.59514,0.99954,0,0.62788,0.51914,0.54957,0.30636,1.62132,1.04699,0,0.00101622,0.00101622,0.00101622
500,848.764,1.63077,1.00779,0,0.6461,0.51439,0.55183,0.30814,1.61889,1.04819,0,0.00101311,0.00101311,0.00101311
501,850.383,1.60416,1.00688,0,0.64071,0.51839,0.55152,0.31028,1.60709,1.05279,0,0.00101,0.00101,0.00101
502,852.163,1.59115,0.9949,0,0.63077,0.50913,0.53988,0.30135,1.63002,1.05737,0,0.00100689,0.00100689,0.00100689
503,853.87,1.63398,1.01041,0,0.63809,0.51522,0.5492,0.30868,1.61159,1.05757,0,0.00100378,0.00100378,0.00100378
504,855.639,1.62546,1.02566,0,0.64611,0.51063,0.55114,0.31146,1.60666,1.06214,0,0.00100067,0.00100067,0.00100067
505,857.467,1.61101,1.00235,0,0.63527,0.52815,0.55562,0.31178,1.61665,1.06371,0,0.00099756,0.00099756,0.00099756
506,859.401,1.61068,1.00406,0,0.63444,0.52389,0.55401,0.31169,1.60906,1.04888,0,0.00099445,0.00099445,0.00099445
507,861.212,1.61065,0.99837,0,0.6455,0.51914,0.55425,0.3098,1.61378,1.0474,0,0.00099134,0.00099134,0.00099134
508,863.008,1.59025,1.00374,0,0.6485,0.51389,0.55625,0.3116,1.6046,1.04283,0,0.000988231,0.000988231,0.000988231
509,864.637,1.61339,1.00655,0,0.64877,0.51489,0.55609,0.31249,1.60309,1.04234,0,0.000985121,0.000985121,0.000985121
510,866.413,1.63195,1.01374,0,0.63881,0.51684,0.55391,0.31086,1.61146,1.04685,0,0.000982012,0.000982012,0.000982012
511,868.309,1.61595,1.0148,0,0.63576,0.5269,0.55545,0.31186,1.60978,1.05183,0,0.000978903,0.000978903,0.000978903
512,870.022,1.61317,1.00842,0,0.64625,0.51921,0.55062,0.30837,1.61488,1.06375,0,0.000975795,0.000975795,0.000975795
513,871.693,1.61831,1.01437,0,0.63695,0.51664,0.54715,0.30622,1.62354,1.08212,0,0.000972687,0.000972687,0.000972687
514,873.319,1.60256,1.00837,0,0.65252,0.51664,0.55519,0.31294,1.61162,1.06218,0,0.000969579,0.000969579,0.000969579
515,875.058,1.61631,1.00644,0,0.65647,0.51664,0.55461,0.31266,1.60795,1.04,0,0.000966472,0.000966472,0.000966472
516,876.76,1.637,1.01095,0,0.65127,0.50836,0.55176,0.30982,1.61599,1.04464,0,0.000963365,0.000963365,0.000963365
517,878.256,1.62622,1.01399,0,0.63632,0.50913,0.54068,0.30368,1.62422,1.04408,0,0.000960258,0.000960258,0.000960258
518,879.786,1.60641,1.00284,0,0.65953,0.51739,0.55338,0.30894,1.62305,1.05092,0,0.000957152,0.000957152,0.000957152
519,881.274,1.60543,1.00389,0,0.65604,0.51764,0.55304,0.31474,1.59092,1.04383,0,0.000954047,0.000954047,0.000954047
520,882.62,1.59692,1.00981,0,0.63884,0.51564,0.54987,0.31334,1.59002,1.04533,0,0.000950942,0.000950942,0.000950942
521,884.543,1.62012,1.0135,0,0.6456,0.51638,0.55255,0.31326,1.59999,1.04989,0,0.000947837,0.000947837,0.000947837
522,886.114,1.59505,1.00434,0,0.63756,0.51739,0.55039,0.31075,1.61408,1.05271,0,0.000944734,0.000944734,0.000944734
523,887.641,1.62116,1.00118,0,0.65164,0.5073,0.54988,0.30934,1.61666,1.04944,0,0.000941631,0.000941631,0.000941631
524,889.169,1.59714,1.00399,0,0.64122,0.51263,0.54711,0.3076,1.60455,1.04643,0,0.000938528,0.000938528,0.000938528
525,890.872,1.6013,1.00089,0,0.61874,0.50915,0.53829,0.30232,1.62243,1.05337,0,0.000935426,0.000935426,0.000935426
526,892.592,1.6138,1.00845,0,0.62232,0.52114,0.54447,0.30603,1.62522,1.05726,0,0.000932325,0.000932325,0.000932325
527,894.269,1.59772,1.0024,0,0.62631,0.51869,0.54806,0.30991,1.61333,1.04714,0,0.000929225,0.000929225,0.000929225
528,896.003,1.61228,1.00611,0,0.64418,0.52114,0.55341,0.31271,1.61342,1.04966,0,0.000926126,0.000926126,0.000926126
529,897.679,1.62287,1.0133,0,0.65298,0.52239,0.5588,0.31415,1.61535,1.05311,0,0.000923027,0.000923027,0.000923027
530,899.582,1.60325,1.00595,0,0.65229,0.51614,0.55384,0.31216,1.60263,1.04014,0,0.00091993,0.00091993,0.00091993
531,901.216,1.6184,1.00242,0,0.64589,0.51889,0.55385,0.31217,1.59901,1.03594,0,0.000916833,0.000916833,0.000916833
532,902.784,1.5858,0.99149,0,0.65342,0.51664,0.55661,0.31609,1.59019,1.03539,0,0.000913737,0.000913737,0.000913737
533,903.971,1.58,0.99008,0,0.65108,0.51339,0.55485,0.31603,1.5953,1.03229,0,0.000910642,0.000910642,0.000910642
534,905.24,1.57628,0.98865,0,0.64567,0.51964,0.55391,0.31525,1.59604,1.03691,0,0.000907548,0.000907548,0.000907548
535,906.882,1.60488,1.00306,0,0.63979,0.51989,0.55239,0.31391,1.59197,1.04027,0,0.000904455,0.000904455,0.000904455
536,908.428,1.59191,0.99646,0,0.64261,0.51939,0.55345,0.31588,1.58239,1.03819,0,0.000901363,0.000901363,0.000901363
537,909.594,1.6113,1.00596,0,0.64195,0.52664,0.5546,0.31635,1.58274,1.04049,0,0.000898272,0.000898272,0.000898272
538,910.877,1.58607,0.99592,0,0.64664,0.51864,0.54963,0.31224,1.60157,1.04155,0,0.000895182,0.000895182,0.000895182
539,912.289,1.60327,1.0024,0,0.6363,0.52114,0.55103,0.31152,1.60156,1.04187,0,0.000892094,0.000892094,0.000892094
540,913.893,1.59162,0.99697,0,0.64982,0.51589,0.55248,0.31383,1.60205,1.04401,0,0.000889006,0.000889006,0.000889006
541,915.703,1.59438,1.006,0,0.64456,0.52014,0.55189,0.31225,1.60473,1.04822,0,0.00088592,0.00088592,0.00088592
542,917.277,1.60797,1.00077,0,0.64122,0.51243,0.54421,0.30444,1.62323,1.0536,0,0.000882835,0.000882835,0.000882835
543,918.822,1.60029,1.00162,0,0.62859,0.5221,0.54858,0.30977,1.6108,1.04271,0,0.000879751,0.000879751,0.000879751
544,920.477,1.58229,0.98555,0,0.64233,0.51364,0.55058,0.31246,1.60652,1.03924,0,0.000876669,0.000876669,0.000876669
545,922.195,1.58926,0.99081,0,0.64069,0.52064,0.55464,0.31275,1.60081,1.04389,0,0.000873588,0.000873588,0.000873588
546,924.144,1.57149,0.98597,0,0.64355,0.51864,0.54973,0.31034,1.61039,1.04523,0,0.000870508,0.000870508,0.000870508
547,925.845,1.59318,0.99039,0,0.64866,0.51688,0.55047,0.3096,1.6125,1.04833,0,0.000867429,0.000867429,0.000867429
548,927.525,1.57369,0.98937,0,0.65502,0.51764,0.55473,0.31277,1.6072,1.05015,0,0.000864352,0.000864352,0.000864352
549,929.188,1.58086,0.9932,0,0.65312,0.51188,0.55338,0.31124,1.61185,1.04796,0,0.000861277,0.000861277,0.000861277
550,930.976,1.59699,0.98847,0,0.65727,0.50888,0.55367,0.3124,1.60364,1.03882,0,0.000858203,0.000858203,0.000858203
551,932.791,1.60776,0.99756,0,0.65227,0.51464,0.55495,0.3138,1.6037,1.03566,0,0.00085513,0.00085513,0.00085513
552,934.472,1.60396,0.99585,0,0.65136,0.50638,0.55213,0.31204,1.60794,1.03456,0,0.000852059,0.000852059,0.000852059
553,936.111,1.6068,1.00274,0,0.6436,0.51389,0.5543,0.31402,1.60322,1.03654,0,0.000848989,0.000848989,0.000848989
554,937.846,1.58474,0.97986,0,0.6541,0.51038,0.55635,0.31585,1.58871,1.02987,0,0.000845921,0.000845921,0.000845921
555,939.537,1.57606,0.98979,0,0.64468,0.51974,0.55584,0.3168,1.58398,1.03015,0,0.000842855,0.000842855,0.000842855
556,941.585,1.58284,0.99379,0,0.63005,0.52919,0.54961,0.3126,1.59451,1.04405,0,0.00083979,0.00083979,0.00083979
557,943.303,1.58886,1.00197,0,0.6275,0.53415,0.5496,0.31407,1.59203,1.05304,0,0.000836727,0.000836727,0.000836727
558,945.04,1.59658,0.9935,0,0.62037,0.53815,0.54998,0.31428,1.58958,1.06192,0,0.000833666,0.000833666,0.000833666
559,946.748,1.5796,0.99046,0,0.6157,0.52589,0.54444,0.30919,1.60672,1.04742,0,0.000830606,0.000830606,0.000830606
560,948.748,1.57823,0.9943,0,0.6228,0.5238,0.54693,0.31135,1.61011,1.04842,0,0.000827548,0.000827548,0.000827548
561,950.459,1.59023,0.98897,0,0.6322,0.5255,0.54749,0.31129,1.60595,1.07135,0,0.000824492,0.000824492,0.000824492
562,952.348,1.58541,0.99566,0,0.63371,0.5294,0.55293,0.31699,1.59456,1.04894,0,0.000821438,0.000821438,0.000821438
563,954.056,1.58658,0.98785,0,0.63562,0.51584,0.55238,0.31497,1.58868,1.03285,0,0.000818386,0.000818386,0.000818386
564,955.752,1.57181,0.9859,0,0.63531,0.51989,0.55541,0.31656,1.57767,1.02898,0,0.000815336,0.000815336,0.000815336
565,957.58,1.58585,0.98654,0,0.64841,0.52114,0.56264,0.31912,1.58139,1.02708,0,0.000812287,0.000812287,0.000812287
566,959.248,1.58151,0.98585,0,0.64446,0.51764,0.55438,0.31512,1.58765,1.02902,0,0.000809241,0.000809241,0.000809241
567,960.85,1.58158,0.98915,0,0.63696,0.52464,0.55561,0.31628,1.5817,1.02469,0,0.000806196,0.000806196,0.000806196
568,962.529,1.59535,0.98928,0,0.63968,0.52064,0.55587,0.31745,1.57717,1.02344,0,0.000803153,0.000803153,0.000803153
569,964.018,1.58435,0.99002,0,0.65528,0.52114,0.5585,0.31847,1.58404,1.03363,0,0.000800113,0.000800113,0.000800113
570,965.579,1.57642,0.98838,0,0.66023,0.5192,0.56095,0.32019,1.57844,1.04182,0,0.000797075,0.000797075,0.000797075
571,967.158,1.57506,0.98631,0,0.63958,0.51864,0.5595,0.32099,1.57992,1.03538,0,0.000794038,0.000794038,0.000794038
572,968.912,1.5829,0.98562,0,0.63884,0.52353,0.5612,0.32141,1.58526,1.03801,0,0.000791004,0.000791004,0.000791004
573,970.344,1.57451,0.98271,0,0.6489,0.52364,0.56225,0.31954,1.58804,1.05306,0,0.000787972,0.000787972,0.000787972
574,972.089,1.57777,0.98181,0,0.64943,0.52557,0.55841,0.31692,1.59605,1.0511,0,0.000784942,0.000784942,0.000784942
575,974.035,1.56989,0.98932,0,0.64803,0.52489,0.55687,0.31596,1.59771,1.05475,0,0.000781914,0.000781914,0.000781914
576,975.785,1.59335,0.99158,0,0.64651,0.5284,0.55757,0.31304,1.61437,1.05969,0,0.000778889,0.000778889,0.000778889
577,977.484,1.56796,0.9941,0,0.64559,0.52514,0.55647,0.31453,1.60066,1.05544,0,0.000775866,0.000775866,0.000775866
578,979.194,1.58894,0.98956,0,0.64165,0.5274,0.55339,0.31319,1.59541,1.05423,0,0.000772845,0.000772845,0.000772845
579,980.835,1.57825,0.98616,0,0.64184,0.52865,0.55558,0.31499,1.58754,1.05816,0,0.000769827,0.000769827,0.000769827
580,982.756,1.57619,0.98393,0,0.64068,0.52614,0.55869,0.31758,1.58162,1.04006,0,0.000766811,0.000766811,0.000766811
581,984.474,1.57536,0.98391,0,0.64352,0.5284,0.55798,0.31661,1.58045,1.03604,0,0.000763797,0.000763797,0.000763797
582,986.332,1.58916,0.98555,0,0.63779,0.5304,0.55522,0.31551,1.587,1.04524,0,0.000760786,0.000760786,0.000760786
583,987.825,1.58371,0.98981,0,0.63928,0.52614,0.55401,0.31426,1.59136,1.04791,0,0.000757777,0.000757777,0.000757777
584,989.573,1.57161,0.98185,0,0.63773,0.52279,0.5504,0.31305,1.59715,1.03989,0,0.000754771,0.000754771,0.000754771
585,991.329,1.55862,0.98013,0,0.64274,0.51939,0.54869,0.31199,1.60076,1.04267,0,0.000751767,0.000751767,0.000751767
586,993.202,1.60196,0.98903,0,0.65219,0.51764,0.55296,0.31592,1.58882,1.03606,0,0.000748766,0.000748766,0.000748766
587,994.877,1.5517,0.98033,0,0.64009,0.51689,0.54548,0.31124,1.6051,1.03826,0,0.000745767,0.000745767,0.000745767
588,996.588,1.56887,0.98568,0,0.64314,0.51814,0.54607,0.30969,1.60837,1.03895,0,0.000742771,0.000742771,0.000742771
589,998.298,1.58559,0.98556,0,0.64947,0.51864,0.55306,0.3167,1.59206,1.037,0,0.000739778,0.000739778,0.000739778
590,1000.04,1.58717,0.9821,0,0.64491,0.51528,0.55272,0.31605,1.59247,1.03711,0,0.000736787,0.000736787,0.000736787
591,1001.9,1.57046,0.98459,0,0.64427,0.51474,0.55033,0.31511,1.59754,1.03477,0,0.000733799,0.000733799,0.000733799
592,1003.56,1.56006,0.97908,0,0.64108,0.51989,0.5558,0.31815,1.58401,1.03279,0,0.000730813,0.000730813,0.000730813
593,1005.29,1.57704,0.98352,0,0.64285,0.53015,0.55888,0.3206,1.5737,1.03854,0,0.000727831,0.000727831,0.000727831
594,1007.08,1.57687,0.98241,0,0.63387,0.5332,0.55832,0.32024,1.57263,1.03096,0,0.000724851,0.000724851,0.000724851
595,1008.97,1.57342,0.97875,0,0.63664,0.5284,0.5559,0.31935,1.57952,1.02448,0,0.000721874,0.000721874,0.000721874
596,1010.94,1.59377,0.9794,0,0.6389,0.52639,0.55758,0.31976,1.5795,1.02781,0,0.0007189,0.0007189,0.0007189
597,1012.67,1.56841,0.97519,0,0.6366,0.52682,0.55935,0.32001,1.58028,1.02834,0,0.000715929,0.000715929,0.000715929
598,1014.41,1.6016,0.9841,0,0.64846,0.51966,0.55874,0.31861,1.5818,1.02494,0,0.00071296,0.00071296,0.00071296
599,1016.13,1.56211,0.98456,0,0.63832,0.52289,0.5519,0.31537,1.58532,1.03287,0,0.000709995,0.000709995,0.000709995
600,1018.08,1.55461,0.97707,0,0.64179,0.52849,0.55651,0.31545,1.58504,1.03603,0,0.000707033,0.000707033,0.000707033
601,1019.78,1.57499,0.98395,0,0.63215,0.5279,0.55599,0.31517,1.58175,1.03756,0,0.000704073,0.000704073,0.000704073
602,1021.46,1.58314,0.97303,0,0.63278,0.52854,0.55532,0.31556,1.58047,1.03548,0,0.000701117,0.000701117,0.000701117
603,1022.96,1.5674,0.97161,0,0.62329,0.5304,0.55523,0.3176,1.57941,1.03338,0,0.000698163,0.000698163,0.000698163
604,1024.55,1.56158,0.97592,0,0.63558,0.5284,0.55838,0.31956,1.58179,1.02834,0,0.000695213,0.000695213,0.000695213
605,1026.11,1.57277,0.97315,0,0.64481,0.52278,0.55898,0.32133,1.57921,1.02875,0,0.000692266,0.000692266,0.000692266
606,1027.92,1.5706,0.97874,0,0.64754,0.52114,0.55769,0.31914,1.57474,1.0236,0,0.000689322,0.000689322,0.000689322
607,1029.51,1.57483,0.97735,0,0.63923,0.52087,0.55269,0.3158,1.58208,1.02901,0,0.000686381,0.000686381,0.000686381
608,1031.13,1.55262,0.97283,0,0.63722,0.519,0.55233,0.31701,1.58339,1.0247,0,0.000683443,0.000683443,0.000683443
609,1032.76,1.57561,0.97412,0,0.65096,0.52514,0.56174,0.32117,1.57893,1.02634,0,0.000680509,0.000680509,0.000680509
610,1034.37,1.56664,0.97677,0,0.64312,0.52589,0.55922,0.3203,1.579,1.02794,0,0.000677577,0.000677577,0.000677577
611,1036.13,1.56861,0.97445,0,0.65003,0.51539,0.55374,0.31885,1.57348,1.02863,0,0.000674649,0.000674649,0.000674649
612,1037.81,1.55948,0.97434,0,0.63843,0.51597,0.5545,0.31835,1.57873,1.03053,0,0.000671725,0.000671725,0.000671725
613,1039.49,1.57726,0.9749,0,0.64722,0.51389,0.55444,0.31704,1.57889,1.03237,0,0.000668804,0.000668804,0.000668804
614,1041.14,1.57509,0.97567,0,0.64314,0.52619,0.55993,0.32138,1.57187,1.0312,0,0.000665886,0.000665886,0.000665886
615,1042.91,1.55404,0.97069,0,0.64298,0.52489,0.55862,0.32315,1.5654,1.02665,0,0.000662971,0.000662971,0.000662971
616,1044.49,1.58561,0.97509,0,0.64079,0.52576,0.55793,0.32242,1.56486,1.02536,0,0.00066006,0.00066006,0.00066006
617,1046.2,1.55879,0.97435,0,0.63728,0.52464,0.55578,0.31935,1.57054,1.03102,0,0.000657152,0.000657152,0.000657152
618,1047.94,1.58921,0.97306,0,0.648,0.52214,0.55491,0.31875,1.57543,1.02733,0,0.000654248,0.000654248,0.000654248
619,1049.64,1.56905,0.97947,0,0.64503,0.51789,0.55607,0.31867,1.58097,1.02469,0,0.000651347,0.000651347,0.000651347
620,1051.62,1.56133,0.97473,0,0.6433,0.52564,0.55878,0.31864,1.5858,1.03774,0,0.00064845,0.00064845,0.00064845
621,1053.25,1.56792,0.98177,0,0.63627,0.52639,0.55826,0.32062,1.57094,1.04076,0,0.000645557,0.000645557,0.000645557
622,1054.96,1.58455,0.9788,0,0.63267,0.53665,0.56072,0.32017,1.56986,1.03321,0,0.000642667,0.000642667,0.000642667
623,1056.67,1.56738,0.9691,0,0.63265,0.53315,0.55866,0.32105,1.56418,1.02989,0,0.00063978,0.00063978,0.00063978
624,1058.5,1.57255,0.96813,0,0.64653,0.52264,0.55871,0.32254,1.56469,1.02858,0,0.000636898,0.000636898,0.000636898
625,1060.29,1.55524,0.97851,0,0.64682,0.52214,0.55997,0.32279,1.56026,1.02282,0,0.000634019,0.000634019,0.000634019
626,1061.96,1.56701,0.97889,0,0.63231,0.5359,0.56074,0.32202,1.56599,1.03205,0,0.000631143,0.000631143,0.000631143
627,1063.57,1.56157,0.97217,0,0.63249,0.53215,0.5585,0.32288,1.56433,1.03978,0,0.000628272,0.000628272,0.000628272
628,1065.35,1.54976,0.97178,0,0.64454,0.52489,0.55909,0.32273,1.56253,1.03622,0,0.000625404,0.000625404,0.000625404
629,1067.11,1.56474,0.97159,0,0.63943,0.52311,0.55882,0.32263,1.56123,1.03437,0,0.00062254,0.00062254,0.00062254
630,1068.96,1.54586,0.97421,0,0.64164,0.5314,0.55971,0.32293,1.56177,1.04157,0,0.00061968,0.00061968,0.00061968
631,1070.59,1.54541,0.96902,0,0.64907,0.52661,0.5619,0.32422,1.56432,1.03696,0,0.000616824,0.000616824,0.000616824
632,1072.45,1.57057,0.96885,0,0.63859,0.52715,0.55808,0.31958,1.57456,1.02898,0,0.000613971,0.000613971,0.000613971
633,1074.14,1.56763,0.9765,0,0.6382,0.52514,0.55668,0.3198,1.58247,1.03275,0,0.000611123,0.000611123,0.000611123
634,1075.83,1.55967,0.96649,0,0.63613,0.53317,0.56025,0.3208,1.57425,1.04346,0,0.000608278,0.000608278,0.000608278
635,1077.7,1.53756,0.96461,0,0.63102,0.53615,0.56119,0.3208,1.57904,1.0496,0,0.000605437,0.000605437,0.000605437
636,1079.4,1.53305,0.96766,0,0.63882,0.5319,0.56093,0.32063,1.57775,1.04065,0,0.000602601,0.000602601,0.000602601
637,1081.01,1.54169,0.97165,0,0.64299,0.5308,0.55977,0.32034,1.57807,1.04157,0,0.000599768,0.000599768,0.000599768
638,1082.62,1.54424,0.96588,0,0.64463,0.51989,0.55687,0.31915,1.58014,1.03212,0,0.00059694,0.00059694,0.00059694
639,1084.16,1.54639,0.97242,0,0.65472,0.5209,0.56215,0.32124,1.5742,1.0279,0,0.000594115,0.000594115,0.000594115
640,1085.75,1.57231,0.96648,0,0.6454,0.52821,0.56075,0.32136,1.57492,1.03409,0,0.000591295,0.000591295,0.000591295
641,1087.16,1.56595,0.96948,0,0.63715,0.5274,0.5582,0.3201,1.57327,1.02956,0,0.000588479,0.000588479,0.000588479
642,1088.65,1.54456,0.96239,0,0.61943,0.52715,0.54607,0.31132,1.58936,1.03257,0,0.000585666,0.000585666,0.000585666
643,1090.29,1.55322,0.96616,0,0.62635,0.53054,0.54939,0.31331,1.58722,1.03593,0,0.000582859,0.000582859,0.000582859
644,1091.8,1.54192,0.96687,0,0.63276,0.5274,0.55597,0.32015,1.57137,1.03112,0,0.000580055,0.000580055,0.000580055
645,1093.1,1.55583,0.96438,0,0.63755,0.5284,0.55855,0.32054,1.56846,1.03674,0,0.000577255,0.000577255,0.000577255
646,1094.55,1.54333,0.95963,0,0.65326,0.51814,0.55557,0.31908,1.56808,1.03748,0,0.00057446,0.00057446,0.00057446
647,1096.08,1.57257,0.96235,0,0.64671,0.52165,0.55715,0.319,1.57234,1.04001,0,0.000571669,0.000571669,0.000571669
648,1097.78,1.55683,0.97668,0,0.63831,0.52639,0.55698,0.31918,1.57308,1.03753,0,0.000568883,0.000568883,0.000568883
649,1099.29,1.54199,0.96252,0,0.63898,0.52784,0.55984,0.31979,1.57666,1.03372,0,0.000566101,0.000566101,0.000566101
650,1101.24,1.55373,0.97087,0,0.64155,0.51889,0.5553,0.31885,1.57146,1.02964,0,0.000563323,0.000563323,0.000563323
651,1102.99,1.53983,0.96459,0,0.64771,0.51839,0.55517,0.31878,1.5688,1.03105,0,0.000560549,0.000560549,0.000560549
652,1104.79,1.53901,0.96178,0,0.62883,0.5339,0.55893,0.32149,1.56292,1.03147,0,0.00055778,0.00055778,0.00055778
653,1106.56,1.56862,0.96716,0,0.64203,0.52164,0.55625,0.32107,1.56274,1.03301,0,0.000555016,0.000555016,0.000555016
654,1108.16,1.54533,0.97036,0,0.63919,0.52514,0.55747,0.32098,1.56837,1.03688,0,0.000552256,0.000552256,0.000552256
655,1109.97,1.55926,0.96606,0,0.64157,0.52037,0.55346,0.32009,1.56843,1.02626,0,0.0005495,0.0005495,0.0005495
656,1111.7,1.54491,0.97285,0,0.63868,0.51743,0.55369,0.32007,1.56473,1.01967,0,0.000546749,0.000546749,0.000546749
657,1113.42,1.53733,0.96245,0,0.62859,0.51714,0.54952,0.31694,1.57117,1.0193,0,0.000544003,0.000544003,0.000544003
658,1115.13,1.55577,0.96342,0,0.62514,0.52464,0.55139,0.31743,1.57044,1.0228,0,0.000541261,0.000541261,0.000541261
659,1116.9,1.57327,0.96371,0,0.6403,0.52106,0.55335,0.32024,1.56584,1.02537,0,0.000538524,0.000538524,0.000538524
660,1118.77,1.54935,0.96797,0,0.63459,0.5318,0.55554,0.32279,1.55938,1.03027,0,0.000535792,0.000535792,0.000535792
661,1120.46,1.54947,0.96887,0,0.63514,0.52715,0.5555,0.32083,1.56604,1.03354,0,0.000533064,0.000533064,0.000533064
662,1122.21,1.54753,0.96063,0,0.63538,0.52439,0.55406,0.31897,1.56818,1.02847,0,0.000530341,0.000530341,0.000530341
663,1123.95,1.55517,0.96525,0,0.63958,0.52715,0.55656,0.32078,1.56762,1.02705,0,0.000527622,0.000527622,0.000527622
664,1125.65,1.52039,0.96151,0,0.64038,0.53165,0.55485,0.32125,1.56065,1.02248,0,0.000524909,0.000524909,0.000524909
665,1127.44,1.54167,0.96133,0,0.64553,0.51989,0.55618,0.32053,1.55669,1.02232,0,0.0005222,0.0005222,0.0005222
666,1129.11,1.55783,0.96575,0,0.6448,0.52414,0.55959,0.32418,1.55336,1.01947,0,0.000519496,0.000519496,0.000519496
667,1130.7,1.56379,0.96228,0,0.64129,0.52589,0.56163,0.32422,1.5558,1.02207,0,0.000516797,0.000516797,0.000516797
668,1132.59,1.54098,0.96733,0,0.63935,0.5379,0.56411,0.32304,1.56737,1.02684,0,0.000514102,0.000514102,0.000514102
669,1134.27,1.55079,0.96481,0,0.63644,0.5352,0.56138,0.32174,1.56884,1.0306,0,0.000511413,0.000511413,0.000511413
670,1136.12,1.54176,0.96833,0,0.63276,0.5309,0.55839,0.31961,1.56729,1.02931,0,0.000508729,0.000508729,0.000508729
671,1137.81,1.56209,0.96149,0,0.63264,0.52915,0.55645,0.31809,1.56564,1.02937,0,0.000506049,0.000506049,0.000506049
672,1139.5,1.54519,0.96081,0,0.63357,0.53554,0.55781,0.31989,1.5627,1.02874,0,0.000503374,0.000503374,0.000503374
673,1141.15,1.5461,0.96397,0,0.63474,0.54266,0.56044,0.3219,1.5617,1.02603,0,0.000500705,0.000500705,0.000500705
674,1142.73,1.57082,0.97031,0,0.63505,0.54041,0.56054,0.32165,1.56094,1.02514,0,0.00049804,0.00049804,0.00049804
675,1144.39,1.5365,0.95515,0,0.63601,0.54266,0.56272,0.32217,1.56453,1.02262,0,0.000495381,0.000495381,0.000495381
676,1146.14,1.54334,0.96413,0,0.63617,0.52439,0.55643,0.32098,1.55749,1.02015,0,0.000492726,0.000492726,0.000492726
677,1147.87,1.56869,0.96424,0,0.62636,0.52564,0.55241,0.31793,1.56587,1.0267,0,0.000490077,0.000490077,0.000490077
678,1149.59,1.55677,0.96223,0,0.63294,0.51514,0.55043,0.31806,1.56407,1.02577,0,0.000487433,0.000487433,0.000487433
679,1151.46,1.56276,0.9702,0,0.64668,0.51313,0.55439,0.32027,1.56153,1.02257,0,0.000484794,0.000484794,0.000484794
680,1153.1,1.53535,0.96189,0,0.64949,0.51013,0.54963,0.3166,1.5715,1.02987,0,0.00048216,0.00048216,0.00048216
681,1154.73,1.55751,0.96003,0,0.64386,0.51464,0.55189,0.31685,1.5703,1.03191,0,0.000479531,0.000479531,0.000479531
682,1156.46,1.56034,0.96793,0,0.63942,0.52239,0.55525,0.32172,1.56266,1.02493,0,0.000476908,0.000476908,0.000476908
683,1158.09,1.53171,0.95927,0,0.6488,0.51812,0.55424,0.32032,1.56467,1.02606,0,0.00047429,0.00047429,0.00047429
684,1159.8,1.55262,0.95392,0,0.64127,0.52505,0.55491,0.3206,1.56366,1.02933,0,0.000471677,0.000471677,0.000471677
685,1161.57,1.55122,0.95294,0,0.65084,0.52372,0.55947,0.32466,1.55706,1.02731,0,0.00046907,0.00046907,0.00046907
686,1163.15,1.55347,0.96861,0,0.64407,0.53015,0.56241,0.32297,1.56263,1.03271,0,0.000466467,0.000466467,0.000466467
687,1164.57,1.54532,0.9602,0,0.65053,0.51689,0.55717,0.32345,1.5572,1.02787,0,0.000463871,0.000463871,0.000463871
688,1166.16,1.53694,0.95816,0,0.63178,0.53142,0.55775,0.32201,1.55851,1.02591,0,0.000461279,0.000461279,0.000461279
689,1167.63,1.53814,0.96156,0,0.64152,0.52965,0.5612,0.32427,1.55153,1.01954,0,0.000458693,0.000458693,0.000458693
690,1169.32,1.54478,0.9618,0,0.64766,0.52334,0.55999,0.32363,1.54883,1.01487,0,0.000456113,0.000456113,0.000456113
691,1170.87,1.55512,0.96177,0,0.64034,0.52514,0.55933,0.32316,1.55413,1.01872,0,0.000453537,0.000453537,0.000453537
692,1172.56,1.55928,0.96538,0,0.63765,0.5289,0.55721,0.32126,1.55851,1.02481,0,0.000450968,0.000450968,0.000450968
693,1174.2,1.53654,0.95165,0,0.63076,0.53466,0.55835,0.32214,1.55796,1.03281,0,0.000448404,0.000448404,0.000448404
694,1175.86,1.56099,0.96198,0,0.63234,0.5344,0.55975,0.32278,1.56032,1.03786,0,0.000445845,0.000445845,0.000445845
695,1177.66,1.52448,0.95446,0,0.63282,0.53552,0.56029,0.32368,1.56031,1.03497,0,0.000443292,0.000443292,0.000443292
696,1179.29,1.54666,0.96173,0,0.63377,0.52639,0.55642,0.32095,1.56134,1.03099,0,0.000440745,0.000440745,0.000440745
697,1180.94,1.5562,0.96436,0,0.63408,0.52064,0.5536,0.32012,1.56307,1.03304,0,0.000438203,0.000438203,0.000438203
698,1182.6,1.55359,0.95869,0,0.63556,0.52064,0.55347,0.31819,1.5651,1.03478,0,0.000435667,0.000435667,0.000435667
699,1184.14,1.55474,0.962,0,0.63462,0.52589,0.55845,0.32309,1.55773,1.02959,0,0.000433136,0.000433136,0.000433136
700,1186.01,1.54626,0.95338,0,0.64167,0.52139,0.55779,0.32222,1.55789,1.02645,0,0.000430612,0.000430612,0.000430612
701,1187.65,1.53516,0.95097,0,0.62809,0.53265,0.55833,0.32162,1.56094,1.02509,0,0.000428093,0.000428093,0.000428093
702,1189.33,1.55409,0.96188,0,0.63712,0.5258,0.55708,0.32182,1.55858,1.02157,0,0.000425579,0.000425579,0.000425579
703,1190.88,1.53245,0.95395,0,0.62797,0.52489,0.555,0.32183,1.55939,1.01844,0,0.000423072,0.000423072,0.000423072
704,1192.49,1.5325,0.95197,0,0.63875,0.51639,0.55366,0.32132,1.56037,1.01799,0,0.00042057,0.00042057,0.00042057
705,1194.29,1.52871,0.95233,0,0.62317,0.52213,0.5524,0.32096,1.56027,1.02023,0,0.000418074,0.000418074,0.000418074
706,1195.91,1.57229,0.96451,0,0.63673,0.52364,0.55425,0.32331,1.55703,1.0147,0,0.000415584,0.000415584,0.000415584
707,1197.63,1.53893,0.95618,0,0.64684,0.52514,0.55889,0.32431,1.55643,1.01142,0,0.0004131,0.0004131,0.0004131
708,1199.19,1.51934,0.94909,0,0.64572,0.52314,0.55669,0.32001,1.5645,1.01347,0,0.000410621,0.000410621,0.000410621
709,1200.68,1.53954,0.95202,0,0.6355,0.52998,0.55955,0.32115,1.56369,1.02194,0,0.000408149,0.000408149,0.000408149
710,1202.47,1.54862,0.95979,0,0.62766,0.54166,0.56419,0.32288,1.56033,1.02703,0,0.000405683,0.000405683,0.000405683
711,1204.12,1.55732,0.9584,0,0.6248,0.54341,0.56258,0.32291,1.5554,1.02381,0,0.000403222,0.000403222,0.000403222
712,1205.78,1.55779,0.96211,0,0.62973,0.53486,0.55959,0.32214,1.55343,1.02115,0,0.000400767,0.000400767,0.000400767
713,1207.39,1.5455,0.96074,0,0.62982,0.5284,0.55697,0.32142,1.55282,1.02054,0,0.000398319,0.000398319,0.000398319
714,1209,1.56503,0.96603,0,0.63452,0.52865,0.55999,0.32321,1.55204,1.01914,0,0.000395877,0.000395877,0.000395877
715,1210.71,1.52839,0.95676,0,0.63711,0.52664,0.55719,0.32251,1.55268,1.01683,0,0.00039344,0.00039344,0.00039344
716,1212.24,1.53164,0.94603,0,0.64262,0.51839,0.55258,0.31917,1.5569,1.02036,0,0.00039101,0.00039101,0.00039101
717,1213.72,1.54009,0.95048,0,0.63837,0.52514,0.55431,0.31975,1.55758,1.02346,0,0.000388586,0.000388586,0.000388586
718,1215.19,1.5375,0.95586,0,0.63109,0.53113,0.55392,0.31983,1.56297,1.02638,0,0.000386167,0.000386167,0.000386167
719,1216.73,1.54312,0.95166,0,0.62883,0.5329,0.5568,0.32118,1.56087,1.02466,0,0.000383756,0.000383756,0.000383756
720,1218.45,1.51945,0.94954,0,0.63122,0.52929,0.55697,0.32074,1.55802,1.02516,0,0.00038135,0.00038135,0.00038135
721,1220.03,1.51313,0.94603,0,0.62993,0.52764,0.55337,0.31812,1.5582,1.02849,0,0.00037895,0.00037895,0.00037895
722,1221.51,1.53955,0.95188,0,0.63012,0.53215,0.55416,0.31895,1.55778,1.0268,0,0.000376557,0.000376557,0.000376557
723,1222.92,1.53426,0.95544,0,0.63213,0.5299,0.55574,0.32073,1.55588,1.02095,0,0.00037417,0.00037417,0.00037417
724,1224.53,1.54316,0.95511,0,0.63619,0.52339,0.55611,0.32152,1.55429,1.01779,0,0.000371789,0.000371789,0.000371789
725,1226.07,1.52441,0.95454,0,0.6396,0.52089,0.55678,0.32249,1.5539,1.02178,0,0.000369415,0.000369415,0.000369415
726,1227.91,1.52591,0.94859,0,0.64787,0.51564,0.55821,0.32313,1.55044,1.02593,0,0.000367046,0.000367046,0.000367046
727,1229.66,1.54092,0.95278,0,0.63912,0.51714,0.5568,0.32215,1.54782,1.02468,0,0.000364685,0.000364685,0.000364685
728,1231.32,1.54756,0.95536,0,0.6509,0.50752,0.55342,0.31927,1.54952,1.02328,0,0.000362329,0.000362329,0.000362329
729,1232.97,1.51542,0.94876,0,0.64545,0.51013,0.55275,0.31891,1.5563,1.02027,0,0.00035998,0.00035998,0.00035998
730,1234.65,1.54983,0.94528,0,0.65029,0.51222,0.55411,0.31871,1.56219,1.01657,0,0.000357637,0.000357637,0.000357637
731,1236.53,1.56082,0.95309,0,0.65194,0.51453,0.55693,0.32024,1.56068,1.01268,0,0.000355301,0.000355301,0.000355301
732,1238.33,1.50917,0.94515,0,0.64289,0.52022,0.55784,0.32107,1.56126,1.01422,0,0.000352972,0.000352972,0.000352972
733,1239.87,1.53301,0.94715,0,0.64901,0.51914,0.55871,0.32174,1.56155,1.01616,0,0.000350648,0.000350648,0.000350648
734,1241.51,1.52822,0.94924,0,0.64804,0.51414,0.55696,0.32091,1.55883,1.02063,0,0.000348332,0.000348332,0.000348332
735,1243.23,1.52698,0.94887,0,0.63651,0.52189,0.55784,0.3226,1.55624,1.02599,0,0.000346021,0.000346021,0.000346021
736,1244.84,1.54298,0.95667,0,0.63186,0.52474,0.55791,0.3228,1.55139,1.02984,0,0.000343718,0.000343718,0.000343718
737,1246.36,1.51926,0.94504,0,0.64099,0.52089,0.55438,0.32209,1.55232,1.03525,0,0.000341421,0.000341421,0.000341421
738,1247.93,1.53706,0.95377,0,0.63386,0.53015,0.55583,0.32091,1.55808,1.03507,0,0.00033913,0.00033913,0.00033913
739,1249.68,1.555,0.95304,0,0.64443,0.51989,0.5549,0.32084,1.55534,1.02567,0,0.000336846,0.000336846,0.000336846
740,1251.56,1.53317,0.94799,0,0.65607,0.51088,0.55742,0.32209,1.55153,1.01562,0,0.000334569,0.000334569,0.000334569
741,1253.23,1.52522,0.94567,0,0.65256,0.51564,0.55886,0.32278,1.55051,1.01463,0,0.000332298,0.000332298,0.000332298
742,1254.91,1.53685,0.94509,0,0.65235,0.51914,0.5575,0.32314,1.55035,1.01993,0,0.000330034,0.000330034,0.000330034
743,1256.61,1.51144,0.95292,0,0.64739,0.51914,0.55434,0.32172,1.54967,1.02029,0,0.000327777,0.000327777,0.000327777
744,1258.26,1.51521,0.94269,0,0.65079,0.51288,0.55091,0.31949,1.55608,1.01824,0,0.000325527,0.000325527,0.000325527
745,1260.2,1.52078,0.95351,0,0.64907,0.51263,0.55448,0.32023,1.55568,1.01434,0,0.000323283,0.000323283,0.000323283
746,1261.89,1.52633,0.93988,0,0.64653,0.51756,0.55667,0.32138,1.55454,1.01284,0,0.000321046,0.000321046,0.000321046
747,1263.63,1.50951,0.94715,0,0.63885,0.52414,0.55628,0.32193,1.55415,1.01547,0,0.000318816,0.000318816,0.000318816
748,1265.51,1.54337,0.95076,0,0.64079,0.52589,0.55813,0.32295,1.55534,1.01519,0,0.000316593,0.000316593,0.000316593
749,1267.23,1.53217,0.94094,0,0.64986,0.52238,0.5596,0.32404,1.55696,1.01382,0,0.000314377,0.000314377,0.000314377
750,1269.14,1.53019,0.94647,0,0.64861,0.52539,0.56083,0.32436,1.55558,1.01159,0,0.000312167,0.000312167,0.000312167
751,1270.93,1.53212,0.95043,0,0.6522,0.52214,0.56005,0.32434,1.55953,1.01709,0,0.000309964,0.000309964,0.000309964
752,1272.58,1.52598,0.95691,0,0.6461,0.52299,0.55755,0.32206,1.55844,1.0195,0,0.000307769,0.000307769,0.000307769
753,1274.21,1.54467,0.94877,0,0.64265,0.52614,0.55702,0.32287,1.55582,1.01938,0,0.00030558,0.00030558,0.00030558
754,1275.89,1.54552,0.95004,0,0.64415,0.52986,0.55897,0.32382,1.55493,1.02645,0,0.000303398,0.000303398,0.000303398
755,1277.53,1.52401,0.94806,0,0.64291,0.5309,0.55928,0.32343,1.55483,1.02789,0,0.000301223,0.000301223,0.000301223
756,1279.48,1.52188,0.94428,0,0.65234,0.52464,0.56045,0.32423,1.55449,1.02351,0,0.000299055,0.000299055,0.000299055
757,1281.21,1.53625,0.95157,0,0.6568,0.51949,0.56046,0.32482,1.55202,1.02235,0,0.000296894,0.000296894,0.000296894
758,1283.09,1.52514,0.93927,0,0.64914,0.52014,0.55767,0.3228,1.55436,1.02168,0,0.00029474,0.00029474,0.00029474
759,1284.84,1.52942,0.94903,0,0.64731,0.52347,0.55724,0.32201,1.55326,1.02191,0,0.000292593,0.000292593,0.000292593
760,1286.64,1.52692,0.94593,0,0.64893,0.5269,0.55998,0.32347,1.54986,1.0193,0,0.000290454,0.000290454,0.000290454
761,1288.51,1.53654,0.9447,0,0.65422,0.51974,0.55687,0.32226,1.55212,1.01798,0,0.000288321,0.000288321,0.000288321
762,1290.32,1.53164,0.94162,0,0.65153,0.51914,0.55615,0.32088,1.55635,1.01797,0,0.000286196,0.000286196,0.000286196
763,1291.99,1.5322,0.94763,0,0.65026,0.52089,0.55525,0.32108,1.5569,1.01632,0,0.000284077,0.000284077,0.000284077
764,1293.68,1.55548,0.95324,0,0.64519,0.52264,0.55609,0.32196,1.5554,1.01861,0,0.000281966,0.000281966,0.000281966
765,1295.57,1.53154,0.94881,0,0.64057,0.52704,0.55646,0.32159,1.5542,1.02189,0,0.000279862,0.000279862,0.000279862
766,1297.29,1.53573,0.94744,0,0.6416,0.52716,0.5563,0.32197,1.553,1.02665,0,0.000277765,0.000277765,0.000277765
767,1298.99,1.52636,0.94852,0,0.63455,0.52955,0.55577,0.32261,1.55308,1.02778,0,0.000275676,0.000275676,0.000275676
768,1300.72,1.52517,0.94518,0,0.64339,0.52405,0.55593,0.32122,1.55419,1.02284,0,0.000273593,0.000273593,0.000273593
769,1302.35,1.52754,0.95389,0,0.63394,0.52555,0.55501,0.32101,1.55746,1.02372,0,0.000271518,0.000271518,0.000271518
770,1303.98,1.53455,0.94513,0,0.64101,0.52626,0.55599,0.32166,1.55817,1.0252,0,0.00026945,0.00026945,0.00026945
771,1305.8,1.51985,0.94688,0,0.63884,0.52486,0.55718,0.32364,1.55325,1.0239,0,0.00026739,0.00026739,0.00026739
772,1307.44,1.54342,0.93789,0,0.64942,0.52114,0.55864,0.32493,1.54743,1.02089,0,0.000265337,0.000265337,0.000265337
773,1309.07,1.54453,0.94702,0,0.63867,0.52846,0.55749,0.32347,1.54861,1.02337,0,0.000263291,0.000263291,0.000263291
774,1310.81,1.52045,0.94239,0,0.65085,0.51889,0.55749,0.32254,1.55459,1.02254,0,0.000261253,0.000261253,0.000261253
775,1312.65,1.52945,0.94269,0,0.65006,0.52164,0.55931,0.32336,1.55543,1.021,0,0.000259222,0.000259222,0.000259222
776,1314.5,1.52034,0.94189,0,0.64421,0.53065,0.55986,0.32395,1.55385,1.02434,0,0.000257198,0.000257198,0.000257198
777,1316.03,1.5129,0.93521,0,0.6433,0.52971,0.56058,0.3246,1.5546,1.02575,0,0.000255182,0.000255182,0.000255182
778,1317.49,1.52251,0.94058,0,0.63735,0.5309,0.557,0.32357,1.55232,1.0223,0,0.000253173,0.000253173,0.000253173
779,1319.04,1.54993,0.94557,0,0.63805,0.53013,0.55592,0.32287,1.55075,1.02038,0,0.000251172,0.000251172,0.000251172
780,1320.45,1.50776,0.94102,0,0.6461,0.5284,0.56046,0.32466,1.55069,1.01858,0,0.000249178,0.000249178,0.000249178
781,1322.08,1.51129,0.94038,0,0.63877,0.53515,0.56143,0.32514,1.55392,1.02081,0,0.000247192,0.000247192,0.000247192
782,1323.59,1.53899,0.94906,0,0.64264,0.5294,0.56099,0.32461,1.55505,1.01958,0,0.000245213,0.000245213,0.000245213
783,1325,1.51971,0.94097,0,0.64335,0.52865,0.55957,0.32354,1.55482,1.01703,0,0.000243242,0.000243242,0.000243242
784,1326.59,1.51839,0.94381,0,0.64786,0.52464,0.56023,0.32379,1.55266,1.01542,0,0.000241278,0.000241278,0.000241278
785,1328.19,1.50751,0.94246,0,0.65122,0.5269,0.56203,0.32456,1.55064,1.01492,0,0.000239322,0.000239322,0.000239322
786,1329.78,1.51834,0.93736,0,0.6468,0.5279,0.56061,0.32363,1.55321,1.01586,0,0.000237374,0.000237374,0.000237374
787,1331.24,1.51486,0.95143,0,0.6484,0.52439,0.55868,0.32387,1.55512,1.01374,0,0.000235433,0.000235433,0.000235433
788,1332.72,1.51583,0.94548,0,0.6475,0.52364,0.55849,0.32359,1.55486,1.01084,0,0.0002335,0.0002335,0.0002335
789,1334.31,1.52657,0.94259,0,0.64198,0.52339,0.55772,0.32361,1.55255,1.01143,0,0.000231574,0.000231574,0.000231574
790,1336.18,1.51403,0.94192,0,0.64417,0.52439,0.55868,0.32474,1.55154,1.0146,0,0.000229657,0.000229657,0.000229657
791,1337.91,1.5317,0.95044,0,0.63992,0.5309,0.55932,0.3241,1.55164,1.0164,0,0.000227747,0.000227747,0.000227747
792,1339.66,1.53633,0.94465,0,0.64315,0.52938,0.56015,0.32468,1.55435,1.02078,0,0.000225844,0.000225844,0.000225844
793,1341.36,1.51155,0.93816,0,0.63659,0.53379,0.56198,0.32569,1.55407,1.02359,0,0.00022395,0.00022395,0.00022395
794,1343.13,1.50866,0.93567,0,0.64593,0.53065,0.56256,0.32585,1.54877,1.02212,0,0.000222063,0.000222063,0.000222063
795,1344.96,1.53705,0.94354,0,0.64455,0.53015,0.56019,0.32532,1.5479,1.02248,0,0.000220184,0.000220184,0.000220184
796,1346.73,1.52738,0.94088,0,0.64544,0.52639,0.55853,0.32512,1.54652,1.02223,0,0.000218312,0.000218312,0.000218312
797,1348.44,1.52205,0.94108,0,0.64472,0.52564,0.55869,0.32589,1.5454,1.02034,0,0.000216449,0.000216449,0.000216449
798,1350.23,1.49959,0.93536,0,0.63917,0.5294,0.56008,0.32608,1.54556,1.0171,0,0.000214593,0.000214593,0.000214593
799,1351.97,1.5223,0.93626,0,0.64379,0.52497,0.5612,0.32682,1.5455,1.01492,0,0.000212745,0.000212745,0.000212745
800,1353.95,1.50686,0.9362,0,0.63766,0.52923,0.56145,0.32724,1.54556,1.01239,0,0.000210905,0.000210905,0.000210905
801,1355.71,1.52644,0.93628,0,0.64598,0.52314,0.56189,0.32751,1.54645,1.01503,0,0.000209073,0.000209073,0.000209073
802,1357.63,1.52698,0.93801,0,0.65006,0.52539,0.56249,0.32777,1.54492,1.01901,0,0.000207249,0.000207249,0.000207249
803,1359.3,1.50897,0.93994,0,0.65055,0.52414,0.56114,0.32727,1.54542,1.02003,0,0.000205433,0.000205433,0.000205433
804,1361.04,1.5129,0.93947,0,0.65244,0.52239,0.56105,0.32739,1.54516,1.02033,0,0.000203624,0.000203624,0.000203624
805,1362.89,1.50136,0.93145,0,0.6513,0.52414,0.56023,0.32669,1.54754,1.01716,0,0.000201824,0.000201824,0.000201824
806,1364.54,1.5439,0.94725,0,0.6502,0.52564,0.5586,0.32466,1.55163,1.01412,0,0.000200032,0.000200032,0.000200032
807,1366.16,1.5181,0.93643,0,0.64953,0.52314,0.559,0.3242,1.55237,1.00963,0,0.000198247,0.000198247,0.000198247
808,1367.89,1.521,0.94352,0,0.64838,0.52464,0.55835,0.32475,1.55173,1.00762,0,0.000196471,0.000196471,0.000196471
809,1369.66,1.49867,0.93268,0,0.64844,0.52339,0.55882,0.32382,1.55384,1.00926,0,0.000194703,0.000194703,0.000194703
810,1371.59,1.50983,0.92937,0,0.65101,0.52139,0.56072,0.32462,1.55508,1.01045,0,0.000192942,0.000192942,0.000192942
811,1373.26,1.50955,0.93748,0,0.64589,0.5269,0.56158,0.32514,1.55218,1.01216,0,0.00019119,0.00019119,0.00019119
812,1375.05,1.52303,0.93902,0,0.64694,0.52492,0.56255,0.3264,1.54721,1.01383,0,0.000189446,0.000189446,0.000189446
813,1376.79,1.52129,0.94295,0,0.64344,0.52614,0.56224,0.32645,1.5459,1.01331,0,0.00018771,0.00018771,0.00018771
814,1378.55,1.51541,0.93724,0,0.64089,0.52539,0.55926,0.3257,1.54716,1.01147,0,0.000185982,0.000185982,0.000185982
815,1380.27,1.50821,0.93759,0,0.63619,0.52632,0.55687,0.32302,1.54819,1.01232,0,0.000184262,0.000184262,0.000184262
816,1381.99,1.51965,0.94229,0,0.63695,0.5269,0.55931,0.32604,1.54256,1.0151,0,0.000182551,0.000182551,0.000182551
817,1383.63,1.51949,0.94038,0,0.64195,0.52974,0.5629,0.32663,1.54283,1.0179,0,0.000180847,0.000180847,0.000180847
818,1385.31,1.53475,0.9418,0,0.6433,0.52971,0.5618,0.32678,1.54175,1.01639,0,0.000179152,0.000179152,0.000179152
819,1387.15,1.50168,0.93525,0,0.63675,0.5354,0.56271,0.32725,1.54156,1.01482,0,0.000177465,0.000177465,0.000177465
820,1388.97,1.51859,0.9423,0,0.64013,0.53165,0.56325,0.32721,1.54353,1.01629,0,0.000175786,0.000175786,0.000175786
821,1390.64,1.52205,0.93758,0,0.63249,0.53365,0.56235,0.32676,1.54493,1.01692,0,0.000174115,0.000174115,0.000174115
822,1392.33,1.50966,0.93579,0,0.62716,0.53565,0.56105,0.32722,1.54773,1.01816,0,0.000172453,0.000172453,0.000172453
823,1393.98,1.53797,0.94233,0,0.62672,0.5369,0.56057,0.32643,1.54733,1.01816,0,0.000170799,0.000170799,0.000170799
824,1395.93,1.5217,0.94374,0,0.6345,0.5329,0.56165,0.32638,1.54775,1.01835,0,0.000169153,0.000169153,0.000169153
825,1397.61,1.51684,0.93435,0,0.63332,0.53194,0.56056,0.32667,1.5467,1.01564,0,0.000167515,0.000167515,0.000167515
826,1399.35,1.50537,0.93185,0,0.63619,0.53215,0.55914,0.32631,1.5487,1.01361,0,0.000165886,0.000165886,0.000165886
827,1400.98,1.51464,0.93443,0,0.63598,0.53326,0.55833,0.32629,1.54842,1.01298,0,0.000164265,0.000164265,0.000164265
828,1402.58,1.523,0.94176,0,0.62677,0.53665,0.55873,0.32703,1.54741,1.01075,0,0.000162653,0.000162653,0.000162653
829,1404.51,1.50896,0.93534,0,0.62341,0.53915,0.55879,0.3264,1.54673,1.01199,0,0.000161049,0.000161049,0.000161049
830,1406.14,1.52994,0.93867,0,0.63507,0.53075,0.55774,0.32537,1.5474,1.01466,0,0.000159453,0.000159453,0.000159453
831,1407.8,1.52705,0.94616,0,0.62773,0.53315,0.55849,0.32502,1.54697,1.0162,0,0.000157865,0.000157865,0.000157865
832,1408.97,1.52595,0.93993,0,0.6273,0.5369,0.55973,0.32512,1.54674,1.01937,0,0.000156286,0.000156286,0.000156286
833,1410.63,1.53826,0.93508,0,0.64241,0.52587,0.55924,0.32425,1.54749,1.01984,0,0.000154716,0.000154716,0.000154716
834,1412.41,1.52095,0.9416,0,0.62946,0.5338,0.55945,0.32408,1.54804,1.02061,0,0.000153154,0.000153154,0.000153154
835,1413.88,1.5555,0.94398,0,0.63326,0.53094,0.55867,0.32396,1.54971,1.01921,0,0.0001516,0.0001516,0.0001516
836,1415.54,1.521,0.93585,0,0.63848,0.5289,0.55744,0.32331,1.552,1.01597,0,0.000150055,0.000150055,0.000150055
837,1417.16,1.49655,0.93573,0,0.639,0.52699,0.55972,0.32371,1.55063,1.01476,0,0.000148518,0.000148518,0.000148518
838,1418.77,1.50342,0.9448,0,0.64004,0.52849,0.56114,0.32501,1.54736,1.01217,0,0.00014699,0.00014699,0.00014699
839,1420.39,1.52218,0.93171,0,0.63263,0.53065,0.55967,0.32449,1.54637,1.01147,0,0.00014547,0.00014547,0.00014547
840,1421.85,1.50405,0.93678,0,0.64443,0.52554,0.55944,0.32468,1.54691,1.01191,0,0.000143959,0.000143959,0.000143959
841,1423.24,1.49315,0.93362,0,0.63925,0.52614,0.55862,0.32484,1.54643,1.01351,0,0.000142456,0.000142456,0.000142456
842,1424.66,1.51443,0.93551,0,0.63717,0.52854,0.56011,0.32536,1.54387,1.01387,0,0.000140962,0.000140962,0.000140962
843,1426.07,1.51126,0.93656,0,0.63618,0.52979,0.56032,0.32595,1.54321,1.01384,0,0.000139477,0.000139477,0.000139477
844,1427.81,1.50867,0.93455,0,0.63678,0.52965,0.56086,0.32632,1.54225,1.01404,0,0.000138,0.000138,0.000138
845,1429.29,1.51239,0.93238,0,0.63908,0.52718,0.55987,0.32583,1.54092,1.01301,0,0.000136532,0.000136532,0.000136532
846,1430.8,1.52372,0.93461,0,0.63622,0.52945,0.56033,0.3272,1.53696,1.01093,0,0.000135072,0.000135072,0.000135072
847,1432.24,1.50578,0.93048,0,0.63727,0.5284,0.56073,0.3274,1.53678,1.01071,0,0.000133621,0.000133621,0.000133621
848,1433.65,1.52485,0.94319,0,0.63679,0.53513,0.56209,0.32776,1.53868,1.01072,0,0.000132179,0.000132179,0.000132179
849,1435.16,1.50343,0.93383,0,0.6419,0.5283,0.56248,0.32673,1.54005,1.01223,0,0.000130745,0.000130745,0.000130745
850,1436.68,1.5299,0.93693,0,0.64006,0.53165,0.56179,0.32666,1.54063,1.01266,0,0.00012932,0.00012932,0.00012932
851,1438.01,1.5233,0.93337,0,0.63913,0.53065,0.56142,0.32664,1.53973,1.01278,0,0.000127904,0.000127904,0.000127904
852,1439.18,1.51953,0.93509,0,0.63922,0.5314,0.56272,0.32708,1.54077,1.01322,0,0.000126496,0.000126496,0.000126496
853,1440.39,1.49799,0.92715,0,0.63815,0.5329,0.56288,0.32696,1.54205,1.01447,0,0.000125097,0.000125097,0.000125097
854,1442.03,1.50288,0.9255,0,0.63762,0.5329,0.56255,0.32602,1.5425,1.01385,0,0.000123707,0.000123707,0.000123707
855,1443.55,1.53457,0.94069,0,0.63393,0.53265,0.56081,0.32567,1.54417,1.01279,0,0.000122325,0.000122325,0.000122325
856,1445.05,1.53424,0.93798,0,0.6338,0.53173,0.55993,0.32517,1.54507,1.01232,0,0.000120953,0.000120953,0.000120953
857,1446.58,1.50391,0.93325,0,0.63668,0.5319,0.5596,0.32477,1.54663,1.012,0,0.000119589,0.000119589,0.000119589
858,1448.22,1.51029,0.93244,0,0.63319,0.53265,0.55841,0.32381,1.5472,1.0127,0,0.000118234,0.000118234,0.000118234
859,1449.86,1.53449,0.93465,0,0.62723,0.5314,0.55663,0.32417,1.54646,1.01396,0,0.000116887,0.000116887,0.000116887
860,1451.39,1.52478,0.93558,0,0.63132,0.53125,0.55762,0.32447,1.54415,1.01621,0,0.00011555,0.00011555,0.00011555
861,1453.01,1.50885,0.93792,0,0.63186,0.53291,0.55842,0.32547,1.54127,1.01679,0,0.000114221,0.000114221,0.000114221
862,1454.67,1.52793,0.93937,0,0.63628,0.52871,0.55979,0.32563,1.539,1.0165,0,0.000112901,0.000112901,0.000112901
863,1456.41,1.50658,0.93642,0,0.62567,0.53442,0.56043,0.32669,1.53841,1.01445,0,0.00011159,0.00011159,0.00011159
864,1458.42,1.50717,0.93742,0,0.62808,0.53515,0.56106,0.32646,1.53666,1.01231,0,0.000110288,0.000110288,0.000110288
865,1460.09,1.51947,0.93771,0,0.6316,0.53265,0.56087,0.32668,1.53716,1.01147,0,0.000108995,0.000108995,0.000108995
866,1461.83,1.52775,0.93828,0,0.63473,0.5314,0.5615,0.32675,1.53762,1.01229,0,0.000107711,0.000107711,0.000107711
867,1463.51,1.49727,0.93142,0,0.63333,0.5309,0.55906,0.32589,1.53786,1.01283,0,0.000106435,0.000106435,0.000106435
868,1465.26,1.51117,0.94184,0,0.62706,0.5314,0.55799,0.32564,1.53838,1.01454,0,0.000105169,0.000105169,0.000105169
869,1467.13,1.50858,0.93195,0,0.62712,0.5334,0.5593,0.3259,1.53965,1.01435,0,0.000103911,0.000103911,0.000103911
870,1468.88,1.52336,0.9403,0,0.62865,0.53565,0.5615,0.32699,1.53999,1.0158,0,0.000102663,0.000102663,0.000102663
871,1470.58,1.49088,0.92858,0,0.63042,0.53615,0.56224,0.32752,1.54008,1.0159,0,0.000101423,0.000101423,0.000101423
872,1472.29,1.50406,0.93428,0,0.63157,0.53523,0.56313,0.32796,1.53937,1.015,0,0.000100192,0.000100192,0.000100192
873,1474.04,1.51907,0.93514,0,0.64161,0.52896,0.56217,0.3278,1.54047,1.01403,0,9.89705e-05,9.89705e-05,9.89705e-05
874,1476.05,1.52612,0.93066,0,0.64087,0.5319,0.56236,0.32721,1.54197,1.01355,0,9.77577e-05,9.77577e-05,9.77577e-05
875,1477.79,1.51837,0.93913,0,0.64007,0.5304,0.5609,0.3259,1.54378,1.01251,0,9.6554e-05,9.6554e-05,9.6554e-05
876,1479.51,1.49187,0.92951,0,0.63792,0.5304,0.56084,0.32523,1.54524,1.01053,0,9.53593e-05,9.53593e-05,9.53593e-05
877,1481.38,1.49999,0.93426,0,0.64065,0.52915,0.56155,0.32582,1.54367,1.00979,0,9.41736e-05,9.41736e-05,9.41736e-05
878,1483.34,1.50502,0.93889,0,0.64196,0.52798,0.56186,0.32675,1.5392,1.00971,0,9.29969e-05,9.29969e-05,9.29969e-05
879,1485.04,1.49382,0.93251,0,0.63937,0.53065,0.56248,0.32704,1.53855,1.00967,0,9.18293e-05,9.18293e-05,9.18293e-05
880,1486.79,1.51763,0.92845,0,0.63568,0.53315,0.56126,0.32714,1.53857,1.00979,0,9.06708e-05,9.06708e-05,9.06708e-05
881,1488.47,1.52658,0.93339,0,0.63383,0.5334,0.56118,0.32682,1.53839,1.00966,0,8.95213e-05,8.95213e-05,8.95213e-05
882,1490.26,1.5061,0.93117,0,0.6348,0.5324,0.56128,0.3267,1.5391,1.00939,0,8.83809e-05,8.83809e-05,8.83809e-05
883,1492.26,1.49091,0.93097,0,0.63695,0.53015,0.56162,0.32719,1.53941,1.0089,0,8.72496e-05,8.72496e-05,8.72496e-05
884,1493.98,1.50282,0.93152,0,0.6375,0.5314,0.56211,0.32735,1.54049,1.00941,0,8.61274e-05,8.61274e-05,8.61274e-05
885,1495.68,1.51654,0.94068,0,0.63776,0.5319,0.56117,0.32644,1.54075,1.00985,0,8.50143e-05,8.50143e-05,8.50143e-05
886,1497.19,1.51318,0.93378,0,0.63656,0.5339,0.56071,0.32609,1.54114,1.01129,0,8.39104e-05,8.39104e-05,8.39104e-05
887,1498.8,1.53229,0.93486,0,0.63533,0.53265,0.55974,0.32599,1.54064,1.01379,0,8.28156e-05,8.28156e-05,8.28156e-05
888,1500.56,1.48618,0.92517,0,0.63734,0.5314,0.55996,0.32581,1.5415,1.01627,0,8.173e-05,8.173e-05,8.173e-05
889,1502.15,1.51379,0.93451,0,0.6407,0.52957,0.56072,0.32627,1.54119,1.01818,0,8.06535e-05,8.06535e-05,8.06535e-05
890,1503.81,1.49448,0.92635,0,0.6401,0.5329,0.55991,0.3264,1.54245,1.01797,0,7.95862e-05,7.95862e-05,7.95862e-05
891,1505.48,1.496,0.93025,0,0.64096,0.53105,0.55983,0.32629,1.54371,1.0167,0,7.8528e-05,7.8528e-05,7.8528e-05
892,1507.19,1.52619,0.93139,0,0.641,0.5274,0.56037,0.32576,1.54341,1.01489,0,7.74791e-05,7.74791e-05,7.74791e-05
893,1509.01,1.51751,0.93091,0,0.63708,0.5279,0.56087,0.32586,1.54359,1.0145,0,7.64394e-05,7.64394e-05,7.64394e-05
894,1510.65,1.49996,0.93173,0,0.64095,0.52639,0.56088,0.32591,1.54447,1.01318,0,7.54089e-05,7.54089e-05,7.54089e-05
895,1512.21,1.52708,0.92933,0,0.64238,0.52355,0.56119,0.32619,1.54451,1.01233,0,7.43876e-05,7.43876e-05,7.43876e-05
896,1513.79,1.53217,0.94008,0,0.6433,0.52565,0.56092,0.32639,1.54298,1.01286,0,7.33755e-05,7.33755e-05,7.33755e-05
897,1515.31,1.51526,0.93377,0,0.64358,0.52564,0.5608,0.32627,1.54264,1.01399,0,7.23727e-05,7.23727e-05,7.23727e-05
898,1517.07,1.50538,0.93483,0,0.64519,0.52729,0.55977,0.32549,1.54238,1.01508,0,7.13791e-05,7.13791e-05,7.13791e-05
899,1518.75,1.51227,0.93239,0,0.64318,0.52564,0.55984,0.32614,1.54274,1.01509,0,7.03948e-05,7.03948e-05,7.03948e-05
900,1520.31,1.50269,0.93516,0,0.64253,0.52255,0.55881,0.32534,1.54299,1.01493,0,6.94198e-05,6.94198e-05,6.94198e-05
901,1521.91,1.50732,0.94013,0,0.64397,0.52189,0.55898,0.32509,1.54373,1.01483,0,6.8454e-05,6.8454e-05,6.8454e-05
902,1523.48,1.53437,0.94003,0,0.64157,0.52464,0.55925,0.32579,1.5416,1.01372,0,6.74976e-05,6.74976e-05,6.74976e-05
903,1525.18,1.49121,0.93767,0,0.63987,0.52639,0.55931,0.32613,1.5415,1.01324,0,6.65505e-05,6.65505e-05,6.65505e-05
904,1527.06,1.49544,0.92789,0,0.64874,0.52214,0.55965,0.3265,1.54182,1.01189,0,6.56126e-05,6.56126e-05,6.56126e-05
905,1528.73,1.51562,0.93395,0,0.64909,0.51889,0.56003,0.32682,1.54153,1.0105,0,6.46841e-05,6.46841e-05,6.46841e-05
906,1530.5,1.49657,0.928,0,0.64754,0.52171,0.56025,0.32699,1.54113,1.01141,0,6.37649e-05,6.37649e-05,6.37649e-05
907,1532.15,1.51646,0.93472,0,0.64551,0.52539,0.5607,0.32701,1.54098,1.01198,0,6.28551e-05,6.28551e-05,6.28551e-05
908,1534.06,1.52218,0.93588,0,0.64543,0.52214,0.56092,0.32663,1.54016,1.01409,0,6.19546e-05,6.19546e-05,6.19546e-05
909,1535.72,1.51793,0.93575,0,0.64121,0.52765,0.5613,0.32704,1.54087,1.01493,0,6.10634e-05,6.10634e-05,6.10634e-05
910,1537.35,1.51791,0.93575,0,0.63949,0.52965,0.56052,0.3263,1.54102,1.01393,0,6.01817e-05,6.01817e-05,6.01817e-05
911,1538.89,1.51908,0.92629,0,0.63655,0.5329,0.56003,0.32653,1.54065,1.01379,0,5.93093e-05,5.93093e-05,5.93093e-05
912,1540.5,1.49185,0.91776,0,0.63814,0.53265,0.56044,0.32649,1.54001,1.01247,0,5.84462e-05,5.84462e-05,5.84462e-05
913,1542,1.5292,0.93282,0,0.64083,0.53265,0.56032,0.32656,1.53957,1.01286,0,5.75926e-05,5.75926e-05,5.75926e-05
914,1543.82,1.50333,0.92975,0,0.6419,0.5344,0.56188,0.32691,1.53942,1.01196,0,5.67484e-05,5.67484e-05,5.67484e-05
915,1545.26,1.49941,0.93534,0,0.64236,0.5344,0.56169,0.32671,1.53901,1.01191,0,5.59136e-05,5.59136e-05,5.59136e-05
916,1546.7,1.51249,0.92685,0,0.64272,0.5339,0.56133,0.32661,1.53956,1.01171,0,5.50882e-05,5.50882e-05,5.50882e-05
917,1548.12,1.51276,0.93267,0,0.64412,0.5319,0.56148,0.32632,1.54088,1.01182,0,5.42722e-05,5.42722e-05,5.42722e-05
918,1549.74,1.51177,0.93032,0,0.64344,0.53115,0.56081,0.32569,1.5432,1.01223,0,5.34656e-05,5.34656e-05,5.34656e-05
919,1551.19,1.50836,0.92679,0,0.64257,0.5314,0.55991,0.32611,1.54386,1.01376,0,5.26685e-05,5.26685e-05,5.26685e-05
920,1552.85,1.51167,0.92896,0,0.64311,0.53017,0.56083,0.32553,1.54397,1.0144,0,5.18809e-05,5.18809e-05,5.18809e-05
921,1554.55,1.49504,0.92549,0,0.64297,0.5299,0.56123,0.32606,1.54301,1.01397,0,5.11027e-05,5.11027e-05,5.11027e-05
922,1556.15,1.49887,0.94272,0,0.64579,0.53115,0.56184,0.32702,1.54253,1.01399,0,5.03339e-05,5.03339e-05,5.03339e-05
923,1558,1.52585,0.93512,0,0.64313,0.5314,0.56177,0.32714,1.54192,1.01393,0,4.95747e-05,4.95747e-05,4.95747e-05
924,1559.67,1.52219,0.9327,0,0.6449,0.5319,0.56279,0.32704,1.54195,1.01336,0,4.88249e-05,4.88249e-05,4.88249e-05
925,1561.31,1.50081,0.92913,0,0.64341,0.53115,0.56195,0.32697,1.54285,1.01335,0,4.80846e-05,4.80846e-05,4.80846e-05
926,1563,1.5179,0.93196,0,0.64101,0.5304,0.56113,0.3268,1.54325,1.01247,0,4.73538e-05,4.73538e-05,4.73538e-05
927,1564.84,1.50753,0.94007,0,0.64151,0.5304,0.561,0.32658,1.54354,1.01187,0,4.66325e-05,4.66325e-05,4.66325e-05
928,1566.84,1.53481,0.93779,0,0.63957,0.53096,0.5605,0.32651,1.54332,1.01187,0,4.59207e-05,4.59207e-05,4.59207e-05
929,1568.49,1.51068,0.93003,0,0.63888,0.53115,0.56162,0.32653,1.54333,1.01142,0,4.52184e-05,4.52184e-05,4.52184e-05
930,1570.13,1.52836,0.93072,0,0.63913,0.5274,0.56197,0.32642,1.5427,1.01131,0,4.45256e-05,4.45256e-05,4.45256e-05
931,1571.75,1.51226,0.92899,0,0.63787,0.53015,0.56202,0.32703,1.54201,1.01112,0,4.38424e-05,4.38424e-05,4.38424e-05
932,1573.43,1.50002,0.92381,0,0.63753,0.5314,0.56276,0.32706,1.54159,1.01058,0,4.31687e-05,4.31687e-05,4.31687e-05
933,1575.26,1.53126,0.93671,0,0.63806,0.5319,0.5626,0.32721,1.5418,1.01079,0,4.25046e-05,4.25046e-05,4.25046e-05
934,1576.94,1.52477,0.93323,0,0.63601,0.53465,0.56215,0.32681,1.54186,1.01141,0,4.185e-05,4.185e-05,4.185e-05
935,1578.63,1.49948,0.93451,0,0.63573,0.5334,0.56177,0.32689,1.54228,1.01197,0,4.12049e-05,4.12049e-05,4.12049e-05
936,1580.33,1.51056,0.92859,0,0.63661,0.5329,0.56181,0.32665,1.54199,1.01231,0,4.05694e-05,4.05694e-05,4.05694e-05
937,1582,1.49787,0.92753,0,0.63934,0.53215,0.5617,0.32664,1.54112,1.01224,0,3.99435e-05,3.99435e-05,3.99435e-05
938,1583.95,1.53102,0.93945,0,0.64044,0.5303,0.56092,0.32714,1.54018,1.01207,0,3.93272e-05,3.93272e-05,3.93272e-05
939,1585.68,1.49551,0.92975,0,0.63811,0.53165,0.56062,0.3271,1.54049,1.0114,0,3.87204e-05,3.87204e-05,3.87204e-05
940,1587.44,1.51363,0.93189,0,0.63657,0.5314,0.56062,0.32696,1.54088,1.01141,0,3.81232e-05,3.81232e-05,3.81232e-05
941,1589.11,1.50396,0.93087,0,0.63491,0.53315,0.56097,0.32668,1.54097,1.01096,0,3.75356e-05,3.75356e-05,3.75356e-05
942,1590.82,1.52232,0.93445,0,0.63435,0.533,0.56004,0.3265,1.54071,1.0114,0,3.69576e-05,3.69576e-05,3.69576e-05
943,1592.6,1.50968,0.9271,0,0.63634,0.5319,0.56008,0.32624,1.54088,1.01183,0,3.63892e-05,3.63892e-05,3.63892e-05
944,1594.23,1.48907,0.923,0,0.6387,0.5289,0.56029,0.32668,1.54045,1.0122,0,3.58305e-05,3.58305e-05,3.58305e-05
945,1595.94,1.50088,0.93211,0,0.63973,0.52911,0.56041,0.32667,1.53963,1.01216,0,3.52813e-05,3.52813e-05,3.52813e-05
946,1597.69,1.51326,0.92999,0,0.6414,0.52965,0.56108,0.32739,1.53956,1.01224,0,3.47418e-05,3.47418e-05,3.47418e-05
947,1599.4,1.52647,0.92725,0,0.6418,0.52851,0.56108,0.32701,1.53959,1.01155,0,3.42119e-05,3.42119e-05,3.42119e-05
