0 0.46913580312500003 0.504050925 0.46932870312499997 0.5066550916666667 0.4699074078125 0.50694444375 0.4720293203125 0.5153356479166666 0.47665895 0.5228587958333333 0.4791666671875 0.5245949083333333 0.48476080312500003 0.5326967583333333 0.4870756171875 0.53414351875 0.493634259375 0.5326967583333333 0.5019290125 0.5269097229166666 0.5032793203125 0.52430555625 0.50482253125 0.5231481479166666 0.5071373453125 0.5188078708333334 0.5106095671875 0.5054976854166667 0.513117284375 0.5 0.513117284375 0.4939236104166667 0.5119598765625 0.49016203750000004 0.509259259375 0.4861111104166667 0.5065586421875 0.48408564791666664 0.5046296296875 0.47714120416666667 0.5019290125 0.47222222291666666 0.498456790625 0.46817129583333333 0.49382716093749995 0.46585648125 0.48244598749999995 0.46556712916666665 0.4739583328125 0.47019675833333335 0.4720293203125 0.472511575 0.47067901250000005 0.480613425 0.46739969062500003 0.48726851875 0.4666280859375 0.49189814791666664 0.467206790625 0.4921875 0.46797839531249996 0.5020254625 0.46913580312500003 0.504050925
0 0.49652777812500004 0.5960648145833333 0.49652777812500004 0.59866898125 0.49768518593750005 0.6006944437499999 0.4978780859375 0.6027199083333333 0.5001929015625 0.6047453708333334 0.5019290125 0.6085069437499999 0.5040509265625001 0.6099537041666667 0.509259259375 0.6090856479166666 0.51080246875 0.6059027770833333 0.5129243828125001 0.60445601875 0.516975309375 0.59866898125 0.5173611109375 0.5911458333333334 0.51658950625 0.5876736104166667 0.5119598765625 0.5836226854166667 0.5057870375 0.5798611104166667 0.5017361109375 0.5798611104166667 0.500385803125 0.58304398125 0.4967206796875 0.5882523145833333 0.49652777812500004 0.5911458333333334 0.49594907343749994 0.5914351854166667 0.49594907343749994 0.5957754625 0.49652777812500004 0.5960648145833333
0 0.6649305562500001 0 0.6649305562500001 0.004629629166666666 0.6668595671875 0.015625 0.6685956796875 0.019097222916666667 0.6687885796875 0.022569443749999998 0.6701388890625 0.025462962500000002 0.671489196875 0.033854166666666664 0.6739969140625 0.0390625 0.6741898140625 0.04137731458333334 0.6761188265625 0.04600694375 0.6759259265625001 0.04918981458333334 0.675347221875 0.049479166666666664 0.6749614203125 0.05700231458333334 0.675347221875 0.059895833333333336 0.6759259265625001 0.06018518541666666 0.67669753125 0.07175925833333333 0.6788194437499999 0.074363425 0.6921296296875 0.07320601875 0.6946373453125 0.07175925833333333 0.696759259375 0.06915509166666665 0.698688271875 0.06365740833333333 0.698688271875 0.06134259166666667 0.6994598765625 0.0604745375 0.70023148125 0.05613425833333333 0.7013888890625 0.0546875 0.703510803125 0.04369212916666666 0.70601851875 0.037326389583333335 0.7067901234375 0.03356481458333334 0.706597221875 0.022569443749999998 0.70601851875 0.019097222916666667 0.704475309375 0.015625 0.7019675921874999 0.013020833333333334 0.69425154375 0.008969908333333334 0.6932870375 0.007523147916666667 0.6892361109375 0.00491898125 0.6873070984375 0.0017361104166666666 0.6873070984375 0 0.6649305562500001 0
0 0.400848765625 0.7005208333333334 0.40489969062500003 0.7054398145833333 0.40663580312500003 0.7118055562500001 0.41030092656250006 0.7146990750000001 0.418016975 0.7152777770833333 0.42129629687500003 0.7164351854166667 0.42592592656250006 0.71585648125 0.42804783906250005 0.7118055562500001 0.4293981484375 0.7109375 0.4309413578125 0.7068865750000001 0.43074845625 0.7025462958333333 0.4293981484375 0.6987847229166667 0.4347993828125 0.6964699083333333 0.43807870312499997 0.69241898125 0.4386574078125 0.6898148145833333 0.4386574078125 0.68460648125 0.43788580312500003 0.6805555562500001 0.4332561734375 0.6710069437499999 0.42881944375 0.6657986104166667 0.42206790156249996 0.66116898125 0.4176311734375 0.6608796291666666 0.416473765625 0.6623263895833333 0.4122299375 0.6637731479166666 0.40721450625 0.6707175916666667 0.4002700625 0.6776620375 0.40007716093749995 0.6802662041666667 0.39949845625 0.6805555562500001 0.4002700625 0.6984953708333334 0.400848765625 0.7005208333333334
0 0.5850694437499999 0.21759259166666667 0.5856481484375 0.21701388958333334 0.5850694437499999 0.20746527708333332 0.5842978390625 0.2089120375 0.5837191359375 0.21412037083333332 0.5842978390625 0.21875 0.5850694437499999 0.21961805625 0.5850694437499999 0.21759259166666667
0 0.55478395 0.20630787083333332 0.5538194437499999 0.20630787083333332 0.5538194437499999 0.20746527708333332 0.55574845625 0.206886575 0.55478395 0.20630787083333332
0 0.5570987656249999 0.1973379625 0.55767746875 0.19646990833333333 0.5570987656249999 0.19444444375 0.5570987656249999 0.1973379625
0 0.5696373453125 0.1796875 0.5709876546875 0.17997685208333333 0.5721450625 0.17881944375 0.5711805562500001 0.17737268541666668 0.56925154375 0.17737268541666668 0.566358025 0.17881944375 0.5677083328125 0.17939814791666667 0.5690586421875 0.17795138958333334 0.5696373453125 0.1796875
0 0.58892746875 0.14351851875000002 0.590277778125 0.14496527708333332 0.5922067906249999 0.14554398124999998 0.5983796296875 0.15190972291666668 0.6095679015625 0.15480324166666665 0.6163194437499999 0.15451388958333334 0.62017746875 0.14814814791666667 0.621527778125 0.14091435208333333 0.6217206796875 0.13628472291666668 0.6222993828125001 0.13599537083333332 0.6222993828125001 0.13368055625 0.6234567906249999 0.12962962916666668 0.623649690625 0.12239583333333333 0.6213348765625 0.11892361041666667 0.61709105 0.11776620416666667 0.6155478390625 0.11631944375 0.615740740625 0.11168981458333334 0.6168981484375 0.10908564791666667 0.6168981484375 0.105324075 0.617669753125 0.10387731458333334 0.617669753125 0.0957754625 0.615740740625 0.09114583333333333 0.6149691359375 0.08506944375 0.6143904328125 0.08449074166666667 0.61419753125 0.07783564791666667 0.61226851875 0.07378472291666666 0.606867284375 0.074074075 0.605516975 0.07552083333333333 0.6022376546875 0.08246527708333334 0.600115740625 0.08362268541666666 0.59857253125 0.0859375 0.594328703125 0.08767361041666667 0.5925925921874999 0.09027777708333334 0.5904706796875 0.0917245375 0.5875771609375 0.09895833333333333 0.5862268515625 0.10908564791666667 0.5839120375 0.11631944375 0.5839120375 0.12152777708333334 0.5868055562500001 0.12789351875 0.5883487656249999 0.14120370416666667 0.58892746875 0.14351851875000002
0 0.6813271609375 0 0.6813271609375 0.0017361104166666666 0.6832561734375 0.0017361104166666666 0.6832561734375 0 0.6813271609375 0
0 0.1060956796875 0.25318287083333335 0.10628857968750001 0.2552083333333333 0.1057098765625 0.2557870375 0.10648148125000001 0.2552083333333333 0.1060956796875 0.25318287083333335
0 0.9459876546875 0.16521990833333333 0.94540895 0.168113425 0.9515817906249999 0.168113425 0.9481095671875 0.16724537083333332 0.9459876546875 0.16521990833333333
0 0.8753858031249999 0 0.8751929015625001 0.0020254625 0.873649690625 0.002314814583333333 0.8709490734375 0.00491898125 0.8705632718749999 0.009259258333333333 0.86709105 0.010706018749999999 0.86226851875 0.017361110416666665 0.8597608031249999 0.022569443749999998 0.8595679015625001 0.025462962500000002 0.8616898140625 0.029224537499999998 0.86226851875 0.03240740833333333 0.8624614203125001 0.04398148125 0.86419753125 0.04745370416666667 0.8655478390625 0.05555555625 0.8663194437499999 0.05613425833333333 0.8682484562499999 0.06423611041666667 0.871527778125 0.06886574166666667 0.8728780859375 0.07320601875 0.8740354937499999 0.074074075 0.874421296875 0.07754629583333333 0.8767361109375 0.07899305625 0.8815586421875 0.07841435208333333 0.888117284375 0.0760995375 0.8904320984374999 0.07378472291666666 0.8958333328125001 0.07349537083333332 0.8964120375 0.074363425 0.900848765625 0.07523148125 0.9041280859375 0.08159722291666666 0.9112654328125 0.08767361041666667 0.9112654328125 0.089699075 0.907600309375 0.09490740833333335 0.90625 0.09866898125 0.9060570984374999 0.10243055625 0.906828703125 0.10590277708333334 0.9095293203124999 0.11111111041666667 0.9093364203125001 0.11429398125 0.9074074078125 0.11805555625 0.9074074078125 0.12557870416666667 0.9083719140625 0.13020833333333334 0.9093364203125001 0.1307870375 0.9103009265625 0.13454861041666666 0.9120370375 0.13744212916666668 0.9122299375 0.14004629583333333 0.9187885796874999 0.1504629625 0.921296296875 0.15104166666666666 0.9214891968750001 0.15190972291666668 0.9288194437499999 0.152488425 0.932098765625 0.15190972291666668 0.9322916671874999 0.15104166666666666 0.936149690625 0.15104166666666666 0.940007715625 0.14901620416666667 0.9425154328125 0.1464120375 0.9469521609375 0.1464120375 0.9513888890625 0.14496527708333332 0.9573688265625 0.13802083333333334 0.9641203703125001 0.13628472291666668 0.9672067906249999 0.13396990833333333 0.9691358031249999 0.12962962916666668 0.9699074078125 0.12528935208333333 0.9726080250000001 0.12268518541666666 0.9726080250000001 0.113425925 0.9720293203124999 0.11284722291666666 0.9714506171874999 0.105613425 0.968171296875 0.0995370375 0.9679783953125 0.097511575 0.9660493828125001 0.09519675833333333 0.9660493828125001 0.09317129583333333 0.9654706796875001 0.09259259166666665 0.9660493828125001 0.08304398125 0.9668209875 0.08072916666666667 0.9699074078125 0.08101851875 0.97164351875 0.082175925 0.9739583328125001 0.08651620416666667 0.9778163578125 0.08883101875 0.9805169749999999 0.09230324166666667 0.9822530859375 0.09288194375 0.9839891968750001 0.09548611041666667 0.9863040125 0.0957754625 0.987847221875 0.09895833333333333 0.9944058640625 0.10185185208333333 0.9978780859375 0.0995370375 0.9998070984374999 0.0995370375 0.9998070984374999 0.010127314583333333 0.9980709875 0.010127314583333333 0.9949845671875 0.00491898125 0.9917052468750001 0.0020254625 0.9913194437499999 0 0.9627700625 0 0.9625771609375 0.0020254625 0.9598765437500001 0.00289351875 0.9488811734375 0.00289351875 0.9434799375 0.003761575 0.9430941359375 0.004629629166666666 0.9359567906249999 0.0066550916666666664 0.9293981484374999 0.0031828708333333333 0.924382715625 0.003761575 0.9122299375 0.00289351875 0.9066358031249999 0.0020254625 0.90625 0 0.8753858031249999 0
0 0.87210648125 0.49334490833333333 0.8722993828125001 0.5144675916666667 0.875578703125 0.51851851875 0.8802083328125001 0.51851851875 0.8807870375 0.5162037041666667 0.884259259375 0.51273148125 0.8873456796875001 0.5052083333333334 0.888117284375 0.5014467583333333 0.8883101859375 0.49074074166666665 0.8888888890625 0.49016203750000004 0.8890817906249999 0.4866898145833333 0.8908179015625001 0.48408564791666664 0.8915895062500001 0.47511574166666665 0.8908179015625001 0.472511575 0.8869598765625 0.4670138895833333 0.88580246875 0.4664351854166667 0.8788580250000001 0.46556712916666665 0.8742283953125 0.4670138895833333 0.873649690625 0.46903935208333336 0.87210648125 0.47019675833333335 0.8728780859375 0.4782986104166667 0.87210648125 0.49334490833333333
0 0.8304398140625 0.49334490833333333 0.83101851875 0.49681712916666665 0.8323688265625 0.49942129583333333 0.8321759265625 0.5063657416666667 0.831597221875 0.5066550916666667 0.831597221875 0.51070601875 0.8304398140625 0.51649305625 0.8308256171874999 0.5240162041666667 0.831597221875 0.5269097229166666 0.8327546296874999 0.5277777770833334 0.833526234375 0.5298032416666667 0.8342978390625 0.5367476854166667 0.8369984562499999 0.5431134249999999 0.845100309375 0.546875 0.8489583328125001 0.546875 0.8505015437500001 0.5454282416666667 0.853009259375 0.5448495375 0.8535879625 0.5436921291666666 0.8605324078125 0.5410879625 0.86226851875 0.5393518520833334 0.8636188265625 0.5370370375 0.86419753125 0.5338541666666666 0.8651620375 0.5135995375 0.8663194437499999 0.5072337958333333 0.8668981484374999 0.5066550916666667 0.86709105 0.49016203750000004 0.8676697531249999 0.4895833333333333 0.8676697531249999 0.47627314791666664 0.8668981484374999 0.4748263895833333 0.8655478390625 0.4742476854166667 0.86226851875 0.47540509166666667 0.8582175921875 0.480613425 0.8566743828125001 0.484375 0.85455246875 0.484375 0.8535879625 0.4820601854166667 0.853009259375 0.46990740833333333 0.8524305562500001 0.46932870416666667 0.8522376546875 0.4670138895833333 0.850115740625 0.464988425 0.8495370375 0.46296296249999996 0.8435570984374999 0.4609375 0.8422067906249999 0.45949074166666665 0.8375771609375 0.4592013895833333 0.8342978390625 0.4609375 0.8331404328125 0.4626736104166667 0.8339120375 0.46788194375000003 0.83294753125 0.47337962916666665 0.8296682093750001 0.4765625 0.8288966046875 0.4791666666666667 0.8277391968750001 0.480324075 0.827546296875 0.48292824166666665 0.8269675921875 0.48321759166666667 0.8269675921875 0.48755787083333335 0.8304398140625 0.49334490833333333
0 0.950617284375 0.3151041666666667 0.950617284375 0.31741898125 0.9519675921875 0.32089120416666667 0.9519675921875 0.32320601875 0.952546296875 0.32349537083333335 0.9529320984374999 0.32609953750000004 0.956597221875 0.33101851875 0.9627700625 0.328125 0.9643132718749999 0.32841435208333336 0.9650848765625 0.32957175833333335 0.96585648125 0.33130787083333335 0.9660493828125001 0.34230324166666665 0.96875 0.34693287083333335 0.969328703125 0.34953703750000004 0.9708719140625 0.35127314791666664 0.971257715625 0.35358796249999996 0.9718364203125001 0.3538773145833333 0.9724151234375 0.359375 0.9739583328125001 0.36226851875 0.9807098765625 0.36805555624999997 0.9911265437500001 0.36805555624999997 0.9944058640625 0.3697916666666667 0.9998070984374999 0.370949075 0.9998070984374999 0.30439814791666664 0.9980709875 0.30410879583333333 0.996527778125 0.30179398125 0.9913194437499999 0.2890625 0.987847221875 0.2864583333333333 0.9839891968750001 0.2864583333333333 0.9772376546875 0.28964120416666667 0.9753086421875 0.29253472291666666 0.975115740625 0.300636575 0.9745370375 0.30324074166666665 0.9729938265625 0.30526620416666667 0.970100309375 0.30526620416666667 0.9668209875 0.30381944375000003 0.9666280859375 0.3029513895833333 0.9621913578125 0.30121527708333334 0.9567901234375 0.296875 0.9558256171874999 0.296875 0.9527391968750001 0.29832175833333335 0.9508101859375 0.30555555624999997 0.950617284375 0.30931712916666665 0.9500385796874999 0.30960648125 0.9500385796874999 0.3148148145833333 0.950617284375 0.3151041666666667
0 0.9978780859375 0.19415509166666667 0.9972993828125001 0.19502314791666667 0.9978780859375 0.19791666666666666 0.9998070984374999 0.19820601875000002 0.9998070984374999 0.19415509166666667 0.9978780859375 0.19415509166666667
0 0.9984567906249999 0.18113425833333335 0.9978780859375 0.18200231458333332 0.9998070984374999 0.18200231458333332 0.9998070984374999 0.18113425833333335 0.9984567906249999 0.18113425833333335
0 0.3840663578125 0.49247685208333336 0.3875385796875 0.4939236104166667 0.39158950625 0.49131944375000003 0.39216820937499997 0.4898726854166667 0.3952546296875 0.488425925 0.3964120375 0.4861111104166667 0.3981481484375 0.48524305624999997 0.400848765625 0.4817708333333333 0.4020061734375 0.47974537083333335 0.40277777812500004 0.47511574166666665 0.40547839531249996 0.47077546249999996 0.40489969062500003 0.46875 0.40489969062500003 0.46122685208333336 0.40432098749999995 0.45949074166666665 0.404706790625 0.45196759166666667 0.400848765625 0.45167824166666665 0.39756944375000003 0.45283564791666664 0.39737654375 0.45428240833333333 0.39351851875 0.46122685208333336 0.39197530937499997 0.46672453750000004 0.386766975 0.47077546249999996 0.3834876546875 0.47164351875 0.3802083328125 0.47627314791666664 0.3790509265625 0.47945601875 0.3790509265625 0.48553240833333333 0.3802083328125 0.488136575 0.3815586421875 0.48871527708333334 0.3840663578125 0.49247685208333336
0 0.9405864203125001 0.7326388895833333 0.9421296296874999 0.7418981479166666 0.9440586421875 0.7473958333333334 0.9500385796874999 0.7557870375 0.9527391968750001 0.7569444437499999 0.9562114203125001 0.7569444437499999 0.9600694437499999 0.75491898125 0.96084105 0.7534722229166667 0.9631558640625 0.7520254625 0.9670138890625 0.7505787041666667 0.97164351875 0.7421875 0.9737654328125 0.7395833333333334 0.97665895 0.7378472229166667 0.9772376546875 0.7346643520833334 0.978009259375 0.7340856479166666 0.978009259375 0.7277199083333333 0.9791666671874999 0.72164351875 0.9791666671874999 0.7132523145833333 0.9760802468750001 0.7094907416666667 0.9699074078125 0.7042824083333333 0.9562114203125001 0.7005208333333334 0.9529320984374999 0.7013888895833333 0.9494598765625 0.7042824083333333 0.9481095671875 0.70804398125 0.9479166671874999 0.7132523145833333 0.9473379625 0.7144097229166667 0.9421296296874999 0.7164351854166667 0.9407793203124999 0.7196180562500001 0.9405864203125001 0.7219328708333334 0.940007715625 0.7222222229166667 0.940007715625 0.7323495375 0.9405864203125001 0.7326388895833333
0 0.7814429015625 0.20196759166666667 0.7791280859375 0.20370370416666667 0.7785493828125001 0.207175925 0.77835648125 0.2167245375 0.7791280859375 0.22222222291666668 0.782600309375 0.22771990833333333 0.789544753125 0.23090277708333332 0.7926311734375 0.23350694375 0.796296296875 0.23495370416666667 0.8009259265625 0.234375 0.8055555562500001 0.23148148124999998 0.8063271609375 0.23003472291666668 0.809027778125 0.22829861041666666 0.80960648125 0.22685185208333333 0.813078703125 0.22511574166666665 0.813850309375 0.22395833333333334 0.813078703125 0.21990740833333333 0.8117283953125 0.21817129583333333 0.809027778125 0.2167245375 0.8101851859375 0.21556712916666668 0.8182870375 0.21585648124999998 0.8225308640625 0.20543981458333332 0.8290895062500001 0.19994212916666668 0.83101851875 0.1973379625 0.8321759265625 0.19386574166666665 0.8321759265625 0.16521990833333333 0.8283179015625001 0.15451388958333334 0.8269675921875 0.15364583333333334 0.8244598765625 0.14930555625 0.8223379625 0.1504629625 0.8200231484374999 0.15364583333333334 0.8177083328125001 0.15538194375 0.8177083328125001 0.15653935208333333 0.8157793203124999 0.15798611041666666 0.8140432093750001 0.16174768541666668 0.809992284375 0.16435185208333333 0.8065200625 0.16521990833333333 0.798225309375 0.1620370375 0.7951388890625 0.15914351875000002 0.7918595671875 0.15798611041666666 0.7897376546875 0.15538194375 0.7878086421875 0.15451388958333334 0.7878086421875 0.1504629625 0.7870370375 0.14959490833333333 0.7845293203125 0.14930555625 0.7829861109375 0.14814814791666667 0.781828703125 0.14959490833333333 0.781635803125 0.15625 0.780671296875 0.1582754625 0.7797067906249999 0.16435185208333333 0.7791280859375 0.16464120416666667 0.7785493828125001 0.19241898124999998 0.780671296875 0.1973379625 0.782600309375 0.199074075 0.7814429015625 0.20196759166666667
0 0.75771605 0.16348379583333333 0.75771605 0.16695601875000002 0.7571373453125 0.16724537083333332 0.7571373453125 0.16840277708333332 0.75771605 0.16869212916666668 0.75790895 0.17939814791666667 0.7584876546875 0.1796875 0.7584876546875 0.18200231458333332 0.7596450625 0.18431712916666668 0.7598379625 0.1895254625 0.7604166671875 0.18981481458333332 0.7606095671875 0.19675925833333335 0.7619598765625 0.19994212916666668 0.765046296875 0.20254629583333333 0.7658179015625 0.20630787083333332 0.7654320984375 0.21006944375 0.7689043203125 0.21267361041666666 0.7696759265625001 0.20457175833333335 0.76851851875 0.199363425 0.7696759265625001 0.1973379625 0.7706404328125 0.191550925 0.7725694437499999 0.18634259166666667 0.7725694437499999 0.18142361041666666 0.7731481484375 0.18084490833333333 0.7731481484375 0.16435185208333333 0.77334105 0.1620370375 0.773919753125 0.16145833333333334 0.773919753125 0.15769675833333335 0.77334105 0.15711805625 0.77334105 0.14872685208333333 0.773919753125 0.14670138958333334 0.77334105 0.14612268541666668 0.7731481484375 0.14236111041666666 0.7725694437499999 0.14120370416666667 0.7683256171874999 0.14120370416666667 0.761766975 0.14409722291666668 0.7606095671875 0.14583333333333334 0.7606095671875 0.14756944375 0.7598379625 0.1484375 0.7596450625 0.15104166666666666 0.7584876546875 0.15393518541666668 0.7584876546875 0.15653935208333333 0.75790895 0.15682870416666667 0.75771605 0.160300925 0.7571373453125 0.16087962916666668 0.7571373453125 0.16319444375 0.75771605 0.16348379583333333
0 0.4471450625 0.7870370375 0.44733796249999996 0.7890625 0.4479166671875 0.7893518520833334 0.4481095671875 0.7922453708333334 0.45003857968750005 0.7983217583333333 0.45273919687499997 0.8006365750000001 0.45659722187499996 0.8006365750000001 0.46045524687499995 0.7986111104166667 0.4699074078125 0.8026620375 0.472608025 0.8003472229166667 0.472608025 0.7931134249999999 0.4720293203125 0.7925347229166667 0.4720293203125 0.7893518520833334 0.47067901250000005 0.7847222229166667 0.47067901250000005 0.7662037041666667 0.47010030937499997 0.765625 0.46952160468750004 0.7618634249999999 0.46739969062500003 0.7581018520833334 0.4635416671875 0.7560763895833333 0.45543981406249995 0.7494212958333333 0.45273919687499997 0.7482638895833333 0.451581790625 0.7508680562500001 0.45081018593750005 0.7557870375 0.44907407343749994 0.7572337958333333 0.4459876546875 0.7581018520833334 0.44521605 0.7630208333333334 0.4446373453125 0.7635995375 0.4446373453125 0.77835648125 0.44521605 0.7786458333333334 0.4459876546875 0.7847222229166667 0.4471450625 0.7870370375
0 0.6977237656249999 0.14670138958333334 0.6981095671875 0.14814814791666667 0.7000385796875 0.14988425833333335 0.7008101859375 0.152199075 0.703703703125 0.15480324166666665 0.70601851875 0.1582754625 0.7100694437499999 0.16145833333333334 0.7137345671875 0.16174768541666668 0.7154706796875 0.15885416666666666 0.7172067906249999 0.15769675833333335 0.7195216046875 0.15133101875000002 0.7206790125 0.15017361041666666 0.7228009265625001 0.14525462916666668 0.7316743828125001 0.13975694375 0.73533950625 0.13425925833333335 0.7366898140625 0.12760416666666666 0.73726851875 0.1270254625 0.7374614203125 0.12384259166666665 0.73919753125 0.11979166666666667 0.7393904328125 0.11631944375 0.7413194437499999 0.11458333333333333 0.7418981484375 0.11255787083333332 0.742669753125 0.105613425 0.74517746875 0.09548611041666667 0.7445987656249999 0.08767361041666667 0.74324845625 0.08622685208333333 0.742669753125 0.08304398125 0.7418981484375 0.082175925 0.7418981484375 0.07899305625 0.7413194437499999 0.07841435208333333 0.740740740625 0.074074075 0.73726851875 0.07002314791666667 0.7285879625 0.06568287083333334 0.7062114203125 0.066550925 0.7004243828125001 0.07349537083333332 0.6988811734375 0.074074075 0.6981095671875 0.07754629583333333 0.6984953703125 0.0957754625 0.6979166671875 0.10040509166666665 0.6946373453125 0.1073495375 0.693865740625 0.11197916666666667 0.6927083328125 0.11371527708333334 0.6915509265625001 0.11805555625 0.6905864203125 0.12557870416666667 0.688850309375 0.12876157500000002 0.6886574078125001 0.13715277708333332 0.6907793203125 0.140625 0.6946373453125 0.14496527708333332 0.6977237656249999 0.14670138958333334
0 0.608989196875 0.199363425 0.6109182093750001 0.20341435208333333 0.6134259265625001 0.20659722291666668 0.6136188265625 0.21035879583333333 0.61419753125 0.21064814791666667 0.6149691359375 0.21440972291666668 0.61728395 0.2167245375 0.6188271609375 0.21961805625 0.6232638890625 0.222511575 0.625385803125 0.2265625 0.625578703125 0.23263888958333334 0.6261574078125001 0.23292824166666665 0.626350309375 0.23553240833333333 0.627507715625 0.23784722291666668 0.6305941359375 0.24045138958333334 0.6340663578125 0.24508101875000002 0.6363811734375 0.25115740833333333 0.6385030859375 0.2526041666666667 0.640239196875 0.2554976854166667 0.643132715625 0.25694444375 0.644097221875 0.25925925833333335 0.64834105 0.261863425 0.6508487656249999 0.26273148125 0.6614583328125 0.2601273145833333 0.665509259375 0.25347222291666666 0.6668595671875 0.24884259166666667 0.6687885796875 0.24508101875000002 0.672260803125 0.23929398124999998 0.6741898140625 0.23755787083333332 0.6741898140625 0.23466435208333333 0.675347221875 0.2323495375 0.67669753125 0.22395833333333334 0.6776620375 0.22164351875000002 0.6832561734375 0.2167245375 0.6834490734374999 0.20920138958333334 0.6820987656249999 0.199074075 0.6813271609375 0.19820601875000002 0.67862654375 0.18981481458333332 0.6772762343750001 0.18923611041666666 0.6741898140625 0.18489583333333334 0.6741898140625 0.18142361041666666 0.6759259265625001 0.1796875 0.67669753125 0.17679398124999998 0.6774691359375 0.17621527708333332 0.67669753125 0.17245370416666667 0.67669753125 0.167824075 0.6751543203125 0.16319444375 0.672453703125 0.16290509166666667 0.6703317906249999 0.16145833333333334 0.6703317906249999 0.160300925 0.6720679015625 0.15740740833333333 0.6720679015625 0.14670138958333334 0.6701388890625 0.14380787083333332 0.6701388890625 0.14207175833333335 0.66898148125 0.13917824166666665 0.6668595671875 0.13541666666666666 0.6658950625 0.13194444375 0.664544753125 0.13020833333333334 0.6577932093750001 0.12847222291666666 0.6487268515625 0.12905092499999998 0.64853395 0.12991898125 0.6467978390625 0.13049768541666668 0.640625 0.1385995375 0.636766975 0.14091435208333333 0.6321373453125 0.14236111041666666 0.6307870375 0.144675925 0.628858025 0.14554398124999998 0.62789351875 0.14785879583333333 0.625578703125 0.14988425833333335 0.6242283953125 0.15480324166666665 0.62403549375 0.15798611041666666 0.6286651234375 0.16869212916666668 0.629436728125 0.17679398124999998 0.628472221875 0.1796875 0.6267361109375 0.18084490833333333 0.6228780859375 0.18113425833333335 0.6136188265625 0.17795138958333334 0.608989196875 0.17881944375 0.608796296875 0.18258101875000002 0.6082175921874999 0.18315972291666668 0.609375 0.19589120416666667 0.608989196875 0.199363425
0 0.161651234375 0.05324074166666667 0.160686728125 0.05324074166666667 0.160686728125 0.05410879583333333 0.1618441359375 0.05439814791666667 0.161651234375 0.05324074166666667
0 0.25 0.029224537499999998 0.25270061718750003 0.030381943749999998 0.253858025 0.032986110416666665 0.2546296296875 0.04137731458333334 0.256365740625 0.04745370416666667 0.2571373453125 0.05410879583333333 0.2584876546875 0.05613425833333333 0.2598379625 0.06365740833333333 0.2625385796875 0.07002314791666667 0.2625385796875 0.0723379625 0.263117284375 0.07262731458333334 0.263117284375 0.07465277708333334 0.2644675921875 0.07841435208333333 0.26601080312500003 0.08043981458333334 0.27237654375 0.08333333333333333 0.27449845625 0.08564814791666667 0.276813271875 0.08651620416666667 0.2791280859375 0.089699075 0.28221450625 0.0917245375 0.285686728125 0.09548611041666667 0.2897376546875 0.09548611041666667 0.290509259375 0.09432870416666667 0.2918595671875 0.08506944375 0.2932098765625 0.082175925 0.2937885796875 0.074074075 0.29648919687499997 0.06857638958333333 0.2957175921875 0.06452546249999999 0.2957175921875 0.058738425000000004 0.29648919687499997 0.052083333333333336 0.2970679015625 0.05150462916666666 0.2970679015625 0.041666666666666664 0.29648919687499997 0.0410879625 0.29648919687499997 0.0390625 0.2951388890625 0.03616898125 0.2951388890625 0.03414351875 0.292438271875 0.02893518541666667 0.290509259375 0.023148147916666664 0.28915894999999997 0.021701389583333335 0.27970679062500003 0.018229166666666668 0.275848765625 0.015335647916666667 0.2706404328125 0.014178241666666667 0.2692901234375 0.013020833333333334 0.265046296875 0.013020833333333334 0.2609953703125 0.016203704166666666 0.2604166671875 0.024016204166666666 0.2584876546875 0.027199075 0.2559799375 0.022280091666666668 0.2557870375 0.020254629166666666 0.2530864203125 0.017071758333333336 0.2519290125 0.016203704166666666 0.2476851859375 0.015914352083333333 0.2457561734375 0.017361110416666665 0.24517746875 0.019965277083333333 0.246527778125 0.021412037499999998 0.2478780859375 0.026909722916666667 0.25 0.029224537499999998
0 0.8807870375 0.4398148145833333 0.8817515437500001 0.44415509166666667 0.8854166671874999 0.4505208333333333 0.8869598765625 0.46006944375000003 0.8883101859375 0.4609375 0.8915895062500001 0.46064814791666664 0.893132715625 0.45746527708333334 0.8948688265625 0.45659722291666666 0.8964120375 0.45399305624999997 0.8989197531249999 0.45283564791666664 0.9018132718749999 0.44878472291666666 0.9081790125 0.4435763895833333 0.9143518515625001 0.43634259166666667 0.919367284375 0.4357638895833333 0.921875 0.43315972291666666 0.9265046296874999 0.433449075 0.9286265437500001 0.43663194375000003 0.9288194437499999 0.4392361104166667 0.931134259375 0.43952546249999996 0.932098765625 0.4427083333333333 0.9319058640625 0.44068287083333335 0.9328703703125001 0.43894675833333335 0.932098765625 0.43547453750000004 0.934027778125 0.43315972291666666 0.934027778125 0.43171296249999996 0.932098765625 0.42853009166666667 0.932098765625 0.42303240833333333 0.9313271609375 0.42042824166666665 0.9288194437499999 0.41724537083333335 0.925347221875 0.41550925833333335 0.9228395062500001 0.41087962916666665 0.9228395062500001 0.4085648145833333 0.9222608031249999 0.40769675833333335 0.9239969140625 0.40335648125 0.9239969140625 0.39959490833333333 0.9230324078125 0.39901620416666667 0.9220679015625001 0.3967013895833333 0.9143518515625001 0.3923611104166667 0.9074074078125 0.39178240833333333 0.90142746875 0.3929398145833333 0.8973765437500001 0.39901620416666667 0.8956404328125 0.39959490833333333 0.8917824078125 0.40306712916666665 0.8883101859375 0.40422453750000004 0.8873456796875001 0.40827546249999996 0.8859953703125001 0.40914351875 0.8838734562499999 0.41261574166666665 0.8809799375 0.41435185208333336 0.8788580250000001 0.41724537083333335 0.8771219140625 0.42158564791666664 0.8771219140625 0.4273726854166667 0.8800154328125 0.43634259166666667 0.8802083328125001 0.43952546249999996 0.8807870375 0.4398148145833333
0 0.011188271875 0.5749421291666666 0.014081790625000002 0.5778356479166666 0.02237654375 0.5795717583333333 0.02430555625 0.5813078708333334 0.0237268515625 0.5850694437499999 0.021797839062499998 0.5882523145833333 0.021797839062499998 0.5905671291666666 0.02044753125 0.5949074083333333 0.0206404328125 0.6027199083333333 0.021797839062499998 0.6073495375 0.02430555625 0.6105324083333333 0.02449845625 0.61226851875 0.027006173437499996 0.61429398125 0.0291280859375 0.6180555562500001 0.0324074078125 0.6197916666666666 0.03607253125 0.6197916666666666 0.0397376546875 0.6166087958333333 0.0418595671875 0.6128472229166667 0.042438271875 0.6102430562500001 0.0435956796875 0.6090856479166666 0.0457175921875 0.6027199083333333 0.046489196875 0.5983796291666666 0.0451388890625 0.5951967583333333 0.0461033953125 0.5920138895833333 0.046875 0.5917245375 0.049768518750000004 0.5943287041666667 0.0540123453125 0.5946180562500001 0.057098765625000006 0.5914351854166667 0.057870370312499995 0.5862268520833334 0.05767746875 0.578125 0.055169753125 0.5685763895833333 0.053819443749999994 0.55960648125 0.051504629687500005 0.5558449083333333 0.046875 0.5561342583333333 0.0451388890625 0.5549768520833334 0.044367284374999996 0.5509259249999999 0.044367284374999996 0.5436921291666666 0.0435956796875 0.5416666666666666 0.042438271875 0.5407986104166667 0.042438271875 0.5396412041666667 0.0397376546875 0.5373263895833333 0.0349151234375 0.5358796291666666 0.031828703125 0.53616898125 0.0291280859375 0.5376157416666667 0.024884259375000002 0.5434027770833333 0.021797839062499998 0.5442708333333334 0.021604937499999997 0.5451388895833333 0.015239196875 0.5483217583333333 0.00868055625 0.5567129625 0.0084876546875 0.5587384249999999 0.00790895 0.5590277770833333 0.00771605 0.5613425916666667 0.0071373453125 0.5616319437499999 0.0071373453125 0.5688657416666667 0.011188271875 0.5749421291666666
0 0.39756944375000003 0.3654513895833333 0.39737654375 0.36805555624999997 0.3967978390625 0.36834490833333333 0.3964120375 0.37297453750000004 0.3981481484375 0.37644675833333335 0.40007716093749995 0.37847222291666666 0.40065586406250003 0.3828125 0.40007716093749995 0.3888888895833333 0.39737654375 0.39380787083333335 0.3967978390625 0.39756944375000003 0.40393518593750005 0.39988425833333335 0.40760030937499997 0.39988425833333335 0.40914351875 0.39901620416666667 0.41068672812499996 0.3958333333333333 0.4122299375 0.39496527708333334 0.4133873453125 0.39207175833333335 0.4201388890625 0.38599537083333335 0.42283950625 0.3810763895833333 0.423418209375 0.3773148145833333 0.42534722187499996 0.37442129583333333 0.4290123453125 0.37181712916666665 0.432098765625 0.370949075 0.4332561734375 0.3695023145833333 0.43267746875 0.36226851875 0.43016975312500005 0.35271990833333333 0.43016975312500005 0.3414351854166667 0.42959105 0.3411458333333333 0.4293981484375 0.33883101875 0.4270833328125 0.33709490833333333 0.4236111109375 0.33680555624999997 0.42226080312500003 0.33564814791666664 0.4201388890625 0.3298611104166667 0.419367284375 0.32928240833333333 0.419367284375 0.32783564791666664 0.41608796249999996 0.32494212916666665 0.41203703750000004 0.32494212916666665 0.4079861109375 0.32667824166666665 0.404706790625 0.3298611104166667 0.40219907343749994 0.3307291666666667 0.39949845625 0.3333333333333333 0.39756944375000003 0.3382523145833333 0.39737654375 0.34085648125 0.3967978390625 0.3411458333333333 0.39737654375 0.3454861104166667 0.39949845625 0.35098379583333333 0.39949845625 0.35908564791666664 0.39756944375000003 0.3654513895833333
0 0.45254629687500003 0.5101273145833333 0.45273919687499997 0.5153356479166666 0.46141975312500005 0.515625 0.46836419687499997 0.511863425 0.46952160468750004 0.5081018520833334 0.46797839531249996 0.5011574083333333 0.46797839531249996 0.4982638895833333 0.46739969062500003 0.4976851854166667 0.467206790625 0.49103009166666667 0.46797839531249996 0.4861111104166667 0.47067901250000005 0.4817708333333333 0.47067901250000005 0.47366898125 0.46855709843750004 0.4710648145833333 0.46527777812500004 0.46990740833333333 0.46315586406250003 0.46961805624999997 0.46006944375 0.4710648145833333 0.45659722187499996 0.47627314791666664 0.4558256171875 0.47945601875 0.454668209375 0.48090277708333334 0.454668209375 0.4826388895833333 0.45293209843750004 0.48466435208333336 0.45273919687499997 0.48640046249999996 0.45254629687500003 0.49681712916666665 0.4519675921875 0.49710648125 0.4519675921875 0.5098379625 0.45254629687500003 0.5101273145833333
0 0 0.22424768541666668 0.0017361109374999999 0.22424768541666668 0.0032793203125000003 0.2265625 0.0032793203125000003 0.22771990833333333 0.0055941359375 0.22945601875000002 0.0106095671875 0.23553240833333333 0.0179398140625 0.23871527708333332 0.022183642187499998 0.23929398124999998 0.02430555625 0.24045138958333334 0.02449845625 0.24160879583333333 0.025848765625 0.24276620416666667 0.0293209875 0.24392361041666666 0.032600309375 0.24276620416666667 0.0349151234375 0.23929398124999998 0.037037037499999995 0.23784722291666668 0.0397376546875 0.23177083333333334 0.0397376546875 0.22569444375 0.037808642187500005 0.2207754625 0.033757715625000004 0.21527777708333332 0.0331790125 0.2129629625 0.025270062500000003 0.21267361041666666 0.02256944375 0.21006944375 0.022955246874999998 0.2089120375 0.0250771609375 0.20746527708333332 0.029899690625000003 0.20804398124999998 0.031057098437500003 0.207175925 0.03125 0.20630787083333332 0.029706790625 0.20283564791666667 0.0250771609375 0.20167824166666665 0.0163966046875 0.20370370416666667 0.0113811734375 0.20370370416666667 0.0040509265624999995 0.20167824166666665 0.0019290125 0.19965277708333332 0 0.19965277708333332 0 0.22424768541666668
0 0.0055941359375 0.16174768541666668 0.0052083328125 0.160300925 0.0040509265624999995 0.16145833333333334 0.004629629687499999 0.16174768541666668 0.0052083328125 0.16059027708333332 0.0055941359375 0.16174768541666668
0 0.9527391968750001 0.47540509166666667 0.9519675921875 0.47771990833333333 0.9508101859375 0.48379629583333333 0.9513888890625 0.49103009166666667 0.9529320984374999 0.49681712916666665 0.9542824078125 0.4973958333333333 0.9562114203125001 0.5 0.9635416671874999 0.49710648125 0.9702932093750001 0.49797453750000004 0.9737654328125 0.5005787041666667 0.9816743828125001 0.503761575 0.9839891968750001 0.5081018520833334 0.9845679015625001 0.5081018520833334 0.9911265437500001 0.50491898125 0.9959490734375 0.49710648125 0.996527778125 0.4939236104166667 0.9978780859375 0.49103009166666667 0.9998070984374999 0.49074074166666665 0.9998070984374999 0.46122685208333336 0.9978780859375 0.46122685208333336 0.9972993828125001 0.45978009166666667 0.9972993828125001 0.45630787083333335 0.9978780859375 0.4554398145833333 0.9998070984374999 0.4554398145833333 0.9998070984374999 0.4039351854166667 0.9967206796875001 0.40306712916666665 0.9915123453125 0.39930555624999997 0.9893904328125 0.39901620416666667 0.9847608031249999 0.39525462916666665 0.9807098765625 0.39409722291666666 0.9747299375 0.39409722291666666 0.96875 0.3967013895833333 0.9660493828125001 0.39959490833333333 0.963348765625 0.40740740833333333 0.96392746875 0.41290509166666667 0.9666280859375 0.41753472291666666 0.9666280859375 0.421875 0.9650848765625 0.425925925 0.9619984562499999 0.42824074166666665 0.9619984562499999 0.42910879583333333 0.9573688265625 0.4351851854166667 0.9538966046875 0.44560185208333336 0.95601851875 0.45515046249999996 0.9554398140625 0.46817129583333333 0.954475309375 0.47337962916666665 0.9527391968750001 0.47540509166666667
0 0 0.15682870416666667 0.001543209375 0.15682870416666667 0.0019290125 0.15769675833333335 0.0019290125 0.15972222291666668 0 0.16145833333333334 0.0017361109374999999 0.16087962916666668 0.003858025 0.16290509166666667 0.0055941359375 0.16319444375 0.0084876546875 0.16174768541666668 0.0154320984375 0.152488425 0.016975309375 0.152199075 0.0212191359375 0.14901620416666667 0.02334105 0.1464120375 0.0291280859375 0.14496527708333332 0.0304783953125 0.14351851875000002 0.031635803125 0.140625 0.031635803125 0.13599537083333332 0.027777778125000003 0.1229745375 0.025848765625 0.11805555625 0.0250771609375 0.11747685208333333 0.023919753125000002 0.11111111041666667 0.023919753125000002 0.10619212916666668 0.018518518749999997 0.089699075 0.0177469140625 0.08420138958333333 0.0158179015625 0.078125 0.01466049375 0.07725694375 0.013888889062500001 0.07378472291666666 0.0123456796875 0.07204861041666667 0.011959876562500001 0.07002314791666667 0.0098379625 0.06857638958333333 0.005401234374999999 0.06163194375 0.0032793203125000003 0.06336805625 0.0019290125 0.06857638958333333 0 0.06915509166666665 0 0.15682870416666667
0 0.925347221875 0.4166666666666667 0.9292052468750001 0.41753472291666666 0.9299768515625001 0.41869212916666665 0.9307484562499999 0.42129629583333333 0.9307484562499999 0.425636575 0.9313271609375 0.425925925 0.93267746875 0.43084490833333333 0.938078703125 0.43547453750000004 0.9465663578125 0.44039351875 0.9492669749999999 0.44415509166666667 0.9510030859375 0.44444444375000003 0.9527391968750001 0.44646990833333333 0.9554398140625 0.44328703750000004 0.95794753125 0.43634259166666667 0.9619984562499999 0.42910879583333333 0.9614197531249999 0.42303240833333333 0.9600694437499999 0.41869212916666665 0.9562114203125001 0.4114583333333333 0.9540895062500001 0.4001736104166667 0.9500385796874999 0.39525462916666665 0.9459876546875 0.3923611104166667 0.9386574078125 0.39178240833333333 0.93267746875 0.3929398145833333 0.92476851875 0.40046296249999996 0.9222608031249999 0.40509259166666667 0.9214891968750001 0.40827546249999996 0.9214891968750001 0.4117476854166667 0.9234182093750001 0.41521990833333333 0.925347221875 0.4166666666666667
0 0.43132716093749995 0 0.43132716093749995 0.0034722229166666663 0.43074845625 0.003761575 0.43132716093749995 0.010127314583333333 0.43267746875 0.0135995375 0.43267746875 0.015335647916666667 0.43344907343749994 0.015914352083333333 0.43402777812500004 0.019675925 0.43788580312500003 0.02633101875 0.43885030937499997 0.03674768541666666 0.4407793203125 0.0448495375 0.441358025 0.05410879583333333 0.4427083328125 0.05700231458333334 0.4427083328125 0.058738425000000004 0.44328703750000004 0.05902777708333333 0.4434799375 0.06307870416666667 0.4446373453125 0.0682870375 0.44868827187500004 0.07725694375 0.45273919687499997 0.08304398125 0.45659722187499996 0.08564814791666667 0.4596836421875 0.08420138958333333 0.4641203703125 0.08043981458333334 0.46797839531249996 0.0760995375 0.46817129687500003 0.074074075 0.4704861109375 0.06973379583333333 0.47858796249999996 0.0625 0.4826388890625 0.05584490833333333 0.48456790156249996 0.05034722291666667 0.48476080312500003 0.04456018541666666 0.48533950625 0.04398148125 0.48456790156249996 0.035011574999999996 0.4826388890625 0.028067129166666666 0.4810956796875 0.024884258333333336 0.47993827187500004 0.0234375 0.47743055625 0.022569443749999998 0.4733796296875 0.015625 0.472608025 0.012152777083333333 0.472608025 0.008391204166666666 0.47067901250000005 0.0034722229166666663 0.46932870312499997 0.0017361104166666666 0.46932870312499997 0 0.43132716093749995 0
0 0.3709490734375 0.26707175833333335 0.3726851859375 0.27199074166666665 0.3709490734375 0.27546296249999996 0.3707561734375 0.277199075 0.3694058640625 0.2789351854166667 0.369598765625 0.28153935208333336 0.37152777812500004 0.2829861104166667 0.3767361109375 0.28327546249999996 0.3796296296875 0.28443287083333335 0.38715277812500004 0.28414351875 0.38966049375 0.28067129583333333 0.3946759265625 0.27777777708333334 0.398919753125 0.2682291666666667 0.40007716093749995 0.26244212916666665 0.40007716093749995 0.25839120416666667 0.3981481484375 0.2520254625 0.39544753125 0.24768518541666668 0.3929398140625 0.24681712916666668 0.39023919687499997 0.24681712916666668 0.3873456796875 0.24913194375 0.3796296296875 0.24913194375 0.379436728125 0.25 0.37364969062500003 0.25086805625 0.369598765625 0.25318287083333335 0.36709105000000003 0.25723379583333333 0.36709105000000003 0.26099537083333335 0.36805555624999997 0.26273148125 0.36824845625 0.26475694375 0.3709490734375 0.26707175833333335
0 0.5530478390625 0.21180555625 0.55362654375 0.21209490833333333 0.55574845625 0.222511575 0.5563271609375 0.222800925 0.5563271609375 0.22482638958333334 0.5582561734375 0.22887731458333332 0.5584490734374999 0.230613425 0.5603780859375 0.23321759166666667 0.5665509265625001 0.23784722291666668 0.57021605 0.23871527708333332 0.5827546296875 0.238136575 0.5842978390625 0.23466435208333333 0.5839120375 0.230613425 0.5871913578125 0.2207754625 0.5871913578125 0.21643518541666668 0.586419753125 0.20254629583333333 0.58584105 0.20196759166666667 0.5850694437499999 0.19589120416666667 0.58294753125 0.19184027708333332 0.581597221875 0.18113425833333335 0.5779320984375 0.18229166666666666 0.5748456796875 0.18084490833333333 0.5727237656249999 0.17708333333333334 0.57137345625 0.17650462916666668 0.5592206796875 0.17737268541666668 0.5565200625 0.17910879583333333 0.5538194437499999 0.1875 0.5538194437499999 0.20023148124999998 0.55362654375 0.20283564791666667 0.5530478390625 0.203125 0.5530478390625 0.21180555625
0 0.400848765625 0.46122685208333336 0.398919753125 0.46180555624999997 0.39834105000000003 0.4632523145833333 0.400848765625 0.46932870416666667 0.40277777812500004 0.4626736104166667 0.400848765625 0.46122685208333336
0 0.40933642031249995 0.4782986104166667 0.41030092656250006 0.4826388895833333 0.412615740625 0.48524305624999997 0.41570216093749995 0.48553240833333333 0.42206790156249996 0.4791666666666667 0.42283950625 0.4765625 0.42476851875 0.47453703750000004 0.42592592656250006 0.4713541666666667 0.42669753125 0.45949074166666665 0.42881944375 0.45109953750000004 0.42881944375 0.44878472291666666 0.432098765625 0.44415509166666667 0.43402777812500004 0.4392361104166667 0.43402777812500004 0.43721064791666664 0.43557098749999995 0.433449075 0.4375 0.42534722291666666 0.43672839531249996 0.42274305624999997 0.4353780859375 0.42245370416666667 0.43402777812500004 0.42621527708333334 0.432098765625 0.4279513895833333 0.4290123453125 0.433738425 0.42669753125 0.4351851854166667 0.42418981406249995 0.43952546249999996 0.423418209375 0.4429976854166667 0.42148919687499997 0.44502314791666664 0.41608796249999996 0.4548611104166667 0.4133873453125 0.45804398125 0.412615740625 0.46122685208333336 0.408757715625 0.46672453750000004 0.4074074078125 0.47019675833333335 0.40682870312499997 0.47366898125 0.408757715625 0.47627314791666664 0.408757715625 0.47800925833333335 0.40933642031249995 0.4782986104166667
0 0.537615740625 0 0.5374228390625 0.0020254625 0.5297067906249999 0.0034722229166666663 0.5217978390625 0.003761575 0.5179398140625 0.007523147916666667 0.5177469140625 0.010416666666666666 0.5171682093750001 0.010706018749999999 0.5171682093750001 0.027777777083333333 0.5177469140625 0.028067129166666666 0.5179398140625 0.03211805625 0.5177469140625 0.03587962916666666 0.5171682093750001 0.03674768541666666 0.5177469140625 0.0370370375 0.5179398140625 0.04050925833333333 0.5187114203125 0.041666666666666664 0.52237654375 0.043113425000000004 0.526813271875 0.04253472291666667 0.5297067906249999 0.04340277708333333 0.5345293203125 0.04224537083333334 0.540509259375 0.042824074999999996 0.543016975 0.04658564791666667 0.5383873453125 0.057291666666666664 0.5383873453125 0.060763889583333335 0.5372299375 0.06510416666666667 0.5372299375 0.07378472291666666 0.5383873453125 0.08159722291666666 0.5451388890625 0.08680555625 0.5476466046875 0.09201388958333333 0.5484182093750001 0.09548611041666667 0.54976851875 0.09722222291666666 0.5509259265625001 0.09837962916666668 0.55362654375 0.09866898125 0.5570987656249999 0.10069444375 0.5603780859375 0.10763888958333333 0.5642361109375 0.109375 0.5671296296875 0.113136575 0.570794753125 0.1151620375 0.5711805562500001 0.11631944375 0.5769675921874999 0.11805555625 0.581597221875 0.11747685208333333 0.5837191359375 0.11371527708333334 0.5856481484375 0.10677083333333333 0.5868055562500001 0.097511575 0.58892746875 0.09288194375 0.5922067906249999 0.089699075 0.593364196875 0.08738425833333333 0.6012731484375 0.081886575 0.603009259375 0.07986111041666667 0.6043595671875 0.07581018541666666 0.6060956796875 0.07349537083333332 0.6109182093750001 0.07175925833333333 0.61226851875 0.06973379583333333 0.6134259265625001 0.06770833333333333 0.6134259265625001 0.06018518541666666 0.6149691359375 0.05815972291666667 0.6159336421875 0.058449074999999996 0.6190200625 0.06394675833333334 0.621527778125 0.06510416666666667 0.6265432093750001 0.06452546249999999 0.6302083328125 0.060763889583333335 0.6315586421875 0.0567129625 0.6315586421875 0.04629629583333333 0.632330246875 0.03964120416666667 0.6354166671875 0.03587962916666666 0.636188271875 0.0332754625 0.636188271875 0.028645833333333332 0.6369598765625 0.027199075 0.6369598765625 0.01851851875 0.636188271875 0.01793981458333333 0.636188271875 0.016203704166666666 0.6346450625 0.011574075 0.6302083328125 0.0034722229166666663 0.6277006171874999 0.0014467583333333332 0.6277006171874999 0 0.537615740625 0
0 0.22453703749999998 0.6319444437499999 0.22665894999999997 0.6394675916666667 0.233989196875 0.6487268520833334 0.2438271609375 0.6539351854166667 0.24710648124999998 0.6542245375 0.25096450625 0.6539351854166667 0.2532793203125 0.6524884249999999 0.254436728125 0.6501736104166667 0.2565586421875 0.6481481479166666 0.25675154375 0.6464120375 0.25868055624999997 0.64351851875 0.2604166671875 0.6452546291666666 0.2619598765625 0.6495949083333333 0.26523919687499997 0.6481481479166666 0.26716820937499997 0.6461226854166667 0.27044753125 0.6449652770833333 0.27237654375 0.6429398145833333 0.2750771609375 0.6365740750000001 0.2766203703125 0.6351273145833333 0.27970679062500003 0.6348379625 0.285686728125 0.6362847229166667 0.2897376546875 0.63570601875 0.290509259375 0.6345486104166667 0.2918595671875 0.6284722229166667 0.2935956796875 0.6255787041666667 0.294367284375 0.6215277770833333 0.294367284375 0.6131365750000001 0.2932098765625 0.6061921291666666 0.28896605000000003 0.6021412041666667 0.28260030937499997 0.6012731479166666 0.28047839531249996 0.5989583333333334 0.28047839531249996 0.5951967583333333 0.2845293203125 0.5844907416666667 0.2843364203125 0.5792824083333333 0.2831790125 0.5734953708333334 0.280671296875 0.5671296291666666 0.28047839531249996 0.5645254625 0.27777777812500004 0.5587384249999999 0.27777777812500004 0.5567129625 0.273919753125 0.55179398125 0.269483025 0.5491898145833333 0.2654320984375 0.5494791666666666 0.26427469062500003 0.5506365750000001 0.25868055624999997 0.5523726854166667 0.256365740625 0.5546875 0.2517361109375 0.5567129625 0.2501929015625 0.5590277770833333 0.2472993828125 0.5604745375 0.2405478390625 0.5662615750000001 0.239776234375 0.5714699083333333 0.2405478390625 0.5769675916666667 0.24112654375 0.5772569437499999 0.24209105000000003 0.5807291666666666 0.24672067968750003 0.5862268520833334 0.24980709843749999 0.5868055562500001 0.25154320937499997 0.5876736104166667 0.2517361109375 0.5885416666666666 0.2501929015625 0.5896990750000001 0.2476851859375 0.5899884249999999 0.24402006250000002 0.5894097229166667 0.24189814843750002 0.5879629625 0.2386188265625 0.5879629625 0.233989196875 0.5896990750000001 0.2312885796875 0.5917245375 0.22858796250000002 0.5954861104166667 0.22743055625 0.5992476854166667 0.22665894999999997 0.6053240750000001 0.22588734531250002 0.6061921291666666 0.22588734531250002 0.6082175916666667 0.2228009265625 0.6154513895833333 0.222608025 0.6232638895833333 0.2237654328125 0.6276041666666666 0.22395833281250002 0.6316550916666667 0.22453703749999998 0.6319444437499999
0 0.3030478390625 0.5188078708333334 0.3030478390625 0.52054398125 0.3034336421875 0.52054398125 0.3030478390625 0.5188078708333334
0 0.3034336421875 0.52054398125 0.3043981484375 0.52054398125 0.3043981484375 0.5188078708333334 0.3034336421875 0.52054398125
0 0.4488811734375 0.359375 0.45119598749999995 0.36053240833333333 0.45331790156249996 0.36284722291666666 0.4552469140625 0.3671875 0.45389660468750004 0.37615740833333333 0.454668209375 0.390625 0.4581404328125 0.394386575 0.46469907343749994 0.394675925 0.4704861109375 0.39178240833333333 0.4733796296875 0.39178240833333333 0.4753086421875 0.38975694375000003 0.47569444375 0.3880208333333333 0.478009259375 0.38483796249999996 0.4793595671875 0.37065972291666666 0.48148148125 0.3671875 0.48456790156249996 0.35503472291666666 0.48533950625 0.3538773145833333 0.48533950625 0.35040509166666667 0.482831790625 0.34490740833333333 0.4826388890625 0.34230324166666665 0.4793595671875 0.33622685208333336 0.4783950625 0.33304398125 0.47665895 0.33159722291666666 0.4758873453125 0.32957175833333335 0.471257715625 0.32349537083333335 0.46952160468750004 0.32320601875 0.467206790625 0.32060185208333336 0.45929783906250005 0.3203125 0.45794753125 0.32089120416666667 0.4577546296875 0.32175925833333335 0.4519675921875 0.32349537083333335 0.45003857968750005 0.32494212916666665 0.446759259375 0.3304398145833333 0.4440586421875 0.3333333333333333 0.44328703750000004 0.33651620416666667 0.44193672812499996 0.33883101875 0.44193672812499996 0.34490740833333333 0.4440586421875 0.347800925 0.4459876546875 0.35590277708333334 0.4488811734375 0.359375
0 0.8869598765625 0.3385416666666667 0.8888888890625 0.33796296249999996 0.8888888890625 0.33246527708333334 0.888117284375 0.3307291666666667 0.8850308640625 0.32667824166666665 0.8834876546875 0.3263888895833333 0.8834876546875 0.32754629583333333 0.88290895 0.32783564791666664 0.88271605 0.33159722291666666 0.8834876546875 0.3342013895833333 0.8850308640625 0.33449074166666665 0.8869598765625 0.3385416666666667
0 0.8478009265625 0.34577546249999996 0.8520447531249999 0.347511575 0.8533950625 0.34953703750000004 0.8535879625 0.35792824166666665 0.8522376546875 0.36631944375000003 0.85165895 0.36660879583333333 0.8508873453125 0.371238425 0.8497299375 0.37384259166666667 0.8497299375 0.38136574166666665 0.8508873453125 0.38483796249999996 0.8526234562499999 0.38628472291666666 0.8535879625 0.3888888895833333 0.8613040125 0.3923611104166667 0.86419753125 0.3967013895833333 0.8655478390625 0.4010416666666667 0.869598765625 0.40335648125 0.8751929015625001 0.4045138895833333 0.8771219140625 0.40625 0.8802083328125001 0.40711805624999997 0.8834876546875 0.40711805624999997 0.8856095671875 0.40422453750000004 0.8939043203124999 0.4001736104166667 0.8967978390625 0.39756944375000003 0.8981481484374999 0.394675925 0.8981481484374999 0.3923611104166667 0.8973765437500001 0.390625 0.8902391968750001 0.38917824166666665 0.8831018515625001 0.38483796249999996 0.8831018515625001 0.3802083333333333 0.884259259375 0.3776041666666667 0.8861882718749999 0.3645833333333333 0.88773148125 0.359375 0.8873456796875001 0.3567708333333333 0.8854166671874999 0.35358796249999996 0.884259259375 0.3489583333333333 0.884259259375 0.3463541666666667 0.8834876546875 0.3454861104166667 0.88271605 0.3420138895833333 0.87982253125 0.339699075 0.8777006171874999 0.33449074166666665 0.873649690625 0.331886575 0.87017746875 0.32465277708333334 0.8665123453125 0.32233796249999996 0.8603395062500001 0.32349537083333335 0.853973765625 0.3298611104166667 0.8476080250000001 0.3342013895833333 0.8460648140625 0.33680555624999997 0.8449074078125 0.33709490833333333 0.844328703125 0.33796296249999996 0.844328703125 0.3420138895833333 0.8454861109375 0.34375 0.8478009265625 0.34577546249999996
0 0 0.54398148125 0.0019290125 0.54398148125 0.0055941359375 0.5384837958333333 0.00868055625 0.5353009249999999 0.013117284375 0.5350115750000001 0.018518518749999997 0.5332754625 0.023919753125000002 0.5269097229166666 0.023919753125000002 0.5231481479166666 0.02334105 0.52256944375 0.0231481484375 0.519675925 0.01658950625 0.5023148145833333 0.0123456796875 0.4982638895833333 0.00771605 0.49884259166666667 0.0057870375 0.50086805625 0.0040509265624999995 0.5014467583333333 0.0019290125 0.504050925 0 0.504050925 0 0.54398148125
0 0.0271990734375 0.292824075 0.0271990734375 0.296875 0.027777778125000003 0.29716435208333336 0.02835648125 0.300925925 0.031057098437500003 0.30497685208333336 0.0364583328125 0.30758101875 0.03915895 0.30497685208333336 0.03993055625 0.30324074166666665 0.047839506250000004 0.29571759166666667 0.0509259265625 0.29108796249999996 0.0528549375 0.28559027708333334 0.0582561734375 0.27777777708333334 0.061728395312499997 0.26620370416666667 0.061728395312499997 0.2630208333333333 0.061149690624999996 0.26244212916666665 0.060956790625 0.2601273145833333 0.059027778125 0.25868055625 0.060185185937499996 0.25665509166666667 0.060185185937499996 0.25491898125 0.0584490734375 0.2523148145833333 0.05767746875 0.24884259166666667 0.056931584375 0.24856288541666668 0.056327160937499995 0.25173611041666666 0.0543981484375 0.25462962916666665 0.053047839062500005 0.25462962916666665 0.05169753125 0.2523148145833333 0.050540123437499994 0.24768518541666668 0.048418209375 0.24652777708333332 0.046296296875 0.2421875 0.0437885796875 0.24160879583333333 0.0435956796875 0.24074074166666665 0.0416666671875 0.24247685208333333 0.0349151234375 0.24363425833333335 0.0324074078125 0.24508101875000002 0.032214506250000004 0.245949075 0.0279706796875 0.24768518541666668 0.0271990734375 0.25144675833333335 0.02256944375 0.25752314791666664 0.02256944375 0.26244212916666665 0.021797839062499998 0.26417824166666665 0.0214120375 0.277199075 0.0237268515625 0.2835648145833333 0.02449845625 0.28761574166666665 0.0250771609375 0.28790509166666667 0.0250771609375 0.28935185208333336 0.0271990734375 0.292824075
0 0.1095679015625 0.18865740833333333 0.108989196875 0.18865740833333333 0.108989196875 0.1895254625 0.11033950625 0.18923611041666666 0.1095679015625 0.18865740833333333
0 0.78125 0.35995370416666667 0.781828703125 0.3654513895833333 0.7824074078125001 0.36574074166666665 0.782600309375 0.37181712916666665 0.7845293203125 0.37442129583333333 0.785686728125 0.37991898125 0.785108025 0.38165509166666667 0.7853009265625001 0.38628472291666666 0.7862654328125 0.3888888895833333 0.7872299375 0.38917824166666665 0.79205246875 0.386574075 0.7970679015625 0.38599537083333335 0.7986111109375 0.38165509166666667 0.79976851875 0.38078703750000004 0.80169753125 0.3767361104166667 0.8026620375 0.3732638895833333 0.8038194437499999 0.3726851854166667 0.8055555562500001 0.3689236104166667 0.80767746875 0.3671875 0.809027778125 0.36429398125 0.8117283953125 0.36284722291666666 0.813078703125 0.35995370416666667 0.8144290125 0.35908564791666664 0.8155864203125001 0.355613425 0.8157793203124999 0.35214120416666667 0.8190586421875 0.34519675833333335 0.8190586421875 0.34288194375000003 0.82040895 0.3385416666666667 0.82021605 0.33449074166666665 0.8211805562500001 0.33159722291666666 0.8196373453125 0.32783564791666664 0.817901234375 0.32725694375000003 0.8163580250000001 0.32465277708333334 0.8128858031249999 0.31192129583333333 0.8109567906249999 0.308449075 0.8103780859375 0.308449075 0.807098765625 0.3107638895833333 0.8063271609375 0.3148148145833333 0.8057484562499999 0.3151041666666667 0.8051697531249999 0.32146990833333333 0.8038194437499999 0.324363425 0.8038194437499999 0.32754629583333333 0.8015046296874999 0.33275462916666665 0.7961033953125 0.3359375 0.7868441359375 0.3385416666666667 0.781828703125 0.33883101875 0.7810570984375 0.3411458333333333 0.78125 0.3532986104166667 0.781828703125 0.355324075 0.78125 0.35995370416666667
0 0.39139660468750004 0.30121527708333334 0.396026234375 0.3070023145833333 0.3967978390625 0.3101851854166667 0.3967978390625 0.31394675833333335 0.39544753125 0.31915509166666667 0.3937114203125 0.32060185208333336 0.39216820937499997 0.328125 0.3927469140625 0.32841435208333336 0.3929398140625 0.33159722291666666 0.39351851875 0.33246527708333334 0.39756944375000003 0.3336226854166667 0.3991126546875 0.33015046249999996 0.40142746875 0.32783564791666664 0.40277777812500004 0.3226273145833333 0.407793209375 0.316261575 0.40972222187499996 0.31597222291666666 0.4114583328125 0.31452546249999996 0.4147376546875 0.31597222291666666 0.41743827187500004 0.31568287083333335 0.4201388890625 0.31452546249999996 0.42206790156249996 0.3125 0.42226080312500003 0.3072916666666667 0.42283950625 0.30671296249999996 0.42226080312500003 0.30381944375000003 0.42283950625 0.30324074166666665 0.423418209375 0.29195601875 0.42418981406249995 0.28848379583333333 0.42592592656250006 0.28472222291666666 0.432098765625 0.27777777708333334 0.4347993828125 0.27256944375000003 0.4347993828125 0.2679398145833333 0.43383487656249997 0.26533564791666664 0.4324845671875 0.26417824166666665 0.42959105 0.26388888958333334 0.4293981484375 0.2630208333333333 0.42418981406249995 0.26446759166666667 0.4207175921875 0.26707175833333335 0.4201388890625 0.26880787083333335 0.41512345625 0.27372685208333336 0.41068672812499996 0.27546296249999996 0.41030092656250006 0.2789351854166667 0.40489969062500003 0.2835648145833333 0.404706790625 0.28587962916666665 0.40335648125 0.2873263895833333 0.397955246875 0.29021990833333333 0.3904320984375 0.29050925833333335 0.3875385796875 0.29398148125 0.3875385796875 0.29542824166666665 0.386766975 0.29629629583333333 0.3875385796875 0.30005787083333335 0.39139660468750004 0.30121527708333334
0 0.40567129687500003 0.206886575 0.40625 0.20630787083333332 0.40489969062500003 0.20486111041666666 0.4041280859375 0.20486111041666666 0.4041280859375 0.206886575 0.40528549375 0.20543981458333332 0.40567129687500003 0.206886575
0 0.40489969062500003 0.19589120416666667 0.40393518593750005 0.19386574166666665 0.404706790625 0.19270833333333334 0.40277777812500004 0.19270833333333334 0.4035493828125 0.1932870375 0.4041280859375 0.19646990833333333 0.40489969062500003 0.19589120416666667
0 0.1687885796875 0.22974537083333332 0.167438271875 0.22974537083333332 0.1660879625 0.230613425 0.1676311734375 0.23148148124999998 0.16898148125 0.230613425 0.1687885796875 0.22974537083333332
0 0.22010030937499997 0.109375 0.2206790125 0.11082175833333333 0.22048611093749998 0.10850694375 0.22010030937499997 0.109375
0 0.265046296875 0.09461805625 0.2654320984375 0.09866898125 0.26697530937499997 0.10271990833333335 0.26716820937499997 0.10590277708333334 0.2677469140625 0.10619212916666668 0.2679398140625 0.113136575 0.26909722187499996 0.12181712916666668 0.2698688265625 0.12355324166666667 0.2698688265625 0.12818287083333332 0.27044753125 0.12847222291666666 0.27044753125 0.13223379583333333 0.2717978390625 0.136574075 0.2717978390625 0.13946759166666667 0.27237654375 0.13975694375 0.2712191359375 0.14756944375 0.27256944375000003 0.14872685208333333 0.2737268515625 0.152488425 0.2752700625 0.17100694375 0.27642746875 0.17274305625 0.27642746875 0.17476851875000002 0.27777777812500004 0.17737268541666668 0.2779706796875 0.18084490833333333 0.2791280859375 0.183449075 0.2831790125 0.18402777708333332 0.2864583328125 0.183449075 0.286651234375 0.18258101875000002 0.28993055624999997 0.18200231458333332 0.29417438281249997 0.1796875 0.29783950625 0.175636575 0.29976851875 0.17129629583333333 0.30169753125 0.16348379583333333 0.30169753125 0.136574075 0.29976851875 0.12876157500000002 0.29976851875 0.1229745375 0.3026620375 0.11892361041666667 0.305169753125 0.11689814791666667 0.3059413578125 0.11400462916666668 0.3072916671875 0.11255787083333332 0.31095679062500003 0.11226851875 0.31385030937499997 0.109375 0.3136574078125 0.105613425 0.311921296875 0.09837962916666668 0.31172839531249996 0.09490740833333335 0.31114969062500003 0.09432870416666667 0.31095679062500003 0.09027777708333334 0.30902777812500004 0.08275462916666668 0.30767746875 0.07957175833333333 0.30459105000000003 0.07638888958333333 0.3043981484375 0.07523148125 0.29648919687499997 0.06741898125 0.2918595671875 0.07349537083333332 0.2910879625 0.08246527708333334 0.2897376546875 0.0879629625 0.28915894999999997 0.08825231458333334 0.28915894999999997 0.09114583333333333 0.2870370375 0.09490740833333335 0.2862654328125 0.09490740833333335 0.285108025 0.09317129583333333 0.28260030937499997 0.09259259166666665 0.2814429015625 0.09056712916666668 0.2779706796875 0.08825231458333334 0.27777777812500004 0.08738425833333333 0.27334105000000003 0.08506944375 0.27237654375 0.08362268541666666 0.2679398140625 0.081886575 0.2658179015625 0.07899305625 0.265046296875 0.07928240833333335 0.265046296875 0.08043981458333334 0.2636959875 0.08275462916666668 0.2633101859375 0.08564814791666667 0.2644675921875 0.09085648125 0.2644675921875 0.09432870416666667 0.265046296875 0.09461805625
0 0.23070987656250003 0.07089120416666667 0.2324459875 0.07783564791666667 0.23186728437499998 0.08246527708333334 0.23070987656250003 0.08449074166666667 0.23070987656250003 0.08680555625 0.2312885796875 0.09143518541666666 0.23186728437499998 0.0917245375 0.2320601859375 0.10214120416666667 0.233989196875 0.105613425 0.234760803125 0.11168981458333334 0.234760803125 0.1310763895833333 0.23379629687499998 0.13773148124999998 0.2332175921875 0.13802083333333334 0.232831790625 0.14004629583333333 0.23263888906250002 0.14496527708333332 0.2370756171875 0.1542245375 0.2366898140625 0.16579861041666666 0.2364969140625 0.168113425 0.235918209375 0.16840277708333332 0.23572530937499997 0.175636575 0.2351466046875 0.17737268541666668 0.235918209375 0.18518518541666668 0.237847221875 0.18894675833333335 0.24131944375 0.18894675833333335 0.24247685156249998 0.18692129583333333 0.244598765625 0.1854745375 0.24672067968750003 0.18026620416666667 0.25135030937499997 0.17708333333333334 0.2552083328125 0.183449075 0.2584876546875 0.18605324166666665 0.269483025 0.18518518541666668 0.27044753125 0.183449075 0.2717978390625 0.17505787083333332 0.2712191359375 0.17129629583333333 0.2706404328125 0.17071759166666667 0.2696759265625 0.16087962916666668 0.26851851875 0.15769675833333335 0.26851851875 0.14959490833333333 0.2679398140625 0.14901620416666667 0.2679398140625 0.14496527708333332 0.26658950625 0.140625 0.26658950625 0.13165509166666667 0.26523919687499997 0.12991898125 0.2638888890625 0.12615740833333333 0.2638888890625 0.12326388958333333 0.263117284375 0.12210648125 0.263117284375 0.1192129625 0.2623456796875 0.11660879583333333 0.2625385796875 0.11284722291666666 0.2613811734375 0.10879629583333333 0.261188271875 0.10503472291666666 0.2606095671875 0.10445601875 0.259259259375 0.09201388958333333 0.2584876546875 0.09114583333333333 0.2571373453125 0.08506944375 0.2557870375 0.07204861041666667 0.2546296296875 0.0682870375 0.2546296296875 0.066261575 0.2540509265625 0.06568287083333334 0.253858025 0.06018518541666666 0.2532793203125 0.059895833333333336 0.2519290125 0.05324074166666667 0.2511574078125 0.05237268541666666 0.2492283953125 0.045138889583333335 0.2492283953125 0.03472222291666667 0.24864969062500003 0.032986110416666665 0.246527778125 0.03153935208333333 0.24189814843750002 0.030671295833333334 0.237847221875 0.030671295833333334 0.235918209375 0.03211805625 0.2351466046875 0.032986110416666665 0.234760803125 0.03674768541666666 0.23379629687499998 0.04021990833333333 0.2332175921875 0.04050925833333333 0.2320601859375 0.04658564791666667 0.2332175921875 0.0526620375 0.2332175921875 0.06134259166666667 0.23186728437499998 0.06857638958333333 0.23070987656250003 0.07089120416666667
0 0.490740740625 0.19589120416666667 0.49266975312500005 0.19589120416666667 0.49633487656249997 0.19791666666666666 0.4978780859375 0.20167824166666665 0.500578703125 0.20428240833333333 0.50289351875 0.20486111041666666 0.5050154328125 0.206886575 0.50887345625 0.20630787083333332 0.5096450625 0.20486111041666666 0.51273148125 0.20283564791666667 0.5148533953125 0.199363425 0.52044753125 0.19386574166666665 0.521990740625 0.1895254625 0.52044753125 0.1817129625 0.5179398140625 0.17997685208333333 0.516975309375 0.17708333333333334 0.515239196875 0.17534722291666668 0.5138888890625 0.16724537083333332 0.50790895 0.160300925 0.502507715625 0.15885416666666666 0.4978780859375 0.15943287083333332 0.494598765625 0.16116898124999998 0.49131944375 0.16348379583333333 0.489776234375 0.1660879625 0.48726851875 0.16753472291666668 0.485918209375 0.17042824166666665 0.48514660468750004 0.175636575 0.48398919687499997 0.17708333333333334 0.48379629687500003 0.17939814791666667 0.48128857968750005 0.18258101875000002 0.47993827187500004 0.18663194375 0.4797453703125 0.19762731458333332 0.48070987656249997 0.20138888958333334 0.48495370312499997 0.20023148124999998 0.490740740625 0.19589120416666667
0 0.4810956796875 0.19675925833333335 0.48456790156249996 0.19589120416666667 0.4810956796875 0.19473379583333333 0.4810956796875 0.19675925833333335
0 0.5192901234375 0.18518518541666668 0.5183256171874999 0.18518518541666668 0.5179398140625 0.1854745375 0.519097221875 0.18663194375 0.519097221875 0.18778935208333333 0.5192901234375 0.18518518541666668
0 0.48456790156249996 0.18113425833333335 0.48398919687499997 0.18113425833333335 0.48398919687499997 0.18258101875000002 0.48533950625 0.18200231458333332 0.48456790156249996 0.18113425833333335
0 0.47665895 0.12210648125 0.4772376546875 0.12239583333333333 0.47743055625 0.12586805625 0.47858796249999996 0.12789351875 0.47858796249999996 0.12962962916666668 0.48070987656249997 0.13396990833333333 0.4895833328125 0.13599537083333332 0.49016203750000004 0.136863425 0.48996913593749997 0.14756944375 0.49054783906250005 0.152488425 0.49131944375 0.15393518541666668 0.49131944375 0.15740740833333333 0.4924768515625 0.15914351875000002 0.49305555625 0.1620370375 0.49421296249999996 0.16319444375 0.49594907343749994 0.16290509166666667 0.49807098749999995 0.15914351875000002 0.508294753125 0.1582754625 0.5098379625 0.15682870416666667 0.5158179015625 0.15480324166666665 0.52334105 0.14959490833333333 0.5258487656249999 0.14901620416666667 0.52835648125 0.14554398124999998 0.5297067906249999 0.14496527708333332 0.5310570984375 0.140625 0.531828703125 0.13310185208333333 0.5304783953125 0.12615740833333333 0.526813271875 0.12239583333333333 0.5217978390625 0.12065972291666666 0.5198688265625 0.11660879583333333 0.52044753125 0.10966435208333333 0.5216049375 0.10677083333333333 0.5231481484375 0.10503472291666666 0.52334105 0.08767361041666667 0.52237654375 0.08420138958333333 0.51851851875 0.08130787083333332 0.515046296875 0.08043981458333334 0.51466049375 0.07957175833333333 0.5102237656249999 0.07899305625 0.500578703125 0.07957175833333333 0.5001929015625 0.08043981458333334 0.49517746875 0.08130787083333332 0.49209105 0.08825231458333334 0.49324845625 0.09317129583333333 0.49305555625 0.09982638958333333 0.4903549375 0.10214120416666667 0.48456790156249996 0.10329861041666667 0.48070987656249997 0.105613425 0.47993827187500004 0.1073495375 0.4772376546875 0.10995370416666667 0.4772376546875 0.11197916666666667 0.47665895 0.11226851875 0.47646605 0.11574074166666667 0.4758873453125 0.11631944375 0.47646605 0.11689814791666667 0.47665895 0.12210648125
0 0.1383101859375 0.44965277708333334 0.14081790156250001 0.45804398125 0.1437114203125 0.4791666666666667 0.1446759265625 0.48090277708333334 0.1448688265625 0.48321759166666667 0.14544753125 0.48350694375000003 0.1464120375 0.488425925 0.14756944375 0.4895833333333333 0.1506558640625 0.4898726854166667 0.15470679062499998 0.488425925 0.1581790125 0.48350694375000003 0.16010802500000001 0.47193287083333335 0.1628086421875 0.46817129583333333 0.16473765468749998 0.45804398125 0.16473765468749998 0.45399305624999997 0.16338734531250002 0.449074075 0.1614583328125 0.44560185208333336 0.15875771562500002 0.4435763895833333 0.156828703125 0.44068287083333335 0.1510416671875 0.4375 0.150848765625 0.43663194375000003 0.1467978390625 0.43663194375000003 0.146026234375 0.43778935208333336 0.1394675921875 0.43952546249999996 0.13811728437499998 0.441261575 0.1375385796875 0.44241898125 0.1375385796875 0.44646990833333333 0.13811728437499998 0.44675925833333335 0.1383101859375 0.44965277708333334
0 0.8348765437500001 0.160011575 0.8354552468750001 0.16116898124999998 0.8377700625 0.175636575 0.8395061734375 0.17824074166666665 0.8396990734375 0.18026620416666667 0.840277778125 0.18055555625 0.840277778125 0.18200231458333332 0.8416280859375 0.18518518541666668 0.8425925921875 0.1854745375 0.844328703125 0.18923611041666666 0.8478009265625 0.19386574166666665 0.8541666671874999 0.19820601875000002 0.862847221875 0.21035879583333333 0.864776234375 0.21122685208333333 0.8682484562499999 0.21122685208333333 0.8703703703125001 0.21006944375 0.871527778125 0.20630787083333332 0.8742283953125 0.20196759166666667 0.8742283953125 0.20023148124999998 0.8769290125 0.19241898124999998 0.8757716046875 0.18981481458333332 0.8726851859375 0.18634259166666667 0.8726851859375 0.18431712916666668 0.8815586421875 0.17939814791666667 0.8821373453125 0.17795138958333334 0.8869598765625 0.17534722291666668 0.8915895062500001 0.1698495375 0.89351851875 0.16348379583333333 0.89351851875 0.15653935208333333 0.8929398140625 0.15596064791666667 0.8927469140625 0.152488425 0.8908179015625001 0.14496527708333332 0.8902391968750001 0.144675925 0.888117284375 0.13020833333333334 0.8796296296874999 0.121238425 0.8734567906249999 0.11950231458333334 0.8734567906249999 0.1151620375 0.8713348765625 0.11776620416666667 0.8694058640625 0.11805555625 0.8667052468750001 0.121238425 0.8661265437500001 0.12268518541666666 0.8665123453125 0.12731481458333332 0.8624614203125001 0.12847222291666666 0.860725309375 0.12644675833333333 0.8603395062500001 0.11631944375 0.8595679015625001 0.1151620375 0.845100309375 0.11631944375 0.8449074078125 0.11545138958333333 0.8422067906249999 0.11400462916666668 0.838348765625 0.11284722291666666 0.8368055562500001 0.1151620375 0.8354552468750001 0.12181712916666668 0.833526234375 0.12731481458333332 0.8279320984374999 0.13339120416666667 0.8258101859375 0.13888888958333334 0.825617284375 0.14525462916666668 0.8263888890625 0.14901620416666667 0.831597221875 0.1582754625 0.8348765437500001 0.160011575
0 0.9772376546875 0.7297453708333334 0.9774305562500001 0.7329282416666667 0.986882715625 0.734375 0.9938271609375 0.7378472229166667 0.9998070984374999 0.73726851875 0.9998070984374999 0.7092013895833333 0.9967206796875001 0.7083333333333334 0.9866898140625 0.7092013895833333 0.984953703125 0.7106481479166666 0.9801311734375 0.7120949083333333 0.9793595671875 0.7132523145833333 0.9791666671874999 0.7193287041666667 0.9785879625 0.7196180562500001 0.9783950625 0.7245370375 0.9772376546875 0.7297453708333334
0 0.386766975 0 0.3856095671875 0.006365741666666667 0.3856095671875 0.012152777083333333 0.38792438281249997 0.01475694375 0.3929398140625 0.023148147916666664 0.4020061734375 0.028645833333333332 0.4074074078125 0.03587962916666666 0.41184413593749997 0.03790509166666667 0.41454475312500005 0.036458333333333336 0.4166666671875 0.03269675833333333 0.41743827187500004 0.029513889583333335 0.4185956796875 0.02835648125 0.4201388890625 0.021412037499999998 0.42206790156249996 0.016782408333333332 0.42226080312500003 0.0135995375 0.42283950625 0.013020833333333334 0.4239969140625 0.007233795833333333 0.42476851875 0.006076389583333333 0.42476851875 0.002314814583333333 0.42418981406249995 0.0017361104166666666 0.42418981406249995 0 0.386766975 0
0 0.06442901250000001 0 0.06442901250000001 0.0017361104166666666 0.063078703125 0.0020254625 0.0625 0.005208333333333333 0.0636574078125 0.007233795833333333 0.0636574078125 0.008969908333333334 0.0696373453125 0.016203704166666666 0.07040895 0.018807870833333334 0.07233796249999999 0.02112268541666667 0.07233796249999999 0.022569443749999998 0.0731095671875 0.023148147916666664 0.074266975 0.026909722916666667 0.07619598749999999 0.029513889583333335 0.0769675921875 0.03356481458333334 0.079668209375 0.03790509166666667 0.0812114203125 0.0390625 0.0837191359375 0.03790509166666667 0.08719135781250001 0.03125 0.0900848765625 0.029224537499999998 0.0916280859375 0.02633101875 0.09567901250000001 0.02633101875 0.0983796296875 0.022569443749999998 0.097608025 0.019386575 0.097608025 0.012731481250000001 0.0970293203125 0.012152777083333333 0.0968364203125 0.009259258333333333 0.0949074078125 0.0034722229166666663 0.093171296875 0.0017361104166666666 0.093171296875 0 0.06442901250000001 0
0 0.6057098765625 0.4739583333333333 0.6078317906249999 0.47077546249999996 0.616705246875 0.46383101875 0.621141975 0.46209490833333333 0.6269290125 0.46180555624999997 0.6280864203125 0.46006944375000003 0.628858025 0.45775462916666665 0.628858025 0.45283564791666664 0.6282793203125 0.45225694375000003 0.627507715625 0.44618055624999997 0.627507715625 0.43171296249999996 0.6269290125 0.43026620416666667 0.6269290125 0.4270833333333333 0.6261574078125001 0.42621527708333334 0.6257716046875 0.4236111104166667 0.625578703125 0.4140625 0.624421296875 0.41087962916666665 0.6242283953125 0.40827546249999996 0.6222993828125001 0.40422453750000004 0.6180555562500001 0.4007523145833333 0.6149691359375 0.40046296249999996 0.6116898140625 0.402488425 0.6082175921874999 0.40711805624999997 0.6076388890625 0.41116898125 0.6060956796875 0.41435185208333336 0.6043595671875 0.42158564791666664 0.6041666671875 0.4279513895833333 0.6035879625 0.42824074166666665 0.6033950625 0.433738425 0.6022376546875 0.43663194375000003 0.6022376546875 0.43894675833333335 0.60165895 0.4392361104166667 0.6008873453125 0.4429976854166667 0.5983796296875 0.44589120416666667 0.5954861109375 0.4557291666666667 0.5958719140625 0.46383101875 0.5949074078125001 0.4704861104166667 0.5978009265625001 0.47366898125 0.6057098765625 0.4739583333333333
0 0.4519675921875 0.5066550916666667 0.45254629687500003 0.50694444375 0.45293209843750004 0.51475694375 0.4558256171875 0.5159143520833334 0.4606481484375 0.5159143520833334 0.4635416671875 0.51475694375 0.46392746875 0.5188078708333334 0.46257716093749995 0.5222800916666667 0.46257716093749995 0.5269097229166666 0.4635416671875 0.52835648125 0.46797839531249996 0.53125 0.4699074078125 0.5344328708333334 0.47010030937499997 0.5367476854166667 0.47183642031249995 0.5387731479166666 0.4733796296875 0.5434027770833333 0.47453703750000004 0.54398148125 0.4758873453125 0.5465856479166666 0.4772376546875 0.5474537041666667 0.481867284375 0.546875 0.48456790156249996 0.5422453708333334 0.48533950625 0.53414351875 0.481867284375 0.5286458333333334 0.4758873453125 0.5219907416666667 0.4720293203125 0.51475694375 0.4699074078125 0.5092592583333333 0.46797839531249996 0.5011574083333333 0.46797839531249996 0.49797453750000004 0.46739969062500003 0.4973958333333333 0.46739969062500003 0.48900462916666665 0.46797839531249996 0.488425925 0.46797839531249996 0.4861111104166667 0.47067901250000005 0.4826388895833333 0.471257715625 0.47858796249999996 0.47067901250000005 0.47366898125 0.4699074078125 0.47222222291666666 0.463348765625 0.46990740833333333 0.45929783906250005 0.472511575 0.458526234375 0.4748263895833333 0.45659722187499996 0.47714120416666667 0.45543981406249995 0.480324075 0.4552469140625 0.48292824166666665 0.45447530937499997 0.48350694375000003 0.45293209843750004 0.48784722291666666 0.45273919687499997 0.49652777708333334 0.45254629687500003 0.49855324166666665 0.4519675921875 0.49884259166666667 0.4519675921875 0.5066550916666667
0 0.4739583328125 0.46961805624999997 0.47550154375 0.46759259166666667 0.48128857968750005 0.464699075 0.481867284375 0.46296296249999996 0.48070987656249997 0.46006944375000003 0.4793595671875 0.45891203750000004 0.47858796249999996 0.45283564791666664 0.4772376546875 0.45196759166666667 0.4737654328125 0.45196759166666667 0.47010030937499997 0.453125 0.4699074078125 0.4583333333333333 0.4704861109375 0.4632523145833333 0.47318672812499996 0.46903935208333336 0.4739583328125 0.46961805624999997
0 0.384259259375 0.16174768541666668 0.3854166671875 0.16319444375 0.3856095671875 0.16550925833333335 0.390046296875 0.17274305625 0.39023919687499997 0.17447916666666666 0.39737654375 0.18084490833333333 0.39949845625 0.18836805625 0.40007716093749995 0.18865740833333333 0.40007716093749995 0.19386574166666665 0.40142746875 0.199074075 0.4020061734375 0.199363425 0.40219907343749994 0.20283564791666667 0.40277777812500004 0.203125 0.40335648125 0.206886575 0.4074074078125 0.206886575 0.4095293203125 0.20341435208333333 0.4114583328125 0.20283564791666667 0.4133873453125 0.19791666666666666 0.41493055625 0.19589120416666667 0.4147376546875 0.19241898124999998 0.41743827187500004 0.1895254625 0.41820987656249997 0.18576388958333334 0.42206790156249996 0.18489583333333334 0.42283950625 0.18923611041666666 0.42418981406249995 0.19241898124999998 0.42534722187499996 0.19357638958333334 0.4303626546875 0.19502314791666667 0.4315200625 0.1973379625 0.43383487656249997 0.19878472291666668 0.43788580312500003 0.20543981458333332 0.43807870312499997 0.206886575 0.440007715625 0.20920138958333334 0.44155092656250006 0.2129629625 0.4407793203125 0.2167245375 0.441358025 0.2207754625 0.44309413593749997 0.22135416666666666 0.446759259375 0.2207754625 0.4504243828125 0.21788194375 0.45659722187499996 0.21006944375 0.46084105 0.20283564791666667 0.4621913578125 0.19589120416666667 0.46180555625 0.18663194375 0.45987654375 0.1817129625 0.45794753125 0.1796875 0.45717592656250006 0.17737268541666668 0.4548611109375 0.17534722291666668 0.45543981406249995 0.17216435208333333 0.456983025 0.17158564791666667 0.46141975312500005 0.175925925 0.46932870312499997 0.17939814791666667 0.4720293203125 0.17939814791666667 0.4753086421875 0.1776620375 0.4772376546875 0.17534722291666668 0.47743055625 0.16145833333333334 0.47993827187500004 0.15335648124999998 0.48070987656249997 0.14583333333333334 0.4801311734375 0.14525462916666668 0.47993827187500004 0.14033564791666667 0.4793595671875 0.14004629583333333 0.478009259375 0.13020833333333334 0.4753086421875 0.12326388958333333 0.4739583328125 0.11545138958333333 0.471257715625 0.113425925 0.471257715625 0.1114004625 0.472608025 0.109375 0.472608025 0.10821759166666665 0.4720293203125 0.10763888958333333 0.47183642031249995 0.10098379583333333 0.4699074078125 0.0957754625 0.46797839531249996 0.09317129583333333 0.4637345671875 0.09027777708333334 0.45891203750000004 0.09027777708333334 0.45659722187499996 0.08940972291666666 0.45216049375 0.0859375 0.450617284375 0.08333333333333333 0.44540895 0.08072916666666667 0.4427083328125 0.08130787083333332 0.44155092656250006 0.08304398125 0.4407793203125 0.08622685208333333 0.4392361109375 0.08854166666666667 0.4392361109375 0.09114583333333333 0.43692129687500003 0.09490740833333335 0.43614969062500003 0.09895833333333333 0.43344907343749994 0.10127314791666667 0.431134259375 0.10619212916666668 0.42959105 0.10677083333333333 0.423418209375 0.11371527708333334 0.42206790156249996 0.1171875 0.4143518515625 0.11631944375 0.4114583328125 0.113425925 0.40760030937499997 0.11284722291666666 0.40625 0.11111111041666667 0.3981481484375 0.10648148125 0.396026234375 0.10677083333333333 0.39216820937499997 0.10966435208333333 0.3894675921875 0.11400462916666668 0.3894675921875 0.11660879583333333 0.386188271875 0.12644675833333333 0.3859953703125 0.13049768541666668 0.3848379625 0.1328125 0.3834876546875 0.13888888958333334 0.38290894999999997 0.13917824166666665 0.38271605000000003 0.14207175833333335 0.381365740625 0.14496527708333332 0.3802083328125 0.14583333333333334 0.3796296296875 0.14785879583333333 0.379436728125 0.15104166666666666 0.3800154328125 0.15335648124999998 0.38271605000000003 0.15711805625 0.384259259375 0.16174768541666668
0 0.9432870375 0.16435185208333333 0.9442515437500001 0.168113425 0.9459876546875 0.16898148124999998 0.9461805562500001 0.1698495375 0.9511959875 0.171875 0.952546296875 0.17332175833333335 0.9529320984374999 0.17505787083333332 0.9508101859375 0.1796875 0.9488811734375 0.1817129625 0.9481095671875 0.1854745375 0.9500385796874999 0.19212962916666668 0.9500385796874999 0.20283564791666667 0.950617284375 0.203125 0.9515817906249999 0.21122685208333333 0.9529320984374999 0.21354166666666666 0.95794753125 0.2167245375 0.9612268515625001 0.22395833333333334 0.9627700625 0.23321759166666667 0.9650848765625 0.23495370416666667 0.9666280859375 0.23871527708333332 0.9685570984374999 0.24045138958333334 0.9704861109375 0.24710648124999998 0.9731867281250001 0.25115740833333333 0.9772376546875 0.2552083333333333 0.9816743828125001 0.25723379583333333 0.9839891968750001 0.26099537083333335 0.9874614203125001 0.26244212916666665 0.9949845671875 0.26099537083333335 0.9972993828125001 0.25925925833333335 0.9978780859375 0.2578125 0.9998070984374999 0.2578125 0.9998070984374999 0.1270254625 0.9957561734375 0.12586805625 0.9874614203125001 0.12615740833333333 0.9832175921875 0.12268518541666666 0.9807098765625 0.11892361041666667 0.978009259375 0.11776620416666667 0.9755015437500001 0.11805555625 0.9720293203124999 0.12268518541666666 0.9718364203125001 0.12586805625 0.969328703125 0.1307870375 0.9670138890625 0.13802083333333334 0.9625771609375 0.13917824166666665 0.9562114203125001 0.14322916666666666 0.9510030859375 0.14930555625 0.9488811734375 0.14988425833333335 0.947723765625 0.152199075 0.94540895 0.15393518541666668 0.9434799375 0.15798611041666666 0.9434799375 0.15972222291666668 0.9427083328125001 0.16087962916666668 0.9427083328125001 0.1640625 0.9432870375 0.16435185208333333
0 0.9629629625 0.09895833333333333 0.96392746875 0.09866898125 0.963348765625 0.097511575 0.9627700625 0.09895833333333333 0.9635416671874999 0.10069444375 0.96392746875 0.10011574166666667 0.9629629625 0.09895833333333333
0 0.8589891968750001 0.58101851875 0.8640046296874999 0.5839120375 0.8649691359375 0.5862268520833334 0.8680555562500001 0.5899884249999999 0.8682484562499999 0.5914351854166667 0.8722993828125001 0.5989583333333334 0.8748070984374999 0.6004050916666667 0.8769290125 0.6030092583333333 0.8815586421875 0.6027199083333333 0.8817515437500001 0.6018518520833334 0.8861882718749999 0.5989583333333334 0.8875385796874999 0.5960648145833333 0.8908179015625001 0.59375 0.89351851875 0.5905671291666666 0.89544753125 0.58304398125 0.89544753125 0.5766782416666667 0.8948688265625 0.5743634249999999 0.89351851875 0.5708912041666667 0.8910108031249999 0.5671296291666666 0.890046296875 0.55960648125 0.8873456796875001 0.5567129625 0.8761574078125 0.5601851854166667 0.8734567906249999 0.5564236104166667 0.8699845671875 0.5552662041666667 0.8661265437500001 0.5549768520833334 0.862847221875 0.5561342583333333 0.860725309375 0.5601851854166667 0.8589891968750001 0.5619212958333333 0.858796296875 0.5636574083333333 0.8570601859375 0.5662615750000001 0.856867284375 0.5685763895833333 0.8562885796874999 0.5688657416666667 0.8562885796874999 0.5743634249999999 0.856867284375 0.5746527770833333 0.8570601859375 0.5778356479166666 0.8589891968750001 0.58101851875
0 0.5252700625 0.5951967583333333 0.527777778125 0.5998263895833333 0.5291280859375 0.6047453708333334 0.532600309375 0.6085069437499999 0.5403163578125 0.6102430562500001 0.543016975 0.61226851875 0.5499614203125 0.61429398125 0.5644290125 0.6137152770833333 0.5675154328125 0.6102430562500001 0.5679012343750001 0.6004050916666667 0.5671296296875 0.5925925916666667 0.5657793203125 0.5902777770833333 0.5644290125 0.5839120375 0.5572916671875 0.5703125 0.5416666671875 0.5697337958333333 0.5353009265625001 0.5717592583333333 0.529899690625 0.5691550916666667 0.5256558640625 0.5691550916666667 0.52449845625 0.5700231479166666 0.5231481484375 0.5734953708333334 0.5225694437499999 0.5760995375 0.5225694437499999 0.5824652770833333 0.5243055562500001 0.5879629625 0.5252700625 0.5951967583333333
0 0.28915894999999997 0.5387731479166666 0.2897376546875 0.5506365750000001 0.2908950625 0.5546875 0.2916666671875 0.5555555562500001 0.2926311734375 0.5601851854166667 0.2957175921875 0.5642361104166667 0.3009259265625 0.5642361104166667 0.30169753125 0.5622106479166666 0.3043981484375 0.5590277770833333 0.3063271609375 0.5503472229166667 0.3072916671875 0.5381944437499999 0.3084490734375 0.5324074083333333 0.30902777812500004 0.5245949083333333 0.30979938281249997 0.5231481479166666 0.30979938281249997 0.519675925 0.308641975 0.5182291666666666 0.30362654375 0.5173611104166667 0.2957175921875 0.5208333333333334 0.2937885796875 0.5219907416666667 0.29340277812500004 0.5231481479166666 0.28993055624999997 0.5237268520833334 0.28915894999999997 0.5248842583333333 0.28896605000000003 0.5277777770833334 0.2883873453125 0.5280671291666666 0.2883873453125 0.5370370375 0.28915894999999997 0.5387731479166666
0 0.47743055625 0.33101851875 0.4816743828125 0.3342013895833333 0.48456790156249996 0.33883101875 0.484375 0.3532986104166667 0.481867284375 0.3619791666666667 0.481867284375 0.3776041666666667 0.482831790625 0.38078703750000004 0.48784722187499996 0.38310185208333336 0.49112654375 0.38223379583333333 0.4953703703125 0.38339120416666667 0.498456790625 0.38570601875 0.500385803125 0.38859953750000004 0.5052083328125 0.39872685208333336 0.5084876546875 0.40046296249999996 0.5123456796875 0.40046296249999996 0.5138888890625 0.39930555624999997 0.51658950625 0.394675925 0.5179398140625 0.38859953750000004 0.5196759265625001 0.38570601875 0.52044753125 0.38136574166666665 0.5212191359375 0.3802083333333333 0.5214120375 0.375 0.5225694437499999 0.370949075 0.5225694437499999 0.36834490833333333 0.5231481484375 0.36776620416666667 0.5231481484375 0.36024305624999997 0.5214120375 0.35734953750000004 0.5212191359375 0.35214120416666667 0.5262345671875 0.3492476854166667 0.5297067906249999 0.34519675833333335 0.529899690625 0.34230324166666665 0.5304783953125 0.34172453750000004 0.5304783953125 0.3342013895833333 0.529899690625 0.3336226854166667 0.5297067906249999 0.3307291666666667 0.5270061734375 0.32349537083333335 0.5250771609375 0.32146990833333333 0.52237654375 0.31597222291666666 0.52044753125 0.3142361104166667 0.5177469140625 0.3029513895833333 0.5158179015625 0.30005787083333335 0.5119598765625 0.29745370416666667 0.50096450625 0.29571759166666667 0.49440586406250003 0.29600694375000003 0.4918981484375 0.2986111104166667 0.49054783906250005 0.30121527708333334 0.4890046296875 0.30758101875 0.4801311734375 0.31365740833333333 0.4783950625 0.31741898125 0.4758873453125 0.32060185208333336 0.4758873453125 0.3220486104166667 0.4747299375 0.324363425 0.4747299375 0.32783564791666664 0.47743055625 0.33101851875
0 0.6892361109375 0 0.6892361109375 0.0020254625 0.690007715625 0.0034722229166666663 0.690007715625 0.0057870375 0.6921296296875 0.008101852083333333 0.69425154375 0.0098379625 0.7011959875 0.011574075 0.7054398140625 0.015914352083333333 0.7073688265625 0.02112268541666667 0.7073688265625 0.024016204166666666 0.70794753125 0.024305556250000002 0.7081404328125 0.03472222291666667 0.7100694437499999 0.04050925833333333 0.7154706796875 0.0448495375 0.7245370375 0.04571759166666667 0.7345679015625 0.04050925833333333 0.738811728125 0.03587962916666666 0.73919753125 0.033854166666666664 0.7399691359375 0.0332754625 0.7401620375 0.029513889583333335 0.7418981484375 0.024884258333333336 0.74209105 0.019097222916666667 0.742669753125 0.01851851875 0.742669753125 0.015046295833333334 0.74209105 0.014467591666666666 0.7418981484375 0.010995370833333332 0.740740740625 0.007233795833333333 0.7401620375 0 0.6892361109375 0
0 0.2596450625 0.6770833333333334 0.2598379625 0.6799768520833334 0.2604166671875 0.6802662041666667 0.2606095671875 0.6822916666666666 0.2633101859375 0.6889467583333333 0.26485339531249996 0.6901041666666666 0.26601080312500003 0.69241898125 0.26851851875 0.6938657416666667 0.276813271875 0.6941550916666667 0.27970679062500003 0.6927083333333334 0.2831790125 0.6866319437499999 0.2833719140625 0.6831597229166667 0.2878086421875 0.6629050916666667 0.28896605000000003 0.6597222229166667 0.2910879625 0.6579861104166667 0.2935956796875 0.6539351854166667 0.2935956796875 0.6420717583333333 0.2918595671875 0.6380208333333334 0.2897376546875 0.6359953708333334 0.2843364203125 0.6359953708333334 0.2795138890625 0.6339699083333333 0.275848765625 0.6351273145833333 0.27449845625 0.6362847229166667 0.273919753125 0.6385995375 0.2702546296875 0.6443865750000001 0.2644675921875 0.6464120375 0.26215277812500004 0.6487268520833334 0.2606095671875 0.6536458333333334 0.2571373453125 0.6574074083333333 0.25675154375 0.6643518520833334 0.2584876546875 0.6698495375 0.2584876546875 0.6744791666666666 0.2596450625 0.6770833333333334
0 0.8030478390625 0.28935185208333336 0.8055555562500001 0.292824075 0.8082561734375 0.29803240833333333 0.8084490734375 0.30005787083333335 0.811149690625 0.30410879583333333 0.813078703125 0.31163194375000003 0.8136574078125 0.31192129583333333 0.8136574078125 0.31394675833333335 0.8155864203125001 0.31828703750000004 0.8165509265625 0.32320601875 0.8196373453125 0.328125 0.8209876546875 0.32928240833333333 0.8248456796875001 0.32928240833333333 0.8288966046875 0.3255208333333333 0.831597221875 0.32465277708333334 0.8350694437499999 0.32523148125 0.838348765625 0.32378472291666666 0.846257715625 0.3177083333333333 0.8503086421875 0.30410879583333333 0.8503086421875 0.29398148125 0.8497299375 0.293113425 0.8543595671875 0.28067129583333333 0.8543595671875 0.27430555624999997 0.853009259375 0.26996527708333334 0.8512731484374999 0.2682291666666667 0.8483796296874999 0.2630208333333333 0.844328703125 0.2601273145833333 0.8429783953125 0.25723379583333333 0.8416280859375 0.25636574166666665 0.8364197531249999 0.26099537083333335 0.8350694437499999 0.26417824166666665 0.833526234375 0.26388888958333334 0.8279320984374999 0.25954861041666666 0.8254243828125001 0.25462962916666665 0.8223379625 0.25173611041666666 0.8221450625 0.25057870416666667 0.8190586421875 0.24681712916666668 0.8155864203125001 0.245949075 0.809027778125 0.24768518541666668 0.8082561734375 0.25144675833333335 0.80459105 0.25491898125 0.8038194437499999 0.25868055625 0.8018904328125 0.2630208333333333 0.8011188265625 0.2757523145833333 0.80169753125 0.2760416666666667 0.80169753125 0.28009259166666667 0.8030478390625 0.28935185208333336
0 0.7797067906249999 0.20920138958333334 0.7791280859375 0.21006944375 0.7791280859375 0.21701388958333334 0.7797067906249999 0.21759259166666667 0.7797067906249999 0.20920138958333334
0 0.7791280859375 0.18472222291666668 0.7791280859375 0.18923611041666666 0.7797067906249999 0.1895254625 0.779899690625 0.18721064791666667 0.7804783953125 0.18663194375 0.7797067906249999 0.18084490833333333 0.7791280859375 0.1817129625 0.7791280859375 0.18321759166666668 0.779899690625 0.18402777708333332 0.7791280859375 0.18472222291666668
0 0.813078703125 0 0.8128858031249999 0.0020254625 0.8082561734375 0.0031828708333333333 0.7957175921874999 0.003761575 0.795524690625 0.004629629166666666 0.793016975 0.005497685416666666 0.7910879625 0.0078125 0.7903163578125 0.012152777083333333 0.78800154375 0.015625 0.7870370375 0.022569443749999998 0.78607253125 0.024016204166666666 0.782600309375 0.025462962500000002 0.7824074078125001 0.02835648125 0.7814429015625 0.029224537499999998 0.7793209875 0.02893518541666667 0.7785493828125001 0.025462962500000002 0.7750771609375 0.020833333333333332 0.773919753125 0.017071758333333336 0.7714120375 0.015625 0.770061728125 0.012731481250000001 0.769097221875 0.011863425 0.7635030859375 0.010995370833333332 0.7584876546875 0.010995370833333332 0.75482253125 0.015625 0.7540509265625001 0.015625 0.7532793203125 0.017361110416666665 0.7532793203125 0.019386575 0.7519290125 0.021412037499999998 0.7445987656249999 0.027488425 0.7386188265625 0.04021990833333333 0.7301311734375 0.05034722291666667 0.731867284375 0.05179398125 0.733989196875 0.05584490833333333 0.733989196875 0.05700231458333334 0.7399691359375 0.06192129583333333 0.7413194437499999 0.0625 0.7440200625 0.0604745375 0.7478780859375 0.05960648125 0.749421296875 0.0604745375 0.748649690625 0.06394675833333334 0.7467206796875 0.06539351875 0.7438271609375 0.07118055625 0.74324845625 0.08159722291666666 0.746527778125 0.08738425833333333 0.7467206796875 0.089988425 0.746527778125 0.09664351875 0.7459490734374999 0.09693287083333332 0.7457561734375 0.10040509166666665 0.74517746875 0.10069444375 0.7447916671875 0.10619212916666668 0.7467206796875 0.113136575 0.7484567906249999 0.11545138958333333 0.750578703125 0.12557870416666667 0.7530864203125 0.12876157500000002 0.754436728125 0.13396990833333333 0.7584876546875 0.136863425 0.7584876546875 0.13946759166666667 0.76466049375 0.13773148124999998 0.769097221875 0.13802083333333334 0.7698688265625 0.136863425 0.773919753125 0.13570601875000002 0.7760416671875 0.13396990833333333 0.777777778125 0.136863425 0.7779706796875 0.13946759166666667 0.7824074078125001 0.14930555625 0.7868441359375 0.14959490833333333 0.7957175921874999 0.15972222291666668 0.800347221875 0.16290509166666667 0.8063271609375 0.1640625 0.8163580250000001 0.16290509166666667 0.8190586421875 0.15972222291666668 0.82021605 0.15625 0.8209876546875 0.1504629625 0.8221450625 0.14930555625 0.8231095671875 0.14293981458333332 0.8248456796875001 0.13975694375 0.825617284375 0.13599537083333332 0.8279320984374999 0.13165509166666667 0.8290895062500001 0.13136574166666667 0.8312114203125001 0.12760416666666666 0.83294753125 0.1270254625 0.8337191359375 0.12557870416666667 0.8348765437500001 0.12065972291666666 0.8350694437499999 0.11574074166666667 0.8371913578125 0.11082175833333333 0.8385416671874999 0.10966435208333333 0.8468364203125001 0.109375 0.8489583328125001 0.11082175833333333 0.8560956796875001 0.11053240833333335 0.8589891968750001 0.11197916666666667 0.8609182093750001 0.10966435208333333 0.86226851875 0.109375 0.862847221875 0.105324075 0.8663194437499999 0.10590277708333334 0.8668981484374999 0.09722222291666666 0.8684413578125 0.09230324166666667 0.8684413578125 0.0859375 0.8668981484374999 0.07060185208333333 0.8663194437499999 0.07002314791666667 0.8661265437500001 0.06741898125 0.8651620375 0.06684027708333334 0.86419753125 0.06423611041666667 0.86419753125 0.06134259166666667 0.8611111109375 0.05497685208333333 0.8603395062500001 0.05150462916666666 0.8576388890625 0.04571759166666667 0.8576388890625 0.044270833333333336 0.8551311734375 0.0390625 0.8549382718749999 0.03674768541666666 0.8543595671875 0.03616898125 0.8543595671875 0.03211805625 0.853009259375 0.02835648125 0.85146605 0.02575231458333333 0.846257715625 0.021412037499999998 0.8410493828125001 0.013888889583333335 0.8404706796875001 0.011863425 0.8422067906249999 0.009259258333333333 0.8416280859375 0.007523147916666667 0.8398919749999999 0.00694444375 0.8348765437500001 0.002314814583333333 0.8325617281250001 0.0020254625 0.8323688265625 0 0.813078703125 0
0 0.40219907343749994 0.4476273145833333 0.40547839531249996 0.44849537083333335 0.4108796296875 0.44733796249999996 0.4158950625 0.44415509166666667 0.4245756171875 0.43084490833333333 0.42592592656250006 0.43026620416666667 0.42804783906250005 0.42650462916666665 0.4293981484375 0.42621527708333334 0.43132716093749995 0.42216435208333336 0.43518518593750005 0.41984953750000004 0.43807870312499997 0.4166666666666667 0.44425154375 0.40509259166666667 0.44695216093749995 0.40190972291666666 0.44753086406250003 0.39930555624999997 0.44945987656249997 0.39699074166666665 0.450617284375 0.394386575 0.450617284375 0.3923611104166667 0.4513888890625 0.39149305624999997 0.45216049375 0.386574075 0.4498456796875 0.38396990833333333 0.4459876546875 0.38425925833333335 0.44444444375 0.3854166666666667 0.4396219140625 0.386574075 0.435956790625 0.38917824166666665 0.42496142031249995 0.390625 0.41840277812500004 0.39496527708333334 0.412615740625 0.3967013895833333 0.4122299375 0.39785879583333333 0.408757715625 0.39959490833333333 0.40682870312499997 0.402199075 0.40682870312499997 0.41261574166666665 0.40625 0.41550925833333335 0.40277777812500004 0.42158564791666664 0.4020061734375 0.42534722291666666 0.40007716093749995 0.42824074166666665 0.39949845625 0.43315972291666666 0.40007716093749995 0.433449075 0.400848765625 0.4427083333333333 0.40219907343749994 0.4476273145833333
0 0.47241512343750003 0 0.4720293203125 0.006365741666666667 0.472608025 0.008101852083333333 0.48206018593750005 0.019386575 0.48398919687499997 0.02054398125 0.493634259375 0.02112268541666667 0.4978780859375 0.023726852083333336 0.5015432093750001 0.022858795833333334 0.5030864203125 0.021412037499999998 0.5069444437499999 0.019965277083333333 0.5104166671875 0.015335647916666667 0.5106095671875 0.014178241666666667 0.511188271875 0.014178241666666667 0.5113811734375 0.013020833333333334 0.513117284375 0.012152777083333333 0.515046296875 0.005208333333333333 0.5138888890625 0 0.47241512343750003 0
0 0.8854166671874999 0.370949075 0.8848379625 0.371238425 0.8834876546875 0.37557870416666667 0.8834876546875 0.3776041666666667 0.88290895 0.37789351875 0.88290895 0.38483796249999996 0.8859953703125001 0.386863425 0.8913966046875 0.3880208333333333 0.8915895062500001 0.3888888895833333 0.8946759265625 0.3888888895833333 0.9021990734375 0.39091435208333336 0.9151234562499999 0.39033564791666664 0.9180169749999999 0.3923611104166667 0.9195601859375 0.394675925 0.9239969140625 0.3961226854166667 0.925347221875 0.39756944375000003 0.9301697531249999 0.394386575 0.9336419749999999 0.3888888895833333 0.9355709875 0.3828125 0.9367283953125 0.3810763895833333 0.9375 0.36921296249999996 0.9386574078125 0.36631944375000003 0.9386574078125 0.3645833333333333 0.9421296296874999 0.35821759166666667 0.9421296296874999 0.3567708333333333 0.9434799375 0.35358796249999996 0.9434799375 0.34866898125 0.94232253125 0.34664351875 0.9347993828125001 0.3414351854166667 0.9305555562500001 0.3414351854166667 0.9216820984374999 0.3463541666666667 0.9201388890625 0.34375 0.919367284375 0.33680555624999997 0.918402778125 0.3342013895833333 0.9147376546875 0.3307291666666667 0.9101080250000001 0.32957175833333335 0.9047067906249999 0.3298611104166667 0.8991126546875 0.33391203750000004 0.8967978390625 0.33449074166666665 0.8946759265625 0.33680555624999997 0.8929398140625 0.33709490833333333 0.891203703125 0.339699075 0.8888888890625 0.34056712916666665 0.8848379625 0.34432870416666667 0.8840663578125 0.34837962916666665 0.8848379625 0.3538773145833333 0.8859953703125001 0.355324075 0.8867669749999999 0.35995370416666667 0.8854166671874999 0.370949075