0 0.94521605 0 0.9450231484374999 0.0020254625 0.943865740625 0.0020254625 0.9421296296874999 0.003761575 0.9421296296874999 0.006076389583333333 0.9479166671874999 0.016203704166666666 0.9481095671875 0.019965277083333333 0.9504243828125001 0.021412037499999998 0.9508101859375 0.022858795833333334 0.9533179015625001 0.024884258333333336 0.9554398140625 0.028067129166666666 0.9691358031249999 0.03414351875 0.969328703125 0.03587962916666666 0.9699074078125 0.03616898125 0.9699074078125 0.03790509166666667 0.969328703125 0.03819444375 0.969328703125 0.040798610416666665 0.9699074078125 0.0410879625 0.970100309375 0.043113425000000004 0.9699074078125 0.04571759166666667 0.969328703125 0.04600694375 0.9691358031249999 0.048611110416666665 0.967399690625 0.05179398125 0.9672067906249999 0.05381944375 0.9654706796875001 0.0567129625 0.9645061734375 0.06105324166666667 0.9625771609375 0.06452546249999999 0.9618055562500001 0.07175925833333333 0.9600694437499999 0.07552083333333333 0.9600694437499999 0.07725694375 0.9592978390625 0.07783564791666667 0.9571759265625 0.08506944375 0.9546682093750001 0.08767361041666667 0.953703703125 0.09027777708333334 0.9457947531249999 0.09664351875 0.9411651234375 0.097511575 0.9407793203124999 0.09837962916666668 0.93267746875 0.10127314791666667 0.9290123453125 0.10387731458333334 0.9241898140625 0.105613425 0.9220679015625001 0.10879629583333333 0.921296296875 0.11226851875 0.9207175921875 0.11255787083333332 0.921296296875 0.11660879583333333 0.9207175921875 0.11689814791666667 0.9201388890625 0.12037037083333332 0.9172453703125001 0.12355324166666667 0.91415895 0.12905092499999998 0.91415895 0.13975694375 0.91396605 0.14178240833333333 0.9133873453125 0.14207175833333335 0.9122299375 0.15682870416666667 0.91415895 0.16174768541666668 0.923225309375 0.16435185208333333 0.9268904328125 0.167824075 0.9259259265625 0.17447916666666666 0.925347221875 0.17476851875000002 0.9241898140625 0.17881944375 0.9241898140625 0.1895254625 0.9259259265625 0.19270833333333334 0.9261188265625 0.1973379625 0.92669753125 0.19762731458333332 0.92669753125 0.20283564791666667 0.9288194437499999 0.21006944375 0.9330632718749999 0.21064814791666667 0.938850309375 0.20804398124999998 0.94039351875 0.20862268541666668 0.9425154328125 0.21383101875000002 0.9434799375 0.21961805625 0.94521605 0.222800925 0.94540895 0.22482638958333334 0.9471450625 0.22714120416666667 0.9481095671875 0.230613425 0.9494598765625 0.23177083333333334 0.9564043203124999 0.23148148124999998 0.9600694437499999 0.23582175833333335 0.963348765625 0.24160879583333333 0.9660493828125001 0.24305555625 0.9724151234375 0.2421875 0.978009259375 0.24305555625 0.9791666671874999 0.24189814791666667 0.9793595671875 0.23524305625 0.978009259375 0.22945601875000002 0.978009259375 0.22685185208333333 0.9772376546875 0.22511574166666665 0.97665895 0.2167245375 0.97665895 0.20862268541666668 0.9774305562500001 0.203125 0.9791666671874999 0.199074075 0.9799382718749999 0.19415509166666667 0.9826388890625 0.1895254625 0.983796296875 0.18576388958333334 0.994598765625 0.17158564791666667 0.9978780859375 0.16290509166666667 0.9998070984374999 0.16290509166666667 0.9998070984374999 0.11776620416666667 0.9984567906249999 0.11776620416666667 0.9976851859375 0.1151620375 0.9978780859375 0.11082175833333333 0.9998070984374999 0.11024305625 0.9998070984374999 0.09027777708333334 0.9978780859375 0.089699075 0.9972993828125001 0.08275462916666668 0.9967206796875001 0.082175925 0.9978780859375 0.07465277708333334 0.9984567906249999 0.07378472291666666 0.9998070984374999 0.07378472291666666 0.9998070984374999 0.05902777708333333 0.9984567906249999 0.05902777708333333 0.9978780859375 0.057291666666666664 0.9982638890625 0.05555555625 0.9998070984374999 0.05555555625 0.9998070984374999 0.020254629166666666 0.9980709875 0.019965277083333333 0.996527778125 0.016493056250000002 0.996527778125 0.011574075 0.994598765625 0.003761575 0.9913194437499999 0.002314814583333333 0.9874614203125001 0.0020254625 0.98726851875 0 0.94521605 0
0 0.47858796249999996 0.41464120416666667 0.48128857968750005 0.42910879583333333 0.48919753125 0.44039351875 0.49131944375 0.44820601875 0.4967206796875 0.45399305624999997 0.49768518593750005 0.456886575 0.49980709843750004 0.4586226854166667 0.502507715625 0.464699075 0.5050154328125 0.46817129583333333 0.50771605 0.464988425 0.5109953703125 0.45775462916666665 0.513117284375 0.45659722291666666 0.5144675921874999 0.45428240833333333 0.5175540125 0.45283564791666664 0.5206404328125 0.44994212916666665 0.5241126546875 0.44994212916666665 0.5250771609375 0.45109953750000004 0.5297067906249999 0.44994212916666665 0.531635803125 0.44473379583333333 0.5353009265625001 0.4398148145833333 0.5397376546875 0.43807870416666667 0.543016975 0.43952546249999996 0.5470679015625 0.43952546249999996 0.54783950625 0.43807870416666667 0.5484182093750001 0.4322916666666667 0.5509259265625001 0.42621527708333334 0.5518904328125 0.41898148125 0.5524691359375 0.41840277708333334 0.5524691359375 0.41319444375000003 0.55169753125 0.4114583333333333 0.5511188265625 0.40422453750000004 0.548225309375 0.3967013895833333 0.5453317906249999 0.3932291666666667 0.5432098765625 0.3880208333333333 0.5372299375 0.38859953750000004 0.535108025 0.386574075 0.5343364203125 0.38223379583333333 0.532600309375 0.37789351875 0.5324074078125001 0.37442129583333333 0.529899690625 0.36805555624999997 0.5297067906249999 0.36574074166666665 0.527777778125 0.36226851875 0.527777778125 0.36082175833333335 0.5258487656249999 0.35648148125 0.5225694437499999 0.35214120416666667 0.5187114203125 0.35214120416666667 0.5175540125 0.3532986104166667 0.515239196875 0.35358796249999996 0.512152778125 0.35648148125 0.5104166671875 0.3567708333333333 0.5071373453125 0.36024305624999997 0.506365740625 0.36284722291666666 0.49980709843750004 0.371238425 0.49710648125 0.3726851854166667 0.494598765625 0.3726851854166667 0.49324845625 0.37384259166666667 0.489776234375 0.3804976854166667 0.489776234375 0.390625 0.48919753125 0.394675925 0.488233025 0.3958333333333333 0.48572530937499997 0.39380787083333335 0.48070987656249997 0.38252314791666664 0.47993827187500004 0.38165509166666667 0.47665895 0.38165509166666667 0.47280092656250006 0.38773148125 0.47010030937499997 0.3958333333333333 0.4699074078125 0.39988425833333335 0.46932870312499997 0.4001736104166667 0.46932870312499997 0.4088541666666667 0.471257715625 0.4114583333333333 0.47704475312500005 0.41290509166666667 0.47858796249999996 0.41464120416666667
0 0.65528549375 0.07378472291666666 0.654899690625 0.08854166666666667 0.65625 0.09519675833333333 0.657600309375 0.09837962916666668 0.6608796296875 0.10011574166666667 0.66512345625 0.10011574166666667 0.669367284375 0.10185185208333333 0.6759259265625001 0.10127314791666667 0.680169753125 0.10416666666666667 0.6844135796875 0.10966435208333333 0.6853780859375 0.11197916666666667 0.688078703125 0.11371527708333334 0.69232253125 0.113425925 0.6940586421875 0.11197916666666667 0.6961805562500001 0.10850694375 0.6988811734375 0.10763888958333333 0.7038966046875 0.10763888958333333 0.70987654375 0.109375 0.7133487656249999 0.10850694375 0.7172067906249999 0.10214120416666667 0.717399690625 0.09548611041666667 0.7168209875 0.09201388958333333 0.7185570984375 0.0859375 0.7199074078125001 0.07552083333333333 0.7206790125 0.074363425 0.7206790125 0.058738425000000004 0.718171296875 0.050925925000000004 0.7172067906249999 0.044270833333333336 0.715277778125 0.041666666666666664 0.7145061734375 0.03819444375 0.7133487656249999 0.036458333333333336 0.7172067906249999 0.033854166666666664 0.719135803125 0.027199075 0.719135803125 0.02112268541666667 0.7179783953125 0.015335647916666667 0.7154706796875 0.012731481250000001 0.7133487656249999 0.008969908333333334 0.71103395 0.007523147916666667 0.7092978390625 0.007523147916666667 0.706983025 0.010706018749999999 0.6981095671875 0.010995370833333332 0.6927083328125 0.012731481250000001 0.6838348765625 0.020833333333333332 0.67978395 0.024016204166666666 0.6780478390625 0.024305556250000002 0.6751543203125 0.029224537499999998 0.6734182093750001 0.029803241666666664 0.6687885796875 0.03790509166666667 0.667438271875 0.04658564791666667 0.66300154375 0.05034722291666667 0.66107253125 0.05410879583333333 0.658757715625 0.0546875 0.6574074078125001 0.057291666666666664 0.65528549375 0.05758101875 0.652777778125 0.060763889583333335 0.6521990734374999 0.06481481458333334 0.652777778125 0.06510416666666667 0.652777778125 0.06770833333333333 0.65528549375 0.07378472291666666
0 0.5210262343750001 0.17071759166666667 0.5206404328125 0.17824074166666665 0.5217978390625 0.18113425833333335 0.5250771609375 0.18576388958333334 0.5252700625 0.1932870375 0.52835648125 0.199074075 0.5291280859375 0.20746527708333332 0.5314429015625 0.2089120375 0.532600309375 0.21151620416666667 0.53607253125 0.21035879583333333 0.5368441359375 0.20862268541666668 0.5393518515625 0.206886575 0.548225309375 0.206886575 0.5509259265625001 0.20399305625 0.5524691359375 0.19820601875000002 0.55574845625 0.19068287083333332 0.5569058640625 0.1895254625 0.5646219140625 0.1895254625 0.5675154328125 0.1854745375 0.5675154328125 0.18142361041666666 0.5690586421875 0.17997685208333333 0.57021605 0.17650462916666668 0.57137345625 0.17534722291666668 0.5723379625 0.17737268541666668 0.5721450625 0.18431712916666668 0.5715663578125 0.18634259166666667 0.5696373453125 0.18865740833333333 0.5684799375 0.19241898124999998 0.57040895 0.20457175833333335 0.57021605 0.21006944375 0.5696373453125 0.21035879583333333 0.5690586421875 0.2167245375 0.5709876546875 0.21932870416666667 0.574266975 0.21990740833333333 0.578125 0.21759259166666667 0.5796682093750001 0.22193287083333332 0.5821759265625001 0.22366898124999998 0.586419753125 0.22482638958333334 0.5956790125 0.22395833333333334 0.5958719140625 0.222800925 0.5983796296875 0.2207754625 0.5997299375 0.21788194375 0.6024305562500001 0.21643518541666668 0.6095679015625 0.2167245375 0.6136188265625 0.21035879583333333 0.6149691359375 0.20572916666666666 0.6149691359375 0.19502314791666667 0.61419753125 0.19415509166666667 0.6134259265625001 0.1895254625 0.608989196875 0.1796875 0.608989196875 0.17824074166666665 0.6101466046875 0.17650462916666668 0.613233025 0.175925925 0.6180555562500001 0.17679398124999998 0.6213348765625 0.17824074166666665 0.6228780859375 0.18026620416666667 0.6302083328125 0.18229166666666666 0.6321373453125 0.17737268541666668 0.634259259375 0.17447916666666666 0.6348379625 0.16840277708333332 0.634259259375 0.16550925833333335 0.6348379625 0.16145833333333334 0.6346450625 0.15509259166666667 0.6334876546875 0.15104166666666666 0.6315586421875 0.14901620416666667 0.6304012343750001 0.144675925 0.63290895 0.1328125 0.6302083328125 0.12326388958333333 0.6261574078125001 0.11805555625 0.624421296875 0.11776620416666667 0.6207561734375 0.1151620375 0.6134259265625001 0.11545138958333333 0.6105324078125001 0.11805555625 0.608989196875 0.11805555625 0.605516975 0.12181712916666668 0.6033950625 0.12239583333333333 0.5997299375 0.12181712916666668 0.59664351875 0.11892361041666667 0.59375 0.11776620416666667 0.592399690625 0.11631944375 0.5922067906249999 0.11487268541666666 0.5935570984375 0.10271990833333335 0.5929783953125 0.09866898125 0.5883487656249999 0.0917245375 0.58584105 0.089988425 0.5856481484375 0.08883101875 0.5814043203125 0.08651620416666667 0.577739196875 0.08680555625 0.5769675921874999 0.08767361041666667 0.575617284375 0.0995370375 0.5738811734375 0.1015625 0.5729166671875 0.10648148125 0.5723379625 0.10677083333333333 0.5723379625 0.10908564791666667 0.5709876546875 0.113425925 0.57040895 0.11371527708333334 0.57021605 0.11660879583333333 0.5696373453125 0.11689814791666667 0.5682870375 0.13049768541666668 0.5613425921874999 0.144386575 0.5511188265625 0.14293981458333332 0.5476466046875 0.13975694375 0.546296296875 0.13744212916666668 0.5416666671875 0.1348379625 0.5331790125 0.13599537083333332 0.52449845625 0.13917824166666665 0.5214120375 0.14120370416666667 0.5187114203125 0.144386575 0.5177469140625 0.14930555625 0.5171682093750001 0.14959490833333333 0.5171682093750001 0.15190972291666668 0.515239196875 0.15509259166666667 0.5144675921874999 0.1620370375 0.516010803125 0.16550925833333335 0.5175540125 0.1660879625 0.5210262343750001 0.17071759166666667
0 0 0.16464120416666667 0.00790895 0.16319444375 0.018518518749999997 0.16290509166666667 0.0231481484375 0.16145833333333334 0.02642746875 0.15972222291666668 0.03125 0.15335648124999998 0.0362654328125 0.14207175833333335 0.042438271875 0.13165509166666667 0.042631173437499996 0.12934027708333334 0.043981481249999996 0.1270254625 0.043981481249999996 0.12355324166666667 0.0432098765625 0.11863425833333333 0.042631173437499996 0.11805555625 0.04205246875 0.11226851875 0.042438271875 0.10706018541666666 0.0451388890625 0.10214120416666667 0.0451388890625 0.09317129583333333 0.0445601859375 0.09259259166666665 0.044367284374999996 0.08854166666666667 0.040509259375 0.07783564791666667 0.039544753125 0.07754629583333333 0.037808642187500005 0.07378472291666666 0.0353009265625 0.0723379625 0.033757715625000004 0.06973379583333333 0.031828703125 0.06857638958333333 0.0279706796875 0.06394675833333334 0.0271990734375 0.06018518541666666 0.026234567187500002 0.058738425000000004 0.02430555625 0.058449074999999996 0.023919753125000002 0.05758101875 0.0206404328125 0.05758101875 0.02044753125 0.058449074999999996 0.0163966046875 0.05902777708333333 0.010995370312499999 0.058449074999999996 0.00771605 0.05410879583333333 0.006944443749999999 0.05179398125 0.0036651234375 0.050636574999999996 0 0.050925925000000004 0 0.16464120416666667
0 0.0750385796875 0 0.0748456796875 0.003761575 0.0744598765625 0.019386575 0.0769675921875 0.024016204166666666 0.07908950625 0.024884258333333336 0.081597221875 0.030381943749999998 0.08294753125 0.03153935208333333 0.0831404328125 0.0332754625 0.0837191359375 0.0332754625 0.086419753125 0.03819444375 0.08892746875 0.04629629583333333 0.090277778125 0.04774305625 0.0916280859375 0.05121527708333333 0.09567901250000001 0.05034722291666667 0.097608025 0.0448495375 0.097608025 0.042824074999999996 0.09953703750000001 0.04021990833333333 0.0997299375 0.03848379583333333 0.106867284375 0.023726852083333336 0.1070601859375 0.02054398125 0.10841049375 0.015914352083333333 0.1095679015625 0.014467591666666666 0.1095679015625 0.013020833333333334 0.11091820937500001 0.010416666666666666 0.1130401234375 0.008969908333333334 0.11631944375 0.00491898125 0.11516203750000001 0.0026041666666666665 0.1149691359375 0 0.0750385796875 0
0 0.807098765625 0.5188078708333334 0.8082561734375 0.52054398125 0.8084490734375 0.5228587958333333 0.8109567906249999 0.5251736104166667 0.8117283953125 0.5277777770833334 0.8140432093750001 0.5286458333333334 0.815007715625 0.53038194375 0.815007715625 0.5326967583333333 0.8161651234375 0.5338541666666666 0.8177083328125001 0.5402199083333333 0.8229166671874999 0.5460069437499999 0.8250385796874999 0.5538194437499999 0.8277391968750001 0.5593171291666666 0.8314043203124999 0.5619212958333333 0.831597221875 0.5627893520833334 0.8337191359375 0.5630787041666667 0.8371913578125 0.5627893520833334 0.8375771609375 0.5619212958333333 0.840277778125 0.5616319437499999 0.8422067906249999 0.5601851854166667 0.843171296875 0.5642361104166667 0.844328703125 0.5659722229166667 0.844328703125 0.56741898125 0.8508873453125 0.5769675916666667 0.853009259375 0.5789930562500001 0.8555169749999999 0.5798611104166667 0.8595679015625001 0.5795717583333333 0.8655478390625 0.58304398125 0.8734567906249999 0.5839120375 0.8788580250000001 0.5865162041666667 0.8902391968750001 0.5853587958333333 0.8908179015625001 0.5850694437499999 0.8915895062500001 0.5758101854166667 0.8948688265625 0.5607638895833333 0.8967978390625 0.5590277770833333 0.900848765625 0.5581597229166667 0.9021990734375 0.5570023145833333 0.9023919749999999 0.5520833333333334 0.900848765625 0.5416666666666666 0.9000771609375 0.5407986104166667 0.8981481484374999 0.53211805625 0.89544753125 0.5289351854166667 0.8883101859375 0.52430555625 0.8809799375 0.5167824083333333 0.8771219140625 0.51475694375 0.873649690625 0.5112847229166666 0.8697916671874999 0.5092592583333333 0.869598765625 0.5081018520833334 0.8651620375 0.5054976854166667 0.8613040125 0.5011574083333333 0.8595679015625001 0.49797453750000004 0.8582175921875 0.49710648125 0.8557098765625 0.4921875 0.853009259375 0.48871527708333334 0.8518518515625001 0.488425925 0.8489583328125001 0.48350694375000003 0.8464506171874999 0.4817708333333333 0.8418209875 0.48148148125 0.8404706796875001 0.480324075 0.838348765625 0.472511575 0.8369984562499999 0.4704861104166667 0.8337191359375 0.46180555624999997 0.83294753125 0.45630787083333335 0.831597221875 0.45225694375000003 0.829475309375 0.44878472291666666 0.8269675921875 0.44675925833333335 0.8263888890625 0.44502314791666664 0.8234953703125001 0.4429976854166667 0.821759259375 0.4392361104166667 0.8177083328125001 0.4357638895833333 0.81539351875 0.4392361104166667 0.813850309375 0.4401041666666667 0.8123070984374999 0.44560185208333336 0.811921296875 0.44965277708333334 0.8128858031249999 0.45283564791666664 0.813078703125 0.45659722291666666 0.8136574078125 0.456886575 0.813850309375 0.45949074166666665 0.8155864203125001 0.4626736104166667 0.8155864203125001 0.464988425 0.815007715625 0.46527777708333334 0.815007715625 0.46759259166666667 0.8142361109375 0.46961805624999997 0.813078703125 0.4710648145833333 0.811921296875 0.47453703750000004 0.8103780859375 0.47627314791666664 0.8101851859375 0.47858796249999996 0.809027778125 0.480324075 0.809027778125 0.48755787083333335 0.807098765625 0.4898726854166667 0.8065200625 0.49421296249999996 0.8057484562499999 0.503761575 0.8063271609375 0.504050925 0.8063271609375 0.5138888895833333 0.807098765625 0.5188078708333334
0 0.845100309375 0.8984375 0.8449074078125 0.9039351854166667 0.844328703125 0.9042245375 0.844328703125 0.9094328708333334 0.8449074078125 0.9097222229166667 0.8458719140625 0.9198495375 0.8481867281250001 0.9273726854166667 0.8481867281250001 0.9296875 0.8470293203124999 0.93460648125 0.846257715625 0.9351851854166667 0.8449074078125 0.9392361104166667 0.8416280859375 0.9438657416666667 0.83892746875 0.9510995375 0.8368055562500001 0.9646990750000001 0.8354552468750001 0.9699074083333333 0.8342978390625 0.97164351875 0.83294753125 0.9777199083333333 0.83101851875 0.9800347229166667 0.8258101859375 0.9895833333333334 0.8250385796874999 0.9947916666666666 0.8263888890625 0.99710648125 0.8283179015625001 0.9976851854166667 0.8285108031249999 0.9991319437499999 0.8395061734375 0.9991319437499999 0.8395061734375 0.9979745375 0.8404706796875001 0.9973958333333334 0.8478009265625 0.9959490750000001 0.8533950625 0.9959490750000001 0.8547453703125001 0.9965277770833333 0.8557098765625 0.9991319437499999 0.8850308640625 0.9991319437499999 0.8850308640625 0.9979745375 0.8863811734375 0.9965277770833333 0.8908179015625001 0.9962384249999999 0.8937114203125001 0.9945023145833333 0.896990740625 0.9887152770833333 0.8991126546875 0.98929398125 0.9010416671874999 0.9916087958333333 0.9035493828125001 0.9930555562500001 0.9041280859375 0.9945023145833333 0.9074074078125 0.9947916666666666 0.907600309375 0.9956597229166667 0.9120370375 0.9930555562500001 0.9128086421875 0.9916087958333333 0.9130015437500001 0.9887152770833333 0.9128086421875 0.9840856479166666 0.9122299375 0.9835069437499999 0.9120370375 0.9811921291666666 0.9081790125 0.9725115750000001 0.905671296875 0.9696180562500001 0.9054783953125 0.9675925916666667 0.9020061734375 0.9586226854166667 0.900848765625 0.9563078708333334 0.8964120375 0.9545717583333333 0.89544753125 0.953125 0.89544753125 0.9490740750000001 0.8946759265625 0.9453125 0.891975309375 0.9389467583333333 0.8865740734375 0.9331597229166667 0.880401234375 0.9221643520833334 0.8782793203124999 0.9198495375 0.8769290125 0.9160879625 0.875578703125 0.9152199083333333 0.874421296875 0.9129050916666667 0.8742283953125 0.9088541666666666 0.873649690625 0.9082754625 0.8742283953125 0.9074074083333333 0.8742283953125 0.8987268520833334 0.8728780859375 0.8958333333333334 0.8697916671874999 0.8940972229166667 0.8680555562500001 0.8909143520833334 0.8697916671874999 0.8888888895833333 0.8730709875 0.88773148125 0.8742283953125 0.8859953708333334 0.8742283953125 0.8828125 0.869598765625 0.8738425916666667 0.8674768515625001 0.8718171291666666 0.8663194437499999 0.8692129625 0.8636188265625 0.8671875 0.862847221875 0.8654513895833333 0.8595679015625001 0.8637152770833333 0.8562885796874999 0.8645833333333334 0.8543595671875 0.8680555562500001 0.8535879625 0.8718171291666666 0.8522376546875 0.8732638895833333 0.85165895 0.8758680562500001 0.8489583328125001 0.8804976854166667 0.8470293203124999 0.8868634249999999 0.8470293203124999 0.8897569437499999 0.846257715625 0.8912037041666667 0.846257715625 0.8940972229166667 0.845100309375 0.8984375
0 0.9434799375 0.36255787083333335 0.9427083328125001 0.36603009166666667 0.938850309375 0.36921296249999996 0.9373070984374999 0.3723958333333333 0.9353780859375 0.37442129583333333 0.93460648125 0.3767361104166667 0.9353780859375 0.3810763895833333 0.9373070984374999 0.3828125 0.9359567906249999 0.3888888895833333 0.9353780859375 0.38917824166666665 0.9347993828125001 0.39351851875 0.9353780859375 0.39930555624999997 0.9359567906249999 0.39959490833333333 0.936149690625 0.40827546249999996 0.9386574078125 0.42621527708333334 0.9415509265625 0.43315972291666666 0.9430941359375 0.43402777708333334 0.9484953703125001 0.43084490833333333 0.9513888890625 0.43026620416666667 0.9521604937499999 0.42824074166666665 0.95601851875 0.42621527708333334 0.9627700625 0.41753472291666666 0.9641203703125001 0.41753472291666666 0.965277778125 0.4201388895833333 0.965277778125 0.4236111104166667 0.9646990734375 0.4241898145833333 0.9646990734375 0.43402777708333334 0.965277778125 0.43431712916666665 0.965277778125 0.43807870416666667 0.9685570984374999 0.44415509166666667 0.9728009265625 0.44820601875 0.9745370375 0.44878472291666666 0.97665895 0.45283564791666664 0.9799382718749999 0.4548611104166667 0.9807098765625 0.45659722291666666 0.9864969140625 0.46064814791666664 0.9949845671875 0.46238425833333335 0.9980709875 0.46006944375000003 0.9998070984374999 0.46006944375000003 0.9998070984374999 0.33796296249999996 0.9978780859375 0.33796296249999996 0.9963348765625 0.339699075 0.9940200625 0.34027777708333334 0.9880401234375 0.347800925 0.9851466046875 0.347511575 0.9834104937499999 0.3463541666666667 0.9799382718749999 0.339699075 0.978009259375 0.33246527708333334 0.9772376546875 0.331886575 0.974151234375 0.32349537083333335 0.970100309375 0.324074075 0.968171296875 0.32609953750000004 0.9645061734375 0.32725694375000003 0.9527391968750001 0.32725694375000003 0.9486882718749999 0.32899305624999997 0.9446373453125 0.332175925 0.9434799375 0.33651620416666667 0.9415509265625 0.33883101875 0.9407793203124999 0.34172453750000004 0.940007715625 0.34230324166666665 0.9375 0.35271990833333333 0.9375 0.3576388895833333 0.938078703125 0.35995370416666667 0.9396219140625 0.3616898145833333 0.9434799375 0.36255787083333335
0 0 0.23871527708333332 0.0050154328125 0.23929398124999998 0.00771605 0.24045138958333334 0.0098379625 0.24276620416666667 0.0167824078125 0.24479166666666666 0.016975309375 0.24565972291666668 0.0214120375 0.24652777708333332 0.025848765625 0.24565972291666668 0.02835648125 0.24045138958333334 0.031635803125 0.23784722291666668 0.032600309375 0.23206018541666668 0.037037037499999995 0.22366898124999998 0.0372299375 0.21817129583333333 0.037808642187500005 0.21759259166666667 0.0383873453125 0.2129629625 0.0397376546875 0.21122685208333333 0.0418595671875 0.20601851875000002 0.0416666671875 0.1953125 0.040509259375 0.191261575 0.038580246875 0.18807870416666667 0.037808642187500005 0.18258101875000002 0.035108025 0.1739004625 0.0343364203125 0.16927083333333334 0.0304783953125 0.16464120416666667 0.0293209875 0.16377314791666667 0.0250771609375 0.16348379583333333 0.022955246874999998 0.16435185208333333 0.0179398140625 0.16435185208333333 0.015625 0.16579861041666666 0.00790895 0.1660879625 0.0057870375 0.16724537083333332 0 0.167824075 0 0.23871527708333332
0 0.3248456796875 0.35127314791666664 0.3250385796875 0.35590277708333334 0.325617284375 0.35619212916666665 0.3258101859375 0.36284722291666666 0.32658179062500003 0.3671875 0.327546296875 0.3689236104166667 0.3279320984375 0.37181712916666665 0.32908950625 0.37297453750000004 0.32966820937499997 0.37586805624999997 0.33159722187499996 0.37991898125 0.33506944375000003 0.37962962916666665 0.3366126546875 0.37702546249999996 0.3387345671875 0.37586805624999997 0.3420138890625 0.37818287083333335 0.3439429015625 0.38136574166666665 0.347608025 0.38483796249999996 0.35146605000000003 0.38744212916666665 0.3562885796875 0.3888888895833333 0.3576388890625 0.38744212916666665 0.3582175921875 0.38483796249999996 0.3582175921875 0.37847222291666666 0.36033950625 0.36863425833333335 0.36284722187499996 0.3645833333333333 0.3668981484375 0.3619791666666667 0.3688271609375 0.35966435208333336 0.3707561734375 0.35590277708333334 0.3717206796875 0.35127314791666664 0.375578703125 0.3454861104166667 0.3761574078125 0.34259259166666667 0.3761574078125 0.33449074166666665 0.377507715625 0.33275462916666665 0.3807870375 0.33159722291666666 0.38908179062500003 0.33449074166666665 0.3927469140625 0.33680555624999997 0.3948688265625 0.33680555624999997 0.398919753125 0.3304398145833333 0.4002700625 0.32523148125 0.40219907343749994 0.32146990833333333 0.402391975 0.31394675833333335 0.4010416671875 0.30758101875 0.400848765625 0.3029513895833333 0.40007716093749995 0.30179398125 0.40007716093749995 0.29976851875 0.3981481484375 0.293113425 0.3946759265625 0.28877314791666664 0.3904320984375 0.2864583333333333 0.3875385796875 0.2795138895833333 0.384259259375 0.27835648125 0.3761574078125 0.2789351854166667 0.37364969062500003 0.28240740833333333 0.37345679062500003 0.28472222291666666 0.3728780859375 0.285011575 0.3726851859375 0.29195601875 0.37210648125 0.29369212916666665 0.371141975 0.29571759166666667 0.3697916671875 0.29629629583333333 0.3688271609375 0.29542824166666665 0.3668981484375 0.2890625 0.3651620375 0.28703703750000004 0.3634259265625 0.28067129583333333 0.36091820937499997 0.2751736104166667 0.355516975 0.27199074166666665 0.35050154375 0.2795138895833333 0.3495370375 0.2829861104166667 0.347608025 0.285011575 0.3458719140625 0.29021990833333333 0.344328703125 0.29195601875 0.34239969062500003 0.296875 0.3416280859375 0.29745370416666667 0.34085648125 0.300636575 0.33892746875 0.30266203750000004 0.3366126546875 0.30787037083333335 0.33487654375 0.30960648125 0.33101851875 0.3107638895833333 0.3292824078125 0.31336805624999997 0.32773919687499997 0.3142361104166667 0.3263888890625 0.31886574166666665 0.3250385796875 0.32089120416666667 0.3250385796875 0.32320601875 0.3244598765625 0.324074075 0.3250385796875 0.33391203750000004 0.3238811734375 0.33796296249999996 0.3238811734375 0.3492476854166667 0.3248456796875 0.35127314791666664
0 0.4386574078125 0.33130787083333335 0.4459876546875 0.331886575 0.45659722187499996 0.32175925833333335 0.46084105 0.31597222291666666 0.4635416671875 0.31452546249999996 0.46817129687500003 0.3098958333333333 0.47222222187499996 0.308449075 0.47569444375 0.308449075 0.47955246875 0.3098958333333333 0.4810956796875 0.31134259166666667 0.481867284375 0.31365740833333333 0.4810956796875 0.3177083333333333 0.4747299375 0.3263888895833333 0.472608025 0.32783564791666664 0.4720293203125 0.3298611104166667 0.47010030937499997 0.332175925 0.46778549375 0.3411458333333333 0.4666280859375 0.34288194375000003 0.4660493828125 0.34693287083333335 0.4666280859375 0.355613425 0.46855709843750004 0.35648148125 0.471257715625 0.36024305624999997 0.4733796296875 0.37152777708333334 0.4758873453125 0.3767361104166667 0.47743055625 0.3776041666666667 0.481867284375 0.37789351875 0.48418209843750004 0.37557870416666667 0.48668981406249995 0.37528935208333336 0.48784722187499996 0.3726851854166667 0.48996913593749997 0.370949075 0.49054783906250005 0.36834490833333333 0.49594907343749994 0.36631944375000003 0.5019290125 0.3654513895833333 0.5046296296875 0.363425925 0.50675154375 0.35908564791666664 0.509259259375 0.35734953750000004 0.5113811734375 0.3538773145833333 0.513117284375 0.35300925833333335 0.5144675921874999 0.35040509166666667 0.5167824078125001 0.34809027708333334 0.5179398140625 0.34317129583333333 0.5198688265625 0.33940972291666666 0.520061728125 0.33738425833333335 0.5225694437499999 0.33275462916666665 0.5250771609375 0.33709490833333333 0.5260416671875 0.34056712916666665 0.5252700625 0.3538773145833333 0.52642746875 0.35908564791666664 0.5271990734374999 0.35995370416666667 0.5271990734374999 0.3616898145833333 0.5297067906249999 0.3654513895833333 0.531828703125 0.37355324166666665 0.5362654328125 0.3802083333333333 0.5358796296875 0.38339120416666667 0.5399305562500001 0.38396990833333333 0.5416666671875 0.38252314791666664 0.5470679015625 0.3810763895833333 0.553240740625 0.37297453750000004 0.5574845671875 0.3697916666666667 0.5617283953125 0.363136575 0.563078703125 0.35619212916666665 0.563850309375 0.3460648145833333 0.5644290125 0.34577546249999996 0.5665509265625001 0.33738425833333335 0.5690586421875 0.331886575 0.5679012343750001 0.32783564791666664 0.5665509265625001 0.32667824166666665 0.5655864203125 0.32349537083333335 0.563850309375 0.32118055624999997 0.5644290125 0.3177083333333333 0.56732253125 0.31597222291666666 0.5744598765625 0.31568287083333335 0.5765817906249999 0.31134259166666667 0.5821759265625001 0.30526620416666667 0.5837191359375 0.30150462916666665 0.58603395 0.29832175833333335 0.5883487656249999 0.296875 0.5896990734374999 0.2942708333333333 0.592399690625 0.292824075 0.595100309375 0.2873263895833333 0.595100309375 0.28240740833333333 0.5949074078125001 0.28067129583333333 0.5922067906249999 0.2751736104166667 0.58584105 0.26996527708333334 0.5831404328125 0.26504629583333333 0.5837191359375 0.25491898125 0.5821759265625001 0.25289351875 0.569830246875 0.25 0.5675154328125 0.24768518541666668 0.5623070984375 0.245949075 0.5617283953125 0.24479166666666666 0.559027778125 0.24363425833333335 0.546489196875 0.24334490833333333 0.5418595671875 0.24768518541666668 0.5358796296875 0.2601273145833333 0.5329861109375 0.26273148125 0.5291280859375 0.26244212916666665 0.527777778125 0.2598379625 0.527777778125 0.25839120416666667 0.5252700625 0.2554976854166667 0.5196759265625001 0.246238425 0.5192901234375 0.2421875 0.52044753125 0.23784722291666668 0.5206404328125 0.234375 0.5212191359375 0.23379629583333333 0.5212191359375 0.2245370375 0.5206404328125 0.22395833333333334 0.52044753125 0.22048611041666666 0.5171682093750001 0.21527777708333332 0.51658950625 0.2129629625 0.5144675921874999 0.21035879583333333 0.5125385796875 0.20630787083333332 0.5113811734375 0.20601851875000002 0.5084876546875 0.20283564791666667 0.5017361109375 0.20341435208333333 0.4940200625 0.20167824166666665 0.4772376546875 0.20775462916666668 0.4737654328125 0.21325231458333332 0.47010030937499997 0.22164351875000002 0.4699074078125 0.22540509166666667 0.46932870312499997 0.22569444375 0.47010030937499997 0.23321759166666667 0.471257715625 0.23524305625 0.471257715625 0.23726851875000002 0.47183642031249995 0.23755787083333332 0.47241512343750003 0.24045138958333334 0.47280092656250006 0.24652777708333332 0.4720293203125 0.25 0.4699074078125 0.253761575 0.46913580312500003 0.26591435208333336 0.467206790625 0.269386575 0.45794753125 0.26880787083333335 0.45331790156249996 0.27199074166666665 0.45081018593750005 0.277199075 0.44868827187500004 0.2789351854166667 0.44733796249999996 0.2829861104166667 0.44540895 0.285011575 0.4434799375 0.292824075 0.44328703750000004 0.29658564791666664 0.4427083328125 0.296875 0.44193672812499996 0.300636575 0.4407793203125 0.30266203750000004 0.44058642031249995 0.30497685208333336 0.43807870312499997 0.308449075 0.43692129687500003 0.3125 0.43672839531249996 0.32175925833333335 0.4375 0.324363425 0.4375 0.32841435208333336 0.4386574078125 0.33130787083333335
0 0.831597221875 0.7902199083333333 0.8341049375 0.7910879625 0.8354552468750001 0.7931134249999999 0.8362268515625001 0.8000578708333334 0.8375771609375 0.8032407416666667 0.8375771609375 0.8046875 0.8395061734375 0.80758101875 0.8396990734375 0.80960648125 0.8416280859375 0.8139467583333333 0.845100309375 0.8171296291666666 0.8603395062500001 0.8081597229166667 0.862847221875 0.8026620375 0.8697916671874999 0.8012152770833333 0.8703703703125001 0.8000578708333334 0.8709490734375 0.7934027770833333 0.8703703703125001 0.77835648125 0.869598765625 0.7728587958333333 0.8690200625 0.7722800916666667 0.8680555562500001 0.7615740750000001 0.865740740625 0.7581018520833334 0.8632330250000001 0.7572337958333333 0.859375 0.7581018520833334 0.8578317906249999 0.7575231479166666 0.8562885796874999 0.7563657416666667 0.853009259375 0.7514467583333333 0.8497299375 0.75 0.8454861109375 0.75 0.8416280859375 0.7511574083333333 0.8371913578125 0.7563657416666667 0.8339120375 0.7581018520833334 0.8333333328125001 0.7601273145833333 0.8312114203125001 0.7618634249999999 0.8279320984374999 0.7728587958333333 0.827546296875 0.7760416666666666 0.8269675921875 0.77633101875 0.8269675921875 0.7853009249999999 0.8285108031249999 0.7876157416666667 0.8314043203124999 0.7893518520833334 0.831597221875 0.7902199083333333
0 0.1875 0.18576388958333334 0.1853780859375 0.19039351875000002 0.1842206796875 0.19994212916666668 0.1851851859375 0.203125 0.188078703125 0.20659722291666668 0.188078703125 0.20949074166666665 0.1886574078125 0.21006944375 0.188078703125 0.21064814791666667 0.188078703125 0.21383101875000002 0.1886574078125 0.21440972291666668 0.188850309375 0.2167245375 0.1907793203125 0.21961805625 0.1925154328125 0.22685185208333333 0.1927083328125 0.230613425 0.19463734531250002 0.23408564791666667 0.2004243828125 0.23582175833333335 0.20254629687499998 0.23871527708333332 0.20640432031249997 0.24045138958333334 0.206597221875 0.24131944375 0.210455246875 0.23987268541666668 0.2166280859375 0.24305555625 0.2179783953125 0.24276620416666667 0.2237654328125 0.23611111041666666 0.22472993749999998 0.23611111041666666 0.228973765625 0.23929398124999998 0.2312885796875 0.24565972291666668 0.23495370312500002 0.24739583333333334 0.242669753125 0.2421875 0.24479166718749998 0.23929398124999998 0.248456790625 0.23726851875000002 0.25038580312500003 0.23379629583333333 0.2521219140625 0.2245370375 0.254436728125 0.22135416666666666 0.2565586421875 0.22019675833333335 0.25771605000000003 0.21354166666666666 0.25771605000000003 0.21006944375 0.2557870375 0.19473379583333333 0.253858025 0.18923611041666666 0.2550154328125 0.18692129583333333 0.2604166671875 0.183738425 0.2619598765625 0.18055555625 0.2623456796875 0.17737268541666668 0.2619598765625 0.171875 0.2613811734375 0.17129629583333333 0.259259259375 0.16116898124999998 0.25675154375 0.15653935208333333 0.2565586421875 0.152199075 0.2559799375 0.15162037083333332 0.2557870375 0.14120370416666667 0.2550154328125 0.13715277708333332 0.252507715625 0.13744212916666668 0.252507715625 0.144386575 0.2511574078125 0.14699074166666665 0.2453703703125 0.14322916666666666 0.240740740625 0.14207175833333335 0.23919753125 0.14033564791666667 0.24189814843750002 0.136863425 0.2393904328125 0.13599537083333332 0.2374614203125 0.13339120416666667 0.2370756171875 0.13425925833333335 0.23418209843749999 0.13425925833333335 0.23379629687499998 0.13310185208333333 0.234760803125 0.13020833333333334 0.23109567968750003 0.12615740833333333 0.229938271875 0.1229745375 0.22723765468749998 0.12239583333333333 0.22010030937499997 0.12789351875 0.21932870312500002 0.12905092499999998 0.21855709843749999 0.13396990833333333 0.2160493828125 0.1385995375 0.2092978390625 0.14236111041666666 0.2077546296875 0.14409722291666668 0.2019675921875 0.14583333333333334 0.2004243828125 0.14785879583333333 0.1934799375 0.15075231458333332 0.1905864203125 0.15740740833333333 0.18923611093749998 0.1582754625 0.1875 0.16116898124999998 0.18672839531250002 0.16377314791666667 0.188850309375 0.17447916666666666 0.1905864203125 0.17737268541666668 0.1907793203125 0.18113425833333335 0.1875 0.18576388958333334
0 0.671489196875 0.8318865750000001 0.673225309375 0.8359375 0.675347221875 0.8399884249999999 0.67669753125 0.84085648125 0.6780478390625 0.8440393520833334 0.6824845671875 0.8472222229166667 0.684027778125 0.8495370375 0.6876929015625 0.8515625 0.6892361109375 0.8535879625 0.6932870375 0.8538773145833333 0.69425154375 0.8512731479166666 0.696759259375 0.8478009249999999 0.6981095671875 0.8394097229166667 0.6979166671875 0.8339120375 0.696759259375 0.8292824083333333 0.6956018515625 0.8278356479166666 0.6940586421875 0.8194444437499999 0.69540895 0.8165509249999999 0.70408950625 0.8142361104166667 0.704475309375 0.8101851854166667 0.7033179015625 0.8087384249999999 0.7033179015625 0.80758101875 0.7004243828125001 0.8058449083333333 0.6994598765625 0.8020833333333334 0.6961805562500001 0.7980324083333333 0.6927083328125 0.7994791666666666 0.691358025 0.8015046291666666 0.6896219140625 0.8020833333333334 0.6859567906249999 0.8055555562500001 0.6819058640625 0.8049768520833334 0.6793981484375 0.80179398125 0.676311728125 0.79976851875 0.6734182093750001 0.79976851875 0.6707175921874999 0.8015046291666666 0.6695601859375 0.8055555562500001 0.6687885796875 0.8125 0.6734182093750001 0.8200231479166666 0.671489196875 0.8304398145833333 0.671489196875 0.8318865750000001
0 0.3209876546875 0.17071759166666667 0.3209876546875 0.171875 0.321759259375 0.17158564791666667 0.3209876546875 0.17071759166666667
0 0.3356481484375 0.17013888958333334 0.3356481484375 0.16666666666666666 0.33294753125 0.16464120416666667 0.32966820937499997 0.16464120416666667 0.32908950625 0.1660879625 0.3279320984375 0.16666666666666666 0.3269675921875 0.16840277708333332 0.3312114203125 0.17245370416666667 0.33506944375000003 0.17216435208333333 0.3356481484375 0.17013888958333334
0 0.3103780859375 0.14409722291666668 0.31095679062500003 0.14409722291666668 0.3105709875 0.14322916666666666 0.3103780859375 0.14409722291666668
0 0.2478780859375 0.029224537499999998 0.2519290125 0.029224537499999998 0.248456790625 0.028645833333333332 0.2478780859375 0.029224537499999998
0 0.2559799375 0.008969908333333334 0.255401234375 0.0078125 0.253215084375 0.0078125 0.2530864203125 0.009259258333333333 0.2521219140625 0.0078125 0.2511574078125 0.008391204166666666 0.2550154328125 0.010995370833333332 0.2557870375 0.010416666666666666 0.2559799375 0.008969908333333334
0 0.2824074078125 0 0.28221450625 0.0020254625 0.27970679062500003 0.0034722229166666663 0.27642746875 0.003761575 0.2762345671875 0.004629629166666666 0.27237654375 0.005497685416666666 0.26909722187499996 0.005208333333333333 0.2658179015625 0.013888889583333335 0.2636959875 0.017071758333333336 0.2625385796875 0.02112268541666667 0.2598379625 0.024016204166666666 0.2584876546875 0.027199075 0.25675154375 0.028645833333333332 0.2557870375 0.031828704166666666 0.2540509265625 0.03356481458333334 0.2532793203125 0.03761574166666667 0.252507715625 0.05121527708333333 0.2511574078125 0.05700231458333334 0.2511574078125 0.059895833333333336 0.250578703125 0.06018518541666666 0.24903549374999998 0.07725694375 0.2478780859375 0.08043981458333334 0.2472993828125 0.08651620416666667 0.2478780859375 0.089988425 0.2492283953125 0.09259259166666665 0.24942129687499998 0.10648148125 0.24864969062500003 0.109375 0.24903549374999998 0.113136575 0.250578703125 0.12008101875 0.252507715625 0.12268518541666666 0.252507715625 0.125 0.2530864203125 0.12528935208333333 0.2540509265625 0.12991898125 0.2557870375 0.13194444375 0.2571373453125 0.13541666666666666 0.2619598765625 0.13975694375 0.2638888890625 0.13946759166666667 0.26601080312500003 0.13715277708333332 0.2687114203125 0.13570601875000002 0.2716049375 0.13599537083333332 0.2843364203125 0.14496527708333332 0.28800154375 0.14612268541666668 0.2910879625 0.14496527708333332 0.29340277812500004 0.14207175833333335 0.30902777812500004 0.14207175833333335 0.311921296875 0.136863425 0.3171296296875 0.13425925833333335 0.3177083328125 0.13310185208333333 0.321759259375 0.13165509166666667 0.3238811734375 0.12876157500000002 0.32908950625 0.12413194375 0.3304398140625 0.12065972291666666 0.3304398140625 0.11689814791666667 0.32908950625 0.10879629583333333 0.3263888890625 0.1035879625 0.325617284375 0.09895833333333333 0.3231095671875 0.09403935208333333 0.3231095671875 0.0917245375 0.3209876546875 0.08825231458333334 0.3190586421875 0.07754629583333333 0.3190586421875 0.07378472291666666 0.317901234375 0.07175925833333333 0.3175154328125 0.06510416666666667 0.3144290125 0.05381944375 0.3146219140625 0.03993055625 0.3165509265625 0.03443287083333334 0.317901234375 0.0332754625 0.319830246875 0.029224537499999998 0.31925154375 0.019097222916666667 0.31520061718750003 0.013020833333333334 0.309992284375 0.007523147916666667 0.3065200625 0.006076389583333333 0.305169753125 0.0031828708333333333 0.3026620375 0.0014467583333333332 0.3026620375 0 0.2824074078125 0
0 0.24305555625 0 0.24305555625 0.0017361104166666666 0.2472993828125 0.0031828708333333333 0.2478780859375 0.00491898125 0.248456790625 0.00491898125 0.24942129687499998 0 0.24305555625 0
0 0.2640625 0.13333333333333333 0.00390625 0.0010416666666666667
0 0.3105709875 0.12644675833333333 0.31172839531249996 0.11863425833333333 0.3103780859375 0.11689814791666667 0.3105709875 0.12644675833333333
0 0.319830246875 0.10821759166666665 0.32040894999999997 0.11024305625 0.3244598765625 0.10792824166666667 0.3248456796875 0.105324075 0.3223379625 0.10445601875 0.3209876546875 0.10214120416666667 0.32040894999999997 0.10763888958333333 0.3177083328125 0.10879629583333333 0.3177083328125 0.11082175833333333 0.3186728390625 0.11053240833333335 0.318865740625 0.10879629583333333 0.319830246875 0.10821759166666665
0 0.31095679062500003 0.044270833333333336 0.31114969062500003 0.043113425000000004 0.3101851859375 0.04253472291666667 0.31095679062500003 0.0410879625 0.3103780859375 0.040798610416666665 0.30979938281249997 0.04340277708333333 0.3105709875 0.045138889583333335 0.3103780859375 0.044270833333333336 0.31095679062500003 0.044270833333333336
0 0.08487654375 0.03935185208333333 0.0842978390625 0.04021990833333333 0.08487654375 0.04050925833333333 0.08506944375 0.045138889583333335 0.08487654375 0.03935185208333333
0 0.250578703125 0.06886574166666667 0.250578703125 0.07523148125 0.2511574078125 0.07552083333333333 0.25135030937499997 0.07870370416666667 0.2530864203125 0.07725694375 0.2546296296875 0.06973379583333333 0.2565586421875 0.06799768541666666 0.2559799375 0.066550925 0.2565586421875 0.05902777708333333 0.2559799375 0.058449074999999996 0.2557870375 0.04369212916666666 0.2550154328125 0.042824074999999996 0.254436728125 0.05410879583333333 0.2532793203125 0.06018518541666666 0.2532793203125 0.06365740833333333 0.2517361109375 0.06481481458333334 0.2511574078125 0.06857638958333333 0.250578703125 0.06886574166666667
0 0.077739196875 0.02835648125 0.077546296875 0.029224537499999998 0.0783179015625 0.030092591666666668 0.0783179015625 0.02835648125 0.077739196875 0.02835648125
0 0.2970679015625 0 0.2970679015625 0.0017361104166666666 0.30034722187499996 0.0031828708333333333 0.3005401234375 0 0.2970679015625 0
0 0.2849151234375 0 0.28472222187499996 0.0020254625 0.28260030937499997 0.002314814583333333 0.28028549375 0.00491898125 0.2752700625 0.005497685416666666 0.2714120375 0.007233795833333333 0.271026234375 0.009259258333333333 0.27237654375 0.010995370833333332 0.2831790125 0.010127314583333333 0.285686728125 0.007523147916666667 0.2908950625 0.0057870375 0.2922453703125 0.0020254625 0.2937885796875 0.0017361104166666666 0.2937885796875 0 0.2849151234375 0
0 0.1437114203125 0 0.1437114203125 0.0017361104166666666 0.14081790156250001 0.003761575 0.140625 0.004629629166666666 0.1363811734375 0.005497685416666666 0.1348379625 0.0078125 0.1346450625 0.0098379625 0.13213734531250002 0.013020833333333334 0.1315586421875 0.015335647916666667 0.131365740625 0.023726852083333336 0.1296296296875 0.03269675833333333 0.1296296296875 0.036458333333333336 0.1309799375 0.0390625 0.1315586421875 0.04253472291666667 0.131365740625 0.05121527708333333 0.13213734531250002 0.05815972291666667 0.13290895 0.059895833333333336 0.13290895 0.06307870416666667 0.13348765468749998 0.06336805625 0.13348765468749998 0.06510416666666667 0.1348379625 0.06857638958333333 0.1369598765625 0.07089120416666667 0.14737654375 0.06799768541666666 0.14853395 0.06857638958333333 0.1510416671875 0.07118055625 0.15277777812499999 0.08043981458333334 0.15470679062499998 0.08333333333333333 0.1574074078125 0.089699075 0.1682098765625 0.089699075 0.1699459875 0.09317129583333333 0.1707175921875 0.09837962916666668 0.17476851875 0.10619212916666668 0.1822916671875 0.10677083333333333 0.18267746875 0.10792824166666667 0.188850309375 0.11371527708333334 0.1905864203125 0.11371527708333334 0.19463734531250002 0.11631944375 0.20331790156250001 0.11747685208333333 0.20601851875000002 0.113136575 0.20601851875000002 0.11168981458333334 0.2073688265625 0.10908564791666667 0.20987654375 0.10763888958333333 0.21006944375 0.10677083333333333 0.2125771609375 0.10590277708333334 0.21547067968750003 0.10040509166666665 0.22202932031249997 0.09548611041666667 0.22588734531250002 0.08304398125 0.22839506250000002 0.08101851875 0.23070987656250003 0.08043981458333334 0.2332175921875 0.07783564791666667 0.233989196875 0.074074075 0.23533950625000002 0.07175925833333333 0.235918209375 0.06394675833333334 0.23688271562500002 0.06018518541666666 0.24151234531250002 0.05960648125 0.24324845625 0.05815972291666667 0.24402006250000002 0.05526620416666667 0.2438271609375 0.05005787083333334 0.242669753125 0.04571759166666667 0.242669753125 0.04340277708333333 0.24131944375 0.03993055625 0.23996913593750002 0.02835648125 0.24131944375 0.026909722916666667 0.24324845625 0.029224537499999998 0.2476851859375 0.031828704166666666 0.25289351875 0.03211805625 0.254436728125 0.02893518541666667 0.2559799375 0.028067129166666666 0.25675154375 0.02575231458333333 0.259259259375 0.022858795833333334 0.259259259375 0.021701389583333335 0.2619598765625 0.015914352083333333 0.2623456796875 0.011863425 0.2521219140625 0.0020254625 0.2519290125 0 0.1437114203125 0
0 0.0491898140625 0.2129629625 0.0491898140625 0.21440972291666668 0.0509259265625 0.21788194375 0.0511188265625 0.22019675833333335 0.05169753125 0.22048611041666666 0.053047839062500005 0.22540509166666667 0.05574845625 0.22916666666666666 0.07137345625 0.23003472291666668 0.0808256171875 0.23611111041666666 0.08294753125 0.23871527708333332 0.087384259375 0.2401620375 0.0881558640625 0.24131944375 0.0935570984375 0.24160879583333333 0.0958719140625 0.24131944375 0.09625771562499999 0.24045138958333334 0.09895833281250001 0.23987268541666668 0.10223765468749998 0.23755787083333332 0.10358796249999999 0.23495370416666667 0.1057098765625 0.23321759166666667 0.1095679015625 0.2265625 0.1095679015625 0.2109375 0.108989196875 0.21035879583333333 0.1082175921875 0.20457175833333335 0.1076388890625 0.20254629583333333 0.10435956718749999 0.1973379625 0.10300925937500001 0.19097222291666668 0.0997299375 0.18258101875000002 0.09625771562499999 0.17910879583333333 0.09567901250000001 0.17737268541666668 0.092206790625 0.175925925 0.0881558640625 0.175925925 0.08699845625 0.17505787083333332 0.08063271562499999 0.17418981458333332 0.0804398140625 0.17332175833333335 0.0738811734375 0.171875 0.0623070984375 0.17013888958333334 0.0597993828125 0.167824075 0.0549768515625 0.16637731458333332 0.05362654375 0.16464120416666667 0.0491898140625 0.167824075 0.0491898140625 0.1698495375 0.048418209375 0.17071759166666667 0.048225309375 0.17245370416666667 0.047260803125 0.17332175833333335 0.046875 0.17534722291666668 0.0457175921875 0.17679398124999998 0.0449459875 0.18055555625 0.042438271875 0.1854745375 0.0418595671875 0.19010416666666666 0.0445601859375 0.20630787083333332 0.047260803125 0.21122685208333333 0.0491898140625 0.2129629625
0 0.1296296296875 0.8159722229166667 0.1296296296875 0.8179976854166667 0.1315586421875 0.8177083333333334 0.1309799375 0.8159722229166667 0.1296296296875 0.8159722229166667
0 0.1516203703125 0.7063078708333334 0.1506558640625 0.7048611104166667 0.1500771609375 0.7074652770833333 0.150848765625 0.7094907416666667 0.15142746875 0.7089120375 0.1516203703125 0.7063078708333334
0 0.1190200625 0.6707175916666667 0.12017746874999999 0.67476851875 0.123649690625 0.6788194437499999 0.12519290156250001 0.6793981479166666 0.12750771562500002 0.68258101875 0.12750771562500002 0.6840277770833333 0.1282793203125 0.6848958333333334 0.1282793203125 0.6883680562500001 0.1302083328125 0.6938657416666667 0.134259259375 0.6938657416666667 0.13908179062499998 0.69241898125 0.1394675921875 0.6915509249999999 0.14776234531250002 0.6898148145833333 0.14930555625 0.6880787041666667 0.1520061734375 0.6802662041666667 0.15875771562500002 0.6860532416666667 0.157600309375 0.6898148145833333 0.157600309375 0.6941550916666667 0.15875771562500002 0.6964699083333333 0.1620370375 0.6987847229166667 0.16300154375 0.7065972229166667 0.1658950625 0.7123842583333333 0.1668595671875 0.7164351854166667 0.171489196875 0.7225115750000001 0.1780478390625 0.7268518520833334 0.1819058640625 0.7277199083333333 0.186149690625 0.7306134249999999 0.1894290125 0.73148148125 0.1896219140625 0.7323495375 0.193865740625 0.7340856479166666 0.20061728437499998 0.7340856479166666 0.20601851875000002 0.7323495375 0.2073688265625 0.7306134249999999 0.2081404328125 0.7233796291666666 0.21064814843750002 0.7199074083333333 0.2125771609375 0.7089120375 0.2145061734375 0.703125 0.2145061734375 0.69820601875 0.213348765625 0.6929976854166667 0.213348765625 0.6817129625 0.21392746875 0.67679398125 0.213348765625 0.671875 0.207561728125 0.6629050916666667 0.203510803125 0.6608796291666666 0.20331790156250001 0.6600115750000001 0.1984953703125 0.65914351875 0.1950231484375 0.6571180562500001 0.1927083328125 0.6536458333333334 0.1907793203125 0.6490162041666667 0.1907793203125 0.640625 0.1927083328125 0.6368634249999999 0.2010030859375 0.63773148125 0.2011959875 0.6385995375 0.206597221875 0.6403356479166666 0.213348765625 0.6403356479166666 0.21547067968750003 0.6374421291666666 0.2168209875 0.6368634249999999 0.219135803125 0.6319444437499999 0.2206790125 0.6307870375 0.2206790125 0.6264467583333333 0.21817129687499998 0.6244212958333333 0.2145061734375 0.6151620375 0.21199845625 0.61226851875 0.2073688265625 0.6021412041666667 0.202739196875 0.5989583333333334 0.20331790156250001 0.5934606479166666 0.20408950625000002 0.5923032416666667 0.20408950625000002 0.5876736104166667 0.202739196875 0.5842013895833333 0.20023148124999998 0.5813078708333334 0.19540895 0.5778356479166666 0.1902006171875 0.5766782416666667 0.1894290125 0.5755208333333334 0.186921296875 0.57523148125 0.186149690625 0.5743634249999999 0.1784336421875 0.5760995375 0.1741898140625 0.5760995375 0.171296296875 0.5746527770833333 0.1668595671875 0.578125 0.1658950625 0.5795717583333333 0.16473765468749998 0.5853587958333333 0.16473765468749998 0.5989583333333334 0.16415895 0.5992476854166667 0.16396605 0.6035879625 0.16338734531250002 0.6038773145833333 0.1622299375 0.6096643520833334 0.1622299375 0.6131365750000001 0.1612654328125 0.6145833333333334 0.1574074078125 0.6140046291666666 0.15547839531250002 0.6102430562500001 0.1510416671875 0.6056134249999999 0.1481481484375 0.5972222229166667 0.1446759265625 0.5911458333333334 0.13888888906250002 0.5839120375 0.1373456796875 0.5827546291666666 0.1305941359375 0.58101851875 0.126350309375 0.5813078708333334 0.1248070984375 0.5842013895833333 0.125578703125 0.5894097229166667 0.1261574078125 0.5896990750000001 0.1261574078125 0.5975115750000001 0.125578703125 0.5978009249999999 0.125385803125 0.6027199083333333 0.12403549375 0.6056134249999999 0.124421296875 0.6090856479166666 0.12789351875 0.6102430562500001 0.13348765468749998 0.6148726854166667 0.1354166671875 0.6183449083333333 0.1359953703125 0.6255787041666667 0.1346450625 0.6302083333333334 0.133294753125 0.6316550916666667 0.12673611093749998 0.6359953708333334 0.1228780859375 0.6362847229166667 0.1213348765625 0.6388888895833333 0.1194058640625 0.6397569437499999 0.11747685156250001 0.6475694437499999 0.11554783906249999 0.6501736104166667 0.11554783906249999 0.6614583333333334 0.11747685156250001 0.6637731479166666 0.11882716093750001 0.66695601875 0.1190200625 0.6707175916666667
0 0.3834876546875 0.2760416666666667 0.38792438281249997 0.2760416666666667 0.3894675921875 0.27980324166666665 0.3908179015625 0.28096064791666664 0.39101080312500003 0.28269675833333335 0.39409722187499996 0.28616898125 0.3987268515625 0.28877314791666664 0.400848765625 0.29369212916666665 0.4041280859375 0.296875 0.40586419687499997 0.296875 0.4079861109375 0.29832175833333335 0.40933642031249995 0.30034722291666666 0.4112654328125 0.30931712916666665 0.41319444375 0.31105324166666665 0.41415895 0.31307870416666667 0.4176311734375 0.3148148145833333 0.42534722187499996 0.31452546249999996 0.435956790625 0.30584490833333333 0.4402006171875 0.296875 0.44155092656250006 0.29021990833333333 0.4440586421875 0.2873263895833333 0.4456018515625 0.28240740833333333 0.446759259375 0.28153935208333336 0.44945987656249997 0.27546296249999996 0.4513888890625 0.27372685208333336 0.45293209843750004 0.27025462916666665 0.45659722187499996 0.26649305625 0.46045524687499995 0.26649305625 0.46392746875 0.2679398145833333 0.467206790625 0.26649305625 0.46797839531249996 0.26533564791666664 0.46817129687500003 0.2552083333333333 0.47010030937499997 0.24479166666666666 0.4699074078125 0.23958333333333334 0.46797839531249996 0.23206018541666668 0.46797839531249996 0.22974537083333332 0.46682098749999995 0.22829861041666666 0.4660493828125 0.2245370375 0.4645061734375 0.22164351875000002 0.46257716093749995 0.22048611041666666 0.46199845625 0.21614583333333334 0.46469907343749994 0.21759259166666667 0.46739969062500003 0.21759259166666667 0.46875 0.21614583333333334 0.471257715625 0.21527777708333332 0.47743055625 0.20486111041666666 0.48533950625 0.20138888958333334 0.48746142031249995 0.19878472291666668 0.49112654375 0.19762731458333332 0.49382716093749995 0.18981481458333332 0.494598765625 0.18923611041666666 0.49266975312500005 0.18258101875000002 0.48996913593749997 0.17939814791666667 0.48996913593749997 0.17679398124999998 0.4893904328125 0.17621527708333332 0.48996913593749997 0.17303240833333333 0.49305555625 0.16724537083333332 0.49324845625 0.16377314791666667 0.49266975312500005 0.16087962916666668 0.48784722187499996 0.15509259166666667 0.4832175921875 0.152199075 0.4793595671875 0.14728009166666667 0.481867284375 0.13888888958333334 0.48398919687499997 0.13454861041666666 0.48398919687499997 0.13310185208333333 0.4810956796875 0.12905092499999998 0.47453703750000004 0.1267361104166667 0.4720293203125 0.12731481458333332 0.47010030937499997 0.12876157500000002 0.4699074078125 0.13396990833333333 0.46932870312499997 0.13425925833333335 0.46855709843750004 0.13888888958333334 0.4666280859375 0.14236111041666666 0.46527777812500004 0.14785879583333333 0.46006944375 0.15480324166666665 0.45621142031249995 0.15480324166666665 0.45408950625 0.15277777708333332 0.44945987656249997 0.1504629625 0.447723765625 0.15335648124999998 0.44618055625 0.15393518541666668 0.44540895 0.15538194375 0.44425154375 0.15943287083333332 0.4434799375 0.16579861041666666 0.43942901250000005 0.17013888958333334 0.432098765625 0.16840277708333332 0.4268904328125 0.17303240833333333 0.4265046296875 0.17418981458333332 0.42496142031249995 0.17476851875000002 0.4191743828125 0.183738425 0.4147376546875 0.18460648124999998 0.40933642031249995 0.1895254625 0.40528549375 0.191261575 0.40258487656249997 0.19357638958333334 0.3948688265625 0.1953125 0.3904320984375 0.199074075 0.39023919687499997 0.2051504625 0.39216820937499997 0.21238425833333335 0.39139660468750004 0.21932870416666667 0.388117284375 0.22569444375 0.3873456796875 0.22916666666666666 0.3863811734375 0.22974537083333332 0.384259259375 0.234375 0.3815586421875 0.23697916666666666 0.378858025 0.24305555625 0.379436728125 0.25144675833333335 0.3790509265625 0.25723379583333333 0.3802083328125 0.27314814791666664 0.3834876546875 0.2760416666666667
0 0.8103780859375 0.2630208333333333 0.8103780859375 0.26417824166666665 0.8177083328125001 0.27314814791666664 0.821759259375 0.27459490833333333 0.8341049375 0.27633101875 0.8342978390625 0.277199075 0.8369984562499999 0.2789351854166667 0.8364197531249999 0.28038194375000003 0.8341049375 0.28182870416666667 0.8312114203125001 0.28211805624999997 0.8300540125 0.28327546249999996 0.8250385796874999 0.285011575 0.8192515437500001 0.29224537083333335 0.8184799375 0.29484953750000004 0.8184799375 0.3072916666666667 0.8163580250000001 0.31105324166666665 0.8155864203125001 0.31741898125 0.815007715625 0.3177083333333333 0.8144290125 0.32146990833333333 0.813078703125 0.324074075 0.8128858031249999 0.32725694375000003 0.811921296875 0.3298611104166667 0.8109567906249999 0.34230324166666665 0.8103780859375 0.34259259166666667 0.8103780859375 0.3489583333333333 0.8128858031249999 0.3498263895833333 0.8182870375 0.3492476854166667 0.8242669749999999 0.35185185208333336 0.8323688265625 0.35040509166666667 0.8456790125 0.3385416666666667 0.8474151234375 0.3414351854166667 0.8468364203125001 0.34664351875 0.846257715625 0.34693287083333335 0.846257715625 0.35879629583333333 0.8470293203124999 0.35995370416666667 0.8470293203124999 0.36284722291666666 0.8489583328125001 0.37297453750000004 0.8489583328125001 0.37702546249999996 0.85165895 0.37962962916666665 0.8570601859375 0.37702546249999996 0.862847221875 0.37644675833333335 0.8663194437499999 0.37528935208333336 0.8665123453125 0.37442129583333333 0.877507715625 0.370949075 0.8777006171874999 0.37008101875 0.8815586421875 0.3671875 0.8831018515625001 0.3645833333333333 0.887152778125 0.36226851875 0.89351851875 0.3611111104166667 0.8952546296874999 0.35995370416666667 0.8973765437500001 0.35792824166666665 0.8981481484374999 0.355324075 0.8991126546875 0.35474537083333335 0.9010416671874999 0.35098379583333333 0.9021990734375 0.35040509166666667 0.9052854937499999 0.3498263895833333 0.9114583328125001 0.3515625 0.9149305562500001 0.35040509166666667 0.9160879625 0.3489583333333333 0.9174382718749999 0.34490740833333333 0.9174382718749999 0.32899305624999997 0.9168595671875 0.328125 0.918402778125 0.3263888895833333 0.9245756171874999 0.32841435208333336 0.9324845671875 0.32725694375000003 0.934027778125 0.3229166666666667 0.934027778125 0.32089120416666667 0.9367283953125 0.316550925 0.9386574078125 0.30584490833333333 0.9394290125 0.30439814791666664 0.9394290125 0.30150462916666665 0.938850309375 0.300925925 0.9378858031249999 0.29340277708333334 0.9367283953125 0.29021990833333333 0.9375 0.28327546249999996 0.9367283953125 0.27546296249999996 0.9353780859375 0.27372685208333336 0.9342206796875001 0.26996527708333334 0.934027778125 0.26446759166666667 0.9309413578125 0.25839120416666667 0.925347221875 0.25636574166666665 0.9220679015625001 0.25752314791666664 0.920524690625 0.25954861041666666 0.9168595671875 0.26128472291666666 0.91396605 0.26504629583333333 0.9066358031249999 0.269386575 0.8973765437500001 0.26996527708333334 0.8962191359375 0.26909722291666666 0.8964120375 0.2523148145833333 0.9002700625 0.24710648124999998 0.908757715625 0.24131944375 0.9120370375 0.23755787083333332 0.9122299375 0.23524305625 0.9128086421875 0.23466435208333333 0.9128086421875 0.22222222291666668 0.9122299375 0.22164351875000002 0.9120370375 0.21875 0.9081790125 0.2109375 0.8977623453125 0.21006944375 0.8975694437499999 0.20920138958333334 0.8942901234375 0.20775462916666668 0.8904320984374999 0.207175925 0.88773148125 0.20486111041666666 0.8817515437500001 0.20196759166666667 0.8792438265625 0.199074075 0.87017746875 0.19704861041666666 0.862847221875 0.199074075 0.862847221875 0.20428240833333333 0.8634259265625 0.20457175833333335 0.8649691359375 0.21209490833333333 0.8649691359375 0.21412037083333332 0.8634259265625 0.21585648124999998 0.861882715625 0.21556712916666668 0.8603395062500001 0.2129629625 0.8582175921875 0.21180555625 0.856867284375 0.20775462916666668 0.853009259375 0.20254629583333333 0.8414351859375 0.20167824166666665 0.838348765625 0.20283564791666667 0.8369984562499999 0.20601851875000002 0.8366126546875 0.21875 0.8352623453125 0.22019675833333335 0.831597221875 0.22048611041666666 0.8300540125 0.22222222291666668 0.8279320984374999 0.222800925 0.8263888890625 0.22598379583333333 0.8250385796874999 0.22714120416666667 0.8242669749999999 0.22945601875000002 0.8192515437500001 0.23466435208333333 0.8184799375 0.23755787083333332 0.8165509265625 0.24074074166666665 0.8161651234375 0.24305555625 0.815007715625 0.24450231458333332 0.815007715625 0.245949075 0.8092206796875001 0.25491898125 0.809027778125 0.25665509166666667 0.8084490734375 0.25694444375 0.8084490734375 0.2598379625 0.8103780859375 0.2630208333333333
0 0.78125 0.4348958333333333 0.7797067906249999 0.43894675833333335 0.779899690625 0.44965277708333334 0.780671296875 0.45254629583333333 0.7824074078125001 0.45370370416666667 0.7887731484375 0.45428240833333333 0.7926311734375 0.456886575 0.8001543203124999 0.4583333333333333 0.8018904328125 0.46064814791666664 0.80478395 0.46238425833333335 0.8084490734375 0.47077546249999996 0.8109567906249999 0.47337962916666665 0.813078703125 0.46846064791666664 0.8144290125 0.46730324166666665 0.8144290125 0.45949074166666665 0.8117283953125 0.45196759166666667 0.8117283953125 0.44328703750000004 0.8128858031249999 0.44039351875 0.8144290125 0.4392361104166667 0.8163580250000001 0.4357638895833333 0.8171296296874999 0.43171296249999996 0.8157793203124999 0.42910879583333333 0.8144290125 0.42216435208333336 0.8136574078125 0.42158564791666664 0.8128858031249999 0.41724537083333335 0.8117283953125 0.4157986104166667 0.8097993828125001 0.40914351875 0.8063271609375 0.40509259166666667 0.8040123453125 0.4039351854166667 0.7897376546875 0.402488425 0.7872299375 0.40422453750000004 0.785686728125 0.40943287083333335 0.78125 0.41464120416666667 0.779899690625 0.421875 0.7791280859375 0.42274305624999997 0.7785493828125001 0.42910879583333333 0.7791280859375 0.43055555624999997 0.78028549375 0.43113425833333335 0.78125 0.4348958333333333
0 0.05574845625 0.12789351875 0.053819443749999994 0.13165509166666667 0.053047839062500005 0.13773148124999998 0.05362654375 0.13802083333333334 0.055169753125 0.14785879583333333 0.057098765625000006 0.15451388958333334 0.060185185937499996 0.15943287083333332 0.061921296875 0.16550925833333335 0.0661651234375 0.16840277708333332 0.06905864218749999 0.16898148124999998 0.06925154375 0.1698495375 0.0804398140625 0.17274305625 0.095293209375 0.17303240833333333 0.10088734531250002 0.17997685208333333 0.10300925937500001 0.18026620416666667 0.104938271875 0.17621527708333332 0.1051311734375 0.17332175833333335 0.1060956796875 0.17100694375 0.10628857968750001 0.16377314791666667 0.10358796249999999 0.15769675833333335 0.10300925937500001 0.15393518541666668 0.10223765468749998 0.15335648124999998 0.09953703750000001 0.14149305625 0.0970293203125 0.136863425 0.0968364203125 0.13194444375 0.0958719140625 0.12818287083333332 0.0964506171875 0.10966435208333333 0.09567901250000001 0.105324075 0.09567901250000001 0.089988425 0.09297839531249999 0.08304398125 0.0910493828125 0.08130787083333332 0.088348765625 0.08101851875 0.08603395 0.08420138958333333 0.08506944375 0.08449074166666667 0.0831404328125 0.09143518541666666 0.08294753125 0.09432870416666667 0.07889660468750001 0.10069444375 0.07291666718749999 0.10387731458333334 0.063850309375 0.10300925833333333 0.060378085937500006 0.1015625 0.0584490734375 0.10214120416666667 0.05729166718749999 0.10503472291666666 0.05767746875 0.1151620375 0.0582561734375 0.11545138958333333 0.05767746875 0.12615740833333333 0.05574845625 0.12789351875
0 0.077739196875 0.0098379625 0.0783179015625 0.010127314583333333 0.0779320984375 0.006365741666666667 0.077739196875 0.0098379625
0 0.9359567906249999 0.7954282416666667 0.9315200625 0.7960069437499999 0.9299768515625001 0.7965856479166666 0.9353780859375 0.7977430562500001 0.9373070984374999 0.7965856479166666 0.9359567906249999 0.7954282416666667
0 0.906828703125 0.7268518520833334 0.905671296875 0.7303240750000001 0.905671296875 0.7462384249999999 0.906828703125 0.7520254625 0.912615740625 0.7552083333333334 0.91396605 0.7575231479166666 0.9108796296874999 0.7754629625 0.9108796296874999 0.7792245375 0.9128086421875 0.7832754625 0.9157021609375 0.7850115750000001 0.9160879625 0.78616898125 0.9207175921875 0.7876157416666667 0.9338348765625 0.7879050916666667 0.9357638890625 0.7887731479166666 0.9394290125 0.7876157416666667 0.9407793203124999 0.7835648145833333 0.9427083328125001 0.7806712958333333 0.9457947531249999 0.7806712958333333 0.9473379625 0.7826967583333333 0.9510030859375 0.7850115750000001 0.9527391968750001 0.7879050916666667 0.954475309375 0.7879050916666667 0.956597221875 0.7902199083333333 0.956597221875 0.7847222229166667 0.9554398140625 0.7829861104166667 0.9533179015625001 0.7734375 0.9527391968750001 0.7731481479166666 0.952546296875 0.7702546291666666 0.9513888890625 0.7676504625 0.9513888890625 0.7659143520833334 0.95023148125 0.7641782416666667 0.9498456796875001 0.7618634249999999 0.9481095671875 0.76070601875 0.9471450625 0.7581018520833334 0.9450231484374999 0.7563657416666667 0.9415509265625 0.7502893520833334 0.9394290125 0.7430555562500001 0.936921296875 0.7390046291666666 0.9347993828125001 0.7326388895833333 0.9355709875 0.7222222229166667 0.9378858031249999 0.7149884249999999 0.9378858031249999 0.7123842583333333 0.9351851859375 0.7094907416666667 0.9249614203125001 0.7063078708333334 0.9220679015625001 0.7028356479166666 0.9201388890625 0.7019675916666667 0.9180169749999999 0.6956018520833334 0.9168595671875 0.6973379625 0.9168595671875 0.7034143520833334 0.9182098765625 0.7103587958333333 0.919367284375 0.7123842583333333 0.919367284375 0.7193287041666667 0.918402778125 0.7207754625 0.9160879625 0.7167245375 0.9143518515625001 0.7161458333333334 0.911651234375 0.7123842583333333 0.9095293203124999 0.7129629625 0.9093364203125001 0.7164351854166667 0.9106867281250001 0.7210648145833333 0.9099151234375 0.7239583333333334 0.906828703125 0.7268518520833334
0 0 0.68258101875 0.0017361109374999999 0.68258101875 0.0040509265624999995 0.6880787041666667 0.0052083328125 0.6895254625 0.006172839062499999 0.6895254625 0.00790895 0.6921296291666666 0.00790895 0.6964699083333333 0.0106095671875 0.6996527770833333 0.011766975 0.7063078708333334 0.013695987500000001 0.7077546291666666 0.015239196875 0.7103587958333333 0.02044753125 0.7112268520833334 0.0271990734375 0.7109375 0.031057098437500003 0.7103587958333333 0.03125 0.7094907416666667 0.035686728125 0.70804398125 0.046296296875 0.7063078708333334 0.0495756171875 0.7039930562500001 0.056327160937499995 0.70601851875 0.060956790625 0.7039930562500001 0.06442901250000001 0.6984953708333334 0.0657793203125 0.6944444437499999 0.06905864218749999 0.6883680562500001 0.0709876546875 0.6793981479166666 0.0709876546875 0.6712962958333333 0.07040895 0.66898148125 0.0706018515625 0.6574074083333333 0.0731095671875 0.6498842583333333 0.0748456796875 0.6481481479166666 0.07638888906249999 0.6484375 0.077546296875 0.6498842583333333 0.077546296875 0.6530671291666666 0.0769675921875 0.65335648125 0.0769675921875 0.6646412041666667 0.077546296875 0.6652199083333333 0.0779320984375 0.6692708333333334 0.0804398140625 0.6733217583333333 0.0804398140625 0.67476851875 0.081597221875 0.6762152770833333 0.0837191359375 0.6762152770833333 0.085455246875 0.6773726854166667 0.088348765625 0.6822916666666666 0.095100309375 0.6831597229166667 0.10011574062499999 0.6762152770833333 0.10300925937500001 0.6744791666666666 0.1057098765625 0.6698495375 0.106867284375 0.6663773145833333 0.106867284375 0.6637731479166666 0.1076388890625 0.6631944437499999 0.10783179062499999 0.6617476854166667 0.11033950625 0.6588541666666666 0.112847221875 0.6542245375 0.1149691359375 0.6536458333333334 0.11574074062499999 0.6507523145833333 0.11612654375 0.6420717583333333 0.11824845625 0.6400462958333333 0.11882716093750001 0.6362847229166667 0.1207561734375 0.6348379625 0.121527778125 0.6316550916666667 0.121527778125 0.6264467583333333 0.1203703703125 0.6206597229166667 0.12017746874999999 0.6157407416666667 0.119598765625 0.6137152770833333 0.11824845625 0.61226851875 0.11766975312500001 0.6087962958333333 0.1190200625 0.6056134249999999 0.12094907343750001 0.60445601875 0.1226851859375 0.6006944437499999 0.1242283953125 0.5992476854166667 0.1242283953125 0.5905671291666666 0.1230709875 0.5876736104166667 0.1226851859375 0.5842013895833333 0.119598765625 0.5795717583333333 0.11689814843749999 0.5775462958333333 0.108989196875 0.5772569437499999 0.1051311734375 0.5795717583333333 0.10165895 0.5842013895833333 0.10088734531250002 0.5885416666666666 0.0983796296875 0.5923032416666667 0.0968364203125 0.5969328708333334 0.092206790625 0.6030092583333333 0.0896990734375 0.6050347229166667 0.08854166718749999 0.6073495375 0.08680555625 0.6056134249999999 0.0856481484375 0.6006944437499999 0.084490740625 0.59866898125 0.08506944375 0.5882523145833333 0.0856481484375 0.5876736104166667 0.0856481484375 0.5787037041666667 0.0823688265625 0.5677083333333334 0.0792824078125 0.5645254625 0.07523148125 0.5630787041666667 0.0719521609375 0.5604745375 0.068865740625 0.5601851854166667 0.0648148140625 0.5581597229166667 0.060378085937500006 0.55960648125 0.060185185937499996 0.5633680562500001 0.059027778125 0.5671296291666666 0.0574845671875 0.5691550916666667 0.05362654375 0.5685763895833333 0.050733025 0.5659722229166667 0.0437885796875 0.5639467583333333 0.0364583328125 0.5659722229166667 0.034143518750000004 0.5688657416666667 0.032600309375 0.5691550916666667 0.029706790625 0.5726273145833333 0.02642746875 0.5740740750000001 0.024884259375000002 0.5766782416666667 0.02256944375 0.5778356479166666 0.0206404328125 0.5813078708333334 0.017168209375 0.5842013895833333 0.0144675921875 0.5879629625 0.0144675921875 0.5943287041666667 0.0133101859375 0.6012731479166666 0.013117284375 0.6082175916666667 0.0125385796875 0.6085069437499999 0.0144675921875 0.6166087958333333 0.0189043203125 0.6197916666666666 0.019097221875 0.6206597229166667 0.021026234375 0.6209490750000001 0.028935185937500003 0.6209490750000001 0.0333719140625 0.6189236104166667 0.0368441359375 0.6189236104166667 0.03896605 0.6226851854166667 0.0383873453125 0.6273148145833333 0.0362654328125 0.6304976854166667 0.030671296874999997 0.6331018520833334 0.029706790625 0.6348379625 0.02642746875 0.6365740750000001 0.025462962500000002 0.6403356479166666 0.02256944375 0.6417824083333333 0.021990740624999998 0.6429398145833333 0.019097221875 0.6438078708333334 0.0158179015625 0.6493055562500001 0.013695987500000001 0.6490162041666667 0.011959876562500001 0.6458333333333334 0.010995370312499999 0.6490162041666667 0.0071373453125 0.6504629625 0.0059799375 0.6530671291666666 0.0040509265624999995 0.6542245375 0.001543209375 0.6594328708333334 0 0.6594328708333334 0 0.6727430562500001 0.001543209375 0.6727430562500001 0.003858025 0.67476851875 0.002507715625 0.6799768520833334 0.0017361109374999999 0.6808449083333333 0 0.6808449083333333 0 0.68258101875
0 0.0271990734375 0.8284143520833334 0.0279706796875 0.8318865750000001 0.035686728125 0.8399884249999999 0.0416666671875 0.8431712958333333 0.0418595671875 0.8440393520833334 0.051504629687500005 0.8469328708333334 0.0565200625 0.8501157416666667 0.0607638890625 0.8501157416666667 0.0652006171875 0.8443287041666667 0.066358025 0.8411458333333334 0.066358025 0.8391203708333334 0.06770833281250001 0.8365162041666667 0.06905864218749999 0.8356481479166666 0.07233796249999999 0.8249421291666666 0.07638888906249999 0.8194444437499999 0.077739196875 0.81539351875 0.07908950625 0.8139467583333333 0.0802469140625 0.8101851854166667 0.0804398140625 0.8061342583333333 0.0821759265625 0.8041087958333333 0.0837191359375 0.7991898145833333 0.08391203750000001 0.7948495375 0.08506944375 0.7893518520833334 0.084490740625 0.7858796291666666 0.086419753125 0.7826967583333333 0.08506944375 0.7789351854166667 0.082561728125 0.7774884249999999 0.0706018515625 0.77633101875 0.067901234375 0.7751736104166667 0.0665509265625 0.7725694437499999 0.066358025 0.7621527770833333 0.0657793203125 0.7615740750000001 0.0655864203125 0.7581018520833334 0.06442901250000001 0.7537615750000001 0.059027778125 0.7523148145833333 0.048418209375 0.7520254625 0.0451388890625 0.7537615750000001 0.043402778125 0.7563657416666667 0.041087962500000005 0.7572337958333333 0.0364583328125 0.76273148125 0.031828703125 0.7699652770833333 0.031057098437500003 0.7737268520833334 0.0291280859375 0.7771990750000001 0.027777778125000003 0.7870370375 0.0260416671875 0.7896412041666667 0.0250771609375 0.7948495375 0.02449845625 0.7951388895833333 0.02449845625 0.8214699083333333 0.0250771609375 0.8217592583333333 0.025270062500000003 0.8249421291666666 0.0271990734375 0.8284143520833334
0 0.7941743828125001 0.13628472291666668 0.796489196875 0.13888888958333334 0.796489196875 0.14091435208333333 0.7957175921874999 0.14149305625 0.7945601859375 0.14583333333333334 0.794367284375 0.15914351875000002 0.7937885796875 0.15943287083333332 0.7937885796875 0.16174768541666668 0.794367284375 0.1620370375 0.7945601859375 0.16898148124999998 0.7957175921874999 0.17795138958333334 0.796296296875 0.17824074166666665 0.796489196875 0.18026620416666667 0.7991898140625 0.183738425 0.8038194437499999 0.183449075 0.8038194437499999 0.18200231458333332 0.8051697531249999 0.17997685208333333 0.8063271609375 0.17621527708333332 0.8128858031249999 0.1660879625 0.813078703125 0.16464120416666667 0.8146219140625 0.16290509166666667 0.8184799375 0.1542245375 0.8209876546875 0.15190972291666668 0.8223379625 0.14930555625 0.8296682093750001 0.14496527708333332 0.8414351859375 0.14496527708333332 0.845100309375 0.140625 0.8487654328125 0.1385995375 0.8508873453125 0.14091435208333333 0.8522376546875 0.1582754625 0.8535879625 0.16290509166666667 0.8543595671875 0.16348379583333333 0.8551311734375 0.16724537083333332 0.8582175921875 0.17158564791666667 0.86226851875 0.171875 0.8663194437499999 0.16840277708333332 0.8690200625 0.16348379583333333 0.8709490734375 0.16174768541666668 0.871527778125 0.15856481458333332 0.8722993828125001 0.15798611041666666 0.8722993828125001 0.15653935208333333 0.873649690625 0.1542245375 0.874421296875 0.14988425833333335 0.8761574078125 0.1464120375 0.8807870375 0.140625 0.8815586421875 0.1385995375 0.8815586421875 0.13425925833333335 0.8809799375 0.13368055625 0.8807870375 0.12991898125 0.8790509265625 0.12471064791666667 0.8782793203124999 0.11631944375 0.880401234375 0.11371527708333334 0.8838734562499999 0.11226851875 0.8869598765625 0.109375 0.88773148125 0.105324075 0.8854166671874999 0.09693287083333332 0.8817515437500001 0.09114583333333333 0.8796296296874999 0.081886575 0.8782793203124999 0.07986111041666667 0.8780864203125001 0.078125 0.8742283953125 0.07378472291666666 0.8728780859375 0.07349537083333332 0.87017746875 0.06973379583333333 0.86709105 0.0682870375 0.8663194437499999 0.06712962916666668 0.862847221875 0.066550925 0.8543595671875 0.06973379583333333 0.853009259375 0.0723379625 0.8508873453125 0.07349537083333332 0.8495370375 0.07754629583333333 0.8481867281250001 0.078125 0.8452932093750001 0.08304398125 0.8445216046875 0.08304398125 0.8385416671874999 0.08101851875 0.8364197531249999 0.07783564791666667 0.8354552468750001 0.07754629583333333 0.8337191359375 0.07262731458333334 0.8337191359375 0.07002314791666667 0.8327546296874999 0.06684027708333334 0.8300540125 0.06307870416666667 0.8250385796874999 0.05960648125 0.82040895 0.05960648125 0.8092206796875001 0.066550925 0.8024691359375 0.074074075 0.80169753125 0.07754629583333333 0.8011188265625 0.07783564791666667 0.8009259265625 0.08449074166666667 0.7988040125 0.08825231458333334 0.7951388890625 0.09143518541666666 0.794367284375 0.09461805625 0.793016975 0.09606481458333334 0.7916666671875 0.10069444375 0.7910879625 0.10098379583333333 0.7908950625 0.1035879625 0.78915895 0.1073495375 0.7883873453125 0.11660879583333333 0.785108025 0.12789351875 0.785108025 0.13396990833333333 0.7864583328125 0.13541666666666666 0.78915895 0.136574075 0.7941743828125001 0.13628472291666668
0 0.8925540125 0.0957754625 0.8948688265625 0.0995370375 0.8971836421875 0.10098379583333333 0.9010416671874999 0.10677083333333333 0.90625 0.11024305625 0.9093364203125001 0.11111111041666667 0.9095293203124999 0.11197916666666667 0.9149305562500001 0.11197916666666667 0.9153163578125 0.11111111041666667 0.918402778125 0.11053240833333335 0.9255401234375 0.10127314791666667 0.9332561734375 0.09403935208333333 0.9407793203124999 0.082175925 0.9413580250000001 0.0801504625 0.9440586421875 0.07667824166666667 0.94540895 0.07349537083333332 0.947723765625 0.07204861041666667 0.9488811734375 0.06944444375 0.950617284375 0.06915509166666665 0.9529320984374999 0.066261575 0.95794753125 0.06394675833333334 0.9619984562499999 0.05931712916666666 0.9679783953125 0.04629629583333333 0.9679783953125 0.035300925000000004 0.9645061734375 0.03211805625 0.956597221875 0.02835648125 0.9494598765625 0.021701389583333335 0.9463734562499999 0.020833333333333332 0.9427083328125001 0.021701389583333335 0.940972221875 0.024016204166666666 0.938078703125 0.02575231458333333 0.9367283953125 0.028645833333333332 0.9353780859375 0.029513889583333335 0.9342206796875001 0.03269675833333333 0.934027778125 0.040798610416666665 0.9330632718749999 0.04224537083333334 0.9286265437500001 0.04600694375 0.91415895 0.05324074166666667 0.91396605 0.05700231458333334 0.9133873453125 0.057291666666666664 0.9133873453125 0.05960648125 0.912615740625 0.06105324166666667 0.9112654328125 0.0625 0.9029706796875001 0.06568287083333334 0.8994984562499999 0.06973379583333333 0.8981481484374999 0.07262731458333334 0.8967978390625 0.07349537083333332 0.8946759265625 0.07754629583333333 0.8937114203125001 0.07783564791666667 0.8917824078125 0.08072916666666667 0.8902391968750001 0.08130787083333332 0.8902391968750001 0.08246527708333334 0.8863811734375 0.08767361041666667 0.8869598765625 0.09056712916666668 0.8925540125 0.0957754625
0 0.908757715625 0 0.9085648140625 0.0020254625 0.904899690625 0.003761575 0.9047067906249999 0.004629629166666666 0.8989197531249999 0.00491898125 0.8971836421875 0.00694444375 0.8937114203125001 0.008391204166666666 0.891975309375 0.016493056250000002 0.8894675921875 0.019965277083333333 0.8886959875 0.024594908333333332 0.8863811734375 0.029513889583333335 0.8856095671875 0.03240740833333333 0.8856095671875 0.03790509166666667 0.8861882718749999 0.04021990833333333 0.888117284375 0.04253472291666667 0.8883101859375 0.04629629583333333 0.888117284375 0.07175925833333333 0.8902391968750001 0.074363425 0.894097221875 0.07494212916666668 0.90335648125 0.06510416666666667 0.9112654328125 0.0625 0.9128086421875 0.06105324166666667 0.91396605 0.05584490833333333 0.9168595671875 0.05179398125 0.9307484562499999 0.0448495375 0.9334490734375 0.04021990833333333 0.9342206796875001 0.0332754625 0.9353780859375 0.029224537499999998 0.9378858031249999 0.025462962500000002 0.9405864203125001 0.023726852083333336 0.9415509265625 0.021412037499999998 0.9432870375 0.019965277083333333 0.9434799375 0.016203704166666666 0.9440586421875 0.015335647916666667 0.9434799375 0.015046295833333334 0.9432870375 0.012442129166666668 0.9407793203124999 0.008391204166666666 0.9405864203125001 0.005208333333333333 0.9394290125 0.0026041666666666665 0.9394290125 0 0.908757715625 0
0 0.4083719140625 0 0.4083719140625 0.0017361104166666666 0.40682870312499997 0.002314814583333333 0.4029706796875 0.0078125 0.40277777812500004 0.009259258333333333 0.39949845625 0.015335647916666667 0.39409722187499996 0.021701389583333335 0.3929398140625 0.024305556250000002 0.39197530937499997 0.030381943749999998 0.3894675921875 0.03472222291666667 0.3888888890625 0.03761574166666667 0.3865740734375 0.04195601875 0.3840663578125 0.0448495375 0.3709490734375 0.049479166666666664 0.3624614203125 0.05758101875 0.35976080312500003 0.06163194375 0.356867284375 0.07060185208333333 0.3543595671875 0.074074075 0.3541666671875 0.0760995375 0.35165894999999997 0.08101851875 0.3503086421875 0.09548611041666667 0.350115740625 0.11226851875 0.35165894999999997 0.11747685208333333 0.3560956796875 0.12355324166666667 0.3562885796875 0.1348379625 0.35898919687499997 0.13946759166666667 0.3640046296875 0.14004629583333333 0.3655478390625 0.14236111041666666 0.36419753125 0.15075231458333332 0.3643904328125 0.1582754625 0.3655478390625 0.16145833333333334 0.36805555624999997 0.16435185208333333 0.36824845625 0.17100694375 0.3688271609375 0.17129629583333333 0.3690200625 0.17447916666666666 0.37210648125 0.18229166666666666 0.3728780859375 0.18778935208333333 0.375578703125 0.1932870375 0.3786651234375 0.19646990833333333 0.38368055624999997 0.19646990833333333 0.3883101859375 0.19415509166666667 0.40142746875 0.19212962916666668 0.402391975 0.19097222291666668 0.40663580312500003 0.1895254625 0.4147376546875 0.18258101875000002 0.41820987656249997 0.18142361041666666 0.4207175921875 0.17679398124999998 0.42206790156249996 0.17621527708333332 0.42959105 0.16724537083333332 0.43306327187500004 0.16637731458333332 0.43672839531249996 0.168113425 0.44058642031249995 0.168113425 0.44328703750000004 0.16550925833333335 0.4434799375 0.16319444375 0.4440586421875 0.16290509166666667 0.44483024687499995 0.1542245375 0.44733796249999996 0.14930555625 0.449266975 0.14756944375 0.450617284375 0.14756944375 0.4542824078125 0.14930555625 0.45601851875 0.152199075 0.4602623453125 0.152488425 0.4645061734375 0.14756944375 0.46469907343749994 0.144675925 0.4666280859375 0.13975694375 0.467206790625 0.12876157500000002 0.4660493828125 0.12268518541666666 0.4660493828125 0.11545138958333333 0.46527777812500004 0.11458333333333333 0.46527777812500004 0.11284722291666666 0.46392746875 0.109375 0.45891203750000004 0.1035879625 0.4552469140625 0.09519675833333333 0.45408950625 0.08738425833333333 0.45273919687499997 0.08506944375 0.4519675921875 0.08159722291666666 0.4519675921875 0.07349537083333332 0.45273919687499997 0.06944444375 0.45408950625 0.06799768541666666 0.4548611109375 0.06423611041666667 0.45794753125 0.05815972291666667 0.4581404328125 0.0546875 0.45871913593749997 0.05410879583333333 0.45871913593749997 0.03269675833333333 0.46006944375 0.030381943749999998 0.46006944375 0.02893518541666667 0.4577546296875 0.025462962500000002 0.45659722187499996 0.024884258333333336 0.45408950625 0.020254629166666666 0.45273919687499997 0.019386575 0.4513888890625 0.00694444375 0.450617284375 0.004629629166666666 0.44868827187500004 0.002314814583333333 0.44618055625 0.0020254625 0.4459876546875 0 0.43055555625 0 0.4303626546875 0.0020254625 0.42862654375 0.002314814583333333 0.42418981406249995 0.0020254625 0.4239969140625 0 0.4083719140625 0
0 0.9207175921875 0.23263888958333334 0.9207175921875 0.24131944375 0.923225309375 0.24508101875000002 0.9234182093750001 0.24710648124999998 0.9239969140625 0.24739583333333334 0.925347221875 0.2520254625 0.9292052468750001 0.2554976854166667 0.934992284375 0.25839120416666667 0.936149690625 0.26128472291666666 0.936149690625 0.27054398125 0.938078703125 0.27372685208333336 0.9425154328125 0.27401620416666667 0.9488811734375 0.27025462916666665 0.9504243828125001 0.27025462916666665 0.952546296875 0.2734375 0.954475309375 0.27922453750000004 0.9540895062500001 0.2829861104166667 0.956597221875 0.28587962916666665 0.9591049375 0.2864583333333333 0.9672067906249999 0.2916666666666667 0.9785879625 0.29224537083333335 0.983024690625 0.29224537083333335 0.9859182093750001 0.29108796249999996 0.9917052468750001 0.28472222291666666 0.9959490734375 0.28153935208333336 0.9972993828125001 0.27922453750000004 0.9978780859375 0.27488425833333335 0.9984567906249999 0.27401620416666667 0.9998070984374999 0.27401620416666667 0.9998070984374999 0.20283564791666667 0.9888117281250001 0.2010995375 0.9845679015625001 0.199074075 0.9807098765625 0.20052083333333334 0.9793595671875 0.20341435208333333 0.9791666671874999 0.20601851875000002 0.9785879625 0.20630787083333332 0.978009259375 0.20920138958333334 0.978009259375 0.2207754625 0.9785879625 0.22540509166666667 0.9793595671875 0.22685185208333333 0.9793595671875 0.23321759166666667 0.9805169749999999 0.24074074166666665 0.9801311734375 0.24565972291666668 0.9783950625 0.24681712916666668 0.9755015437500001 0.245949075 0.9745370375 0.24450231458333332 0.969328703125 0.24508101875000002 0.9691358031249999 0.245949075 0.9668209875 0.246238425 0.9619984562499999 0.2421875 0.9606481484374999 0.23871527708333332 0.9571759265625 0.23466435208333333 0.9498456796875001 0.23466435208333333 0.9481095671875 0.23379629583333333 0.946759259375 0.22887731458333332 0.9440586421875 0.22366898124999998 0.9440586421875 0.22222222291666668 0.9415509265625 0.21730324166666665 0.9407793203124999 0.2129629625 0.9394290125 0.21035879583333333 0.9288194437499999 0.21325231458333332 0.925347221875 0.21701388958333334 0.9234182093750001 0.22048611041666666 0.9226466046875 0.2265625 0.9214891968750001 0.22974537083333332 0.921296296875 0.2323495375 0.9207175921875 0.23263888958333334
0 0.5671296296875 0.5503472229166667 0.57021605 0.5538194437499999 0.57040895 0.5570023145833333 0.5709876546875 0.5572916666666666 0.5711805562500001 0.5598958333333334 0.5721450625 0.5607638895833333 0.5723379625 0.5642361104166667 0.5731095671875 0.56539351875 0.5750385796875 0.5778356479166666 0.577546296875 0.5818865750000001 0.577739196875 0.5850694437499999 0.5802469140625 0.5876736104166667 0.5812114203125 0.5902777770833333 0.58294753125 0.5923032416666667 0.5837191359375 0.5960648145833333 0.5842978390625 0.60648148125 0.5910493828125001 0.6151620375 0.5916280859375 0.6171875 0.5974151234375 0.6226851854166667 0.5997299375 0.6264467583333333 0.6022376546875 0.62789351875 0.6057098765625 0.6267361104166667 0.6078317906249999 0.6235532416666667 0.613811728125 0.6195023145833333 0.6155478390625 0.6171875 0.61824845625 0.6096643520833334 0.6228780859375 0.6059027770833333 0.6269290125 0.6056134249999999 0.6280864203125 0.6047453708333334 0.628858025 0.6032986104166667 0.6290509265625001 0.5975115750000001 0.6296296296875 0.5969328708333334 0.6296296296875 0.5844907416666667 0.6302083328125 0.5824652770833333 0.6315586421875 0.5821759249999999 0.6334876546875 0.5789930562500001 0.6359953703125 0.5850694437499999 0.6356095671875 0.5879629625 0.6388888890625 0.5925925916666667 0.6394675921874999 0.5957754625 0.640239196875 0.5963541666666666 0.6408179015625 0.59866898125 0.6425540125 0.6001157416666667 0.6437114203125 0.6030092583333333 0.64544753125 0.6041666666666666 0.6477623453125 0.60445601875 0.6493055562500001 0.6030092583333333 0.652777778125 0.5989583333333334 0.6529706796875 0.5975115750000001 0.6554783953125 0.5957754625 0.658757715625 0.5914351854166667 0.6595293203125 0.5870949083333333 0.6614583328125 0.5836226854166667 0.6658950625 0.5807291666666666 0.6672453703125 0.5784143520833334 0.6685956796875 0.5778356479166666 0.6701388890625 0.5729166666666666 0.6701388890625 0.5633680562500001 0.6707175921874999 0.5604745375 0.672260803125 0.5581597229166667 0.675347221875 0.5558449083333333 0.67669753125 0.5526620375 0.6759259265625001 0.5428240750000001 0.67476851875 0.5405092583333333 0.6716820984375 0.5373263895833333 0.6682098765625 0.5376157416666667 0.6657021609375 0.5422453708333334 0.6647376546875 0.5425347229166667 0.66396605 0.5451388895833333 0.6620370375 0.546875 0.6579861109375 0.5480324083333333 0.6508487656249999 0.5480324083333333 0.6452546296875 0.5532407416666667 0.6404320984375 0.5552662041666667 0.6363811734375 0.55179398125 0.63271605 0.5460069437499999 0.6304012343750001 0.5451388895833333 0.6302083328125 0.5442708333333334 0.622492284375 0.5422453708333334 0.618634259375 0.5384837958333333 0.6151620375 0.5373263895833333 0.6109182093750001 0.53414351875 0.606867284375 0.52835648125 0.604938271875 0.5234375 0.604938271875 0.5153356479166666 0.6043595671875 0.5150462958333333 0.6043595671875 0.5112847229166666 0.6033950625 0.5098379625 0.603009259375 0.5075231479166666 0.5987654328125 0.49884259166666667 0.59375 0.495949075 0.5918209875 0.4904513895833333 0.590277778125 0.488425925 0.58892746875 0.48003472291666666 0.5891203703125 0.47743055624999997 0.5914351859375 0.46932870416666667 0.5910493828125001 0.4664351854166667 0.5885416671875 0.46383101875 0.587384259375 0.46527777708333334 0.5842978390625 0.46672453750000004 0.5827546296875 0.46961805624999997 0.5779320984375 0.47222222291666666 0.5769675921874999 0.4739583333333333 0.5758101859375 0.47945601875 0.575617284375 0.48553240833333333 0.5734953703125 0.48871527708333334 0.5711805562500001 0.4904513895833333 0.5671296296875 0.4982638895833333 0.5657793203125 0.5046296291666666 0.5655864203125 0.51273148125 0.565007715625 0.5130208333333334 0.565007715625 0.51475694375 0.563850309375 0.51649305625 0.5636574078125001 0.5190972229166666 0.5623070984375 0.5219907416666667 0.5623070984375 0.5367476854166667 0.563850309375 0.5413773145833333 0.5657793203125 0.54398148125 0.5671296296875 0.5503472229166667
0 0.0636574078125 0.7531828708333334 0.0623070984375 0.75491898125 0.06500771562499999 0.7578125 0.06500771562499999 0.7598379625 0.0657793203125 0.7609953708333334 0.0665509265625 0.7719907416666667 0.06770833281250001 0.7737268520833334 0.0709876546875 0.7751736104166667 0.0823688265625 0.77633101875 0.0916280859375 0.7725694437499999 0.0968364203125 0.7659143520833334 0.10030864218749999 0.7572337958333333 0.10300925937500001 0.7546296291666666 0.10435956718749999 0.7494212958333333 0.106867284375 0.7462384249999999 0.108024690625 0.7407407416666667 0.1136188265625 0.7366898145833333 0.11882716093750001 0.7297453708333334 0.1207561734375 0.7254050916666667 0.1230709875 0.7164351854166667 0.1226851859375 0.7094907416666667 0.121527778125 0.7065972229166667 0.1217206796875 0.7042824083333333 0.1228780859375 0.7010995375 0.1277006171875 0.6956018520833334 0.1269290125 0.6938657416666667 0.1269290125 0.6843171291666666 0.1261574078125 0.6831597229166667 0.1261574078125 0.6817129625 0.1217206796875 0.6788194437499999 0.1213348765625 0.6776620375 0.11670524687499999 0.6753472229166667 0.11631944375 0.6741898145833333 0.1111111109375 0.6724537041666667 0.1082175921875 0.6724537041666667 0.10551697499999999 0.6736111104166667 0.103973765625 0.6762152770833333 0.10088734531250002 0.6779513895833333 0.10050154375 0.6793981479166666 0.0978009265625 0.6817129625 0.09664351875 0.6843171291666666 0.092206790625 0.6886574083333333 0.0852623453125 0.6817129625 0.081597221875 0.68258101875 0.0804398140625 0.6851851854166667 0.079668209375 0.6964699083333333 0.0779320984375 0.6984953708333334 0.076581790625 0.7019675916666667 0.0744598765625 0.7042824083333333 0.0721450625 0.7112268520833334 0.07040895 0.71383101875 0.07021605 0.7161458333333334 0.06770833281250001 0.7219328708333334 0.0655864203125 0.7329282416666667 0.063078703125 0.7387152770833333 0.063078703125 0.7462384249999999 0.0636574078125 0.7465277770833333 0.063850309375 0.7517361104166667 0.0636574078125 0.7531828708333334
0 0.30767746875 0 0.30767746875 0.0017361104166666666 0.30902777812500004 0.003761575 0.3092206796875 0.0057870375 0.31211419687499997 0.007523147916666667 0.318865740625 0.016203704166666666 0.3196373453125 0.019386575 0.3221450625 0.024594908333333332 0.3223379625 0.026909722916666667 0.325617284375 0.0332754625 0.3283179015625 0.035011574999999996 0.32851080312500003 0.03587962916666666 0.336419753125 0.0390625 0.3375771609375 0.04137731458333334 0.34220679062500003 0.04340277708333333 0.348186728125 0.04976851875 0.353009259375 0.05121527708333333 0.3616898140625 0.048611110416666665 0.3668981484375 0.04803240833333333 0.3703703703125 0.04571759166666667 0.37345679062500003 0.04021990833333333 0.37538580312500003 0.03472222291666667 0.3815586421875 0.028067129166666666 0.386766975 0.019965277083333333 0.3888888890625 0.01793981458333333 0.38908179062500003 0.016203704166666666 0.3908179015625 0.014178241666666667 0.39409722187499996 0.00694444375 0.3967978390625 0.0057870375 0.396990740625 0 0.30767746875 0
0 0.0329861109375 0 0.0329861109375 0.0017361104166666666 0.031828703125 0.0020254625 0.031057098437500003 0.0034722229166666663 0.030671296874999997 0.005208333333333333 0.0329861109375 0.008391204166666666 0.0324074078125 0.01475694375 0.031828703125 0.015046295833333334 0.031828703125 0.019675925 0.0329861109375 0.020833333333333332 0.0358796296875 0.020833333333333332 0.0364583328125 0.021701389583333335 0.037037037499999995 0.029513889583333335 0.0383873453125 0.03240740833333333 0.0408950625 0.035011574999999996 0.041087962500000005 0.037326389583333335 0.0416666671875 0.03761574166666667 0.0437885796875 0.04571759166666667 0.044367284374999996 0.04600694375 0.0457175921875 0.05584490833333333 0.0457175921875 0.059895833333333336 0.048225309375 0.06423611041666667 0.048418209375 0.06770833333333333 0.052276234374999994 0.0760995375 0.0549768515625 0.07783564791666667 0.0582561734375 0.081886575 0.059027778125 0.08333333333333333 0.0592206796875 0.0859375 0.062885803125 0.09432870416666667 0.06770833281250001 0.0995370375 0.0709876546875 0.10069444375 0.074652778125 0.10040509166666665 0.0802469140625 0.0957754625 0.08294753125 0.089699075 0.08294753125 0.08738425833333333 0.0837191359375 0.08622685208333333 0.0842978390625 0.081886575 0.0842978390625 0.06423611041666667 0.0875771609375 0.05613425833333333 0.0896990734375 0.05381944375 0.089891975 0.046875 0.0875771609375 0.042824074999999996 0.086419753125 0.03790509166666667 0.08294753125 0.03269675833333333 0.08294753125 0.03153935208333333 0.0812114203125 0.029224537499999998 0.0802469140625 0.02633101875 0.07561728437500001 0.022569443749999998 0.0750385796875 0.019386575 0.07561728437500001 0 0.0329861109375 0
0 0.0214120375 0 0.0214120375 0.0017361104166666666 0.018711420312499998 0.0031828708333333333 0.0183256171875 0.00491898125 0.0179398140625 0.008391204166666666 0.018711420312499998 0.011284722916666667 0.0202546296875 0.012442129166666668 0.021797839062499998 0.015335647916666667 0.02430555625 0.015914352083333333 0.027006173437499996 0.013888889583333335 0.027391975000000002 0.011284722916666667 0.0250771609375 0.008391204166666666 0.0250771609375 0.0034722229166666663 0.023919753125000002 0.0014467583333333332 0.023919753125000002 0 0.0214120375 0
0 0.6730324078125001 0.9577546291666666 0.6741898140625 0.9592013895833333 0.6761188265625 0.9661458333333334 0.6820987656249999 0.9739583333333334 0.6832561734375 0.9745370375 0.684992284375 0.9780092583333333 0.6873070984375 0.9797453708333334 0.688850309375 0.9823495375 0.6932870375 0.9858217583333333 0.69540895 0.9898726854166667 0.699266975 0.9907407416666667 0.6994598765625 0.9916087958333333 0.7071759265625001 0.97945601875 0.70794753125 0.9762731479166666 0.711419753125 0.9707754625 0.7118055562500001 0.96875 0.714891975 0.9655671291666666 0.717399690625 0.9612268520833334 0.718171296875 0.9548611104166667 0.719328703125 0.9508101854166667 0.7224151234375 0.9450231479166666 0.7253086421875 0.9421296291666666 0.72646605 0.9354745375 0.7253086421875 0.9175347229166667 0.7233796296875 0.91116898125 0.7164351859375 0.9007523145833333 0.715277778125 0.8964120375 0.7125771609375 0.8903356479166666 0.70987654375 0.8874421291666666 0.702739196875 0.8868634249999999 0.698688271875 0.8891782416666667 0.6934799375 0.8958333333333334 0.69232253125 0.8987268520833334 0.6898148140625 0.9004629625 0.6876929015625 0.8993055562500001 0.6855709875 0.8958333333333334 0.6820987656249999 0.8967013895833333 0.6805555562500001 0.8993055562500001 0.6780478390625 0.9004629625 0.67669753125 0.9129050916666667 0.6751543203125 0.9152199083333333 0.6695601859375 0.9172453708333334 0.667438271875 0.9192708333333334 0.6660879625 0.921875 0.6660879625 0.9241898145833333 0.6647376546875 0.9270833333333334 0.66396605 0.9363425916666667 0.6633873453125 0.9366319437499999 0.66300154375 0.9458912041666667 0.6649305562500001 0.9528356479166666 0.6695601859375 0.9571759249999999 0.6730324078125001 0.9577546291666666
0 0.5353009265625001 0 0.5353009265625001 0.0017361104166666666 0.5324074078125001 0.005497685416666666 0.5324074078125001 0.0066550916666666664 0.5295138890625 0.012442129166666668 0.526813271875 0.015625 0.5187114203125 0.021701389583333335 0.5179398140625 0.023148147916666664 0.5171682093750001 0.024884258333333336 0.516975309375 0.037326389583333335 0.5154320984375 0.0390625 0.5125385796875 0.04571759166666667 0.5113811734375 0.046875 0.511188271875 0.05005787083333334 0.5125385796875 0.052951389583333335 0.5125385796875 0.05584490833333333 0.513117284375 0.05613425833333333 0.5113811734375 0.06163194375 0.5109953703125 0.06741898125 0.5113811734375 0.07089120416666667 0.5125385796875 0.07378472291666666 0.5125385796875 0.07667824166666667 0.513117284375 0.07696759166666665 0.513117284375 0.08304398125 0.5125385796875 0.08333333333333333 0.5125385796875 0.09056712916666668 0.513117284375 0.09085648125 0.513117284375 0.09230324166666667 0.515239196875 0.09519675833333333 0.5241126546875 0.09722222291666666 0.52642746875 0.09982638958333333 0.53028549375 0.10127314791666667 0.53221450625 0.10300925833333333 0.5353009265625001 0.113136575 0.5362654328125 0.11400462916666668 0.5372299375 0.11689814791666667 0.5383873453125 0.12557870416666667 0.5408950625 0.12905092499999998 0.5410879625 0.13049768541666668 0.5435956796875 0.13165509166666667 0.5499614203125 0.1385995375 0.5543981484375 0.13975694375 0.5570987656249999 0.1385995375 0.5609567906249999 0.13310185208333333 0.5655864203125 0.1310763895833333 0.5682870375 0.12615740833333333 0.5684799375 0.12384259166666665 0.5690586421875 0.12326388958333333 0.57040895 0.105324075 0.5729166671875 0.0995370375 0.5738811734375 0.08883101875 0.5765817906249999 0.08333333333333333 0.58487654375 0.08333333333333333 0.594328703125 0.09664351875 0.5989583328125 0.09866898125 0.6066743828125001 0.09432870416666667 0.6095679015625 0.09114583333333333 0.6120756171874999 0.08680555625 0.6136188265625 0.0859375 0.6163194437499999 0.08159722291666666 0.6188271609375 0.074074075 0.6207561734375 0.07089120416666667 0.621527778125 0.052083333333333336 0.6195987656249999 0.044270833333333336 0.61419753125 0.037326389583333335 0.61419753125 0.035300925000000004 0.6163194437499999 0.03240740833333333 0.6207561734375 0.029224537499999998 0.6207561734375 0.0234375 0.6195987656249999 0.018807870833333334 0.6163194437499999 0.015046295833333334 0.61612654375 0.0135995375 0.61226851875 0.0066550916666666664 0.6086033953125 0.0034722229166666663 0.6041666671875 0.0020254625 0.6037808640625 0 0.5353009265625001 0
0 0.7887731484375 0.2421875 0.78915895 0.24305555625 0.793402778125 0.24160879583333333 0.7937885796875 0.2401620375 0.79783950625 0.23755787083333332 0.7984182093750001 0.23582175833333335 0.8007330250000001 0.23466435208333333 0.8043981484374999 0.23090277708333332 0.80960648125 0.222800925 0.81539351875 0.21788194375 0.8196373453125 0.21238425833333335 0.8263888890625 0.207175925 0.8279320984374999 0.20486111041666666 0.8337191359375 0.20138888958333334 0.8356481484374999 0.19849537083333332 0.83584105 0.1953125 0.8364197531249999 0.19473379583333333 0.8364197531249999 0.1875 0.83584105 0.18692129583333333 0.8356481484374999 0.18402777708333332 0.8337191359375 0.1796875 0.8300540125 0.175925925 0.8290895062500001 0.17332175833333335 0.8250385796874999 0.16927083333333334 0.8211805562500001 0.16666666666666666 0.813850309375 0.16753472291666668 0.80960648125 0.171875 0.809027778125 0.17418981458333332 0.8057484562499999 0.17824074166666665 0.8057484562499999 0.17939814791666667 0.8034336421875 0.183738425 0.7999614203125 0.18576388958333334 0.7989969140625 0.18836805625 0.796489196875 0.191261575 0.796296296875 0.1932870375 0.794367284375 0.19704861041666666 0.7899305562500001 0.19965277708333332 0.7881944437499999 0.203125 0.7849151234375 0.20659722291666668 0.783757715625 0.2089120375 0.782600309375 0.21701388958333334 0.7824074078125001 0.23148148124999998 0.7831790125 0.23755787083333332 0.7864583328125 0.24160879583333333 0.7887731484375 0.2421875
0 0.590277778125 0.9088541666666666 0.5896990734374999 0.90914351875 0.5895061734375 0.9117476854166667 0.58892746875 0.9120370375 0.5883487656249999 0.9146412041666667 0.5914351859375 0.9221643520833334 0.5916280859375 0.9256365750000001 0.5922067906249999 0.9259259249999999 0.593171296875 0.9299768520833334 0.5954861109375 0.9351851854166667 0.598186728125 0.9369212958333333 0.5983796296875 0.9377893520833334 0.60165895 0.9377893520833334 0.6018518515625 0.9369212958333333 0.605902778125 0.9363425916666667 0.6086033953125 0.9340277770833333 0.6134259265625001 0.9256365750000001 0.6163194437499999 0.9146412041666667 0.6188271609375 0.9085648145833333 0.6195987656249999 0.9079861104166667 0.62017746875 0.9045138895833333 0.6195987656249999 0.8984375 0.6168981484375 0.8932291666666666 0.61612654375 0.8903356479166666 0.6143904328125 0.8883101854166667 0.6134259265625001 0.8851273145833333 0.6116898140625 0.8833912041666667 0.6078317906249999 0.8831018520833334 0.6062885796875 0.8833912041666667 0.6060956796875 0.8842592583333333 0.594328703125 0.8859953708333334 0.5935570984375 0.8874421291666666 0.5935570984375 0.8967013895833333 0.5929783953125 0.9004629625 0.5910493828125001 0.9042245375 0.590277778125 0.9088541666666666
0 0.2054398140625 0.7297453708333334 0.20331790156250001 0.7291666666666666 0.201581790625 0.7300347229166667 0.20138888906250002 0.7306134249999999 0.20254629687499998 0.7311921291666666 0.2054398140625 0.7306134249999999 0.2054398140625 0.7297453708333334
0 0.21006944375 0.7106481479166666 0.2092978390625 0.7115162041666667 0.20891203749999998 0.7164351854166667 0.21006944375 0.7175925916666667 0.21064814843750002 0.7120949083333333 0.21006944375 0.7106481479166666
0 0.1033950625 0.7853009249999999 0.10358796249999999 0.7916666666666666 0.104938271875 0.79398148125 0.10628857968750001 0.7951388895833333 0.1095679015625 0.7957175916666667 0.1116898140625 0.7934027770833333 0.11323302500000001 0.7934027770833333 0.11419753125000001 0.7954282416666667 0.11419753125000001 0.8070023145833333 0.11554783906249999 0.8107638895833333 0.119598765625 0.8136574083333333 0.1248070984375 0.8148148145833333 0.126350309375 0.8177083333333334 0.1340663578125 0.8237847229166667 0.1369598765625 0.8287037041666667 0.14081790156250001 0.8275462958333333 0.141010803125 0.8266782416666667 0.1446759265625 0.8243634249999999 0.1481481484375 0.8206018520833334 0.1481481484375 0.8197337958333333 0.1520061734375 0.8142361104166667 0.1529706796875 0.8113425916666667 0.155671296875 0.8087384249999999 0.1574074078125 0.8081597229166667 0.1593364203125 0.8055555562500001 0.16010802500000001 0.8032407416666667 0.16010802500000001 0.7925347229166667 0.1614583328125 0.7905092583333333 0.16300154375 0.7902199083333333 0.16338734531250002 0.7893518520833334 0.16840277812499999 0.7905092583333333 0.17206790156250001 0.7890625 0.17341820937500002 0.7864583333333334 0.1741898140625 0.7795138895833333 0.17476851875 0.7789351854166667 0.17476851875 0.7708333333333334 0.17361111093749998 0.7673611104166667 0.17013888906250002 0.7615740750000001 0.1637731484375 0.7563657416666667 0.16010802500000001 0.7505787041666667 0.1593364203125 0.7456597229166667 0.16010802500000001 0.7271412041666667 0.1595293203125 0.7265625 0.1581790125 0.7175925916666667 0.1574074078125 0.7161458333333334 0.1574074078125 0.7129629625 0.156635803125 0.7100694437499999 0.15277777812499999 0.7025462958333333 0.15239197499999999 0.6987847229166667 0.1539351859375 0.6956018520833334 0.1481481484375 0.6912615750000001 0.1433256171875 0.6912615750000001 0.1417824078125 0.6927083333333334 0.1379243828125 0.6941550916666667 0.1302083328125 0.6956018520833334 0.129436728125 0.6967592583333333 0.124421296875 0.6987847229166667 0.1226851859375 0.7013888895833333 0.12210648125000001 0.7028356479166666 0.12210648125000001 0.7065972229166667 0.1228780859375 0.7089120375 0.1226851859375 0.7199074083333333 0.1217206796875 0.7222222229166667 0.121527778125 0.7251157416666667 0.12017746874999999 0.7271412041666667 0.12017746874999999 0.7288773145833333 0.11766975312500001 0.7346643520833334 0.11631944375 0.7398726854166667 0.11631944375 0.7433449083333333 0.11554783906249999 0.7447916666666666 0.11554783906249999 0.7465277770833333 0.1136188265625 0.7517361104166667 0.11091820937500001 0.7537615750000001 0.10165895 0.7693865750000001 0.10165895 0.7771990750000001 0.10223765468749998 0.7774884249999999 0.10243055625 0.7821180562500001 0.1033950625 0.7853009249999999
0 0.1925154328125 0.5815972229166667 0.19268904375 0.5802951395833333 0.1925154328125 0.5801504625 0.1921296296875 0.5813078708333334 0.1925154328125 0.5815972229166667
0 0.19268904375 0.5802951395833333 0.19425154375 0.5815972229166667 0.1927083328125 0.5801504625 0.19268904375 0.5802951395833333
0 0.17669753125 0.5775462958333333 0.1761188265625 0.5778356479166666 0.17881944375 0.5795717583333333 0.1813271609375 0.5778356479166666 0.17669753125 0.5775462958333333
0 0.8337191359375 0.418113425 0.83294753125 0.4296875 0.8323688265625 0.42997685208333336 0.8321759265625 0.433449075 0.831597221875 0.433738425 0.8323688265625 0.45109953750000004 0.83294753125 0.4513888895833333 0.8331404328125 0.4557291666666667 0.8342978390625 0.4586226854166667 0.8342978390625 0.46064814791666664 0.8369984562499999 0.46672453750000004 0.83892746875 0.4748263895833333 0.8400848765625 0.47540509166666667 0.8416280859375 0.47858796249999996 0.8495370375 0.47511574166666665 0.85165895 0.47193287083333335 0.8549382718749999 0.46932870416666667 0.8551311734375 0.46817129583333333 0.856867284375 0.46759259166666667 0.8591820984374999 0.46383101875 0.8634259265625 0.45949074166666665 0.865740740625 0.45804398125 0.8692129625 0.4592013895833333 0.8655478390625 0.46527777708333334 0.86419753125 0.46961805624999997 0.862847221875 0.4710648145833333 0.8616898140625 0.4739583333333333 0.860725309375 0.48003472291666666 0.8582175921875 0.48582175833333335 0.8582175921875 0.4895833333333333 0.858796296875 0.4898726854166667 0.8589891968750001 0.49160879583333333 0.8620756171874999 0.49305555624999997 0.8699845671875 0.49305555624999997 0.871527778125 0.49565972291666666 0.8717206796875001 0.49913194375000003 0.8734567906249999 0.5046296291666666 0.873649690625 0.5072337958333333 0.8751929015625001 0.51070601875 0.876350309375 0.511863425 0.8800154328125 0.51273148125 0.8834876546875 0.5121527770833334 0.8854166671874999 0.5141782416666667 0.8890817906249999 0.5228587958333333 0.8904320984374999 0.5240162041666667 0.8933256171874999 0.5245949083333333 0.9021990734375 0.5326967583333333 0.9050925921875 0.5344328708333334 0.9060570984374999 0.5364583333333334 0.9095293203124999 0.5393518520833334 0.9112654328125 0.5431134249999999 0.9122299375 0.54195601875 0.9130015437500001 0.5329861104166667 0.91415895 0.53038194375 0.91898148125 0.5240162041666667 0.9207175921875 0.5202546291666666 0.9220679015625001 0.5199652770833334 0.9234182093750001 0.5173611104166667 0.9288194437499999 0.5135995375 0.9301697531249999 0.5098379625 0.9301697531249999 0.50694444375 0.9313271609375 0.50289351875 0.9328703703125001 0.5014467583333333 0.9359567906249999 0.5005787041666667 0.9378858031249999 0.49681712916666665 0.9394290125 0.49131944375000003 0.9396219140625 0.48524305624999997 0.9405864203125001 0.48003472291666666 0.9425154328125 0.47800925833333335 0.9459876546875 0.47714120416666667 0.9473379625 0.4748263895833333 0.946759259375 0.46238425833333335 0.9440586421875 0.456886575 0.9432870375 0.4479166666666667 0.938850309375 0.4351851854166667 0.9367283953125 0.41608796249999996 0.9347993828125001 0.40972222291666666 0.9347993828125001 0.4045138895833333 0.9342206796875001 0.4039351854166667 0.9336419749999999 0.3958333333333333 0.9342206796875001 0.38570601875 0.934027778125 0.3828125 0.93267746875 0.37991898125 0.93267746875 0.37586805624999997 0.9342206796875001 0.37065972291666666 0.936921296875 0.36631944375000003 0.9367283953125 0.36082175833333335 0.9351851859375 0.35590277708333334 0.936149690625 0.35214120416666667 0.936149690625 0.34230324166666665 0.9355709875 0.3414351854166667 0.9274691359375 0.3414351854166667 0.92476851875 0.34432870416666667 0.9207175921875 0.35127314791666664 0.9199459875 0.363136575 0.9168595671875 0.37355324166666665 0.915509259375 0.37586805624999997 0.9122299375 0.37847222291666666 0.908757715625 0.3828125 0.9081790125 0.3845486104166667 0.9041280859375 0.38165509166666667 0.9020061734375 0.3773148145833333 0.9000771609375 0.37528935208333336 0.8981481484374999 0.370949075 0.8973765437500001 0.36660879583333333 0.8962191359375 0.3648726854166667 0.8948688265625 0.36371527708333334 0.8888888890625 0.36371527708333334 0.8856095671875 0.3648726854166667 0.8838734562499999 0.3671875 0.8809799375 0.36921296249999996 0.87982253125 0.371238425 0.8709490734375 0.37442129583333333 0.8667052468750001 0.37702546249999996 0.8560956796875001 0.378761575 0.8532021609375 0.38136574166666665 0.8489583328125001 0.3828125 0.847222221875 0.3851273145833333 0.844328703125 0.386574075 0.8425925921875 0.38917824166666665 0.8381558640625 0.3923611104166667 0.8327546296874999 0.39901620416666667 0.8312114203125001 0.39959490833333333 0.8290895062500001 0.4039351854166667 0.8285108031249999 0.40827546249999996 0.829475309375 0.4114583333333333 0.8323688265625 0.41464120416666667 0.8337191359375 0.418113425