0 0.8697916671874999 0.171875 0.87017746875 0.175925925 0.8709490734375 0.17650462916666668 0.8717206796875001 0.1796875 0.8761574078125 0.1854745375 0.8786651234375 0.19241898124999998 0.8782793203124999 0.2167245375 0.8815586421875 0.21932870416666667 0.8867669749999999 0.21932870416666667 0.8888888890625 0.22164351875000002 0.8888888890625 0.23090277708333332 0.8894675921875 0.23408564791666667 0.8929398140625 0.23697916666666666 0.894097221875 0.2479745375 0.89544753125 0.24913194375 0.8964120375 0.25173611041666666 0.8989197531249999 0.254050925 0.8994984562499999 0.25665509166666667 0.9000771609375 0.25694444375 0.900848765625 0.269386575 0.90142746875 0.27025462916666665 0.904899690625 0.2708333333333333 0.9072145062500001 0.269675925 0.909722221875 0.26678240833333333 0.9128086421875 0.26504629583333333 0.9160879625 0.26099537083333335 0.921875 0.2578125 0.9274691359375 0.25607638958333334 0.928240740625 0.2552083333333333 0.9301697531249999 0.24884259166666667 0.9313271609375 0.24074074166666665 0.9322916671874999 0.23929398124999998 0.936149690625 0.23726851875000002 0.9386574078125 0.234375 0.9386574078125 0.2296875 0.940007715625 0.23090277708333332 0.9407793203124999 0.23408564791666667 0.9457947531249999 0.23668981458333332 0.9473379625 0.23987268541666668 0.9500385796874999 0.24276620416666667 0.9533179015625001 0.24392361041666666 0.95794753125 0.24045138958333334 0.9602623453125 0.2401620375 0.9627700625 0.24276620416666667 0.9643132718749999 0.24305555625 0.9660493828125001 0.24565972291666668 0.9691358031249999 0.24826388958333334 0.971257715625 0.25318287083333335 0.971257715625 0.2552083333333333 0.9724151234375 0.25665509166666667 0.9758873453125 0.25925925833333335 0.9807098765625 0.26128472291666666 0.9841820984374999 0.2598379625 0.9874614203125001 0.25694444375 0.9913194437499999 0.25665509166666667 0.9930555562500001 0.2554976854166667 0.9938271609375 0.25289351875 0.994598765625 0.2523148145833333 0.9978780859375 0.23582175833333335 0.9984567906249999 0.23495370416666667 0.9998070984374999 0.23495370416666667 0.9998070984374999 0.222800925 0.9978780859375 0.22222222291666668 0.996527778125 0.21325231458333332 0.9947916671874999 0.20978009166666667 0.994598765625 0.20630787083333332 0.9940200625 0.20572916666666666 0.9947916671874999 0.1973379625 0.996527778125 0.19097222291666668 0.9967206796875001 0.18692129583333333 0.9972993828125001 0.18634259166666667 0.9978780859375 0.17650462916666668 0.9984567906249999 0.175636575 0.9998070984374999 0.175636575 0.9998070984374999 0.11487268541666666 0.9980709875 0.11458333333333333 0.996527778125 0.10879629583333333 0.994598765625 0.105613425 0.9926697531249999 0.10416666666666667 0.9886188265625 0.10445601875 0.983796296875 0.1073495375 0.974151234375 0.1015625 0.9699074078125 0.1015625 0.967399690625 0.10329861041666667 0.965277778125 0.10763888958333333 0.963348765625 0.10966435208333333 0.9598765437500001 0.10995370416666667 0.9573688265625 0.10879629583333333 0.9529320984374999 0.10850694375 0.9473379625 0.11111111041666667 0.9450231484374999 0.113425925 0.938850309375 0.11545138958333333 0.9353780859375 0.11950231458333334 0.9353780859375 0.12065972291666666 0.934027778125 0.1229745375 0.934027778125 0.12586805625 0.9334490734375 0.1270254625 0.9315200625 0.12789351875 0.928240740625 0.12586805625 0.9241898140625 0.11950231458333334 0.921296296875 0.11168981458333334 0.91415895 0.10648148125 0.907600309375 0.097511575 0.9039351859375 0.09548611041666667 0.90142746875 0.097511575 0.900848765625 0.09895833333333333 0.9000771609375 0.10908564791666667 0.8987268515625001 0.11226851875 0.8939043203124999 0.11776620416666667 0.8915895062500001 0.1192129625 0.890046296875 0.12181712916666668 0.888117284375 0.1229745375 0.8863811734375 0.12644675833333333 0.8861882718749999 0.1310763895833333 0.8869598765625 0.13570601875000002 0.890046296875 0.14033564791666667 0.890046296875 0.14380787083333332 0.8859953703125001 0.14785879583333333 0.8817515437500001 0.14930555625 0.8796296296874999 0.15133101875000002 0.875 0.15711805625 0.8717206796875001 0.16348379583333333 0.871527778125 0.16695601875000002 0.8709490734375 0.16724537083333332 0.8707561734375 0.17013888958333334 0.8697916671874999 0.171875
0 0.400848765625 0.7222222229166667 0.40065586406250003 0.7239583333333334 0.40149591874999996 0.7229502687499999 0.400848765625 0.7222222229166667
0 0.40149591874999996 0.7229502687499999 0.402391975 0.7239583333333334 0.4016203703125 0.7228009249999999 0.40149591874999996 0.7229502687499999
0 0.34220679062500003 0.6791087958333333 0.3416280859375 0.6793981479166666 0.3416280859375 0.6860532416666667 0.34239969062500003 0.6854745375 0.34220679062500003 0.6791087958333333
0 0.34220679062500003 0.6782407416666667 0.34297839531249996 0.67476851875 0.34239969062500003 0.6741898145833333 0.34220679062500003 0.6698495375 0.3416280859375 0.6698495375 0.3414351859375 0.6750578708333334 0.34239969062500003 0.6756365750000001 0.3416280859375 0.6776620375 0.34220679062500003 0.6782407416666667
0 0.4328703703125 0.6629050916666667 0.432098765625 0.6617476854166667 0.4293981484375 0.6655092583333333 0.42496142031249995 0.6684027770833333 0.42418981406249995 0.671875 0.43016975312500005 0.671875 0.4328703703125 0.6678240750000001 0.4328703703125 0.6629050916666667
0 0.43549529218750005 0.6566968479166667 0.43614969062500003 0.6559606479166666 0.43614969062500003 0.6539351854166667 0.435956790625 0.6530671291666666 0.4353780859375 0.65335648125 0.43549529218750005 0.6566968479166667
0 0.43557098749999995 0.6588541666666666 0.43614969062500003 0.6579861104166667 0.43550668750000004 0.6570216041666667 0.43557098749999995 0.6588541666666666
0 0.3435570984375 0.6469907416666667 0.34220679062500003 0.6429398145833333 0.3416280859375 0.6429398145833333 0.34104938281249997 0.6449652770833333 0.33892746875 0.6464120375 0.33892746875 0.6481481479166666 0.34104938281249997 0.6487268520833334 0.34297839531249996 0.6484375 0.3435570984375 0.6469907416666667
0 0.43016975312500005 0.6487268520833334 0.43267746875 0.6443865750000001 0.4315200625 0.6420717583333333 0.4303626546875 0.6414930562500001 0.4261188265625 0.6420717583333333 0.4261188265625 0.64554398125 0.427276234375 0.6481481479166666 0.42881944375 0.6495949083333333 0.43016975312500005 0.6487268520833334
0 0.3489583328125 0.6206597229166667 0.3495370375 0.6195023145833333 0.3489583328125 0.6186342583333333 0.3489583328125 0.6206597229166667
0 0.4128086421875 0.6212384249999999 0.41358024687499995 0.6197916666666666 0.41512345625 0.6197916666666666 0.4168595671875 0.6177662041666667 0.41743827187500004 0.6151620375 0.4147376546875 0.6145833333333334 0.41396605 0.6183449083333333 0.41242283906250005 0.62008101875 0.4114583328125 0.62008101875 0.41030092656250006 0.6229745375 0.410108025 0.6267361104166667 0.41184413593749997 0.6290509249999999 0.4128086421875 0.6273148145833333 0.4128086421875 0.6212384249999999
0 0.41820987656249997 0.6140046291666666 0.419367284375 0.6128472229166667 0.41820987656249997 0.6125578708333334 0.41820987656249997 0.6140046291666666
0 0.3522376546875 0.6168981479166666 0.3533950625 0.6140046291666666 0.354938271875 0.6128472229166667 0.3543595671875 0.6128472229166667 0.3541666671875 0.6105324083333333 0.3522376546875 0.6073495375 0.3522376546875 0.6096643520833334 0.35165894999999997 0.6099537041666667 0.35165894999999997 0.6166087958333333 0.3522376546875 0.6168981479166666
0 0.40142746875 0.5859375 0.400848765625 0.5839120375 0.40007716093749995 0.5842013895833333 0.39949845625 0.5885416666666666 0.400848765625 0.5917245375 0.40142746875 0.5902777770833333 0.40142746875 0.5859375
0 0.4207175921875 0.5885416666666666 0.42129629687500003 0.58883101875 0.42148919687499997 0.5911458333333334 0.4239969140625 0.59664351875 0.42534722187499996 0.60648148125 0.42669753125 0.6085069437499999 0.42746913593749997 0.6116898145833333 0.42862654375 0.61226851875 0.43074845625 0.6171875 0.4322916671875 0.6186342583333333 0.43344907343749994 0.6232638895833333 0.43402777812500004 0.6235532416666667 0.43402777812500004 0.6252893520833334 0.435956790625 0.6281828708333334 0.43653549375 0.6359953708333334 0.43788580312500003 0.6403356479166666 0.43807870312499997 0.6490162041666667 0.43942901250000005 0.6504629625 0.4407793203125 0.66116898125 0.4434799375 0.6660879625 0.44965277812500004 0.6698495375 0.45505401250000005 0.67679398125 0.45601851875 0.6799768520833334 0.4606481484375 0.6854745375 0.46199845625 0.6889467583333333 0.46469907343749994 0.69241898125 0.46797839531249996 0.6941550916666667 0.46932870312499997 0.6964699083333333 0.4737654328125 0.6984953708333334 0.4768518515625 0.6964699083333333 0.47993827187500004 0.6883680562500001 0.47993827187500004 0.6863425916666667 0.482831790625 0.68258101875 0.48996913593749997 0.6822916666666666 0.49864969062500003 0.6802662041666667 0.5019290125 0.6782407416666667 0.503472221875 0.6762152770833333 0.5054012343750001 0.6759259249999999 0.51273148125 0.6704282416666667 0.5144675921874999 0.6660879625 0.51466049375 0.6594328708333334 0.5125385796875 0.6472800916666667 0.5123456796875 0.6365740750000001 0.511188271875 0.6339699083333333 0.509259259375 0.6325231479166666 0.5054012343750001 0.6325231479166666 0.5011574078125001 0.6310763895833333 0.49961419687499997 0.6281828708333334 0.49768518593750005 0.6264467583333333 0.49652777812500004 0.6226851854166667 0.49594907343749994 0.6226851854166667 0.494598765625 0.62008101875 0.4909336421875 0.6180555562500001 0.48572530937499997 0.6168981479166666 0.4810956796875 0.6131365750000001 0.48128857968750005 0.6047453708333334 0.4793595671875 0.5978009249999999 0.480516975 0.5951967583333333 0.48533950625 0.5917245375 0.4886188265625 0.5850694437499999 0.48804012343750003 0.5769675916666667 0.48919753125 0.5677083333333334 0.48919753125 0.5601851854166667 0.48842592656250006 0.5558449083333333 0.48746142031249995 0.5549768520833334 0.48726851875 0.5532407416666667 0.48533950625 0.54976851875 0.48379629687500003 0.5480324083333333 0.478973765625 0.5454282416666667 0.467206790625 0.5454282416666667 0.46527777812500004 0.5431134249999999 0.463348765625 0.5387731479166666 0.46180555625 0.5381944437499999 0.4459876546875 0.5373263895833333 0.44155092656250006 0.5387731479166666 0.43942901250000005 0.5410879625 0.43614969062500003 0.5422453708333334 0.4342206796875 0.54398148125 0.4315200625 0.5483217583333333 0.43074845625 0.5515046291666666 0.4261188265625 0.55758101875 0.4261188265625 0.5587384249999999 0.42496142031249995 0.5604745375 0.42418981406249995 0.5645254625 0.4239969140625 0.5708912041666667 0.420331790625 0.5818865750000001 0.4207175921875 0.5885416666666666
0 0.9473379625 0 0.9469521609375 0.0020254625 0.9419367281250001 0.005208333333333333 0.938078703125 0.014178241666666667 0.938078703125 0.028645833333333332 0.936149690625 0.036458333333333336 0.936149690625 0.04021990833333333 0.9378858031249999 0.04369212916666666 0.938078703125 0.04600694375 0.9432870375 0.052083333333333336 0.9446373453125 0.0567129625 0.9446373453125 0.06394675833333334 0.94521605 0.06423611041666667 0.94540895 0.06712962916666668 0.9459876546875 0.06741898125 0.9461805562500001 0.08043981458333334 0.9479166671874999 0.08506944375 0.9488811734375 0.09056712916666668 0.9546682093750001 0.0995370375 0.9562114203125001 0.10040509166666665 0.96103395 0.10040509166666665 0.9627700625 0.0995370375 0.97646605 0.0995370375 0.9791666671874999 0.10127314791666667 0.9807098765625 0.1035879625 0.9841820984374999 0.10387731458333334 0.9855324078125 0.10271990833333335 0.9884259265625 0.09693287083333332 0.9998070984374999 0.09635416666666667 0.9998070984374999 0.0020254625 0.9984567906249999 0.0020254625 0.9980709875 0 0.9473379625 0
0 0.806134259375 0.7534722229166667 0.8065200625 0.7546296291666666 0.8126929015625001 0.7578125 0.8175154328125 0.76851851875 0.8207947531249999 0.7714120375 0.8211805562500001 0.7725694437499999 0.8350694437499999 0.7789351854166667 0.8387345671875 0.7798032416666667 0.8406635796874999 0.78125 0.8416280859375 0.7832754625 0.846257715625 0.7844328708333334 0.8495370375 0.7832754625 0.8638117281250001 0.7670717583333333 0.8680555562500001 0.7653356479166666 0.8746141968750001 0.7552083333333334 0.8786651234375 0.7520254625 0.8802083328125001 0.7517361104166667 0.8821373453125 0.7488425916666667 0.884259259375 0.7476851854166667 0.8915895062500001 0.7332175916666667 0.8927469140625 0.7245370375 0.8927469140625 0.7178819437499999 0.8915895062500001 0.7120949083333333 0.888117284375 0.7071759249999999 0.888117284375 0.7048611104166667 0.890046296875 0.6984953708333334 0.8888888890625 0.6932870375 0.8869598765625 0.6901041666666666 0.88580246875 0.6895254625 0.8834876546875 0.6860532416666667 0.878472221875 0.6831597229166667 0.8780864203125001 0.6820023145833333 0.8761574078125 0.6808449083333333 0.8663194437499999 0.6793981479166666 0.8620756171874999 0.6805555562500001 0.8570601859375 0.6848958333333334 0.855902778125 0.6869212958333333 0.8526234562499999 0.6889467583333333 0.8493441359375 0.6848958333333334 0.845100309375 0.6851851854166667 0.8422067906249999 0.6895254625 0.8396990734375 0.6901041666666666 0.8385416671874999 0.6915509249999999 0.8366126546875 0.6898148145833333 0.8312114203125001 0.6886574083333333 0.8279320984374999 0.6915509249999999 0.8258101859375 0.6956018520833334 0.825617284375 0.6973379625 0.8238811734375 0.6999421291666666 0.8231095671875 0.70601851875 0.8221450625 0.7077546291666666 0.8196373453125 0.7092013895833333 0.8180941359375 0.7112268520833334 0.813078703125 0.7120949083333333 0.8097993828125001 0.7173032416666667 0.809027778125 0.7199074083333333 0.8065200625 0.7222222229166667 0.8030478390625 0.7285879625 0.8030478390625 0.7404513895833333 0.802276234375 0.7442129625 0.8030478390625 0.7517361104166667 0.806134259375 0.7534722229166667
0 0.1622299375 0 0.1622299375 0.0017361104166666666 0.1603009265625 0.003761575 0.1603009265625 0.005208333333333333 0.1620370375 0.007523147916666667 0.16338734531250002 0.011574075 0.16473765468749998 0.013020833333333334 0.1672453703125 0.013020833333333334 0.1676311734375 0.013888889583333335 0.1687885796875 0.013888889583333335 0.16898148125 0.013020833333333334 0.17361111093749998 0.013020833333333334 0.1759259265625 0.015625 0.17669753125 0.017071758333333336 0.1768904328125 0.019675925 0.17901234531250002 0.022280091666666668 0.1815200625 0.027777777083333333 0.1851851859375 0.029224537499999998 0.1905864203125 0.029513889583333335 0.1932870375 0.03125 0.19425154375 0.0332754625 0.1994598765625 0.036458333333333336 0.20331790156250001 0.036458333333333336 0.20601851875000002 0.03587962916666666 0.2062114203125 0.035011574999999996 0.20987654375 0.03472222291666667 0.2199074078125 0.03790509166666667 0.2214506171875 0.037326389583333335 0.22453703749999998 0.031828704166666666 0.22723765468749998 0.019675925 0.22839506250000002 0.01793981458333333 0.2293595671875 0.0135995375 0.23186728437499998 0.009259258333333333 0.2320601859375 0.006365741666666667 0.23263888906250002 0.0057870375 0.23186728437499998 0 0.1622299375 0
0 0.8807870375 0.45254629583333333 0.8802083328125001 0.45283564791666664 0.8800154328125 0.4557291666666667 0.8780864203125001 0.46064814791666664 0.8761574078125 0.46296296249999996 0.8761574078125 0.46730324166666665 0.8782793203124999 0.4713541666666667 0.8796296296874999 0.47627314791666664 0.8802083328125001 0.48582175833333335 0.8807870375 0.4861111104166667 0.8821373453125 0.49421296249999996 0.8821373453125 0.5 0.88271605 0.5002893520833334 0.88290895 0.504050925 0.8834876546875 0.5046296291666666 0.8834876546875 0.5078125 0.8848379625 0.5104166666666666 0.8873456796875001 0.5121527770833334 0.8921682093750001 0.5109953708333334 0.9060570984374999 0.5104166666666666 0.9112654328125 0.51070601875 0.9122299375 0.511574075 0.9133873453125 0.52430555625 0.91396605 0.5245949083333333 0.9133873453125 0.5370370375 0.919367284375 0.5460069437499999 0.9207175921875 0.5532407416666667 0.9230324078125 0.5578703708333334 0.9234182093750001 0.5601851854166667 0.9268904328125 0.5642361104166667 0.9305555562500001 0.5659722229166667 0.9334490734375 0.5703125 0.9334490734375 0.5714699083333333 0.9353780859375 0.5749421291666666 0.938078703125 0.5778356479166666 0.9398148140625 0.5784143520833334 0.9413580250000001 0.5813078708333334 0.9421296296874999 0.5870949083333333 0.9415509265625 0.5960648145833333 0.9427083328125001 0.6009837958333333 0.9459876546875 0.6035879625 0.9527391968750001 0.6035879625 0.9562114203125001 0.6004050916666667 0.95794753125 0.6001157416666667 0.9592978390625 0.5975115750000001 0.9614197531249999 0.5969328708333334 0.9635416671874999 0.5949074083333333 0.9706790125 0.59375 0.9743441359375 0.5905671291666666 0.9785879625 0.5813078708333334 0.978009259375 0.5691550916666667 0.9774305562500001 0.5685763895833333 0.9768518515625001 0.5648148145833333 0.9774305562500001 0.5616319437499999 0.980902778125 0.5619212958333333 0.9832175921875 0.56539351875 0.9853395062500001 0.5671296291666666 0.9913194437499999 0.5772569437499999 0.996527778125 0.5778356479166666 0.9978780859375 0.5755208333333334 0.9998070984374999 0.57523148125 0.9998070984374999 0.5460069437499999 0.9980709875 0.5457175916666667 0.9976851859375 0.5434027770833333 0.9978780859375 0.5370370375 0.9984567906249999 0.5358796291666666 0.9998070984374999 0.5358796291666666 0.9998070984374999 0.4748263895833333 0.9984567906249999 0.4748263895833333 0.9963348765625 0.47193287083333335 0.9934413578125 0.47019675833333335 0.9940200625 0.46412037083333335 0.996527778125 0.45804398125 0.9978780859375 0.44849537083333335 0.9984567906249999 0.44733796249999996 0.9998070984374999 0.44733796249999996 0.9998070984374999 0.44473379583333333 0.9984567906249999 0.44473379583333333 0.9978780859375 0.44386574166666665 0.9972993828125001 0.43952546249999996 0.9961419749999999 0.43663194375000003 0.9932484562499999 0.433738425 0.9926697531249999 0.43171296249999996 0.990740740625 0.42910879583333333 0.9899691359375 0.42303240833333333 0.9886188265625 0.42100694375000003 0.987847221875 0.4201388895833333 0.980902778125 0.41984953750000004 0.9772376546875 0.4163773145833333 0.9737654328125 0.41464120416666667 0.9733796296874999 0.4157986104166667 0.970100309375 0.41840277708333334 0.9670138890625 0.4241898145833333 0.9650848765625 0.42621527708333334 0.9631558640625 0.4270833333333333 0.9592978390625 0.425925925 0.956597221875 0.4270833333333333 0.953703703125 0.43055555624999997 0.9519675921875 0.43084490833333333 0.9488811734375 0.4351851854166667 0.9481095671875 0.43836805624999997 0.9479166671874999 0.44560185208333336 0.9473379625 0.44589120416666667 0.9471450625 0.449363425 0.94521605 0.45341435208333336 0.9353780859375 0.46383101875 0.9353780859375 0.464988425 0.9322916671874999 0.46875 0.9288194437499999 0.4661458333333333 0.9261188265625 0.45457175833333335 0.9209104937499999 0.44560185208333336 0.920524690625 0.44241898125 0.9228395062500001 0.4348958333333333 0.923225309375 0.43055555624999997 0.9234182093750001 0.421875 0.9228395062500001 0.41840277708333334 0.9153163578125 0.41261574166666665 0.9114583328125001 0.4079861104166667 0.8973765437500001 0.40740740833333333 0.894097221875 0.40827546249999996 0.8929398140625 0.4114583333333333 0.8927469140625 0.41753472291666666 0.8917824078125 0.4195601854166667 0.8875385796874999 0.42274305624999997 0.8782793203124999 0.4351851854166667 0.8782793203124999 0.44212962916666665 0.8802083328125001 0.44965277708333334 0.8807870375 0.44994212916666665 0.8807870375 0.45254629583333333
0 0.3136574078125 0.7977430562500001 0.31385030937499997 0.8049768520833334 0.315007715625 0.8084490750000001 0.315007715625 0.8151041666666666 0.3155864203125 0.81539351875 0.3157793203125 0.8191550916666667 0.32542438281249997 0.8278356479166666 0.3269675921875 0.8307291666666666 0.3300540125 0.83304398125 0.33159722187499996 0.8359375 0.33506944375000003 0.8376736104166667 0.3375771609375 0.8359375 0.338348765625 0.8344907416666667 0.3418209875 0.8237847229166667 0.34413580312500003 0.82523148125 0.344328703125 0.8260995375 0.3493441359375 0.8266782416666667 0.35050154375 0.82523148125 0.35667438281249997 0.8223379625 0.36033950625 0.8191550916666667 0.36207561718750003 0.8165509249999999 0.36612654375 0.8136574083333333 0.3668981484375 0.8116319437499999 0.3688271609375 0.80960648125 0.369598765625 0.8070023145833333 0.3703703703125 0.7910879625 0.369598765625 0.7751736104166667 0.36805555624999997 0.7714120375 0.3645833328125 0.7699652770833333 0.35783179062500003 0.7699652770833333 0.3522376546875 0.7717013895833333 0.3395061734375 0.7717013895833333 0.3312114203125 0.7702546291666666 0.32908950625 0.7717013895833333 0.32658179062500003 0.7771990750000001 0.3238811734375 0.7798032416666667 0.3231095671875 0.7815393520833334 0.3184799375 0.7850115750000001 0.3157793203125 0.7881944437499999 0.3136574078125 0.7922453708333334 0.3136574078125 0.7960069437499999 0.313078703125 0.7962962958333333 0.313078703125 0.7974537041666667 0.3136574078125 0.7977430562500001
0 0.0584490734375 0.33940972291666666 0.059027778125 0.339699075 0.0597993828125 0.3498263895833333 0.059027778125 0.35879629583333333 0.0584490734375 0.35908564791666664 0.0582561734375 0.36631944375000003 0.057098765625000006 0.3689236104166667 0.056327160937499995 0.37413194375000003 0.056327160937499995 0.38223379583333333 0.05574845625 0.38252314791666664 0.056327160937499995 0.38628472291666666 0.057098765625000006 0.38744212916666665 0.061728395312499997 0.3854166666666667 0.06423611093750001 0.38252314791666664 0.0675154328125 0.3810763895833333 0.06905864218749999 0.38136574166666665 0.0696373453125 0.38223379583333333 0.0696373453125 0.38483796249999996 0.068865740625 0.40046296249999996 0.0696373453125 0.40335648125 0.0738811734375 0.40711805624999997 0.078703703125 0.410011575 0.079668209375 0.41377314791666664 0.0802469140625 0.4140625 0.0804398140625 0.41695601875 0.0896990734375 0.43026620416666667 0.09548611093750001 0.43605324166666665 0.09895833281250001 0.43692129583333333 0.1051311734375 0.42679398125 0.11033950625 0.4236111104166667 0.1114969140625 0.421875 0.1116898140625 0.41840277708333334 0.112847221875 0.41464120416666667 0.11419753125000001 0.41290509166666667 0.11689814843749999 0.4114583333333333 0.11709105 0.40769675833333335 0.11766975312500001 0.40711805624999997 0.11805555625 0.3967013895833333 0.1190200625 0.3929398145833333 0.12114197499999999 0.39033564791666664 0.1222993828125 0.38744212916666665 0.1222993828125 0.38165509166666667 0.121527778125 0.3810763895833333 0.12094907343750001 0.37818287083333335 0.11786265468749998 0.3726851854166667 0.11342592656249999 0.3689236104166667 0.109375 0.3671875 0.10628857968750001 0.36082175833333335 0.104938271875 0.35966435208333336 0.10185185156250001 0.35358796249999996 0.10088734531250002 0.34375 0.10030864218749999 0.3411458333333333 0.0987654328125 0.33883101875 0.09548611093750001 0.33738425833333335 0.0904706796875 0.3414351854166667 0.0887345671875 0.3454861104166667 0.0875771609375 0.34490740833333333 0.086419753125 0.34172453750000004 0.0856481484375 0.3333333333333333 0.08506944375 0.33275462916666665 0.08506944375 0.3307291666666667 0.08391203750000001 0.32696759166666667 0.08294753125 0.31944444375000003 0.0804398140625 0.31307870416666667 0.079475309375 0.3064236104166667 0.0783179015625 0.30410879583333333 0.0783179015625 0.30266203750000004 0.0750385796875 0.2986111104166667 0.0709876546875 0.29600694375000003 0.0671296296875 0.29484953750000004 0.063850309375 0.29629629583333333 0.060185185937499996 0.30005787083333335 0.0597993828125 0.30526620416666667 0.060378085937500006 0.30931712916666665 0.06153549375 0.31047453750000004 0.06153549375 0.31394675833333335 0.0597993828125 0.316550925 0.059027778125 0.3220486104166667 0.05767746875 0.324074075 0.05729166718749999 0.32725694375000003 0.05729166718749999 0.33159722291666666 0.05767746875 0.33391203750000004 0.0582561734375 0.3342013895833333 0.0584490734375 0.33940972291666666
0 0.5123456796875 0.6539351854166667 0.5119598765625 0.6530671291666666 0.5113811734375 0.6542245375 0.511188271875 0.6579861104166667 0.512152778125 0.65914351875 0.51273148125 0.6579861104166667 0.5123456796875 0.6539351854166667
0 0.344328703125 0.6571180562500001 0.34413580312500003 0.6588541666666666 0.34027777812500004 0.6675347229166667 0.34027777812500004 0.6698495375 0.3396990734375 0.6701388895833333 0.3396990734375 0.6762152770833333 0.34027777812500004 0.6765046291666666 0.3396990734375 0.6854745375 0.34027777812500004 0.6857638895833333 0.34027777812500004 0.6880787041666667 0.3414351859375 0.6912615750000001 0.3414351859375 0.6967592583333333 0.346257715625 0.7063078708333334 0.3503086421875 0.7103587958333333 0.3533950625 0.7112268520833334 0.35898919687499997 0.7170138895833333 0.3614969140625 0.7175925916666667 0.3624614203125 0.71875 0.3688271609375 0.7193287041666667 0.37364969062500003 0.71875 0.374421296875 0.7175925916666667 0.3769290125 0.7170138895833333 0.3790509265625 0.7149884249999999 0.3809799375 0.7144097229166667 0.3831018515625 0.7118055562500001 0.386188271875 0.7103587958333333 0.38715277812500004 0.7089120375 0.39139660468750004 0.7135416666666666 0.39216820937499997 0.71585648125 0.3948688265625 0.7201967583333333 0.3962191359375 0.7210648145833333 0.39756944375000003 0.7239583333333334 0.400848765625 0.7254050916666667 0.40489969062500003 0.7254050916666667 0.408757715625 0.7204861104166667 0.410108025 0.71585648125 0.41030092656250006 0.7120949083333333 0.4108796296875 0.7118055562500001 0.4108796296875 0.7092013895833333 0.4158950625 0.6909722229166667 0.42129629687500003 0.68460648125 0.42534722187499996 0.6744791666666666 0.4332561734375 0.6704282416666667 0.43672839531249996 0.6620370375 0.43788580312500003 0.6507523145833333 0.43672839531249996 0.6354166666666666 0.4347993828125 0.6302083333333334 0.4347993828125 0.6284722229166667 0.43402777812500004 0.6276041666666666 0.4332561734375 0.6226851854166667 0.4309413578125 0.6209490750000001 0.42959105 0.6186342583333333 0.4293981484375 0.6157407416666667 0.42534722187499996 0.6119791666666666 0.42148919687499997 0.6111111104166667 0.418016975 0.6119791666666666 0.4147376546875 0.6140046291666666 0.41300154375 0.6157407416666667 0.412615740625 0.6177662041666667 0.4114583328125 0.6186342583333333 0.4104938265625 0.6209490750000001 0.40856481406249995 0.6226851854166667 0.4029706796875 0.6223958333333334 0.4002700625 0.6203703708333334 0.39949845625 0.6171875 0.39930555624999997 0.6111111104166667 0.4002700625 0.6021412041666667 0.40277777812500004 0.59375 0.40277777812500004 0.5859375 0.40219907343749994 0.5839120375 0.39949845625 0.5807291666666666 0.3981481484375 0.5775462958333333 0.39216820937499997 0.5720486104166667 0.39158950625 0.5700231479166666 0.3894675921875 0.5685763895833333 0.3869598765625 0.5648148145833333 0.3834876546875 0.5625 0.3802083328125 0.5616319437499999 0.369598765625 0.5619212958333333 0.3640046296875 0.5656828708333334 0.36284722187499996 0.5656828708333334 0.3616898140625 0.5671296291666666 0.36033950625 0.5734953708333334 0.36014660468750004 0.5775462958333333 0.35898919687499997 0.5792824083333333 0.358796296875 0.58101851875 0.3551311734375 0.5839120375 0.3522376546875 0.5899884249999999 0.35165894999999997 0.5995370375 0.3508873453125 0.6006944437499999 0.3503086421875 0.6047453708333334 0.3503086421875 0.6125578708333334 0.3470293203125 0.6186342583333333 0.3468364203125 0.62210648125 0.344328703125 0.6258680562500001 0.34239969062500003 0.6325231479166666 0.34220679062500003 0.6368634249999999 0.3416280859375 0.6371527770833333 0.3396990734375 0.6432291666666666 0.338348765625 0.6449652770833333 0.338348765625 0.6495949083333333 0.34220679062500003 0.6519097229166667 0.34375 0.6545138895833333 0.344328703125 0.6571180562500001
0 0.48398919687499997 0.5523726854166667 0.48398919687499997 0.5552662041666667 0.48456790156249996 0.5552662041666667 0.48456790156249996 0.5523726854166667 0.48398919687499997 0.5523726854166667
0 0.874421296875 0.6137152770833333 0.87789351875 0.6128472229166667 0.8790509265625 0.6111111104166667 0.8834876546875 0.6082175916666667 0.8894675921875 0.6183449083333333 0.8886959875 0.6206597229166667 0.8863811734375 0.6229745375 0.8856095671875 0.6261574083333333 0.8834876546875 0.6290509249999999 0.8834876546875 0.6313657416666667 0.88290895 0.6316550916666667 0.88290895 0.6403356479166666 0.8840663578125 0.6412037041666667 0.8879243828125001 0.6412037041666667 0.8898533953125 0.6423611104166667 0.8904320984374999 0.6438078708333334 0.8904320984374999 0.6490162041666667 0.894097221875 0.6539351854166667 0.89544753125 0.6545138895833333 0.8967978390625 0.6597222229166667 0.8967978390625 0.6629050916666667 0.8994984562499999 0.66898148125 0.9035493828125001 0.6730324083333333 0.9041280859375 0.67476851875 0.9079861109375 0.6770833333333334 0.9101080250000001 0.6770833333333334 0.9114583328125001 0.67679398125 0.9135802468750001 0.6744791666666666 0.9176311734375 0.6681134249999999 0.9220679015625001 0.6660879625 0.9245756171874999 0.6634837958333333 0.9322916671874999 0.6620370375 0.934027778125 0.6594328708333334 0.9386574078125 0.6565393520833334 0.9413580250000001 0.6536458333333334 0.942901234375 0.6501736104166667 0.9461805562500001 0.6475694437499999 0.9511959875 0.64554398125 0.9602623453125 0.6449652770833333 0.9619984562499999 0.6440972229166667 0.96392746875 0.6400462958333333 0.9654706796875001 0.6316550916666667 0.9672067906249999 0.6270254625 0.9668209875 0.6171875 0.96875 0.6015625 0.9679783953125 0.5978009249999999 0.9668209875 0.59664351875 0.963348765625 0.5960648145833333 0.9573688265625 0.6004050916666667 0.956597221875 0.6027199083333333 0.9542824078125 0.6056134249999999 0.951774690625 0.6067708333333334 0.949652778125 0.6076388895833333 0.946759259375 0.6067708333333334 0.9392361109375 0.6067708333333334 0.938078703125 0.6053240750000001 0.9386574078125 0.6041666666666666 0.9386574078125 0.6006944437499999 0.9394290125 0.5992476854166667 0.9386574078125 0.5975115750000001 0.9351851859375 0.59664351875 0.9317129625 0.5989583333333334 0.9286265437500001 0.5992476854166667 0.9249614203125001 0.5943287041666667 0.9228395062500001 0.5882523145833333 0.9203317906249999 0.5850694437499999 0.9201388890625 0.5815972229166667 0.9162808640625 0.5740740750000001 0.9114583328125001 0.5581597229166667 0.9079861109375 0.5581597229166667 0.904899690625 0.5558449083333333 0.8973765437500001 0.5552662041666667 0.8929398140625 0.5564236104166667 0.8894675921875 0.5601851854166667 0.8886959875 0.5633680562500001 0.8869598765625 0.5656828708333334 0.8867669749999999 0.5749421291666666 0.8861882718749999 0.5769675916666667 0.8834876546875 0.5795717583333333 0.8815586421875 0.5833333333333334 0.8802083328125001 0.5842013895833333 0.8782793203124999 0.59085648125 0.8771219140625 0.5917245375 0.8753858031249999 0.6009837958333333 0.8728780859375 0.6047453708333334 0.8728780859375 0.6141493062500001 0.873649690625 0.6145833333333334 0.8728780859375 0.6157407416666667 0.874421296875 0.6137152770833333
0 0.4832175921875 0.20630787083333332 0.48244598749999995 0.21006944375 0.4801311734375 0.21325231458333332 0.48070987656249997 0.22511574166666665 0.481867284375 0.2265625 0.48456790156249996 0.234375 0.48726851875 0.23553240833333333 0.4918981484375 0.23582175833333335 0.49440586406250003 0.23784722291666668 0.49556327187500004 0.23755787083333332 0.49807098749999995 0.234375 0.498456790625 0.23003472291666668 0.49864969062500003 0.21412037083333332 0.49922839531249996 0.21354166666666666 0.49864969062500003 0.21238425833333335 0.49922839531249996 0.19039351875000002 0.49864969062500003 0.18981481458333332 0.498456790625 0.1854745375 0.49054783906250005 0.18576388958333334 0.48630401250000005 0.18836805625 0.484375 0.18865740833333333 0.4801311734375 0.19270833333333334 0.4793595671875 0.19502314791666667 0.4793595671875 0.19791666666666666 0.48070987656249997 0.20225694375 0.4832175921875 0.20630787083333332
0 0.50790895 0.20949074166666665 0.5084876546875 0.21006944375 0.50790895 0.21064814791666667 0.50771605 0.23090277708333332 0.5084876546875 0.23177083333333334 0.5123456796875 0.23148148124999998 0.5133101859375 0.2323495375 0.5133101859375 0.234375 0.5106095671875 0.23784722291666668 0.5096450625 0.24276620416666667 0.5084876546875 0.2442129625 0.50771605 0.24971064791666667 0.5084876546875 0.25925925833333335 0.5094521609375 0.25925925833333335 0.5113811734375 0.26128472291666666 0.5109953703125 0.26533564791666664 0.513117284375 0.26707175833333335 0.5138888890625 0.2711226854166667 0.513117284375 0.277488425 0.5125385796875 0.27777777708333334 0.5125385796875 0.28269675833333335 0.5113811734375 0.285011575 0.5098379625 0.29369212916666665 0.5104166671875 0.29398148125 0.5106095671875 0.29600694375000003 0.5136959875 0.30381944375000003 0.5196759265625001 0.3125 0.52237654375 0.31394675833333335 0.5256558640625 0.3125 0.5291280859375 0.31394675833333335 0.5331790125 0.31394675833333335 0.5412808640625 0.31105324166666665 0.5451388890625 0.3107638895833333 0.5461033953125 0.31105324166666665 0.550347221875 0.3177083333333333 0.5518904328125 0.3151041666666667 0.5538194437499999 0.31452546249999996 0.5543981484375 0.31336805624999997 0.5543981484375 0.3107638895833333 0.55767746875 0.30555555624999997 0.559027778125 0.2942708333333333 0.5617283953125 0.29050925833333335 0.562885803125 0.28414351875 0.565007715625 0.28211805624999997 0.5709876546875 0.27980324166666665 0.574266975 0.28067129583333333 0.5769675921874999 0.28443287083333335 0.577739196875 0.2873263895833333 0.579475309375 0.28964120416666667 0.5796682093750001 0.2916666666666667 0.5804398140625 0.29253472291666666 0.581597221875 0.30121527708333334 0.5821759265625001 0.30150462916666665 0.5821759265625001 0.30410879583333333 0.5842978390625 0.3072916666666667 0.5883487656249999 0.30902777708333334 0.5918209875 0.30902777708333334 0.6041666671875 0.30410879583333333 0.606867284375 0.300925925 0.606867284375 0.29890046249999996 0.608989196875 0.293113425 0.609375 0.28935185208333336 0.61033950625 0.292824075 0.6120756171874999 0.29369212916666665 0.6136188265625 0.292824075 0.61419753125 0.29021990833333333 0.61419753125 0.28472222291666666 0.6134259265625001 0.2829861104166667 0.6130401234375 0.2786458333333333 0.613811728125 0.2751736104166667 0.6163194437499999 0.27256944375000003 0.6163194437499999 0.2679398145833333 0.61419753125 0.26417824166666665 0.6134259265625001 0.25752314791666664 0.6116898140625 0.25491898125 0.6095679015625 0.2323495375 0.608989196875 0.23177083333333334 0.608989196875 0.23003472291666668 0.61226851875 0.22366898124999998 0.61226851875 0.22019675833333335 0.6116898140625 0.21961805625 0.6114969140625 0.21440972291666668 0.61033950625 0.20833333333333334 0.606867284375 0.199074075 0.603009259375 0.19704861041666666 0.597608025 0.19618055625 0.6008873453125 0.19039351875000002 0.603009259375 0.18894675833333335 0.6051311734375 0.18200231458333332 0.6033950625 0.16753472291666668 0.6022376546875 0.16550925833333335 0.60146605 0.16174768541666668 0.5991512343750001 0.1582754625 0.5918209875 0.15451388958333334 0.5883487656249999 0.14930555625 0.5850694437499999 0.14814814791666667 0.577739196875 0.14785879583333333 0.577546296875 0.14670138958333334 0.5750385796875 0.14380787083333332 0.5677083328125 0.14293981458333332 0.55767746875 0.14322916666666666 0.5495756171874999 0.14554398124999998 0.546875 0.14699074166666665 0.5449459875 0.14930555625 0.5426311734375 0.14988425833333335 0.5397376546875 0.15393518541666668 0.5383873453125 0.15393518541666668 0.5370370375 0.15682870416666667 0.5343364203125 0.15769675833333335 0.5335648140625 0.15885416666666666 0.5329861109375 0.15798611041666666 0.531828703125 0.15943287083333332 0.5297067906249999 0.15914351875000002 0.5256558640625 0.15682870416666667 0.52449845625 0.15972222291666668 0.5225694437499999 0.16087962916666668 0.52044753125 0.16579861041666666 0.5183256171874999 0.167824075 0.5177469140625 0.1739004625 0.5179398140625 0.18836805625 0.5177469140625 0.19039351875000002 0.5171682093750001 0.19068287083333332 0.5163966046875 0.21035879583333333 0.5158179015625 0.2129629625 0.51466049375 0.21209490833333333 0.5138888890625 0.20457175833333335 0.5133101859375 0.20399305625 0.5123456796875 0.19849537083333332 0.5084876546875 0.19762731458333332 0.50790895 0.19878472291666668 0.50771605 0.20225694375 0.5071373453125 0.20254629583333333 0.50771605 0.20341435208333333 0.50790895 0.20949074166666665
0 0.3782793203125 0.109375 0.3796296296875 0.11226851875 0.38368055624999997 0.11689814791666667 0.386188271875 0.11776620416666667 0.38966049375 0.11747685208333333 0.39332561718750003 0.1151620375 0.39756944375000003 0.11458333333333333 0.4010416671875 0.11111111041666667 0.40933642031249995 0.10763888958333333 0.4147376546875 0.10069444375 0.42206790156249996 0.09866898125 0.42380401250000005 0.0957754625 0.42669753125 0.09403935208333333 0.42920524687499995 0.09056712916666668 0.4347993828125 0.089699075 0.43942901250000005 0.0839120375 0.44058642031249995 0.08072916666666667 0.44155092656250006 0.074363425 0.4421296296875 0.07378472291666666 0.4421296296875 0.06741898125 0.44155092656250006 0.06684027708333334 0.44058642031249995 0.057291666666666664 0.4386574078125 0.05381944375 0.4386574078125 0.0526620375 0.435956790625 0.048611110416666665 0.4293981484375 0.044270833333333336 0.42283950625 0.04224537083333334 0.4128086421875 0.04195601875 0.403742284375 0.045138889583333335 0.4010416671875 0.0448495375 0.398919753125 0.04224537083333334 0.3937114203125 0.041666666666666664 0.39216820937499997 0.04224537083333334 0.39023919687499997 0.04542824166666667 0.3894675921875 0.052951389583333335 0.388117284375 0.058449074999999996 0.3863811734375 0.06018518541666666 0.384259259375 0.06452546249999999 0.38194444375000003 0.06684027708333334 0.3802083328125 0.07089120416666667 0.3786651234375 0.07783564791666667 0.37364969062500003 0.08449074166666667 0.37364969062500003 0.0957754625 0.377507715625 0.10619212916666668 0.3780864203125 0.10648148125 0.3782793203125 0.109375
0 0.0071373453125 0.8304398145833333 0.009645062499999999 0.8339120375 0.0098379625 0.8356481479166666 0.0125385796875 0.8399884249999999 0.0167824078125 0.8431712958333333 0.0179398140625 0.8454861104166667 0.0196759265625 0.8460648145833333 0.021797839062499998 0.8501157416666667 0.025848765625 0.8535879625 0.028549382812500003 0.8475115750000001 0.0331790125 0.8405671291666666 0.0331790125 0.8394097229166667 0.03607253125 0.8333333333333334 0.037808642187500005 0.8315972229166667 0.0383873453125 0.8295717583333333 0.040509259375 0.8266782416666667 0.0412808640625 0.8208912041666667 0.042438271875 0.81741898125 0.048225309375 0.80960648125 0.0489969140625 0.8067129625 0.0491898140625 0.8012152770833333 0.047839506250000004 0.7931134249999999 0.0432098765625 0.7792245375 0.041087962500000005 0.7771990750000001 0.0397376546875 0.7745949083333333 0.0387731484375 0.7743055562500001 0.035108025 0.7659143520833334 0.031057098437500003 0.7612847229166667 0.0250771609375 0.7589699083333333 0.024691357812500002 0.7581018520833334 0.019097221875 0.7581018520833334 0.0154320984375 0.7618634249999999 0.0154320984375 0.7635995375 0.01466049375 0.7650462958333333 0.013117284375 0.7659143520833334 0.0115740734375 0.7653356479166666 0.0106095671875 0.7618634249999999 0.0084876546875 0.7592592583333333 0.0052083328125 0.7589699083333333 0.0040509265624999995 0.7615740750000001 0.003858025 0.8179976854166667 0.004629629687499999 0.8220486104166667 0.0071373453125 0.8289930562500001 0.0071373453125 0.8304398145833333
0 0.2457561734375 0.230324075 0.246527778125 0.22945601875000002 0.24672067968750003 0.22685185208333333 0.2449845671875 0.22511574166666665 0.2438271609375 0.22569444375 0.24305555625 0.22800925833333335 0.24402006250000002 0.23408564791666667 0.2459490734375 0.234375 0.2457561734375 0.230324075
0 0.22723765468749998 0.12905092499999998 0.22743055625 0.1310763895833333 0.22858796250000002 0.13194444375 0.2293595671875 0.13425925833333335 0.2355324078125 0.136863425 0.2386188265625 0.13946759166666667 0.24440586406249998 0.14120370416666667 0.246141975 0.14236111041666666 0.2476851859375 0.14525462916666668 0.2472993828125 0.1542245375 0.24942129687499998 0.16087962916666668 0.2511574078125 0.16377314791666667 0.252507715625 0.167824075 0.252507715625 0.1698495375 0.2530864203125 0.17013888958333334 0.2530864203125 0.17997685208333333 0.252507715625 0.18026620416666667 0.252507715625 0.18200231458333332 0.2492283953125 0.191261575 0.248456790625 0.19849537083333332 0.2476851859375 0.199074075 0.24633487656250003 0.20341435208333333 0.24402006250000002 0.20486111041666666 0.2438271609375 0.207175925 0.24479166718749998 0.20949074166666665 0.246527778125 0.2089120375 0.24672067968750003 0.21122685208333333 0.2459490734375 0.21180555625 0.2459490734375 0.21354166666666666 0.2478780859375 0.21585648124999998 0.2492283953125 0.21527777708333332 0.250578703125 0.21267361041666666 0.2517361109375 0.21238425833333335 0.2550154328125 0.21701388958333334 0.2552083328125 0.23379629583333333 0.2565586421875 0.23524305625 0.2571373453125 0.23726851875000002 0.260223765625 0.23929398124999998 0.2606095671875 0.24131944375 0.2635030859375 0.24305555625 0.26523919687499997 0.24508101875000002 0.26523919687499997 0.245949075 0.2667824078125 0.24652777708333332 0.2706404328125 0.25115740833333333 0.27353394999999997 0.25289351875 0.2752700625 0.2557870375 0.2829861109375 0.26070601875 0.29822530937499997 0.26273148125 0.29841820937499997 0.2635995375 0.3024691359375 0.26475694375 0.31288580312500003 0.26678240833333333 0.3136574078125 0.2679398145833333 0.3171296296875 0.26533564791666664 0.3190586421875 0.25289351875 0.32118055624999997 0.25057870416666667 0.3244598765625 0.25 0.325617284375 0.24768518541666668 0.32716049375 0.23177083333333334 0.3263888890625 0.22048611041666666 0.3279320984375 0.21875 0.33159722187499996 0.22019675833333335 0.33506944375000003 0.21961805625 0.336419753125 0.21759259166666667 0.3375771609375 0.21238425833333335 0.338348765625 0.21151620416666667 0.3391203703125 0.206886575 0.33892746875 0.20023148124999998 0.3377700625 0.19704861041666666 0.3377700625 0.19444444375 0.338348765625 0.19386574166666665 0.338348765625 0.18634259166666667 0.33680555624999997 0.183738425 0.336419753125 0.1817129625 0.3339120375 0.17997685208333333 0.3321759265625 0.17737268541666668 0.32889660468750004 0.175636575 0.3269675921875 0.17332175833333335 0.3209876546875 0.17042824166666665 0.3190586421875 0.168113425 0.316358025 0.16261574166666665 0.3155864203125 0.15711805625 0.3144290125 0.15277777708333332 0.3136574078125 0.15190972291666668 0.31288580312500003 0.14699074166666665 0.30902777812500004 0.13946759166666667 0.30902777812500004 0.13744212916666668 0.3082561734375 0.13599537083333332 0.3069058640625 0.13570601875000002 0.30362654375 0.13194444375 0.2999614203125 0.13049768541666668 0.2966820984375 0.12586805625 0.28993055624999997 0.12586805625 0.285686728125 0.12181712916666668 0.2831790125 0.11776620416666667 0.28028549375 0.11660879583333333 0.27854938281249997 0.11458333333333333 0.2625385796875 0.11168981458333334 0.261188271875 0.109375 0.25790894999999997 0.10792824166666667 0.2555941359375 0.105324075 0.2517361109375 0.105324075 0.25038580312500003 0.10792824166666667 0.246527778125 0.109375 0.2457561734375 0.11053240833333335 0.2434413578125 0.11082175833333333 0.2386188265625 0.10850694375 0.237847221875 0.10619212916666668 0.233989196875 0.105613425 0.2316743828125 0.10300925833333333 0.23070987656250003 0.10300925833333333 0.22685185156249998 0.11082175833333333 0.22125771562500002 0.11487268541666666 0.22010030937499997 0.11689814791666667 0.2199074078125 0.11892361041666667 0.21932870312500002 0.1192129625 0.2249228390625 0.12413194375 0.22723765468749998 0.12905092499999998
0 0.2405478390625 0.8113425916666667 0.24131944375 0.8177083333333334 0.24305555625 0.8206018520833334 0.24324845625 0.8223379625 0.2476851859375 0.8284143520833334 0.2478780859375 0.8298611104166667 0.250578703125 0.8324652770833333 0.2546296296875 0.8342013895833333 0.2584876546875 0.8342013895833333 0.2619598765625 0.8315972229166667 0.26697530937499997 0.8243634249999999 0.26909722187499996 0.8185763895833333 0.26851851875 0.8145254625 0.266203703125 0.8127893520833334 0.2644675921875 0.8101851854166667 0.2658179015625 0.8061342583333333 0.2696759265625 0.8000578708333334 0.270061728125 0.7980324083333333 0.273919753125 0.7907986104166667 0.273919753125 0.7879050916666667 0.27237654375 0.7853009249999999 0.2702546296875 0.7835648145833333 0.265046296875 0.7754629625 0.25868055624999997 0.7740162041666667 0.2552083328125 0.7714120375 0.2517361109375 0.7728587958333333 0.2488425921875 0.7754629625 0.24286265468749998 0.7743055562500001 0.2405478390625 0.7743055562500001 0.2393904328125 0.7754629625 0.239776234375 0.7902199083333333 0.237847221875 0.7934027770833333 0.2374614203125 0.8012152770833333 0.2405478390625 0.8113425916666667
0 0.27970679062500003 0.52430555625 0.2878086421875 0.5240162041666667 0.28896605000000003 0.5228587958333333 0.2897376546875 0.5190972229166666 0.2883873453125 0.5144675916666667 0.2878086421875 0.50694444375 0.286651234375 0.5046296291666666 0.285108025 0.49681712916666665 0.2845293203125 0.496238425 0.2831790125 0.4817708333333333 0.27970679062500003 0.47771990833333333 0.27854938281249997 0.47945601875 0.2752700625 0.4817708333333333 0.27449845625 0.48350694375000003 0.2750771609375 0.5153356479166666 0.2760416671875 0.5188078708333334 0.27777777812500004 0.5228587958333333 0.27970679062500003 0.52430555625
0 0.28915894999999997 0.48582175833333335 0.2897376546875 0.4861111104166667 0.2897376546875 0.488136575 0.2908950625 0.49016203750000004 0.2910879625 0.49276620416666667 0.2918595671875 0.49334490833333333 0.2918595671875 0.49652777708333334 0.2926311734375 0.49913194375000003 0.294367284375 0.5014467583333333 0.2951388890625 0.5043402770833334 0.29533179062500003 0.5170717583333333 0.29648919687499997 0.5257523145833333 0.2999614203125 0.5300925916666667 0.3063271609375 0.5269097229166666 0.308641975 0.5240162041666667 0.3103780859375 0.5202546291666666 0.31172839531249996 0.519386575 0.3123070984375 0.5167824083333333 0.3190586421875 0.5066550916666667 0.3196373453125 0.4976851854166667 0.3182870375 0.4895833333333333 0.3146219140625 0.4826388895833333 0.3144290125 0.47974537083333335 0.31327160468750004 0.47771990833333333 0.313078703125 0.47540509166666667 0.31095679062500003 0.4710648145833333 0.3072916671875 0.47193287083333335 0.30381944375000003 0.47077546249999996 0.29841820937499997 0.47222222291666666 0.296875 0.47366898125 0.29417438281249997 0.4739583333333333 0.2918595671875 0.47337962916666665 0.2916666671875 0.472511575 0.2897376546875 0.47164351875 0.28896605000000003 0.472511575 0.2883873453125 0.47366898125 0.2883873453125 0.47945601875 0.28896605000000003 0.47974537083333335 0.28915894999999997 0.48582175833333335
0 0.42592592656250006 0.20746527708333332 0.4261188265625 0.21064814791666667 0.42669753125 0.2109375 0.42804783906250005 0.21788194375 0.43132716093749995 0.22222222291666668 0.4315200625 0.22395833333333334 0.4322916671875 0.22482638958333334 0.43441357968750005 0.22540509166666667 0.43614969062500003 0.22771990833333333 0.439043209375 0.2285879625 0.4407793203125 0.230324075 0.4386574078125 0.23755787083333332 0.43885030937499997 0.24276620416666667 0.440007715625 0.24565972291666668 0.44618055625 0.24942129583333333 0.4498456796875 0.25028935208333336 0.451581790625 0.2520254625 0.4542824078125 0.25289351875 0.45621142031249995 0.2554976854166667 0.46006944375 0.25665509166666667 0.463348765625 0.2554976854166667 0.46392746875 0.254050925 0.46585648125 0.2526041666666667 0.4739583328125 0.25 0.47858796249999996 0.245949075 0.481867284375 0.24131944375 0.481867284375 0.23292824166666665 0.4793595671875 0.22743055625 0.478009259375 0.21180555625 0.47550154375 0.20543981458333332 0.47453703750000004 0.19849537083333332 0.47067901250000005 0.18518518541666668 0.4660493828125 0.17708333333333334 0.463348765625 0.17505787083333332 0.45929783906250005 0.17418981458333332 0.4581404328125 0.17303240833333333 0.45331790156249996 0.16377314791666667 0.44945987656249997 0.16377314791666667 0.447723765625 0.1660879625 0.44540895 0.16753472291666668 0.4402006171875 0.17621527708333332 0.43344907343749994 0.18113425833333335 0.43055555625 0.1854745375 0.42862654375 0.19241898124999998 0.42804783906250005 0.19270833333333334 0.42804783906250005 0.19502314791666667 0.42669753125 0.20023148124999998 0.4261188265625 0.20052083333333334 0.42592592656250006 0.20572916666666666 0.42534722187499996 0.20601851875000002 0.42534722187499996 0.207175925 0.42592592656250006 0.20746527708333332
0 0.5418595671875 0 0.5418595671875 0.0020254625 0.5397376546875 0.00694444375 0.5364583328125 0.00694444375 0.535108025 0.003761575 0.5331790125 0.00289351875 0.52835648125 0.003761575 0.5270061734375 0.00491898125 0.5198688265625 0.005497685416666666 0.5177469140625 0.010127314583333333 0.5154320984375 0.011863425 0.5129243828125001 0.015625 0.5106095671875 0.017071758333333336 0.5098379625 0.019386575 0.50790895 0.021412037499999998 0.5059799375 0.028067129166666666 0.5057870375 0.03125 0.5052083328125 0.03153935208333333 0.5052083328125 0.035011574999999996 0.5057870375 0.035300925000000004 0.5059799375 0.03761574166666667 0.5059799375 0.05439814791666667 0.5071373453125 0.057291666666666664 0.5071373453125 0.05960648125 0.5104166671875 0.06568287083333334 0.511188271875 0.06915509166666665 0.5123456796875 0.07002314791666667 0.515046296875 0.07465277708333334 0.515239196875 0.0760995375 0.5183256171874999 0.07841435208333333 0.5289351859375 0.07783564791666667 0.5300925921874999 0.07870370416666667 0.531828703125 0.082175925 0.5335648140625 0.08333333333333333 0.5364583328125 0.089699075 0.5378086421875 0.09114583333333333 0.53915895 0.09230324166666667 0.5432098765625 0.09317129583333333 0.5435956796875 0.09403935208333333 0.5470679015625 0.09403935208333333 0.547260803125 0.09317129583333333 0.5515046296875 0.09288194375 0.555169753125 0.09114583333333333 0.5603780859375 0.08304398125 0.5623070984375 0.081886575 0.5655864203125 0.07754629583333333 0.566358025 0.074074075 0.5671296296875 0.07349537083333332 0.5690586421875 0.06770833333333333 0.5684799375 0.06684027708333334 0.5684799375 0.06365740833333333 0.5690586421875 0.06307870416666667 0.5690586421875 0.06018518541666666 0.5709876546875 0.05439814791666667 0.5711805562500001 0.050636574999999996 0.571759259375 0.05005787083333334 0.5738811734375 0.029513889583333335 0.57523148125 0.025462962500000002 0.5744598765625 0.024594908333333332 0.5721450625 0.016203704166666666 0.57040895 0.013888889583333335 0.5682870375 0.0078125 0.565007715625 0.003761575 0.561149690625 0.0020254625 0.5609567906249999 0 0.5418595671875 0
0 0.07561728437500001 0.230324075 0.0758101859375 0.23379629583333333 0.0769675921875 0.23582175833333335 0.0769675921875 0.23755787083333332 0.07908950625 0.23958333333333334 0.0831404328125 0.2479745375 0.08506944375 0.25028935208333336 0.08854166718749999 0.2520254625 0.10300925937500001 0.2523148145833333 0.1051311734375 0.25115740833333333 0.106867284375 0.25173611041666666 0.10628857968750001 0.25289351875 0.10628857968750001 0.25607638958333334 0.104938271875 0.25839120416666667 0.1041666671875 0.26244212916666665 0.10358796249999999 0.26273148125 0.10358796249999999 0.26533564791666664 0.10088734531250002 0.26996527708333334 0.0997299375 0.277488425 0.09953703750000001 0.28472222291666666 0.097222221875 0.28761574166666665 0.09297839531249999 0.28819444375000003 0.0916280859375 0.28964120416666667 0.094328703125 0.29108796249999996 0.10281635781250001 0.2913773145833333 0.109375 0.292824075 0.1114969140625 0.29600694375000003 0.112847221875 0.30266203750000004 0.1136188265625 0.31105324166666665 0.11419753125000001 0.31134259166666667 0.11419753125000001 0.31394675833333335 0.11631944375 0.32146990833333333 0.1197916671875 0.3263888895833333 0.12789351875 0.3298611104166667 0.1290509265625 0.33159722291666666 0.1290509265625 0.33449074166666665 0.1302083328125 0.33796296249999996 0.1315586421875 0.3385416666666667 0.1340663578125 0.34172453750000004 0.13580246875 0.34230324166666665 0.1385030859375 0.3454861104166667 0.1394675921875 0.3489583333333333 0.14158950625 0.35069444375000003 0.1429398140625 0.3532986104166667 0.1467978390625 0.355613425 0.1506558640625 0.35648148125 0.150848765625 0.35734953750000004 0.15451388906250002 0.35474537083333335 0.154899690625 0.35214120416666667 0.156635803125 0.34837962916666665 0.1660879625 0.33709490833333333 0.171489196875 0.33535879583333333 0.17901234531250002 0.3255208333333333 0.18576388906250002 0.324074075 0.188850309375 0.32146990833333333 0.1902006171875 0.31915509166666667 0.1934799375 0.308738425 0.1956018515625 0.3064236104166667 0.19926697499999999 0.30671296249999996 0.202739196875 0.30815972291666666 0.20679012343749997 0.30815972291666666 0.20987654375 0.30526620416666667 0.211419753125 0.3064236104166667 0.213348765625 0.3101851854166667 0.21875 0.31452546249999996 0.2206790125 0.3177083333333333 0.22395833281250002 0.31973379583333333 0.22723765468749998 0.3203125 0.23533950625000002 0.3185763895833333 0.244598765625 0.308449075 0.244598765625 0.3020833333333333 0.24517746875 0.300636575 0.244598765625 0.2890625 0.2476851859375 0.27980324166666665 0.2472993828125 0.27546296249999996 0.246527778125 0.27430555624999997 0.246527778125 0.27199074166666665 0.24479166718749998 0.26475694375 0.2457561734375 0.26128472291666666 0.246527778125 0.26099537083333335 0.248456790625 0.25665509166666667 0.24864969062500003 0.254050925 0.244598765625 0.24363425833333335 0.242669753125 0.24189814791666667 0.24189814843750002 0.23929398124999998 0.23996913593750002 0.23784722291666668 0.23804012343749997 0.23119212916666668 0.23919753125 0.22106481458333332 0.23996913593750002 0.22019675833333335 0.23996913593750002 0.21817129583333333 0.240740740625 0.2167245375 0.24016203749999998 0.2129629625 0.234760803125 0.20659722291666668 0.23263888906250002 0.20052083333333334 0.229938271875 0.1973379625 0.228009259375 0.19241898124999998 0.2293595671875 0.1895254625 0.233989196875 0.18778935208333333 0.2438271609375 0.19010416666666666 0.2472993828125 0.18923611041666666 0.2492283953125 0.18518518541666668 0.24942129687499998 0.18258101875000002 0.25077160468750004 0.17939814791666667 0.25038580312500003 0.16898148124999998 0.2492283953125 0.16319444375 0.246527778125 0.15798611041666666 0.2459490734375 0.15451388958333334 0.246527778125 0.1464120375 0.245563271875 0.144386575 0.23919753125 0.14033564791666667 0.23341049374999998 0.1385995375 0.2316743828125 0.136863425 0.2278163578125 0.13570601875000002 0.226080246875 0.13396990833333333 0.2253086421875 0.12991898125 0.22357253125 0.1270254625 0.2206790125 0.12586805625 0.213348765625 0.12586805625 0.2092978390625 0.1267361104166667 0.206597221875 0.12876157500000002 0.20601851875000002 0.13049768541666668 0.1998456796875 0.136863425 0.1973379625 0.14236111041666666 0.19598765468749998 0.14814814791666667 0.19540895 0.1484375 0.19521605 0.152199075 0.19463734531250002 0.152488425 0.1934799375 0.15972222291666668 0.1898148140625 0.16724537083333332 0.18595679062499998 0.17042824166666665 0.182098765625 0.17071759166666667 0.17862654375 0.17274305625 0.1759259265625 0.16869212916666668 0.1759259265625 0.16464120416666667 0.1749614203125 0.16145833333333334 0.17476851875 0.15798611041666666 0.17476851875 0.14496527708333332 0.1741898140625 0.144675925 0.1739969140625 0.1385995375 0.17283950625 0.13368055625 0.17283950625 0.12905092499999998 0.172260803125 0.12847222291666666 0.171489196875 0.12268518541666666 0.1682098765625 0.11950231458333334 0.1643518515625 0.11776620416666667 0.1620370375 0.1151620375 0.155671296875 0.11371527708333334 0.1481481484375 0.11053240833333335 0.1437114203125 0.11082175833333333 0.1427469140625 0.11226851875 0.1309799375 0.11805555625 0.1290509265625 0.11950231458333334 0.1280864203125 0.12181712916666668 0.1228780859375 0.12442129583333333 0.12210648125000001 0.12586805625 0.11689814843749999 0.12905092499999998 0.11554783906249999 0.1307870375 0.11439043281250001 0.13425925833333335 0.112847221875 0.13599537083333332 0.1116898140625 0.13946759166666667 0.108989196875 0.14236111041666666 0.108989196875 0.14930555625 0.11091820937500001 0.15075231458333332 0.1116898140625 0.15740740833333333 0.1140046296875 0.15914351875000002 0.11631944375 0.16290509166666667 0.11766975312500001 0.16290509166666667 0.11882716093750001 0.16464120416666667 0.1190200625 0.17129629583333333 0.121527778125 0.17505787083333332 0.123649690625 0.1817129625 0.12210648125000001 0.18634259166666667 0.11863425937500001 0.1895254625 0.11091820937500001 0.191261575 0.110725309375 0.19212962916666668 0.1051311734375 0.19415509166666667 0.10223765468749998 0.19820601875000002 0.10146605 0.20138888958333334 0.0987654328125 0.20428240833333333 0.088348765625 0.20775462916666668 0.081597221875 0.214699075 0.079668209375 0.21817129583333333 0.079668209375 0.21932870416666667 0.0758101859375 0.22395833333333334 0.07561728437500001 0.22598379583333333 0.0750385796875 0.22627314791666667 0.0750385796875 0.23003472291666668 0.07561728437500001 0.230324075
0 0.8422067906249999 0.5060763895833333 0.8493441359375 0.5066550916666667 0.8508873453125 0.5089699083333333 0.8549382718749999 0.51070601875 0.8624614203125001 0.5121527770833334 0.8676697531249999 0.511863425 0.8734567906249999 0.5092592583333333 0.8748070984374999 0.5043402770833334 0.8802083328125001 0.49797453750000004 0.8809799375 0.49508101875 0.8802083328125001 0.4904513895833333 0.8788580250000001 0.4869791666666667 0.8780864203125001 0.47598379583333333 0.8761574078125 0.47309027708333334 0.8761574078125 0.47193287083333335 0.8730709875 0.46817129583333333 0.8684413578125 0.464988425 0.8630401234375 0.45746527708333334 0.8616898140625 0.45746527708333334 0.859375 0.45949074166666665 0.856867284375 0.46440972291666666 0.8522376546875 0.46961805624999997 0.8497299375 0.47540509166666667 0.8476080250000001 0.4765625 0.8468364203125001 0.4782986104166667 0.844328703125 0.480324075 0.8435570984374999 0.4826388895833333 0.8404706796875001 0.4866898145833333 0.840277778125 0.488425925 0.8396990734375 0.48871527708333334 0.8396990734375 0.49131944375000003 0.8385416671874999 0.4939236104166667 0.838348765625 0.4982638895833333 0.83892746875 0.49884259166666667 0.83892746875 0.5005787041666667 0.8422067906249999 0.5060763895833333
0 0.1574074078125 0.36429398125 0.15798611093749998 0.3695023145833333 0.1574074078125 0.37528935208333336 0.156828703125 0.37557870416666667 0.156828703125 0.38483796249999996 0.1574074078125 0.3851273145833333 0.1574074078125 0.386574075 0.1593364203125 0.39091435208333336 0.1595293203125 0.39380787083333335 0.1603009265625 0.39554398125 0.16396605 0.4001736104166667 0.16415895 0.40190972291666666 0.1666666671875 0.40509259166666667 0.1676311734375 0.40827546249999996 0.1691743828125 0.4088541666666667 0.171489196875 0.4123263895833333 0.17534722187500001 0.41348379583333333 0.17862654375 0.4123263895833333 0.182098765625 0.40769675833333335 0.18595679062499998 0.39988425833333335 0.18672839531250002 0.39409722291666666 0.1886574078125 0.3888888895833333 0.188850309375 0.38483796249999996 0.1894290125 0.38425925833333335 0.1894290125 0.378761575 0.187885803125 0.3767361104166667 0.1886574078125 0.3732638895833333 0.1894290125 0.3726851854166667 0.1927083328125 0.36516203750000004 0.19618055625 0.36284722291666666 0.1979166671875 0.363425925 0.2000385796875 0.3654513895833333 0.2000385796875 0.36863425833333335 0.20061728437499998 0.3689236104166667 0.20061728437499998 0.3726851854166667 0.2019675921875 0.378761575 0.2019675921875 0.38339120416666667 0.20254629687499998 0.38396990833333333 0.20293209843749999 0.3888888895833333 0.203510803125 0.39033564791666664 0.2052469140625 0.39091435208333336 0.2081404328125 0.394386575 0.2096836421875 0.39496527708333334 0.2125771609375 0.40133101875 0.21199845625 0.41377314791666664 0.2125771609375 0.4140625 0.21277006250000002 0.417824075 0.2160493828125 0.42303240833333333 0.2166280859375 0.425636575 0.22395833281250002 0.4322916666666667 0.228009259375 0.4314236104166667 0.23148148124999998 0.42621527708333334 0.23263888906250002 0.42216435208333336 0.23456790156250001 0.41898148125 0.235918209375 0.4114583333333333 0.23456790156250001 0.40133101875 0.233989196875 0.4007523145833333 0.233989196875 0.39496527708333334 0.23456790156250001 0.394386575 0.234760803125 0.39149305624999997 0.23456790156250001 0.38252314791666664 0.2320601859375 0.37644675833333335 0.23186728437499998 0.37413194375000003 0.22916666718749998 0.370949075 0.22839506250000002 0.36805555624999997 0.22723765468749998 0.36689814791666664 0.22685185156249998 0.36284722291666666 0.22762345625 0.36226851875 0.22839506250000002 0.36400462916666665 0.230902778125 0.36429398125 0.235918209375 0.3726851854166667 0.2405478390625 0.3776041666666667 0.254436728125 0.3802083333333333 0.2557870375 0.37991898125 0.2565586421875 0.37789351875 0.25771605000000003 0.359375 0.25771605000000003 0.347511575 0.2565586421875 0.34056712916666665 0.2519290125 0.324363425 0.249614196875 0.32175925833333335 0.2478780859375 0.31828703750000004 0.24517746875 0.316550925 0.234760803125 0.31944444375000003 0.230902778125 0.3220486104166667 0.22723765468749998 0.32233796249999996 0.22453703749999998 0.32175925833333335 0.22010030937499997 0.31886574166666665 0.2166280859375 0.31539351875 0.209490740625 0.31192129583333333 0.2004243828125 0.30960648125 0.19540895 0.3098958333333333 0.19463734531250002 0.31047453750000004 0.193865740625 0.31394675833333335 0.1921296296875 0.316550925 0.1905864203125 0.3220486104166667 0.18904320937500002 0.324074075 0.1863425921875 0.3263888895833333 0.17881944375 0.32870370416666667 0.17476851875 0.3333333333333333 0.1738040125 0.33564814791666664 0.16801697499999999 0.3385416666666667 0.16415895 0.3420138895833333 0.160686728125 0.34577546249999996 0.1593364203125 0.3489583333333333 0.157600309375 0.35098379583333333 0.1574074078125 0.35358796249999996 0.156828703125 0.3538773145833333 0.156828703125 0.36400462916666665 0.1574074078125 0.36429398125
0 0.2278163578125 0.6440972229166667 0.2322530859375 0.6461226854166667 0.23533950625000002 0.6501736104166667 0.2351466046875 0.6524884249999999 0.233989196875 0.6545138895833333 0.23379629687499998 0.6579861104166667 0.2332175921875 0.6582754625 0.2332175921875 0.66695601875 0.2363040125 0.6698495375 0.2366898140625 0.6715856479166666 0.2405478390625 0.6759259249999999 0.2559799375 0.6788194437499999 0.260223765625 0.6762152770833333 0.261766975 0.671875 0.26466049375 0.6707175916666667 0.26639660468750004 0.6710069437499999 0.269483025 0.6736111104166667 0.2698688265625 0.67476851875 0.2731481484375 0.67679398125 0.28047839531249996 0.6776620375 0.2831790125 0.6773726854166667 0.2870370375 0.6753472229166667 0.2870370375 0.6675347229166667 0.2864583328125 0.6640625 0.2845293203125 0.6603009249999999 0.2831790125 0.6556712958333333 0.2814429015625 0.6542245375 0.27854938281249997 0.6493055562500001 0.2770061734375 0.6432291666666666 0.2766203703125 0.6365740750000001 0.27777777812500004 0.6273148145833333 0.27970679062500003 0.6226851854166667 0.27989969062500003 0.6186342583333333 0.28047839531249996 0.6180555562500001 0.28047839531249996 0.6111111104166667 0.2791280859375 0.6090856479166666 0.27334105000000003 0.6050347229166667 0.2714120375 0.6047453708333334 0.26909722187499996 0.6021412041666667 0.2654320984375 0.5998263895833333 0.2584876546875 0.5914351854166667 0.2571373453125 0.59085648125 0.2555941359375 0.5879629625 0.253858025 0.5879629625 0.25135030937499997 0.5899884249999999 0.2492283953125 0.5951967583333333 0.24942129687499998 0.6018518520833334 0.250578703125 0.6056134249999999 0.250578703125 0.6076388895833333 0.2511574078125 0.6079282416666667 0.25135030937499997 0.6128472229166667 0.252507715625 0.6151620375 0.2519290125 0.6183449083333333 0.2478780859375 0.6174768520833334 0.24112654375 0.6090856479166666 0.2374614203125 0.6087962958333333 0.233989196875 0.6102430562500001 0.23263888906250002 0.6131365750000001 0.2320601859375 0.6166087958333333 0.2278163578125 0.6226851854166667 0.22723765468749998 0.6252893520833334 0.22723765468749998 0.6296296291666666 0.22665894999999997 0.62991898125 0.22665894999999997 0.6414930562500001 0.2278163578125 0.6440972229166667
0 0.61824845625 0.160300925 0.61824845625 0.16898148124999998 0.6188271609375 0.16927083333333334 0.62017746875 0.18229166666666666 0.6207561734375 0.18258101875000002 0.6209490734374999 0.18518518541666668 0.621527778125 0.1854745375 0.6222993828125001 0.18894675833333335 0.625 0.19241898124999998 0.6296296296875 0.19473379583333333 0.6336805562500001 0.19849537083333332 0.636766975 0.19994212916666668 0.640046296875 0.199074075 0.6408179015625 0.19820601875000002 0.6423611109375 0.191550925 0.64351851875 0.18923611041666666 0.6456404328125 0.17824074166666665 0.6462191359375 0.1776620375 0.6464120375 0.167824075 0.64544753125 0.16579861041666666 0.6448688265625 0.160011575 0.64544753125 0.14699074166666665 0.6446759265625001 0.14583333333333334 0.6398533953125 0.14380787083333332 0.636188271875 0.13946759166666667 0.634259259375 0.13512731458333332 0.6307870375 0.13165509166666667 0.623649690625 0.12991898125 0.62017746875 0.13020833333333334 0.61824845625 0.13165509166666667 0.6163194437499999 0.13715277708333332 0.61612654375 0.14004629583333333 0.6155478390625 0.14033564791666667 0.6163194437499999 0.15393518541666668 0.61824845625 0.160300925
0 0.3377700625 0.14756944375 0.34027777812500004 0.14988425833333335 0.3404706796875 0.15190972291666668 0.34220679062500003 0.15538194375 0.34239969062500003 0.168113425 0.343171296875 0.17418981458333332 0.34413580312500003 0.17708333333333334 0.344328703125 0.18229166666666666 0.3449074078125 0.18258101875000002 0.346257715625 0.19010416666666666 0.3470293203125 0.191261575 0.3470293203125 0.19589120416666667 0.3478009265625 0.199363425 0.3497299375 0.20283564791666667 0.3547453703125 0.20746527708333332 0.36091820937499997 0.21006944375 0.3728780859375 0.21209490833333333 0.381365740625 0.21035879583333333 0.3844521609375 0.21151620416666667 0.39023919687499997 0.21701388958333334 0.39409722187499996 0.21585648124999998 0.39544753125 0.21180555625 0.3962191359375 0.21122685208333333 0.3964120375 0.20920138958333334 0.39756944375000003 0.207175925 0.3981481484375 0.20225694375 0.39949845625 0.19965277708333332 0.4002700625 0.19849537083333332 0.40547839531249996 0.19646990833333333 0.40625 0.19502314791666667 0.40933642031249995 0.19270833333333334 0.4108796296875 0.18113425833333335 0.4114583328125 0.17997685208333333 0.416473765625 0.17650462916666668 0.419367284375 0.16840277708333332 0.4185956796875 0.15509259166666667 0.4176311734375 0.15335648124999998 0.41743827187500004 0.15075231458333332 0.415509259375 0.14583333333333334 0.41396605 0.144386575 0.4122299375 0.13946759166666667 0.41203703750000004 0.136863425 0.410108025 0.13310185208333333 0.40605709843750004 0.13165509166666667 0.4020061734375 0.13165509166666667 0.397955246875 0.13310185208333333 0.3937114203125 0.13252314791666667 0.39158950625 0.12962962916666668 0.39158950625 0.12615740833333333 0.3908179015625 0.12413194375 0.3888888890625 0.12210648125 0.38368055624999997 0.12065972291666666 0.3802083328125 0.11805555625 0.377507715625 0.113425925 0.3769290125 0.10995370416666667 0.372492284375 0.105324075 0.369598765625 0.10474537083333332 0.3674768515625 0.10792824166666667 0.363233025 0.11082175833333333 0.359953703125 0.109375 0.356867284375 0.10648148125 0.3522376546875 0.105613425 0.3489583328125 0.10677083333333333 0.34664351875 0.109375 0.3435570984375 0.11111111041666667 0.3420138890625 0.113425925 0.3404706796875 0.11400462916666668 0.3379629625 0.11776620416666667 0.33699845625 0.11805555625 0.3356481484375 0.12413194375 0.3331404328125 0.13020833333333334 0.33294753125 0.13425925833333335 0.3342978390625 0.13975694375 0.3356481484375 0.14149305625 0.3377700625 0.14756944375
0 0.9182098765625 0.6950231479166666 0.923225309375 0.6956018520833334 0.9234182093750001 0.6964699083333333 0.9265046296874999 0.6973379625 0.927276234375 0.6984953708333334 0.9280478390625 0.703125 0.9301697531249999 0.7045717583333333 0.9322916671874999 0.7054398145833333 0.9359567906249999 0.7039930562500001 0.938078703125 0.70804398125 0.938078703125 0.7109375 0.9386574078125 0.7112268520833334 0.9386574078125 0.7132523145833333 0.940007715625 0.71585648125 0.9415509265625 0.7170138895833333 0.9475308640625 0.7170138895833333 0.9527391968750001 0.7144097229166667 0.9552469140625 0.7103587958333333 0.956597221875 0.7065972229166667 0.9606481484374999 0.7034143520833334 0.9645061734375 0.6979166666666666 0.965277778125 0.6964699083333333 0.965277778125 0.6944444437499999 0.9660493828125001 0.6938657416666667 0.9679783953125 0.6889467583333333 0.9679783953125 0.6863425916666667 0.9706790125 0.6791087958333333 0.9706790125 0.6741898145833333 0.96875 0.6675347229166667 0.96875 0.6617476854166667 0.9679783953125 0.6582754625 0.9660493828125001 0.6556712958333333 0.963348765625 0.6539351854166667 0.9589120375 0.6527777770833333 0.9554398140625 0.6504629625 0.952546296875 0.6498842583333333 0.9446373453125 0.6530671291666666 0.940972221875 0.6568287041666667 0.9353780859375 0.6594328708333334 0.9330632718749999 0.6626157416666667 0.9249614203125001 0.6646412041666667 0.923225309375 0.6663773145833333 0.919367284375 0.6678240750000001 0.9106867281250001 0.6779513895833333 0.9103009265625 0.68258101875 0.9108796296874999 0.6854745375 0.9149305562500001 0.6929976854166667 0.9182098765625 0.6950231479166666
0 0.45235339531249996 0.10127314791666667 0.45351080312500003 0.10416666666666667 0.45505401250000005 0.105324075 0.45659722187499996 0.10850694375 0.462384259375 0.10850694375 0.46392746875 0.11082175833333333 0.46392746875 0.11458333333333333 0.4645061734375 0.11487268541666666 0.46392746875 0.11979166666666667 0.4654706796875 0.12181712916666668 0.47067901250000005 0.12384259166666665 0.4747299375 0.12152777708333334 0.4762731484375 0.11892361041666667 0.478009259375 0.11776620416666667 0.4797453703125 0.11429398125 0.4810956796875 0.113425925 0.4826388890625 0.10966435208333333 0.4826388890625 0.09490740833333335 0.48360339531249996 0.09317129583333333 0.4861111109375 0.09143518541666666 0.49266975312500005 0.089699075 0.4957561734375 0.08506944375 0.49652777812500004 0.07899305625 0.4967206796875 0.059895833333333336 0.4972993828125 0.05931712916666666 0.4972993828125 0.05439814791666667 0.49864969062500003 0.04976851875 0.49864969062500003 0.046875 0.5 0.043113425000000004 0.49768518593750005 0.04050925833333333 0.49768518593750005 0.03935185208333333 0.493634259375 0.0332754625 0.48533950625 0.030671295833333334 0.4797453703125 0.03153935208333333 0.47550154375 0.035011574999999996 0.4737654328125 0.03761574166666667 0.4704861109375 0.03819444375 0.46855709843750004 0.03964120416666667 0.46643518593750005 0.042824074999999996 0.46527777812500004 0.05179398125 0.46469907343749994 0.052083333333333336 0.46469907343749994 0.05410879583333333 0.4627700625 0.0567129625 0.46257716093749995 0.058449074999999996 0.46084105 0.06018518541666666 0.45929783906250005 0.06365740833333333 0.453125 0.0723379625 0.4459876546875 0.07552083333333333 0.4434799375 0.078125 0.44058642031249995 0.08622685208333333 0.4392361109375 0.08767361041666667 0.4353780859375 0.09664351875 0.43518518593750005 0.10040509166666665 0.435956790625 0.10271990833333335 0.4498456796875 0.10040509166666665 0.45235339531249996 0.10127314791666667
0 0.11554783906249999 0.6710069437499999 0.11805555625 0.6733217583333333 0.11824845625 0.6753472229166667 0.11882716093750001 0.6756365750000001 0.119598765625 0.6834490750000001 0.123649690625 0.6927083333333334 0.1261574078125 0.6947337958333333 0.1309799375 0.6947337958333333 0.1354166671875 0.69241898125 0.1359953703125 0.6909722229166667 0.13888888906250002 0.6883680562500001 0.14081790156250001 0.6820023145833333 0.1427469140625 0.6791087958333333 0.1446759265625 0.66898148125 0.1448688265625 0.6539351854166667 0.1439043203125 0.6461226854166667 0.14043209843749999 0.6432291666666666 0.13888888906250002 0.6403356479166666 0.1363811734375 0.6380208333333334 0.13348765468749998 0.6371527770833333 0.1300154328125 0.63773148125 0.1292438265625 0.6388888895833333 0.12210648125000001 0.6420717583333333 0.11747685156250001 0.6464120375 0.11554783906249999 0.6495949083333333 0.11419753125000001 0.6574074083333333 0.1136188265625 0.6576967583333333 0.11342592656249999 0.6608796291666666 0.112847221875 0.66116898125 0.112847221875 0.6660879625 0.11554783906249999 0.6710069437499999
0 0.8103780859375 0.206886575 0.811149690625 0.206886575 0.8109567906249999 0.20630787083333332 0.8103780859375 0.206886575
0 0.7285879625 0 0.7285879625 0.0017361104166666666 0.7272376546875 0.0020254625 0.72665895 0.0031828708333333333 0.72646605 0.006076389583333333 0.7258873453125 0.006365741666666667 0.7258873453125 0.011284722916666667 0.7247299375 0.015335647916666667 0.720100309375 0.019097222916666667 0.718171296875 0.021701389583333335 0.715277778125 0.029224537499999998 0.7092978390625 0.036458333333333336 0.7085262343750001 0.04050925833333333 0.706597221875 0.043113425000000004 0.7062114203125 0.0448495375 0.70601851875 0.046875 0.7071759265625001 0.04745370416666667 0.7092978390625 0.05121527708333333 0.710455246875 0.05150462916666666 0.71199845625 0.05439814791666667 0.7146990734374999 0.057291666666666664 0.7166280859375 0.06278935208333333 0.720100309375 0.0682870375 0.7243441359375 0.06973379583333333 0.72550154375 0.07118055625 0.7258873453125 0.07349537083333332 0.72646605 0.07378472291666666 0.72665895 0.07841435208333333 0.7293595671875 0.08159722291666666 0.733796296875 0.08333333333333333 0.734760803125 0.08449074166666667 0.7364969140625 0.08825231458333334 0.7374614203125 0.09895833333333333 0.7386188265625 0.10069444375 0.7405478390625 0.10214120416666667 0.7476851859375 0.10271990833333335 0.7517361109375 0.10445601875 0.754436728125 0.10908564791666667 0.75887345625 0.11082175833333333 0.7604166671875 0.11226851875 0.7606095671875 0.11979166666666667 0.765239196875 0.12384259166666665 0.7750771609375 0.12384259166666665 0.7831790125 0.12152777708333334 0.7862654328125 0.11863425833333333 0.7881944437499999 0.1192129625 0.7870370375 0.12326388958333333 0.7845293203125 0.12644675833333333 0.7833719140625 0.13020833333333334 0.783757715625 0.13888888958333334 0.7843364203125 0.13917824166666665 0.7858796296875 0.14901620416666667 0.7918595671875 0.15943287083333332 0.7922453703125 0.16145833333333334 0.800347221875 0.17303240833333333 0.8051697531249999 0.17158564791666667 0.8146219140625 0.160300925 0.8190586421875 0.1582754625 0.8221450625 0.15509259166666667 0.8248456796875001 0.1542245375 0.8277391968750001 0.15682870416666667 0.8350694437499999 0.15567129583333333 0.838348765625 0.15190972291666668 0.8393132718749999 0.14959490833333333 0.8418209875 0.14756944375 0.8476080250000001 0.14033564791666667 0.8489583328125001 0.136574075 0.8518518515625001 0.13541666666666666 0.8589891968750001 0.13541666666666666 0.8614969140625 0.13425925833333335 0.8634259265625 0.12991898125 0.8643904328125 0.12471064791666667 0.8661265437500001 0.12008101875 0.86709105 0.113136575 0.869598765625 0.10763888958333333 0.869598765625 0.09548611041666667 0.8730709875 0.09635416666666667 0.875578703125 0.09982638958333333 0.8771219140625 0.10069444375 0.8807870375 0.10127314791666667 0.8832947531249999 0.10011574166666667 0.884259259375 0.09895833333333333 0.8854166671874999 0.09288194375 0.8861882718749999 0.08478009166666665 0.8915895062500001 0.07783564791666667 0.8923611109375 0.07320601875 0.8915895062500001 0.06510416666666667 0.8902391968750001 0.06278935208333333 0.890046296875 0.060763889583333335 0.88773148125 0.05758101875 0.8854166671874999 0.05584490833333333 0.8811728390625 0.05439814791666667 0.8802083328125001 0.052951389583333335 0.876350309375 0.05324074166666667 0.8761574078125 0.05410879583333333 0.8748070984374999 0.05439814791666667 0.8690200625 0.05410879583333333 0.8688271609375 0.05324074166666667 0.8653549375 0.05150462916666666 0.8613040125 0.04716435208333333 0.8555169749999999 0.04600694375 0.8524305562500001 0.044270833333333336 0.8503086421875 0.04050925833333333 0.8503086421875 0.03356481458333334 0.8497299375 0.032986110416666665 0.8503086421875 0.03240740833333333 0.8503086421875 0.02893518541666667 0.8487654328125 0.026909722916666667 0.8445216046875 0.024305556250000002 0.8414351859375 0.024016204166666666 0.8350694437499999 0.020254629166666666 0.8323688265625 0.019675925 0.8304398140625 0.018229166666666668 0.8283179015625001 0.015046295833333334 0.82523148125 0.014467591666666666 0.8209876546875 0.011574075 0.8113425921875 0.010127314583333333 0.7991898140625 0.010706018749999999 0.797260803125 0.0078125 0.7953317906249999 0.00289351875 0.7951388890625 0 0.7285879625 0
0 0.9047067906249999 0.28877314791666664 0.904899690625 0.29195601875 0.9066358031249999 0.29716435208333336 0.906828703125 0.30005787083333335 0.9074074078125 0.30034722291666666 0.9083719140625 0.30381944375000003 0.9108796296874999 0.30526620416666667 0.9128086421875 0.30497685208333336 0.9162808640625 0.30121527708333334 0.9191743828125001 0.29976851875 0.9195601859375 0.2986111104166667 0.9249614203125001 0.29542824166666665 0.9292052468750001 0.29542824166666665 0.9313271609375 0.296875 0.9355709875 0.29658564791666664 0.9427083328125001 0.28703703750000004 0.9459876546875 0.2757523145833333 0.94521605 0.26533564791666664 0.9440586421875 0.25896990833333333 0.94232253125 0.254050925 0.940007715625 0.2520254625 0.9386574078125 0.2520254625 0.9324845671875 0.25636574166666665 0.9309413578125 0.25607638958333334 0.9288194437499999 0.253761575 0.927276234375 0.25665509166666667 0.9226466046875 0.25752314791666664 0.9172453703125001 0.2601273145833333 0.9130015437500001 0.2630208333333333 0.9085648140625 0.2679398145833333 0.9029706796875001 0.2711226854166667 0.9010416671874999 0.27430555624999997 0.900848765625 0.2760416666666667 0.9039351859375 0.28240740833333333 0.9041280859375 0.28848379583333333 0.9047067906249999 0.28877314791666664
0 0.6788194437499999 0.6102430562500001 0.6793981484375 0.6096643520833334 0.6788194437499999 0.6073495375 0.6788194437499999 0.6102430562500001
0 0.6927083328125 0.6082175916666667 0.702739196875 0.6102430562500001 0.70987654375 0.61429398125 0.7125771609375 0.6177662041666667 0.714313271875 0.6183449083333333 0.7172067906249999 0.6238425916666667 0.7179783953125 0.6302083333333334 0.720100309375 0.6385995375 0.7208719140625 0.6400462958333333 0.723186728125 0.6414930562500001 0.7243441359375 0.6414930562500001 0.7253086421875 0.6403356479166666 0.7272376546875 0.6345486104166667 0.7274305562500001 0.6267361104166667 0.728009259375 0.6261574083333333 0.728009259375 0.6232638895833333 0.7293595671875 0.6180555562500001 0.7293595671875 0.6131365750000001 0.729938271875 0.6125578708333334 0.729938271875 0.6059027770833333 0.7293595671875 0.6053240750000001 0.7291666671875 0.6004050916666667 0.72646605 0.5949074083333333 0.7253086421875 0.5905671291666666 0.7258873453125 0.5778356479166666 0.722608025 0.5703125 0.71971450625 0.5677083333333334 0.7164351859375 0.5671296291666666 0.7160493828125001 0.5662615750000001 0.7127700625 0.5662615750000001 0.7096836421875 0.5726273145833333 0.702739196875 0.5795717583333333 0.6977237656249999 0.5876736104166667 0.691936728125 0.5940393520833334 0.690007715625 0.5975115750000001 0.6894290125 0.6009837958333333 0.6886574078125001 0.6018518520833334 0.690007715625 0.60648148125 0.6927083328125 0.6082175916666667
0 0.3375771609375 0 0.3375771609375 0.0017361104166666666 0.33584105000000003 0.0034722229166666663 0.3342978390625 0.0066550916666666664 0.3323688265625 0.0135995375 0.3321759265625 0.01851851875 0.33159722187499996 0.019675925 0.3321759265625 0.019965277083333333 0.3323688265625 0.026909722916666667 0.33294753125 0.027199075 0.33294753125 0.03240740833333333 0.3339120375 0.03877314791666667 0.3339120375 0.05121527708333333 0.33699845625 0.06394675833333334 0.33699845625 0.06712962916666668 0.34239969062500003 0.0760995375 0.346257715625 0.07841435208333333 0.35069444375000003 0.07928240833333335 0.355516975 0.08333333333333333 0.36072530937499997 0.089699075 0.3655478390625 0.09114583333333333 0.3688271609375 0.089988425 0.3709490734375 0.08651620416666667 0.37152777812500004 0.08275462916666668 0.3726851859375 0.0801504625 0.3780864203125 0.0760995375 0.38175154375 0.06336805625 0.38368055624999997 0.0604745375 0.3869598765625 0.05815972291666667 0.3888888890625 0.052951389583333335 0.38908179062500003 0.04542824166666667 0.388117284375 0.036458333333333336 0.3854166671875 0.029224537499999998 0.3815586421875 0.024305556250000002 0.3802083328125 0.024016204166666666 0.378858025 0.021701389583333335 0.375578703125 0.018807870833333334 0.372492284375 0.014467591666666666 0.37152777812500004 0.011863425 0.3690200625 0.00868055625 0.36805555624999997 0.003761575 0.36612654375 0.0017361104166666666 0.36612654375 0 0.3375771609375 0
0 0.8144290125 0.5917245375 0.817901234375 0.59375 0.8209876546875 0.5905671291666666 0.8234953703125001 0.5928819437499999 0.8277391968750001 0.5949074083333333 0.8327546296874999 0.59085648125 0.8356481484374999 0.5853587958333333 0.8375771609375 0.5792824083333333 0.838348765625 0.5671296291666666 0.8377700625 0.5665509249999999 0.8368055562500001 0.5607638895833333 0.8337191359375 0.5561342583333333 0.831597221875 0.5549768520833334 0.8242669749999999 0.5555555562500001 0.8229166671874999 0.5532407416666667 0.8209876546875 0.55179398125 0.8163580250000001 0.5512152770833333 0.813850309375 0.5529513895833333 0.8136574078125 0.5543981479166666 0.8125 0.5558449083333333 0.8117283953125 0.5598958333333334 0.8103780859375 0.5619212958333333 0.809027778125 0.5694444437499999 0.8084490734375 0.5697337958333333 0.8082561734375 0.5726273145833333 0.80767746875 0.5729166666666666 0.807098765625 0.5758101854166667 0.8069058640625 0.5824652770833333 0.80767746875 0.5850694437499999 0.8117283953125 0.5879629625 0.8144290125 0.5917245375
0 0.623649690625 0.6704282416666667 0.628858025 0.6704282416666667 0.6336805562500001 0.6672453708333334 0.637152778125 0.6678240750000001 0.64544753125 0.6663773145833333 0.6547067906249999 0.6620370375 0.656635803125 0.6574074083333333 0.6593364203125 0.6446759249999999 0.660108025 0.6223958333333334 0.6595293203125 0.6218171291666666 0.6581790125 0.6154513895833333 0.6554783953125 0.6102430562500001 0.65142746875 0.6073495375 0.6510416671875 0.6061921291666666 0.64853395 0.6047453708333334 0.6429398140625 0.6050347229166667 0.6383101859375 0.609375 0.638117284375 0.61226851875 0.637152778125 0.6140046291666666 0.6300154328125 0.6154513895833333 0.627507715625 0.6183449083333333 0.6261574078125001 0.6223958333333334 0.6248070984375 0.6359953708333334 0.620563271875 0.6432291666666666 0.6163194437499999 0.6464120375 0.6155478390625 0.6478587958333333 0.6149691359375 0.6507523145833333 0.61824845625 0.6652199083333333 0.6209490734374999 0.6686921291666666 0.623649690625 0.6704282416666667
0 0.34085648125 0.27314814791666664 0.3470293203125 0.27980324166666665 0.3493441359375 0.28038194375000003 0.3522376546875 0.2829861104166667 0.3560956796875 0.28269675833333335 0.35898919687499997 0.2789351854166667 0.3665123453125 0.277488425 0.37017746875 0.27256944375000003 0.3703703703125 0.26388888958333334 0.369598765625 0.25665509166666667 0.3688271609375 0.2554976854166667 0.3688271609375 0.2520254625 0.367669753125 0.24739583333333334 0.3649691359375 0.24363425833333335 0.3535879625 0.23697916666666666 0.3503086421875 0.23697916666666666 0.3460648140625 0.238425925 0.3416280859375 0.238136575 0.3385416671875 0.23958333333333334 0.3375771609375 0.24305555625 0.3375771609375 0.24739583333333334 0.33699845625 0.24768518541666668 0.33680555624999997 0.26388888958333334 0.3377700625 0.26909722291666666 0.3400848765625 0.2708333333333333 0.34085648125 0.27314814791666664
0 0.737847221875 0.6686921291666666 0.7386188265625 0.6692708333333334 0.73919753125 0.671875 0.7413194437499999 0.6759259249999999 0.7424768515625 0.6770833333333334 0.74324845625 0.6805555562500001 0.7438271609375 0.6808449083333333 0.7440200625 0.6834490750000001 0.7457561734375 0.6869212958333333 0.7459490734374999 0.6889467583333333 0.74710648125 0.69039351875 0.7478780859375 0.6938657416666667 0.7492283953125 0.6950231479166666 0.750578703125 0.6979166666666666 0.75771605 0.7039930562500001 0.7586805562500001 0.7065972229166667 0.7602237656249999 0.7074652770833333 0.7613811734375 0.7109375 0.7636959875 0.71383101875 0.76851851875 0.7239583333333334 0.7702546296875 0.7248263895833333 0.77334105 0.72945601875 0.7756558640625 0.7309027770833333 0.7797067906249999 0.7311921291666666 0.7870370375 0.7277199083333333 0.7897376546875 0.7239583333333334 0.7916666671875 0.7178819437499999 0.794367284375 0.7146990750000001 0.7945601859375 0.7112268520833334 0.7951388890625 0.7106481479166666 0.7951388890625 0.7028356479166666 0.796296296875 0.6996527770833333 0.800347221875 0.70023148125 0.8015046296874999 0.6993634249999999 0.8024691359375 0.6970486104166667 0.8024691359375 0.6935763895833333 0.8018904328125 0.6929976854166667 0.79976851875 0.6750578708333334 0.79783950625 0.66898148125 0.7957175921874999 0.6649305562500001 0.7951388890625 0.6608796291666666 0.7945601859375 0.6603009249999999 0.794367284375 0.6490162041666667 0.7937885796875 0.6469907416666667 0.7874228390625 0.6403356479166666 0.7797067906249999 0.6362847229166667 0.7731481484375 0.6365740750000001 0.7714120375 0.6380208333333334 0.77044753125 0.6414930562500001 0.7698688265625 0.6417824083333333 0.7679398140625 0.6536458333333334 0.766203703125 0.6553819437499999 0.765239196875 0.6553819437499999 0.7638888890625 0.6536458333333334 0.761188271875 0.6464120375 0.759259259375 0.64351851875 0.7555941359375 0.6403356479166666 0.751350309375 0.640625 0.7476851859375 0.6443865750000001 0.7430555562500001 0.6464120375 0.737847221875 0.65133101875 0.7366898140625 0.6550925916666667 0.7366898140625 0.6608796291666666 0.737847221875 0.6646412041666667 0.737847221875 0.6686921291666666
0 0.26851851875 0 0.26851851875 0.0057870375 0.2714120375 0.008969908333333334 0.27642746875 0.011863425 0.2789351859375 0.017071758333333336 0.2791280859375 0.019386575 0.2810570984375 0.0234375 0.281828703125 0.028645833333333332 0.28260030937499997 0.030092591666666668 0.28819444375000003 0.033854166666666664 0.28915894999999997 0.03616898125 0.2910879625 0.03819444375 0.2918595671875 0.04050925833333333 0.2980324078125 0.04398148125 0.301311728125 0.04716435208333333 0.3049768515625 0.052951389583333335 0.3072916671875 0.058449074999999996 0.3103780859375 0.05931712916666666 0.31172839531249996 0.05815972291666667 0.313078703125 0.05324074166666667 0.3190586421875 0.04195601875 0.3196373453125 0.03935185208333333 0.321759259375 0.03761574166666667 0.3225308640625 0.035300925000000004 0.325617284375 0.031828704166666666 0.32773919687499997 0.024884258333333336 0.32908950625 0.022569443749999998 0.32908950625 0.02054398125 0.3304398140625 0.015914352083333333 0.33159722187499996 0.014467591666666666 0.33294753125 0.010127314583333333 0.33294753125 0.00491898125 0.3304398140625 0.0014467583333333332 0.3304398140625 0 0.26851851875 0
0 0.41956018593750005 0.7233796291666666 0.42148919687499997 0.7285879625 0.42534722187499996 0.7282986104166667 0.4293981484375 0.7204861104166667 0.42959105 0.7181712958333333 0.43132716093749995 0.71383101875 0.4324845671875 0.7126736104166667 0.433641975 0.7132523145833333 0.4353780859375 0.7167245375 0.4353780859375 0.7199074083333333 0.435956790625 0.7201967583333333 0.43614969062500003 0.7233796291666666 0.43807870312499997 0.7297453708333334 0.4407793203125 0.7323495375 0.44637345625 0.7340856479166666 0.44945987656249997 0.72945601875 0.450617284375 0.7248263895833333 0.4513888890625 0.7239583333333334 0.4513888890625 0.72164351875 0.45254629687500003 0.71875 0.45331790156249996 0.7123842583333333 0.45447530937499997 0.7089120375 0.45543981406249995 0.7077546291666666 0.4606481484375 0.7063078708333334 0.46257716093749995 0.7028356479166666 0.46257716093749995 0.6984953708333334 0.46141975312500005 0.6941550916666667 0.4581404328125 0.6892361104166667 0.45679012343750003 0.6854745375 0.45659722187499996 0.6808449083333333 0.45331790156249996 0.6736111104166667 0.447723765625 0.6681134249999999 0.4421296296875 0.6655092583333333 0.43885030937499997 0.66695601875 0.4363425921875 0.6721643520833334 0.4332561734375 0.67476851875 0.42534722187499996 0.6776620375 0.42264660468750004 0.6854745375 0.4168595671875 0.6921296291666666 0.41300154375 0.7068865750000001 0.4128086421875 0.7106481479166666 0.4133873453125 0.7129629625 0.419367284375 0.7210648145833333 0.41956018593750005 0.7233796291666666
0 0.0543981484375 0.15075231458333332 0.053047839062500005 0.15104166666666666 0.052276234374999994 0.1542245375 0.0511188265625 0.15509259166666667 0.050347221875 0.15769675833333335 0.053819443749999994 0.15885416666666666 0.0543981484375 0.1582754625 0.0543981484375 0.15075231458333332
0 0.027006173437499996 0 0.026813271875 0.0020254625 0.02449845625 0.002314814583333333 0.02256944375 0.006365741666666667 0.0212191359375 0.00694444375 0.0196759265625 0.012731481250000001 0.017168209375 0.015914352083333333 0.0163966046875 0.021990741666666664 0.014081790625000002 0.028067129166666666 0.013117284375 0.032986110416666665 0.0125385796875 0.0332754625 0.0123456796875 0.03616898125 0.0106095671875 0.040798610416666665 0.010416667187500001 0.05121527708333333 0.00887345625 0.05439814791666667 0.00675154375 0.05584490833333333 0.0055941359375 0.058449074999999996 0.0032793203125000003 0.06018518541666666 0.001543209375 0.06481481458333334 0 0.06481481458333334 0 0.08449074166666667 0.0017361109374999999 0.08449074166666667 0.0057870375 0.08680555625 0.0065586421875 0.09548611041666667 0.0059799375 0.09693287083333332 0.0057870375 0.10185185208333333 0.0052083328125 0.10214120416666667 0.0057870375 0.10271990833333335 0.0059799375 0.10908564791666667 0.0071373453125 0.11197916666666667 0.009452160937499999 0.11371527708333334 0.0163966046875 0.12355324166666667 0.017168209375 0.1270254625 0.0179398140625 0.12789351875 0.0179398140625 0.12962962916666668 0.019097221875 0.13165509166666667 0.0214120375 0.13454861041666666 0.0241126546875 0.13599537083333332 0.0260416671875 0.1385995375 0.0295138890625 0.14120370416666667 0.031828703125 0.14525462916666668 0.034143518750000004 0.14670138958333334 0.0353009265625 0.14901620416666667 0.041473765625 0.1504629625 0.044367284374999996 0.14901620416666667 0.044367284374999996 0.14785879583333333 0.045331790625 0.14670138958333334 0.046875 0.14525462916666668 0.0486111109375 0.14496527708333332 0.050347221875 0.14293981458333332 0.0540123453125 0.144386575 0.056327160937499995 0.14207175833333335 0.06057098749999999 0.14207175833333335 0.061728395312499997 0.13744212916666668 0.06442901250000001 0.13541666666666666 0.06500771562499999 0.1328125 0.0725308640625 0.12586805625 0.0748456796875 0.11863425833333333 0.0783179015625 0.11197916666666667 0.079668209375 0.10503472291666666 0.0817901234375 0.10387731458333334 0.086419753125 0.1035879625 0.088348765625 0.10214120416666667 0.08892746875 0.09895833333333333 0.088348765625 0.09114583333333333 0.08854166718749999 0.08159722291666666 0.0896990734375 0.07783564791666667 0.090277778125 0.07291666666666667 0.09182098749999999 0.06973379583333333 0.0935570984375 0.06915509166666665 0.095100309375 0.06712962916666668 0.0987654328125 0.06712962916666668 0.10088734531250002 0.06915509166666665 0.1051311734375 0.0703125 0.1095679015625 0.0703125 0.11226851874999999 0.06770833333333333 0.113811728125 0.04195601875 0.11342592656249999 0.03790509166666667 0.1111111109375 0.029224537499999998 0.11033950625 0.018807870833333334 0.10648148125000001 0.012731481250000001 0.10281635781250001 0.010127314583333333 0.10127314843749999 0.007523147916666667 0.098186728125 0.006076389583333333 0.095293209375 0.0034722229166666663 0.090277778125 0.0020254625 0.089891975 0 0.027006173437499996 0
0 0.563850309375 0.06915509166666665 0.5644290125 0.06944444375 0.5642361109375 0.06712962916666668 0.563850309375 0.06915509166666665
0 0.6608796296875 0.05700231458333334 0.6614583328125 0.05815972291666667 0.6612654328125 0.05613425833333333 0.6608796296875 0.05700231458333334
0 0.577546296875 0 0.577546296875 0.0017361104166666666 0.575617284375 0.004340277083333333 0.5763888890625 0.00868055625 0.5788966046875 0.01475694375 0.5788966046875 0.019386575 0.5779320984375 0.020254629166666666 0.575617284375 0.02575231458333333 0.5750385796875 0.03674768541666666 0.5731095671875 0.04224537083333334 0.5731095671875 0.046875 0.5750385796875 0.05005787083333334 0.577546296875 0.05179398125 0.579475309375 0.05584490833333333 0.5804398140625 0.0625 0.5823688265625 0.06510416666666667 0.5839120375 0.0723379625 0.5850694437499999 0.074074075 0.58584105 0.08246527708333334 0.58699845625 0.08825231458333334 0.5875771609375 0.08854166666666667 0.5877700625 0.09143518541666666 0.590277778125 0.09606481458333334 0.5910493828125001 0.0995370375 0.5954861109375 0.10474537083333332 0.5995370375 0.10387731458333334 0.6018518515625 0.10127314791666667 0.6114969140625 0.09548611041666667 0.6163194437499999 0.08825231458333334 0.6168981484375 0.08420138958333333 0.62210648125 0.07378472291666666 0.626350309375 0.06973379583333333 0.62982253125 0.0682870375 0.6315586421875 0.066261575 0.63271605 0.06394675833333334 0.6334876546875 0.058449074999999996 0.634259259375 0.05700231458333334 0.6354166671875 0.045138889583333335 0.6348379625 0.03414351875 0.6315586421875 0.026909722916666667 0.6315586421875 0.025173610416666665 0.6304012343750001 0.022280091666666668 0.6300154328125 0.016203704166666666 0.6277006171874999 0.007523147916666667 0.6248070984375 0.003761575 0.61824845625 0.002314814583333333 0.6078317906249999 0.0020254625 0.6076388890625 0 0.577546296875 0
0 0.14351851875 0.7193287041666667 0.149884259375 0.7190393520833334 0.15470679062499998 0.7164351854166667 0.1574074078125 0.7118055562500001 0.1581790125 0.7118055562500001 0.1599151234375 0.7077546291666666 0.1614583328125 0.7065972229166667 0.1628086421875 0.7019675916666667 0.1620370375 0.6941550916666667 0.1581790125 0.6860532416666667 0.155671296875 0.6843171291666666 0.15470679062499998 0.6820023145833333 0.15142746875 0.6779513895833333 0.14853395 0.6773726854166667 0.146026234375 0.6776620375 0.14216820937500002 0.6805555562500001 0.141010803125 0.6831597229166667 0.1394675921875 0.68460648125 0.13811728437499998 0.6886574083333333 0.1356095671875 0.6915509249999999 0.1348379625 0.6964699083333333 0.13368055625 0.6984953708333334 0.1340663578125 0.70601851875 0.1369598765625 0.7149884249999999 0.140239196875 0.71875 0.14351851875 0.7193287041666667
0 0.7444058640625 0.15711805625 0.7430555562500001 0.1620370375 0.7405478390625 0.16464120416666667 0.7393904328125 0.17332175833333335 0.7397762343750001 0.1796875 0.7413194437499999 0.18431712916666668 0.7457561734375 0.183449075 0.7482638890625 0.18402777708333332 0.749421296875 0.1854745375 0.7476851859375 0.18923611041666666 0.7440200625 0.19097222291666668 0.74228395 0.19386574166666665 0.7405478390625 0.19473379583333333 0.7374614203125 0.20283564791666667 0.7374614203125 0.20630787083333332 0.73919753125 0.20862268541666668 0.7393904328125 0.21064814791666667 0.7405478390625 0.21238425833333335 0.7405478390625 0.21440972291666668 0.74112654375 0.214699075 0.7413194437499999 0.21788194375 0.7424768515625 0.22048611041666666 0.74324845625 0.22511574166666665 0.7445987656249999 0.22771990833333333 0.7467206796875 0.22974537083333332 0.7478780859375 0.23379629583333333 0.750385803125 0.23582175833333335 0.7511574078125001 0.23871527708333332 0.7550154328125 0.2421875 0.75887345625 0.2421875 0.7648533953125 0.23755787083333332 0.7654320984375 0.23611111041666666 0.7706404328125 0.23350694375 0.780864196875 0.23350694375 0.7831790125 0.23177083333333334 0.785108025 0.22771990833333333 0.785108025 0.22627314791666667 0.7858796296875 0.22511574166666665 0.7858796296875 0.22019675833333335 0.7864583328125 0.21932870416666667 0.7883873453125 0.22193287083333332 0.79012345625 0.222511575 0.790509259375 0.22395833333333334 0.794367284375 0.22887731458333332 0.796875 0.234375 0.7999614203125 0.23611111041666666 0.8043981484374999 0.234375 0.8057484562499999 0.23177083333333334 0.8097993828125001 0.22771990833333333 0.8117283953125 0.22222222291666668 0.8123070984374999 0.2167245375 0.8144290125 0.21122685208333333 0.8146219140625 0.20746527708333332 0.8163580250000001 0.20167824166666665 0.8163580250000001 0.199074075 0.8182870375 0.19473379583333333 0.8184799375 0.191550925 0.8209876546875 0.18258101875000002 0.8211805562500001 0.17824074166666665 0.82021605 0.171875 0.8192515437500001 0.17158564791666667 0.8175154328125 0.16898148124999998 0.8136574078125 0.16840277708333332 0.8103780859375 0.16927083333333334 0.8101851859375 0.17013888958333334 0.8065200625 0.17274305625 0.8043981484374999 0.17621527708333332 0.8001543203124999 0.17447916666666666 0.7935956796875 0.16550925833333335 0.789544753125 0.15682870416666667 0.7870370375 0.15393518541666668 0.7853009265625001 0.15335648124999998 0.7824074078125001 0.14930555625 0.7810570984375 0.14207175833333335 0.7810570984375 0.1348379625 0.7797067906249999 0.12876157500000002 0.7762345671875 0.12615740833333333 0.766975309375 0.125 0.7606095671875 0.120949075 0.754436728125 0.121238425 0.7532793203125 0.12268518541666666 0.7530864203125 0.12644675833333333 0.7492283953125 0.13136574166666667 0.7467206796875 0.1328125 0.746527778125 0.13425925833333335 0.7405478390625 0.14293981458333332 0.73919753125 0.14699074166666665 0.7393904328125 0.15075231458333332 0.7399691359375 0.15190972291666668 0.743634259375 0.15509259166666667 0.7444058640625 0.15711805625
0 0.2038966046875 0.9120370375 0.20408950625000002 0.9181134249999999 0.2058256171875 0.9221643520833334 0.2073688265625 0.9305555562500001 0.20794753125 0.9308449083333333 0.2081404328125 0.9340277770833333 0.2092978390625 0.9375 0.2092978390625 0.9409722229166667 0.20987654375 0.9412615750000001 0.21006944375 0.9453125 0.213348765625 0.9603587958333333 0.21585648124999998 0.9618055562500001 0.2206790125 0.9618055562500001 0.22472993749999998 0.9603587958333333 0.23533950625000002 0.9600694437499999 0.2355324078125 0.9589120375 0.2384259265625 0.9563078708333334 0.2384259265625 0.9490740750000001 0.239776234375 0.9453125 0.24286265468749998 0.9453125 0.244598765625 0.94820601875 0.2478780859375 0.9473379625 0.248456790625 0.9464699083333333 0.248456790625 0.9438657416666667 0.2453703703125 0.9317129625 0.244598765625 0.9230324083333333 0.2438271609375 0.9215856479166666 0.2438271609375 0.9178240750000001 0.242669753125 0.9129050916666667 0.24209105000000003 0.9126157416666667 0.24131944375 0.9094328708333334 0.239776234375 0.9082754625 0.23726851875000002 0.9039351854166667 0.23186728437499998 0.9007523145833333 0.229938271875 0.8978587958333333 0.229938271875 0.8964120375 0.22723765468749998 0.8888888895833333 0.22723765468749998 0.8871527770833333 0.22550154375 0.8854166666666666 0.2253086421875 0.8833912041666667 0.2228009265625 0.8784722229166667 0.2218364203125 0.8712384249999999 0.2206790125 0.8680555562500001 0.21547067968750003 0.8683449083333333 0.21199845625 0.8729745375 0.21161265468749998 0.875 0.2092978390625 0.8787615750000001 0.20794753125 0.8833912041666667 0.20794753125 0.88570601875 0.206597221875 0.8874421291666666 0.206597221875 0.8888888895833333 0.2054398140625 0.8912037041666667 0.2052469140625 0.8961226854166667 0.204668209375 0.8964120375 0.2054398140625 0.8987268520833334 0.2054398140625 0.9056712958333333 0.204668209375 0.9071180562500001 0.2038966046875 0.9120370375
0 0.8396990734375 0.39785879583333333 0.8416280859375 0.4010416666666667 0.8449074078125 0.40509259166666667 0.845100309375 0.40682870416666667 0.8489583328125001 0.40972222291666666 0.853009259375 0.40567129583333333 0.8553240734375 0.39901620416666667 0.858796296875 0.39699074166666665 0.8674768515625001 0.39930555624999997 0.869598765625 0.40190972291666666 0.8709490734375 0.402199075 0.8777006171874999 0.40277777708333334 0.8802083328125001 0.4010416666666667 0.8807870375 0.39785879583333333 0.8802083328125001 0.39380787083333335 0.876350309375 0.3851273145833333 0.8742283953125 0.36574074166666665 0.869598765625 0.35648148125 0.8674768515625001 0.35474537083333335 0.8655478390625 0.35127314791666664 0.8624614203125001 0.35011574166666665 0.859375 0.35214120416666667 0.8574459875 0.355324075 0.856867284375 0.3576388895833333 0.8549382718749999 0.36024305624999997 0.8541666671874999 0.363425925 0.8520447531249999 0.36747685208333336 0.8499228390625 0.36863425833333335 0.8416280859375 0.37008101875 0.841242284375 0.371238425 0.8385416671874999 0.3732638895833333 0.8364197531249999 0.378761575 0.8364197531249999 0.3888888895833333 0.8377700625 0.39496527708333334 0.8395061734375 0.39641203750000004 0.8396990734375 0.39785879583333333