0 0.8582784328124999 0 0.8587229437499999 0.0019170291666666668 0.8600299124999999 0.0045425625 0.8611518374999999 0.005087597916666667 0.864234215625 0.00957093125 0.8651195953125 0.015396629166666667 0.8646980093750001 0.018596797916666668 0.865168821875 0.025478320833333335 0.8645621921875 0.026597991666666664 0.8659628671874999 0.034088397916666666 0.866592925 0.034184945833333334 0.8671082203125 0.035849652083333336 0.8766035609375 0.03208104375 0.8791776625000001 0.032755325 0.8816604281249999 0.03621398333333334 0.8823912109375 0.039031060416666666 0.88302126875 0.03912760833333333 0.8870593078125 0.05308529583333333 0.891347928125 0.057473629166666665 0.894069609375 0.06330087916666667 0.8953835968750001 0.06378206666666666 0.8968287531250001 0.06605565625 0.8996487890625 0.06695418125000001 0.9015858140624999 0.06967626041666668 0.9042137875 0.07063863541666666 0.9072727374999999 0.07390574791666667 0.9108610203125 0.07454887916666667 0.91188221875 0.07237338333333333 0.913556903125 0.07151065416666666 0.9167586890624999 0.06463223125 0.9176487171875 0.06066433125 0.919714540625 0.05752956041666667 0.92031178125 0.05090497916666667 0.921309553125 0.047513266666666665 0.9207145875 0.036694995833333334 0.9220941109374999 0.02552633125 0.9215553890624999 0.02264540625 0.9218410609375001 0.0023543270833333335 0.9214444281249999 0 0.8582784328124999 0
0 0.33680438281249997 0.71276118125 0.33472215 0.7125353895833333 0.328983725 0.7156670625 0.32870032656250003 0.7185152895833333 0.3264049765625 0.7247863812500001 0.327320803125 0.7296839541666666 0.3290962125 0.7315417541666667 0.33268449375000003 0.7321848854166666 0.33888898749999996 0.7206362291666667 0.3375960546875 0.71372200625 0.33680438281249997 0.71276118125
0 0.38901254375 0.7388574791666667 0.392254165625 0.7365558333333334 0.39525924375 0.7395348562499999 0.3973719234375 0.7388325229166667 0.3977162109375 0.73412804375 0.39975860937499996 0.7297770541666666 0.3960602109375 0.7209084833333333 0.395144384375 0.7160109104166666 0.395425409375 0.7055134312500001 0.39447913749999997 0.7015439833333333 0.39085101875 0.6963240708333333 0.38945034375 0.6888336645833333 0.39097744687499997 0.6828179666666667 0.389138775 0.6751671645833334 0.38796297812499997 0.6743340375 0.37768298125 0.6749974791666666 0.36983187812499996 0.6788314833333333 0.369801434375 0.6797596083333333 0.367658309375 0.6813900708333333 0.3667448546875 0.6841417479166666 0.3668385625 0.6890066229166667 0.36631625 0.6894862624999999 0.3670165875 0.6932314666666667 0.3676466453125 0.6933280145833333 0.3684711359375 0.7010099645833333 0.366744953125 0.7092338541666667 0.36385700781249997 0.7123359270833334 0.3582872203125 0.71418753125 0.35311094375 0.72141635 0.345145078125 0.7268185166666666 0.34437920312500003 0.7347231625 0.34329711406249996 0.7387549104166666 0.3435899015625 0.7414115916666667 0.341348425 0.7479707750000001 0.339793246875 0.7625638499999999 0.338718175 0.7644512520833333 0.3381583984375 0.7680033604166667 0.339128096875 0.7731890270833334 0.34098080625 0.7765511395833333 0.350623728125 0.7779354979166667 0.352982340625 0.7774574083333333 0.3549498109375 0.7792513604166668 0.35916815 0.7799910395833333 0.36770318125 0.7765416708333334 0.3728115484375 0.7733134520833332 0.3754301328125 0.7687709166666666 0.38026913906250004 0.7641022333333333 0.3834264421875 0.762440625 0.388986840625 0.7550841104166667 0.3895770640625 0.7506038749999999 0.38853006562500003 0.7439138979166666 0.38901254375 0.7388574791666667
0 0.42395880156250004 0.22753930625000002 0.4239986375 0.2321160875 0.4220405578125 0.23582704583333333 0.4223333453125 0.23848372708333335 0.42424694374999994 0.23998958750000002 0.42702714375 0.23631132916666667 0.427324578125 0.2291744125 0.424064175 0.22046623958333333 0.42456543281250003 0.22641963541666668 0.42395880156250004 0.22753930625000002
0 0.42174767187500006 0.20807825833333335 0.4226634984375 0.21297583125 0.4223707109375 0.21031915 0.42174767187500006 0.20807825833333335
0 0.3598964921875 0.15550550208333333 0.36063429375 0.15617823333333333 0.36012601875 0.15236918125 0.3598964921875 0.15550550208333333
0 0.3995925703125 0.194329325 0.40058332500000005 0.19308195833333333 0.40093700156249995 0.1938823875 0.40447141249999996 0.194237425 0.405984478125 0.19251041875 0.40443859531250004 0.18751629791666666 0.40241725156249997 0.18543425416666667 0.4030543265625 0.18338645625 0.40238443437500004 0.17871312708333334 0.40293719218749996 0.17730536249999998 0.40513418906250004 0.17596299583333333 0.409760078125 0.17779119583333333 0.413132871875 0.17728195624999998 0.4152315125 0.1808683125 0.41679380625 0.18922299791666666 0.4201830078125 0.19207432291666665 0.4235792265625 0.19278130000000002 0.4272986796875 0.19521683541666668 0.43132495937500004 0.19602036250000002 0.43167863593750005 0.19682079166666666 0.4346907328125 0.19765546874999998 0.4411060671875 0.19705277916666666 0.44712324531250003 0.20086647916666667 0.4539156859375 0.2022804375 0.46228208125 0.2001111375 0.4646477125 0.19748870416666667 0.4645844515625 0.19169570208333334 0.45947598593750005 0.16983181875 0.456974440625 0.15536334166666668 0.454967134375 0.14899260833333333 0.45338378593749995 0.14707095833333333 0.45200653593749995 0.14079676875 0.45015382812500004 0.13743465833333335 0.44939961874999995 0.13340136249999998 0.45117967343750004 0.12546556666666667 0.45130145468749994 0.12175306041666666 0.44932459375 0.11445419999999999 0.44691912812499995 0.11249985 0.44476661249999994 0.10862540208333332 0.4383653140625 0.10493940208333334 0.43379329687499996 0.10339929166666666 0.4323176953125 0.10205382916666667 0.4289659546875 0.09613003333333332 0.4156480625 0.08709332500000001 0.40914603749999995 0.08068679375 0.4046583375 0.07850665208333334 0.397612946875 0.07901279583333333 0.3950857 0.08077095 0.3915068078125 0.08563272916666667 0.3887874984375 0.08745473333333333 0.388480675 0.08908673958333332 0.384562140625 0.08885939791666667 0.380437509375 0.09298459583333334 0.37747226562499997 0.09458235625000001 0.3768656359375 0.09570202916666666 0.3769968078125 0.09749443125 0.375729675 0.09944568333333333 0.376184078125 0.10296664166666666 0.37557744843749996 0.10408631458333333 0.3755095390625 0.10808691041666667 0.3742119609375 0.1109662875 0.3735139953125 0.1148703375 0.3738067828125 0.11752701874999999 0.37269424687499997 0.12248689166666667 0.3716191765625 0.12437429375 0.3712210171875 0.12879068125 0.3716215484375 0.13202354791666665 0.3710992359375 0.13250318333333333 0.372446040625 0.13970549999999998 0.373076096875 0.13980204791666667 0.3745142375 0.14421998333333336 0.3779760921875 0.15836921458333333 0.37860614843749996 0.1584657625 0.381475409375 0.16944597916666665 0.3840424921875 0.17226460416666667 0.386618965625 0.1805881375 0.388525546875 0.18423834375 0.38915560312499997 0.18433488958333333 0.3916852234375 0.1902259875 0.3943366234375 0.19240458124999998 0.3949830890625 0.19586168958333333 0.3995925703125 0.194329325
0 0.338013415625 0.22612259791666667 0.33968108125 0.22740421458333332 0.34132531875 0.2274696125 0.3442905609375 0.22587184999999999 0.34432100625 0.224943725 0.3474548859375 0.22206589583333333 0.348091959375 0.2200181 0.348220759375 0.21416125 0.3513382296875 0.20792285833333332 0.3578284921875 0.20117522916666666 0.3603791640625 0.20063328958333332 0.3617470234375 0.20140257083333332 0.36652276875 0.19094088541666665 0.36751352187499997 0.18969351666666665 0.370394446875 0.18873578958333334 0.368131815625 0.17663590208333335 0.3657333671875 0.17253720833333333 0.3639555859375 0.16303015416666666 0.3614564125 0.15621093125 0.3562308140625 0.12826595416666667 0.355546884375 0.12788131249999998 0.35420008125 0.120679 0.352347371875 0.1173168875 0.35156271562499997 0.11421171666666667 0.3493797578125 0.11126539583333334 0.34025915 0.10940140000000001 0.33771549375 0.10779899166666666 0.332230021875 0.10901056458333333 0.32659934218750003 0.11271842083333333 0.32662276874999996 0.11393464166666667 0.32516357500000004 0.11594974166666666 0.3249364203125 0.1267353125 0.3244141078125 0.12721495208333333 0.3247607671875 0.130159725 0.32312591875 0.13559923541666666 0.3230744203125 0.14296039791666668 0.3218845859375 0.14641596041666669 0.3216550609375 0.14955227916666666 0.32284024843750003 0.15589031458333333 0.3245313390625 0.15838815 0.3261451328125 0.15938167291666666 0.3268454703125 0.16312687708333332 0.32515675 0.16827829583333334 0.3253956671875 0.17064688541666667 0.32353129375 0.17922271458333333 0.323425921875 0.18629578125000001 0.3229036078125 0.18677542083333334 0.323411884375 0.19058447291666666 0.32299029687499997 0.19378463958333333 0.3242832296875 0.2006988625 0.32814324375 0.21043170833333333 0.3316027265625 0.2169316875 0.33534560625 0.22058344166666669 0.338013415625 0.22612259791666667
0 0.302819075 0.18519022291666667 0.30381921875 0.18944776458333334 0.3048029546875 0.19034474166666668 0.3084685359375 0.19249218333333334 0.312225453125 0.19185524583333333 0.3141929234375 0.1936492 0.31544601875 0.1959866375 0.3164461625 0.20024417708333334 0.3182449984375 0.20331819791666667 0.3188914640625 0.20677530833333335 0.3218731171875 0.20853811041666667 0.32301846875 0.21029936458333334 0.3236251 0.20917969375 0.3235009453125 0.20524294583333333 0.32109073593750004 0.18799008958333333 0.3222571421875 0.18331831041666666 0.322470259375 0.176821425 0.3237982828125 0.17301392291666667 0.3239575265625 0.16622895 0.322688021875 0.16053094583333335 0.32121241875 0.15918548125 0.31970399843749997 0.15111888958333333 0.32108589374999996 0.14759947916666669 0.32253569843749996 0.14007947291666667 0.322364690625 0.1337102875 0.323392909375 0.12939044583333334 0.321722871875 0.12045957708333334 0.31811818125 0.11645588333333333 0.31790269375 0.1153035125 0.3147289796875 0.11360455625 0.3130917609375 0.11139481666666667 0.3089577375 0.11001510416666667 0.3070371203125 0.11065358958333334 0.3050556125 0.11314832500000001 0.3046340265625 0.11634849374999999 0.3034746390625 0.11887592916666666 0.2985114796875 0.11960786458333333 0.29526985625 0.12190950625 0.2954549015625 0.12399000208333333 0.29322044062499997 0.12840484166666666 0.2926606640625 0.13195695000000002 0.28971183125 0.13691527291666666 0.287430515625 0.1388976729166667 0.286378871875 0.14200129583333335 0.2871330828125 0.14603459166666666 0.28792475624999997 0.14699541458333334 0.2923281390625 0.14981559166666666 0.2955322984375 0.15058641875 0.2959937203125 0.15196303333333333 0.298975371875 0.15372583541666665 0.3016501984375 0.15712064791666666 0.3025425984375 0.16080200208333334 0.302198309375 0.16550647916666666 0.3004627375 0.1682254625 0.2974131765625 0.17046325625 0.296914290625 0.17215911250000002 0.2983149671875 0.17964952083333333 0.3007743046875 0.1818919604166667 0.3021890171875 0.18509367708333332 0.302819075 0.18519022291666667
0 0 0.18106503333333332 0.006027109375 0.17553036458333335 0.0103367828125 0.1734856625 0.014822110937499999 0.16801655208333335 0.0178412265625 0.16670688333333333 0.0236663390625 0.17058442916666666 0.0249194359375 0.17292186875 0.0274630921875 0.174524275 0.030983465625 0.17916800416666667 0.03522523125 0.18112390208333334 0.03781336875 0.17750949166666666 0.039417771875 0.17299810833333332 0.043849228125 0.16724090208333334 0.0606967859375 0.16133414166666665 0.0610176453125 0.15541344583333333 0.0620154171875 0.15202173333333333 0.060816193750000004 0.14997238541666666 0.0607763578125 0.14539560416666666 0.058862759375 0.14388974166666665 0.055541465624999994 0.13703782083333332 0.053766057812500004 0.13518002083333333 0.0529856234375 0.13329745416666666 0 0.15091185416666666 0 0.18106503333333332
0 0.8583914765625 0 0.8604140359375 0.004414866666666667 0.8640187265625 0.008418558333333333 0.8652039140625 0.014756595833333334 0.8644286484375 0.017156335416666668 0.8645457828125 0.02323742708333333 0.8640234703124999 0.023717066666666668 0.8656935078125001 0.03264793541666667 0.8663235640625 0.03274448333333333 0.8668927312499999 0.03469728125 0.8739990140625 0.03233488958333333 0.8789856015625 0.03281917291666667 0.8816604281249999 0.03621398333333334 0.8839745578124999 0.04095271041666667 0.8870054359375 0.05279720416666667 0.8902564484375001 0.05600046875 0.8934934234374999 0.063492425 0.8948074109374999 0.0639736125 0.896006634375 0.06602295833333334 0.8997026609375001 0.06724227499999999 0.9025695499999999 0.07057323750000001 0.9108610203125 0.07454887916666667 0.91207428125 0.07230953541666667 0.913941025 0.07138295833333334 0.9170655125 0.06300022291666667 0.9191313375 0.05986545 0.9215789140625 0.04895372916666666 0.9209839484375 0.03813545833333333 0.9218974031249999 0.03538377916666667 0.9217872859374999 0.027158339583333333 0.9224383984375001 0.02082185208333333 0.9219301218749999 0.017012802083333334 0.9223985640624999 0.016245070833333333 0.921644353125 0.012211775000000001 0.9220893671875 0.010227827083333333 0.9214967734374999 0.007058808333333333 0.9218410609375001 0.0023543270833333335 0.9214008109374999 0 0.8583914765625 0
0 0.1971437125 0.40881768958333337 0.2022310234375 0.4120225041666667 0.203814371875 0.4139441541666667 0.20852457812499997 0.4151323208333333 0.21872964687500002 0.42061382291666666 0.220266140625 0.4201030354166667 0.2213412125 0.41821563333333334 0.22261536249999997 0.4141200375 0.222198421875 0.4075266083333334 0.22266686249999998 0.4067588770833333 0.22192906093749998 0.40608614374999996 0.22079774687499998 0.40003620208333335 0.21842974218750003 0.39500938125 0.21794489375 0.39241655000000003 0.21630767343750001 0.3902068083333334 0.2110821734375 0.38735393333333334 0.205186778125 0.37982773124999997 0.20421707968749997 0.3746420645833333 0.20653348437500002 0.36193794166666665 0.20554035937499998 0.35553605625 0.20432472499999998 0.35012614375 0.1993591953125 0.343208825 0.1979913359375 0.3424395458333333 0.1793613515625 0.34863285000000005 0.1722246234375 0.3519233708333333 0.1672240015625 0.355727775 0.1614621484375 0.35764322916666663 0.1599490828125 0.3593702375 0.15989758125 0.3667313958333333 0.16079937187499999 0.3759176583333333 0.1619377046875 0.37982325833333336 0.162061859375 0.38376000625 0.1613943390625 0.38673593125 0.1620946765625 0.39048113333333334 0.1649849921875 0.3950283145833334 0.1716322234375 0.3989385604166667 0.17286189375 0.40005978125 0.1734849328125 0.40230067291666666 0.175944271875 0.40454311249999997 0.179640296875 0.40576243125 0.18367359375 0.4044216125 0.18595490625 0.40243921041666664 0.18971182343749998 0.401802275 0.195344875 0.40574366874999995 0.1971437125 0.40881768958333337
0 0.1764006578125 0.31534490833333334 0.1742575328125 0.3169753666666667 0.173536140625 0.31966319791666664 0.1737375921875 0.32510425833333334 0.175000078125 0.33294660625 0.174477765625 0.33342624375 0.175555209375 0.3391880958333333 0.176485071875 0.3397969791666667 0.183338403125 0.3393546854166667 0.1906367484375 0.33692844375 0.192810315625 0.3343698583333333 0.1917328734375 0.32860800625 0.189357853125 0.32572553125 0.1887348125 0.3234846416666667 0.1863597921875 0.32060216666666663 0.18579062500000001 0.31864936666666666 0.1844766390625 0.31816818125 0.18071033125 0.31330020625 0.1770377328125 0.31329711041666664 0.1764006578125 0.31534490833333334
0 0 0.17788241458333334 0.00064938125 0.17731812083333331 0.0057273015625 0.17501802708333333 0.0083154390625 0.17140361875 0.0107583703125 0.17028549583333333 0.01373063125 0.16654338958333334 0.017571865625 0.16526642083333334 0.0247648375 0.16991324791666665 0.025526065625 0.1718021958333333 0.028100168749999998 0.17247647708333333 0.0298990046875 0.1755504979166667 0.034817681249999996 0.18003537708333334 0.0389657390625 0.17712640000000002 0.03977145 0.17379853541666668 0.0435728484375 0.16794478541666666 0.051170998437500004 0.16603087916666667 0.052070417187499995 0.1675678875 0.0532556046875 0.17390592500000002 0.0591111640625 0.17685534374999998 0.061486184374999996 0.17973781875 0.064036859375 0.17919588125 0.0669552484375 0.17516568333333332 0.0692225234375 0.17747197291666666 0.0698994359375 0.18000095624999998 0.0705294921875 0.18009750416666667 0.0719606140625 0.18665978541666667 0.074082684375 0.19146236041666667 0.074712740625 0.19155890625 0.0754435234375 0.19437598333333334 0.07607358125 0.19447253125000002 0.0765045578125 0.19677727291666666 0.0796408078125 0.20154869583333335 0.0853816046875 0.20606627708333333 0.087372503125 0.20907644791666666 0.0986057890625 0.21023811041666668 0.10339329531250001 0.21293058958333333 0.1107689390625 0.21200865833333332 0.1129284703125 0.21373876249999998 0.117231128125 0.21383840625 0.11858495 0.218896375 0.1197303015625 0.22065762916666667 0.124440509375 0.22184579583333336 0.12755333124999998 0.22540100208333333 0.1285745296875 0.22322550833333335 0.130909715625 0.22153119999999998 0.1328373515625 0.21874837083333334 0.140358203125 0.21533015416666668 0.14277770625 0.2129958125 0.1472934796875 0.206598575 0.149979971875 0.1980554416666667 0.153083403125 0.19610573958333333 0.154249809375 0.19143395833333335 0.152919415625 0.18759220833333332 0.1496754203125 0.18224459791666667 0.14209832656250002 0.17772546874999998 0.13836948124999998 0.16978502708333335 0.13650975468749998 0.16856725833333333 0.1316847859375 0.16894725208333333 0.12755076406250002 0.1675675395833333 0.12463000312500001 0.16394848541666668 0.1210417203125 0.16330535416666667 0.1196504359375 0.16131985625 0.1168304 0.16042133125 0.11582323750000001 0.15830813541666666 0.1134411984375 0.15757000624999998 0.1107359265625 0.15510332083333334 0.10333685625 0.15480903333333332 0.1001631421875 0.15311008125 0.0958066125 0.15272234375 0.0952070015625 0.15169766875 0.09200284375 0.15092683958333333 0.0886136421875 0.14807551666666668 0.083795690625 0.14631116458333335 0.0735461390625 0.14604647708333335 0.068974121875 0.14450637083333331 0.06404140781249999 0.14431017916666666 0.06344179531250001 0.14328550625 0.0594459640625 0.14155385416666666 0.05320208125 0.13322549583333335 0 0.15091185416666666 0 0.17788241458333334
0 0.8685138359375 0.108822775 0.870649940625 0.10933666041666666 0.8726712843750001 0.11141870416666667 0.879025728125 0.11267226875 0.8822533140625 0.11465931458333332 0.8861484203125001 0.1136704375 0.8877153578125 0.11223152500000001 0.8901418796874999 0.1077528375 0.8918446375 0.09831272916666665 0.8936340828124999 0.09588183958333334 0.8943859203125 0.09226588333333334 0.8966976796875 0.08935535833333333 0.8992085187500001 0.08423663541666666 0.9000516921875 0.0778363 0.9014874609374999 0.07460498333333333 0.9005716343750001 0.06970741041666666 0.8989882859374999 0.06778576041666667 0.8962759953124999 0.06746342083333333 0.8950767703125001 0.065414075 0.891603253125 0.06320278333333333 0.8908958968749999 0.061601924999999995 0.8879681156249999 0.06012721458333334 0.885384625 0.053948022916666664 0.880615803125 0.037173260416666666 0.877994846875 0.034066541666666665 0.8732237484375001 0.03473462916666667 0.8731933046875 0.035662754166666664 0.8679233203125 0.03802669583333333 0.8621099687499999 0.04730331041666667 0.8618570171875 0.04922341041666667 0.8595991312500001 0.05242203125 0.8587934203125 0.055749895833333334 0.8596858203125001 0.059431250000000005 0.8627213421875 0.061482145833333335 0.8636746343749999 0.06330724791666667 0.8660566718749999 0.06404537708333333 0.8701836765625 0.06756943333333335 0.86992370625 0.07163388124999999 0.8665977671875 0.07457555625 0.8644710515625 0.07956657916666666 0.865386878125 0.08446415208333334 0.8711815453125 0.089269825 0.8691930203125 0.09390890833333333 0.86646669375 0.09787525833333334 0.8666212921875 0.10088387916666666 0.8658390078125 0.1054279625 0.867506671875 0.10670957916666667 0.8685138359375 0.108822775
0 0.3707741203125 0.2485859 0.37214899687499997 0.2472108354166667 0.370504759375 0.2471454375 0.3707741203125 0.2485859
0 0.38052478437500004 0.25054644375 0.3807941453125 0.25198690625000003 0.38230019375 0.2524042458333333 0.380576284375 0.24318528333333334 0.378294971875 0.24516768333333333 0.378318396875 0.24638390208333333 0.37885711875 0.24926482708333333 0.38052478437500004 0.25054644375
0 0.356891609375 0.20271068958333333 0.3569220546875 0.2017825625 0.35845854843749997 0.20127177499999999 0.3611099484375 0.20345036875 0.363393634375 0.20911722083333334 0.3641478453125 0.21315051458333334 0.3673754296875 0.2151375625 0.371654659375 0.2140209875 0.374165496875 0.20890226875 0.37364783125 0.19958830833333333 0.372624259375 0.19411455 0.36748535000000004 0.17317879166666666 0.36650161406250004 0.17228181458333333 0.363517590625 0.16286976041666668 0.36227853125 0.15624363125000001 0.361594603125 0.15585898958333333 0.36086381875 0.15304191458333335 0.35639242968749996 0.12913023125 0.3557085015625 0.1287455916666667 0.354307825 0.12125518541666666 0.3522091828125 0.11766882916666667 0.35172433281250004 0.11507599583333333 0.34904950625 0.11168118333333334 0.3342583828125 0.10894826458333333 0.33033283281250003 0.11086526875 0.32650800625 0.11550280208333333 0.3266555859375 0.12065576875 0.3252362265625 0.12724765 0.32574450312500003 0.1310567 0.3237185125 0.13876825416666666 0.32386609375000003 0.14392122291666667 0.3226926671875 0.15073734791666665 0.32339300625 0.15448255208333334 0.32738182031249996 0.15835855 0.3279205421875 0.161239475 0.3273841921875 0.16600780208333335 0.3254799828125 0.17000685000000001 0.3257189 0.1723754375 0.323692909375 0.18008699166666667 0.32313550625 0.19128835416666667 0.325452009375 0.20367633541666666 0.32703535625 0.20559798333333335 0.3299420796875 0.21350572916666666 0.33057213750000003 0.21360227708333335 0.331141303125 0.215555075 0.3358983640625 0.21917567916666666 0.33616772500000003 0.22061614166666665 0.33993403125 0.22548411249999997 0.342100584375 0.22506987291666666 0.34553426875 0.22270438125 0.347246415625 0.21876918125 0.3480591421875 0.21329697083333335 0.34971039843749996 0.211218025 0.3509002328125 0.2077624625 0.3549709921875 0.20334917291666665 0.356891609375 0.20271068958333333
0 0.3973558359375 0.21618701458333334 0.39845670625 0.22316508541666666 0.39793439375 0.22364472500000002 0.39808899062499997 0.22665334583333333 0.40303119218749994 0.25744655 0.405422621875 0.26368958958333333 0.41200659218749996 0.2618068333333333 0.41351264218750006 0.2622241708333333 0.4164240125 0.26033831875 0.4172062953125 0.2557942354166667 0.41792067031249996 0.2552507479166667 0.4190870765625 0.2505789666666667 0.41929317499999996 0.24622642916666668 0.42059075312500005 0.24334705208333332 0.42778135468749995 0.240344625 0.42869480781249997 0.23759294583333332 0.429036725 0.2252392125 0.42725894374999995 0.2157321583333333 0.4245606890625 0.21112112916666667 0.42233789374999997 0.20359802291666668 0.41758785156249995 0.19783307708333334 0.41936088906249996 0.19204162291666668 0.4235792265625 0.19278130000000002 0.42491664218749997 0.19447870625 0.4338147421875 0.19733467916666667 0.44129812968750004 0.19698893125 0.44882135468750006 0.20121996666666667 0.4539156859375 0.2022804375 0.463818575 0.19960034999999998 0.46489364687499996 0.19771294791666666 0.4651465984375 0.1957928458333333 0.4627223515625 0.18282868333333333 0.459037990625 0.16967142291666668 0.4572438015625 0.15680380416666667 0.455775215625 0.15331399583333333 0.4552669390625 0.14950494374999998 0.4533299140625 0.14678286458333334 0.452053390625 0.14322920833333336 0.4493457453125 0.13311326874999999 0.4497743515625 0.12776875625 0.45071123281250003 0.12623329375 0.4509103125 0.12402510208333334 0.44973214375000004 0.11554272083333333 0.44828698593749994 0.11326913125 0.446973 0.11278794375 0.444820484375 0.10891349583333333 0.437159071875 0.1050344 0.4344538 0.10256771458333333 0.432193540625 0.09811708125 0.43165481874999995 0.09523615625 0.43006445312499997 0.09545885 0.41931364374999996 0.08924076666666667 0.41209724375 0.08337772291666666 0.40966835156250003 0.08020715416666667 0.404496721875 0.077642375 0.402222428125 0.07748043125 0.3962685140625 0.07945973541666666 0.39159112500000004 0.08499269375 0.3788002890625 0.09077485416666667 0.37698039843750003 0.09413386666666666 0.3749215921875 0.09512429375 0.37604588906249997 0.10331858125 0.3735139953125 0.1148703375 0.3738067828125 0.11752701874999999 0.3713966703125 0.12536626875 0.3712210171875 0.12879068125 0.3716754203125 0.13231163958333333 0.3711531078125 0.13279127708333333 0.3727692734375 0.14143405416666666 0.3733993296875 0.14153060208333335 0.37556825312500003 0.14876561458333332 0.3807914796875 0.1690613375 0.38142153749999996 0.16915788541666668 0.382068003125 0.17261499583333334 0.386611946875 0.18273248333333333 0.3891509578125 0.19412848958333334 0.390811603125 0.19755445000000002 0.39463880156250003 0.20056617083333333 0.3970512859375 0.20037617291666668 0.39866507812499996 0.20136969583333333 0.39936541718749996 0.2051149 0.3973558359375 0.21618701458333334
0 0.2454226796875 0.10298437708333334 0.24446701875 0.09351002083333333 0.24470356093749998 0.08822935625 0.2454788265625 0.08582961666666668 0.2448393796875 0.0802281625 0.2441858953125 0.07891539375 0.24041257031250002 0.07619176875 0.2382764640625 0.07567788333333333 0.23527138593750002 0.07269886041666668 0.20281295781250003 0.08348925416666667 0.2045907390625 0.09299630833333333 0.2080127578125 0.10256876041666667 0.21068758437500001 0.10596357083333333 0.21361536406249998 0.10743828125 0.21527601093749998 0.11086424166666667 0.22035630468749998 0.11621340208333333 0.22613456406250002 0.11765851041666667 0.235683778125 0.11417799375 0.2427736515625 0.1084550375 0.2454226796875 0.10298437708333334
0 0.1334155859375 0.7454910208333333 0.133146225 0.7440505583333333 0.13251616718749998 0.7439540104166666 0.132876865625 0.7426100958333334 0.13224680625000002 0.7425135479166667 0.13253959531249998 0.74517023125 0.13201728125 0.74564986875 0.133270378125 0.7479873083333334 0.13368494687500002 0.7469314833333333 0.132755084375 0.7463226 0.1334155859375 0.7454910208333333
0 0.06431330625000001 0.7981453604166667 0.0734409328125 0.7978650145833334 0.0780972671875 0.7987650875 0.0808564125 0.8015198645833334 0.08496700625 0.8016833583333334 0.08774720625 0.7980051020833333 0.0930288546875 0.7837032145833334 0.0957786078125 0.7809530833333334 0.096884125 0.77813755625 0.10021006562500001 0.7751958791666667 0.10348915 0.7698217645833334 0.10355705781249999 0.76582116875 0.1004512546875 0.7601216166666667 0.09977434375000001 0.7575926333333334 0.0969379 0.75333354375 0.0965607953125 0.7513168958333334 0.0958768640625 0.7509322541666666 0.09334724531250001 0.7450411583333333 0.08936545 0.7390208166666666 0.0876813765625 0.7343786354166667 0.0853297828125 0.73271238125 0.0823715578125 0.7321657958333333 0.08214905156249999 0.7331577708333333 0.076134246875 0.7369933270833333 0.0676835328125 0.7398026604166666 0.0653858109375 0.7384244958333334 0.062748446875 0.7319572166666667 0.0621183890625 0.73186066875 0.0612798609375 0.72846740625 0.0568460328125 0.7265753583333333 0.0528127390625 0.727916175 0.05083123125 0.7304109125 0.0461069875 0.7335114354166666 0.042197845312499996 0.7387890041666666 0.04073163125 0.7429484458333333 0.040855784374999995 0.7468851958333332 0.0451444046875 0.7512735291666667 0.0467207328125 0.755339525 0.0469760578125 0.7610686770833334 0.0479223296875 0.765038125 0.053663126562499996 0.7695557041666666 0.053986359375 0.7712842604166668 0.05676893125 0.77525525625 0.061533009375 0.7767315145833333 0.064591959375 0.7799986270833333 0.065561659375 0.78518429375 0.0651096265625 0.7893125875 0.064449125 0.7901441666666666 0.0648801015625 0.7924489083333334 0.0637136953125 0.7971206875 0.06431330625000001 0.7981453604166667
0 0.1128207265625 0.21316257708333333 0.11654719843750001 0.21345376875 0.1177229953125 0.21428689375 0.11912367187499999 0.22177729999999998 0.1244100625 0.22277392083333333 0.1255015421875 0.22424708333333332 0.12744558749999998 0.22482481875000002 0.1326991609375 0.2191003125 0.1420328875 0.214467425 0.14517378281249999 0.20944525 0.14665640468750002 0.20864637291666668 0.1504179671875 0.1982158375 0.15313727500000002 0.19639383333333335 0.15421234687500002 0.19450643124999997 0.15449574531250002 0.19165820208333334 0.1534956 0.1874006625 0.15286554375 0.18730411458333332 0.15145083125 0.18410239791666666 0.14888374843750002 0.18128377499999998 0.142044453125 0.17743737499999998 0.13836948124999998 0.16978502708333335 0.1357719546875 0.167894525 0.1316847859375 0.16894725208333333 0.12755076406250002 0.1675675395833333 0.12463000312500001 0.16394848541666668 0.12142584375000001 0.16317765625 0.1194045015625 0.1610956125 0.11819825937499999 0.16119061041666666 0.11582323750000001 0.15830813541666666 0.112649525 0.15660918125 0.102376546875 0.15512827708333335 0.0993948953125 0.153365475 0.09679034843749999 0.15361931875 0.09263289999999999 0.1510233875 0.0914266578125 0.15111838541666664 0.08784539531249999 0.14833091041666666 0.07891684843749999 0.14640306666666666 0.06800679375 0.14696995833333334 0.0647417453125 0.14805538333333335 0.06306004375 0.15106245625 0.06465278125 0.1584890125 0.0669739296875 0.16108339583333334 0.06825045468749999 0.16463705416666666 0.06837460625 0.16857380416666665 0.07004464375 0.17750467291666666 0.073705578125 0.1894457125 0.0743356359375 0.18954226041666666 0.0781722234375 0.19805888749999997 0.08003194999999999 0.19927665625 0.0817769140625 0.20206258333333332 0.0856579828125 0.20536239583333332 0.087349075 0.20786022916666666 0.09581619999999999 0.20841146041666667 0.10410766875 0.21238710208333333 0.11033094375000001 0.21184826250000002 0.1128207265625 0.21316257708333333
0 0.9192320640625 0.06258597916666667 0.91608415 0.06975250000000001 0.916761059375 0.07228148333333334 0.9187355500000001 0.07193109166666667 0.9192203984375 0.07452392291666668 0.9146109171875001 0.0760562875 0.9150044328125 0.08143349999999999 0.9126926734374999 0.08434402708333333 0.9086055046875 0.08539675208333333 0.906830096875 0.08353894999999999 0.906237503125 0.08036993125 0.9009979640625 0.08180574791666667 0.8985948703125001 0.08750065416666668 0.897950775 0.09169279583333334 0.9002532421874999 0.10836946666666666 0.8998246375000001 0.11371397708333333 0.9009184890625 0.12283639375000001 0.9141918984374999 0.13708991666666667 0.9162436875 0.13824383541666665 0.917634971875 0.14022933541666666 0.91982495 0.1410313125 0.9209000218750001 0.13914391041666668 0.920543971875 0.13069422916666668 0.9221694296875 0.11974980833333333 0.9180189000000001 0.08991742916666667 0.9183022984375 0.08706920208333332 0.9195998765625 0.084189825 0.92214353125 0.08579223333333334 0.9243499187499999 0.089954775 0.9266171953125 0.0922610625 0.9292311312500001 0.09751212499999999 0.9317209156249999 0.09882644166666667 0.93360406875 0.10126042708333333 0.9407267609375 0.10225859583333333 0.9409143343749999 0.10217074166666666 0.9238682859375 0.011013454166666665 0.9239186484375 0.012373720833333332 0.9233120171874999 0.013493391666666667 0.9231293468749999 0.019062147916666668 0.9240733437499999 0.04047444791666666 0.922438496875 0.04591395833333333 0.9228156015625 0.04793060625 0.9222089703125 0.04905027708333333 0.92119014375 0.058875025 0.9190704468750001 0.06172170416666667 0.9192320640625 0.06258597916666667
0 0.12146951718750001 0.5517852624999999 0.11745964843750001 0.5543422979166667 0.116215940625 0.5575097666666667 0.1133888890625 0.5587555875 0.11371212187499999 0.5604841416666667 0.1107867140625 0.5666586854166666 0.109229165625 0.5736025083333334 0.1116346328125 0.57555685625 0.1171201046875 0.5743452833333333 0.121307996875 0.5760130875 0.124144440625 0.5802721770833333 0.12867899375 0.5848847541666667 0.1288944828125 0.5860371270833333 0.1315739578125 0.5796383395833333 0.13269588125 0.5801833729166667 0.13490226875 0.5843459145833333 0.141610390625 0.5863999083333333 0.1438308140625 0.5862737583333334 0.15077548125 0.5830470895833333 0.1537875765625 0.5838817645833333 0.1577670015625 0.5822528541666667 0.15586506875 0.5688090520833333 0.157261 0.5610009520833333 0.156614534375 0.5575438395833333 0.1553614375 0.5552064020833334 0.1547992890625 0.5511092583333334 0.15524430312499998 0.5491253083333334 0.158839603125 0.54762409375 0.159931084375 0.54909725625 0.163046278125 0.5603017145833333 0.1691571609375 0.5689802895833334 0.1735675625 0.56965611875 0.180383428125 0.5722862979166667 0.18073710781250002 0.573086725 0.191087384375 0.5760719416666666 0.1942845234375 0.5789871166666667 0.19751912656249998 0.5788298166666667 0.19859182656250002 0.5692931625 0.201449325 0.5671192145833334 0.20789510625 0.5655884 0.209600234375 0.5637975458333333 0.2100452484375 0.5618135958333333 0.205302225 0.5539043041666667 0.19590286562499998 0.5450949354166668 0.19563350468750001 0.5436544729166666 0.1908834625 0.5378895229166667 0.1904524859375 0.5355847833333333 0.18791584687500001 0.5318380333333333 0.1892508890625 0.5258861854166667 0.190625765625 0.52451111875 0.1957809875 0.5237153354166667 0.19643447187500002 0.5250281020833333 0.1999923078125 0.5265993583333334 0.20255939218750002 0.5294179833333333 0.204587753125 0.5293556854166667 0.20655522343750002 0.5311496375 0.21436184374999998 0.5325324479166667 0.21842558437499998 0.5302635020833333 0.2196458640625 0.5258798145833333 0.21817727812499998 0.5223900041666666 0.2180296984375 0.5172370374999999 0.2173457703125 0.5168523979166666 0.2157460140625 0.5115701854166667 0.21528221875 0.5025443187499999 0.21595675781249998 0.49742405 0.21525642031249997 0.4936788458333333 0.2120662984375 0.48861932708333333 0.20942656406250001 0.47450279375 0.20989500312499998 0.4737350625 0.209086921875 0.4694136729166667 0.2084029921875 0.46902903333333335 0.2065174671875 0.45894579375 0.2041494625 0.453918975 0.20176742499999997 0.45318084583333335 0.19819317812499998 0.448249025 0.1942816640625 0.44587733749999997 0.1882668609375 0.44971289375 0.177480959375 0.4542165354166666 0.17555332343750002 0.4569993645833333 0.170060834375 0.46035528125 0.16717289062500001 0.46345735416666667 0.1671424453125 0.46438548125 0.1526558734375 0.47746340416666666 0.150903890625 0.4768218208333333 0.14647708125 0.4727854270833333 0.142750609375 0.4724942375 0.1406988203125 0.47134031875000004 0.13600265 0.4658634625 0.13322245 0.46954171875 0.1311800515625 0.47389270833333336 0.129821584375 0.4786283375 0.12975367499999998 0.4826289354166667 0.1284865421875 0.48458018541666664 0.1248912421875 0.4860814 0.1234320484375 0.48809649791666665 0.122050153125 0.49161590833333335 0.12357962812500001 0.4932494666666667 0.1240106046875 0.49555420624999996 0.1222984578125 0.49948940625000005 0.11828157187499999 0.5041907875 0.1136112 0.5075794020833333 0.11269774531250001 0.5103310833333333 0.1086504140625 0.5159605916666666 0.103464746875 0.5176845 0.0958291328125 0.5226708770833334 0.09025934218750001 0.5245224833333333 0.090713746875 0.5280434416666666 0.09248915625000001 0.52990124375 0.0927585171875 0.53134170625 0.096730921875 0.5318571395833334 0.09902162656249999 0.5353796479166667 0.10175734375 0.53691820625 0.10626145312499999 0.5424589125 0.1096038015625 0.5428777979166667 0.1239241109375 0.5387291958333333 0.1242777890625 0.539529625 0.12712826875 0.5395000229166667 0.12961805312500002 0.5408143395833334 0.1294189734375 0.5430225333333334 0.1274913375 0.5458053604166667 0.1245799671875 0.5476912145833333 0.12146951718750001 0.5517852624999999
0 0.16201224375 0.27330989791666666 0.162780490625 0.27305450416666666 0.1619653890625 0.2708774604166667 0.16201224375 0.27330989791666666
0 0.16323252187499998 0.26892621041666664 0.1626258921875 0.27004588125 0.165368628125 0.26944009583333334 0.165399071875 0.26851197083333334 0.16323252187499998 0.26892621041666664
0 0.1466425640625 0.26311927083333336 0.1465582453125 0.26375930416666665 0.14949304375 0.26308966875 0.1493314265625 0.2622253916666667 0.1466425640625 0.26311927083333336
0 0.163745346875 0.23784955833333335 0.1630614171875 0.23746491875 0.16216901718750001 0.23378356458333333 0.1595480625 0.23067684791666665 0.15671863749999998 0.22427341250000002 0.1532521359375 0.21991777708333335 0.15186786875 0.21578793333333335 0.151183940625 0.2154032958333333 0.15096143281250002 0.21639526875 0.14980906249999998 0.21677836041666668 0.14873399062499998 0.2186657625 0.1491110953125 0.22068241041666664 0.148588784375 0.22116204791666666 0.1520366015625 0.23959997291666665 0.1535122046875 0.2409454375 0.15402749843750002 0.24261014166666667 0.1568943890625 0.24594110625 0.161112728125 0.24668078333333332 0.1614898328125 0.24869743125000002 0.1608223125 0.25167335625000004 0.1621901703125 0.25244263541666667 0.1663077828125 0.2504617833333333 0.169589240625 0.2527369208333333 0.16841344375 0.25190379375 0.169350325 0.25036833333333336 0.1689732203125 0.24835168541666666 0.16732898125 0.2482862875 0.165146021875 0.24533996666666666 0.163745346875 0.23784955833333335
0 0.194065490625 0.26908023541666665 0.194634659375 0.2710330354166667 0.20219534687500001 0.2721916020833334 0.20859664531250002 0.2758776020833333 0.2113019171875 0.27834428541666667 0.21327640625000002 0.27799389375 0.215981678125 0.28046057916666667 0.21767978906250002 0.2808140708333333 0.225854125 0.27870861874999997 0.22907232031250002 0.27519075625 0.23196728125 0.26994433958333336 0.2313512625 0.26555910208333333 0.2288146234375 0.2618123520833333 0.2293369375 0.2613327125 0.228849715625 0.25109062708333335 0.22931815625000002 0.25032289583333334 0.2282945859375 0.2448491375 0.22761065625 0.24446449791666666 0.2249264390625 0.23556477708333334 0.22198225 0.23072950416666668 0.21790911875000002 0.22749354166666666 0.2157730125 0.22697965625000002 0.2139437328125 0.22483376041666667 0.21117756875000002 0.22422332916666668 0.2094560328125 0.22265361875 0.20674374062499998 0.22233128124999998 0.2037386625 0.21935226041666667 0.20007308125 0.21720481666666666 0.197559871875 0.21467428333333333 0.1932782703125 0.20814160208333332 0.1854552390625 0.20339823125 0.183663421875 0.19817986666666665 0.17940524687499998 0.19286340624999998 0.17428749062499999 0.19058671875 0.17014645 0.19135135 0.1605972359375 0.19483186666666666 0.15878436406250002 0.1960465375 0.1585314125 0.19796663958333335 0.160255321875 0.2071856 0.162485134375 0.21256436041666668 0.16311519218749998 0.21266090833333334 0.1654293234375 0.21739963333333331 0.167328884375 0.22319418541666666 0.16975777812499998 0.22636475 0.1704346890625 0.22889373333333335 0.1710647453125 0.22899028125 0.17206489062500002 0.23324782291666668 0.176323065625 0.23856428125 0.17909861875 0.24467962291666667 0.18052035 0.24573699583333333 0.1850877203125 0.2570707 0.1865094515625 0.2581280729166667 0.1898307453125 0.2649799958333333 0.194065490625 0.26908023541666665
0 0.24180928281249997 0.26912050416666666 0.2424463578125 0.26707270624999996 0.2433457765625 0.26860971666666666 0.24362215625 0.26790583333333334 0.24302254375 0.2668811625 0.2416242390625 0.26704000833333336 0.2410176078125 0.26815967916666666 0.24180928281249997 0.26912050416666666
0 0.2328221203125 0.25160606041666667 0.2351292328125 0.25848913333333334 0.2388955390625 0.2633571041666667 0.24108551718750001 0.2641590833333333 0.244542628125 0.26300981041666666 0.24584020624999997 0.2601304333333333 0.240452990625 0.23132117708333333 0.2420808203125 0.22802601249999999 0.24567612031250002 0.22652479791666666 0.2496485265625 0.2270402333333333 0.25237485312499996 0.22307388333333333 0.25391836562500003 0.22041875 0.25372393125000003 0.21283334375 0.256150453125 0.20835465833333336 0.25687184531249996 0.20566682708333334 0.256602484375 0.20422636458333335 0.2532437296875 0.2004469125 0.2525668171875 0.19791792916666667 0.25016836875 0.1938192375 0.24795496562500002 0.1918010375 0.2449404953125 0.1833171083333333 0.24223522343749998 0.180850425 0.24058159531249998 0.17528011875 0.23913643750000002 0.17300652708333333 0.2354872640625 0.1742196479166667 0.2337751171875 0.17815484791666666 0.22945842500000002 0.18234389583333332 0.229104746875 0.1815434645833333 0.2246404734375 0.18057954375 0.21865374375000002 0.17583771875 0.21495771718749998 0.17461840208333335 0.2143581046875 0.17359372916666665 0.2095870078125 0.17426181666666668 0.2069918515625 0.18002056875 0.20653981875 0.18414886249999998 0.20710196875000003 0.18824600833333335 0.20635012968750002 0.19186196458333335 0.208397271875 0.20280948333333332 0.21101822656250002 0.2059162 0.21592751406250002 0.20489617291666665 0.21734924531250002 0.20595354583333333 0.2186562140625 0.20857907708333334 0.21971022968749998 0.21312470833333333 0.21950413124999998 0.21747724791666664 0.21898181718749998 0.21795688541666666 0.21957441093750002 0.22112590208333333 0.22105001406250002 0.22247136666666664 0.2219189875 0.22493650416666666 0.22427058125000002 0.22660276041666666 0.227538003125 0.2331665875 0.22811418906249997 0.23297504166666666 0.229997340625 0.23540903125 0.2328221203125 0.25160606041666667
0 0.245076215625 0.15022381041666666 0.24932500000000002 0.15003536250000002 0.24960137968749999 0.14933148125 0.2486246625 0.14629016041666668 0.2454673578125 0.14795176875 0.245076215625 0.15022381041666666
0 0.2949470140625 0.22054936875 0.29601506875 0.22080631250000002 0.2995214046875 0.22973873125 0.30038335781250003 0.23434821041666665 0.303435290625 0.23975967083333333 0.30562526874999996 0.24056164791666665 0.3101270046875 0.2384531 0.31748386875 0.22652135 0.3189102453125 0.217785125 0.32023826875 0.21397762083333335 0.32334170156250003 0.21202792083333336 0.3197322671875 0.19272571875000002 0.3164672171875 0.19381114375 0.3133543953125 0.1902559375 0.307714325 0.1884588854166667 0.3069226515625 0.1874980625 0.3063839296875 0.1846171375 0.3025262875 0.18253354375 0.298436746875 0.17593701458333333 0.2986897 0.17401691458333335 0.29678311874999996 0.17036670833333334 0.2963357328125 0.16470140625 0.29396773125000003 0.1596745875 0.2896252375 0.15499815833333336 0.286826259375 0.14766659791666664 0.28433647500000003 0.14635228541666667 0.2834370578125 0.144815275 0.279602840625 0.14394790000000002 0.2772512453125 0.14228164375 0.2696601140625 0.14205120416666667 0.26399898906249997 0.1466871875 0.262893471875 0.14950271874999999 0.25942934375000004 0.15279633541666668 0.25705669375 0.15756311250000002 0.2569583390625 0.1624918375 0.256321265625 0.16453963541666666 0.2564454171875 0.16847638541666665 0.2595207765625 0.17510406041666665 0.26304115 0.17974778958333332 0.2636103171875 0.1817005875 0.26678402968750003 0.18339954374999998 0.26940735625 0.19415551666666667 0.27115232031250003 0.19694144375 0.2718292328125 0.19947042708333335 0.2724592890625 0.199566975 0.2740660640625 0.20270484166666666 0.27617172343749996 0.20414685416666664 0.276740890625 0.20609965416666667 0.2803526 0.20795900208333334 0.28165956875 0.21058453333333332 0.2917264484375 0.21641797916666666 0.2949470140625 0.22054936875
0 0.047648742187499996 0.27919842083333335 0.048524734375 0.27951921041666666 0.0489018390625 0.28153585833333333 0.051169115625 0.2838421479166667 0.052583828124999996 0.28704386458333336 0.054251493750000004 0.28832548125 0.0585237046875 0.28935324999999995 0.064447171875 0.288302075 0.07093041562499999 0.28369878958333333 0.08184748750000001 0.2809875520833333 0.0954440328125 0.2718775291666667 0.0967650390625 0.27021436875 0.09727094375 0.26637416875 0.0951863375 0.25849912291666666 0.09565477812499999 0.25773139166666664 0.09503875625 0.25334615416666667 0.0955071984375 0.25257842291666666 0.09464524375 0.24796894166666666 0.0939613140625 0.24758430416666669 0.0926379375 0.24159820625 0.0919540078125 0.24121356875 0.09055333125000001 0.2337231625 0.08807758437499999 0.22812015833333332 0.0870938484375 0.22722318125 0.0836648109375 0.219795075 0.08011399218750001 0.21607947291666668 0.07831515624999999 0.21300545416666666 0.0757715015625 0.21140304583333333 0.0747643375 0.20928985208333334 0.0725743609375 0.208487875 0.06959972812500001 0.204580725 0.06803980625 0.20387529375 0.06607935312499999 0.19993699791666666 0.0633178375 0.18953296666666666 0.0626339078125 0.18914832708333332 0.0631023484375 0.18838059791666667 0.0625636265625 0.18549967083333332 0.0635684171875 0.1799636125 0.064559171875 0.17871624375 0.0661167203125 0.17177242083333333 0.064847215625 0.16607441875 0.0610902984375 0.16671135416666666 0.050405124999999995 0.173935525 0.0474094359375 0.1764614125 0.0456972890625 0.1803966125 0.04402260625 0.18125934166666668 0.043139596875000005 0.18308289583333334 0.043462829687499996 0.18481145000000002 0.0429943890625 0.18557918125 0.039291345312499996 0.18650421041666665 0.025987585937500002 0.19827091666666666 0.021542093749999998 0.20831681041666666 0.0208066640625 0.21529333125 0.0188485828125 0.21900428749999998 0.0186190578125 0.22214060625 0.017021673437500003 0.22450764583333335 0.015717078125 0.22953136666666665 0.0114636484375 0.23951341458333333 0.0105736203125 0.24348131250000002 0.006680884375 0.25211944166666667 0.006336596875 0.25682392291666667 0.0073835953125000004 0.2635138979166667 0.008882625 0.26607558125 0.010358228125 0.2674210458333333 0.015614175 0.26934579375 0.022774331249999998 0.26727149375 0.0264305203125 0.26391402708333334 0.0269832796875 0.2625062625 0.0297025890625 0.26068425833333336 0.0320073296875 0.2599180770833333 0.0347734921875 0.2605285104166667 0.037724696875000005 0.2632194375 0.039031665625 0.26584497083333336 0.04009971875 0.2661019125 0.04099211875 0.2697832666666667 0.047079575 0.2772456208333333 0.047648742187499996 0.27919842083333335
0 0.037042525 0.71449268125 0.0407783875 0.7202887791666667 0.0416543796875 0.7206095708333333 0.0437694296875 0.7275564895833334 0.0456221390625 0.7309186041666667 0.05009342812499999 0.7297381791666666 0.05235131562499999 0.7265395604166667 0.056960796875 0.7250071979166666 0.059481025 0.7253933854166666 0.062101979687499996 0.7285001041666667 0.0635939921875 0.7332061333333333 0.066737259375 0.7358332125 0.0672525546875 0.73749791875 0.0694964046875 0.7385879895833334 0.0764106265625 0.7362894437499999 0.07924469687499999 0.73289928125 0.0860816203125 0.7290964249999999 0.088423825 0.72525776875 0.094722025 0.7185739874999999 0.0984719234375 0.7200813979166667 0.10347491718749999 0.7239262458333333 0.10674698593750001 0.7206964770833333 0.10691562031249999 0.7194164083333334 0.1090353171875 0.71656973125 0.110077571875 0.7079612020833334 0.10749170781249999 0.6941327583333333 0.10515414999999999 0.6881778145833334 0.1044702203125 0.6877931749999999 0.10363169375 0.6843999125 0.099542153125 0.6778033833333333 0.0974364921875 0.6763613729166666 0.09544559531249999 0.6733512 0.0946585671875 0.6625967791666666 0.0954408515625 0.6580526958333334 0.0973146140625 0.6549817729166667 0.0989049796875 0.6547590770833334 0.1012027015625 0.6561372416666666 0.1058614078125 0.66468656875 0.10826687500000001 0.6666409166666667 0.11121106249999999 0.6714761895833333 0.11293260000000001 0.6730458979166667 0.1160828859375 0.6735286333333333 0.11985621093750001 0.6762522625 0.1278923578125 0.67449875 0.12824603750000002 0.67529918125 0.132056825 0.6749503375 0.13512279375 0.6760731062499999 0.14575646874999998 0.6762100958333334 0.148175971875 0.6738757541666666 0.1489816828125 0.6705478874999999 0.1490191453125 0.6674754187499999 0.1478878296875 0.6614254749999999 0.146042140625 0.65591901875 0.1463255375 0.6530707916666666 0.14776130468749998 0.6498394729166667 0.1468220515625 0.6437256791666666 0.143308696875 0.6369376083333333 0.1404862890625 0.6283898291666666 0.142474815625 0.6237507479166666 0.1430884640625 0.6204867312500001 0.14245840781250002 0.6203901833333333 0.13709234374999998 0.6102399979166666 0.136216353125 0.6099192083333332 0.1332182921875 0.6047958395833334 0.13135856562499998 0.6035780729166667 0.1260627828125 0.59707654375 0.1229968140625 0.595953775 0.117157665625 0.59636491875 0.11183380937500001 0.5984407687500001 0.106395190625 0.6020847770833334 0.10289122656250001 0.6008016125 0.100485759375 0.5988472645833334 0.0982255015625 0.59439663125 0.097356528125 0.59193149375 0.0985838265625 0.5854034604166666 0.102139290625 0.5793254666666667 0.10548865781250001 0.57760000625 0.10680966249999999 0.57593685 0.11081014062500001 0.5678749041666666 0.11447097656250001 0.5547238395833334 0.1157919828125 0.5530606812500001 0.1154453234375 0.5501159083333333 0.11487615625 0.5481631083333334 0.1115946984375 0.54588796875 0.10819847812500001 0.5451809916666667 0.10754499375 0.5438682229166666 0.10450947031249999 0.5418173270833333 0.1035561796875 0.5399922270833333 0.10199625937500001 0.53928679375 0.098229953125 0.5344188229166666 0.0901609890625 0.52945120625 0.08151821249999999 0.5323243895833333 0.0772319640625 0.5355853083333333 0.0753582015625 0.5386562291666667 0.0721704515625 0.5412459645833334 0.0655045359375 0.5514180062499999 0.0637314984375 0.5572094583333332 0.0679335265625 0.5796806791666668 0.06745105 0.5847371 0.06510182656249999 0.5907200979166666 0.0652868703125 0.5928005916666667 0.064680240625 0.5939202645833334 0.0634201265625 0.59372716875 0.061567418750000005 0.5903650583333333 0.060813207812500006 0.5863317625000001 0.06018315 0.5862352145833333 0.0594828125 0.5824900125 0.059951253125000006 0.58172228125 0.053739545312500005 0.5452310729166666 0.0525168953125 0.5419655083333333 0.048059640625 0.5388572395833333 0.046614482812500004 0.5365836500000001 0.042972328125 0.5356524270833333 0.04115945625 0.5368670958333334 0.040185109375 0.5414750291666667 0.03743535625 0.5442251604166667 0.035615464062500005 0.547584175 0.0320974640625 0.5505897 0.0295631984375 0.5544922020833333 0.0279049234375 0.5587154916666666 0.024632856249999998 0.5619452625 0.022098590625 0.5658477625 0.0126501046875 0.5720488083333334 0.0109145296875 0.5747677916666666 0.00989333125 0.5769432854166666 0.010701414062500001 0.5812646729166667 0.013898553125 0.5841798479166667 0.015313267187499998 0.5873815645833333 0.0165195078125 0.5872865645833334 0.017557115625 0.5884716354166667 0.019463696875 0.5921218395833333 0.025780678125 0.5964478750000001 0.0311912234375 0.60138124375 0.032713679687500004 0.6051591458333333 0.0333437375 0.6052556916666667 0.034798284375 0.6130341916666667 0.032641125 0.6189533416666666 0.028563346875 0.625510975 0.0267200296875 0.6276537708333334 0.0218880421875 0.6301781083333334 0.0193842203125 0.6331524833333333 0.01655716875 0.6343983041666666 0.015290035937499998 0.6363495541666667 0.01489889375 0.6386215979166666 0.013908140625 0.6398689645833334 0.01351936875 0.6497902604166667 0.01400421875 0.65238309375 0.01348190625 0.6528627291666667 0.0146905203125 0.6604169875 0.01608180625 0.6624024833333333 0.0224432703125 0.6615117020833333 0.0261322765625 0.6648753645833333 0.026701443749999998 0.6668281625 0.0290225921875 0.6694225458333333 0.03043730625 0.6726242625 0.0340724421875 0.6756998291666666 0.0357705515625 0.6760533208333332 0.0385835671875 0.6790961895833333 0.0395837125 0.68335373125 0.0395696765625 0.68764241875 0.039178534375000004 0.6899144625000001 0.03487123125 0.6996084145833333 0.03504925625 0.70383325625 0.037042525 0.71449268125
0 0.2404929234375 0.26099006458333335 0.2417296125 0.25996693958333333 0.243779028125 0.25347160625 0.24172486875 0.24466843333333335 0.240237503125 0.23016880833333334 0.241919203125 0.22716173333333334 0.24691280937500001 0.22550167291666667 0.2496485265625 0.2270402333333333 0.2510632390625 0.2302419479166667 0.2520797921875 0.23786005208333333 0.25063700624999996 0.24323571458333332 0.25109140937499996 0.24675667291666667 0.25062296875 0.24752440416666666 0.25240075 0.25703145833333335 0.2530308078125 0.25712800625 0.254946778125 0.26628311875 0.25701497500000003 0.2707976020833333 0.26065712812499997 0.271728825 0.2650206765625 0.26997221875000005 0.2695926921875 0.271512325 0.2708223625 0.2726335458333333 0.273405853125 0.2788127354166667 0.277748346875 0.28348916249999995 0.2820580203125 0.2814444604166667 0.2820884671875 0.28051633541666665 0.28398565625 0.27866163125000004 0.28714296093749997 0.2770000229166667 0.2948184109375 0.27659042916666665 0.3018169484375 0.27365185000000003 0.30256176875 0.2721802375 0.303229290625 0.26920431250000004 0.3014749375 0.26091347708333334 0.2968536921875 0.24929167916666667 0.298788346875 0.24436450416666666 0.30422696562499996 0.24072049375000001 0.303856878125 0.23655950208333335 0.302381275 0.2352140375 0.3020041703125 0.23319738958333333 0.2995214046875 0.22973873125 0.29742978125 0.22400802916666668 0.29309430625 0.21718725833333333 0.28953647031249996 0.21561599999999997 0.2886909234375 0.21436708124999998 0.2832967875 0.21279427708333334 0.28094519375 0.21112802083333332 0.274860109375 0.21131492083333334 0.2701030484375 0.20769431666666666 0.2685501453125 0.20484453958333332 0.26747270312500004 0.19908268958333333 0.26823857812499996 0.19117804375 0.26732275156249996 0.18628046875 0.2661469546875 0.18544734166666668 0.2651702375 0.18240602083333332 0.26448630781250004 0.18202138124999998 0.2631629296875 0.17603528541666666 0.257560325 0.17116576458333332 0.25699115625 0.16921296458333332 0.2545083921875 0.16575430625 0.25547571874999997 0.16329071874999998 0.2583870890625 0.16140486458333334 0.259768984375 0.15788545416666666 0.25969168593749997 0.15638114166666667 0.2566795890625 0.1555464666666667 0.2504773703125 0.14965227083333332 0.250100265625 0.147635625 0.24824755625 0.14427351249999998 0.244790446875 0.14542278333333333 0.241794759375 0.14794867083333332 0.2406283515625 0.15262045208333333 0.23894665 0.155627525 0.2392698828125 0.15735608125 0.2387475703125 0.15783571875 0.2403332890625 0.1674066229166667 0.23911300937500002 0.17179030833333334 0.235018825 0.17498737916666668 0.2334987390625 0.17885873125 0.23044215937499998 0.18324087083333335 0.2232726140625 0.17981026458333332 0.21914561250000003 0.17628620833333333 0.21599532500000002 0.17580347083333334 0.2135898578125 0.17384912291666668 0.210078875 0.17471030208333332 0.2074767015625 0.18261340208333332 0.2078866234375 0.19135117708333332 0.2092568546875 0.19976970833333332 0.21124775156250003 0.20277988125000002 0.21505854218749998 0.2024310375 0.2186936765625 0.20550660625 0.220616665625 0.21251737291666667 0.22016463437499997 0.21664566875 0.2211647765625 0.22090320833333335 0.222825425 0.22432916875 0.2246312796875 0.22525884375 0.2268376640625 0.22942138541666665 0.2282055234375 0.23019066458333332 0.2304423546875 0.23342508125 0.23166500625 0.23669064374999998 0.2348739078125 0.25275997916666665 0.23634249375 0.25624978958333333 0.2404929234375 0.26099006458333335
0 0.4005827375 0.04252933125 0.39923128750000003 0.045120614583333336 0.3988940171875 0.04768074791666667 0.40129948437499996 0.04963509791666666 0.4015149734375 0.050787468749999995 0.3988050546875 0.05811438125 0.3992219953125 0.0647078125 0.399852053125 0.06480435833333334 0.4007983234375 0.06877380625 0.40396501875 0.07261710416666665 0.40478011875000003 0.07479414791666666 0.4140248796875 0.08059489166666665 0.421861946875 0.081049575 0.42221562500000004 0.08185000625000001 0.42797747656249996 0.07993455208333335 0.4283381734375 0.07859063541666668 0.43369949218750004 0.07344231458333333 0.4355193828125 0.07008329791666666 0.439337190625 0.06759011041666667 0.4434243578125 0.06653738541666666 0.445806396875 0.06727551458333333 0.4520390609375 0.07224158333333335 0.45491296718749996 0.0734282 0.46280390625 0.07417097708333334 0.4698867625 0.07059236458333333 0.47211420468750004 0.06832187083333333 0.4767775578125 0.0670776 0.48246448124999997 0.07130708749999999 0.48459356875 0.07396531875 0.49171625937499996 0.07496348750000001 0.5056055921875 0.06851014375 0.5058281 0.06751817083333332 0.5097536515625001 0.06560116666666667 0.509784096875 0.06467304166666667 0.5120115390625 0.06240254791666667 0.5113112 0.05865734375 0.5092594109374999 0.057503425000000004 0.5078142546875 0.05522983541666667 0.5032422359375001 0.05368972916666667 0.4987405 0.055798275 0.49871005625000003 0.056726402083333335 0.4974194953125 0.05746143333333333 0.49256408125 0.05876955416666666 0.4922104015625 0.057969124999999996 0.48867599375 0.05761408541666667 0.48338258125 0.05876180833333333 0.47965611093750005 0.05847061875 0.47886443749999996 0.057509793749999996 0.48351138125000004 0.05290496041666667 0.483656590625 0.050408675 0.4843170921875 0.049577095833333334 0.4836706265625 0.04611998541666666 0.481757028125 0.044614122916666665 0.4806421203125 0.04192474375 0.48237769531249997 0.03920576458333334 0.48224652343749996 0.037413360416666666 0.48307566093750004 0.03530171458333333 0.484696471875 0.03415089166666666 0.4875609890625 0.0298326 0.4908026109375 0.027530958333333334 0.49218450625 0.024011547916666667 0.4894323796875 0.019112425 0.4874344640625 0.018246597916666666 0.48486738125000006 0.015427972916666668 0.4829772078125 0.01513833125 0.4813399890625 0.012928591666666666 0.478819759375 0.0125424 0.476882734375 0.009820320833333333 0.47556874843749997 0.009339135416666667 0.47165021406249996 0.009111793750000001 0.4644525953125 0.014258566666666667 0.460459134375 0.020176166666666665 0.4599298046875 0.02280015 0.4574494109375 0.02699074375 0.4565593828125 0.03095864166666667 0.45499244375 0.03239755625 0.45348876718750003 0.03962947083333333 0.452528459375 0.0399487125 0.4508678125 0.036522754166666664 0.448762153125 0.035080741666666665 0.4483007296875 0.033704127083333334 0.43927847656249996 0.026911408333333334 0.4365123140625 0.026300975 0.42855109375 0.02190954375 0.418547478125 0.0218691 0.41775580312500005 0.020908277083333333 0.407873965625 0.017155329166666667 0.406462384375 0.01578858125 0.379186253125 0.024856185416666666 0.37923334531249997 0.025452535416666665 0.379863403125 0.025549079166666665 0.3804325703125 0.027501879166666666 0.3830066703125 0.028176160416666665 0.38336035 0.028976591666666666 0.387086821875 0.02926778125 0.3903917046875 0.03275913958333333 0.39296580625 0.033433418750000006 0.39999014375 0.0393603125 0.4005827375 0.04252933125
0 0.117951221875 0.47951447291666666 0.12032624375 0.4823969458333333 0.1237763359375 0.48339201875 0.12743252656249998 0.4800345541666667 0.1288448671875 0.47558701666666664 0.1303040609375 0.47357191666666665 0.1312784078125 0.4689639854166667 0.13383609999999999 0.46627770208333336 0.133597184375 0.46390911458333334 0.13406562500000002 0.4631413833333333 0.13320367187499998 0.45853190208333333 0.1303672265625 0.45427281458333335 0.130097865625 0.45283235208333333 0.1227268671875 0.4439606854166666 0.1196749359375 0.438549225 0.11617798906250001 0.4351217166666667 0.115800884375 0.43310506875 0.113156503125 0.42878213125000003 0.112456165625 0.42503692708333335 0.11353825312500002 0.42100518124999997 0.11229919375 0.41437905208333337 0.108479015625 0.40922298749999997 0.10684881406249999 0.40486890000000003 0.10214562499999999 0.4015363895833334 0.0945240484375 0.402234075 0.0933412328125 0.4035452916666667 0.09164549375 0.41084105625 0.089310309375 0.41253536458333334 0.08536133125 0.4132361479166667 0.0842323875 0.4148354583333333 0.0837335015625 0.41653131458333337 0.0856166546875 0.4189653 0.0863474375 0.42178237916666667 0.0870876109375 0.4301043625 0.089673475 0.44393280625000003 0.0917182453125 0.44723106875 0.09917118750000001 0.44781345 0.100646790625 0.44915891458333335 0.10239175468749999 0.45194484166666665 0.10282273281250001 0.4542495833333334 0.1034527890625 0.45434612916666667 0.1067530265625 0.46763108541666665 0.11098075781250001 0.4738756708333333 0.11347054062499999 0.4751899875 0.11442383125 0.47701508958333333 0.117951221875 0.47951447291666666
0 0.1633711015625 0.3689426875 0.16379970625 0.36359817499999997 0.168992390625 0.3597299208333334 0.168292053125 0.35598471666666665 0.16475764375 0.35562967916666666 0.1620687796875 0.3565235583333333 0.15997250937500002 0.3605864541666667 0.16099607968750002 0.3660602125 0.1607126828125 0.3689084416666667 0.161342740625 0.36900498541666665 0.1620196515625 0.3715339729166667 0.1633711015625 0.3689426875
0 0.0829252234375 0.36202571666666666 0.08355528125 0.3621222625 0.083255475 0.3616099291666667 0.0829252234375 0.36202571666666666
0 0.521793625 0.31435601041666666 0.5220091140625 0.31550838124999997 0.5233535453125 0.31506144166666666 0.5224541265625 0.31352443125 0.521793625 0.31435601041666666
0 0.5340824203125 0.10188361666666666 0.533721725 0.10322753333333333 0.5342604468750001 0.10610846041666666 0.534890503125 0.10620500625 0.5340824203125 0.10188361666666666
0 0.5374528421875 0.09372512499999999 0.5396568562499999 0.09023841458333333 0.5400479984375 0.08796637083333333 0.5395631484375001 0.08537353958333332 0.538525540625 0.08418847083333333 0.5357828046875001 0.08479425624999999 0.5311803421875 0.084182275 0.5309578359375 0.08517424999999999 0.533178259375 0.08504810208333334 0.5356025062499999 0.09801226666666667 0.5371624265625 0.09871769583333333 0.5374528421875 0.09372512499999999
0 0.5139349171875 0.16978173541666666 0.5155721375 0.171991475 0.5160569859375 0.1745843104166667 0.5166870453125 0.17468085833333333 0.5190714562500001 0.18306823958333332 0.5217626906249999 0.18982361250000002 0.522446621875 0.19020825416666665 0.52557120625 0.20691762083333334 0.52677043125 0.20896696875 0.528384221875 0.20996049166666667 0.538502603125 0.208432775 0.56174206875 0.20070710833333333 0.5621660281249999 0.20515619375000002 0.53963391875 0.21448271875 0.5335347968749999 0.21895830624999998 0.53621436875 0.23765162499999998 0.5391679468749999 0.24799180833333334 0.5409667828125 0.251065825 0.5427421921875 0.2529236270833333 0.549035746875 0.25603344375 0.5525022468749999 0.26038908125 0.558226634375 0.2615460958333333 0.5585803125 0.262346525 0.5644124453125 0.2640797270833333 0.5676001953124999 0.2614899916666667 0.569663646875 0.25070596666666667 0.5695769578125 0.24369674791666668 0.570972890625 0.23588864791666667 0.5705863953125 0.22836708958333332 0.5711087078125 0.22788745208333333 0.57100798125 0.22516692291666668 0.5727201281250001 0.22123172291666665 0.572841909375 0.21751921875000002 0.5709095296875 0.20500354166666668 0.5725842140624999 0.20414081458333333 0.5744439406249999 0.20535857916666667 0.576680771875 0.20859299583333335 0.5794469343750001 0.20920342916666668 0.582634684375 0.20661369375 0.5826721484374999 0.20354122291666668 0.5817797484375 0.1998598666666667 0.5770367234375 0.19195057291666667 0.574247134375 0.19012392291666666 0.5725560421875 0.18762608958333335 0.569166840625 0.18477476458333333 0.5631472937499999 0.17331181250000002 0.5620394046875 0.1684780875 0.5613554765625001 0.16809344791666667 0.5591467171875 0.15628165208333333 0.5596151578125 0.15551392291666666 0.5592146265625 0.15228105625000002 0.5611024265625 0.14492144375 0.5608635093750001 0.14255285416666666 0.5584790984375 0.13416547291666667 0.5565959453125 0.1317314875 0.5554271671875 0.12875401458333333 0.5535440140625 0.126320025 0.546950653125 0.122697875 0.5402893843750001 0.12307631875 0.5399357046875 0.12227588958333334 0.5366706578125 0.12336131458333334 0.5366402109374999 0.12428943958333334 0.5350194015625 0.1254402625 0.5336304859375 0.13110401875 0.5307495609374999 0.13206174583333333 0.5274142312500001 0.1294985125 0.5254537781249999 0.12556021458333333 0.5227180609375 0.12402165625 0.5213572203125 0.12110803125 0.5177759562500001 0.11832055625 0.517314534375 0.11694393958333334 0.5139253328125 0.11409261666666667 0.5116885015625 0.1108582 0.5033665859374999 0.10781068541666668 0.5029051625000001 0.10643407083333334 0.49910841093749997 0.10249422500000001 0.4970472328125 0.09583539583333334 0.49163668749999995 0.09090202708333334 0.48590528125 0.09188935625 0.48112014687500004 0.09684613125 0.4811763921875 0.10478347708333334 0.48004042968749994 0.10852713125 0.47986714687500004 0.11960079583333334 0.48405276875 0.13871145208333333 0.48468282656249995 0.13880800000000001 0.4848983140625 0.13996037083333332 0.48801815625 0.14137123333333335 0.49665391249999996 0.14064239374999998 0.49826770624999994 0.14163591875 0.49949737499999997 0.1427571375 0.5006661546875 0.14573461041666666 0.4995301921875 0.14947826458333333 0.5015374984375 0.155849 0.5042661984375 0.15953190416666668 0.506894171875 0.16049427708333336 0.5119510390625 0.16462721875 0.5126279499999999 0.16715620208333334 0.5132580078125 0.16725274999999998 0.5139349171875 0.16978173541666666
0 0.4813026234375 0.04109316666666667 0.4824854390625 0.039781947916666664 0.48351365625 0.03546211041666667 0.48499627656250005 0.03466322916666666 0.48733848125 0.030824577083333336 0.49176291875 0.027211716666666667 0.4923226953125 0.02365960625 0.49006243749999995 0.019208972916666667 0.4856895 0.015460670833333334 0.47865814375 0.011678125000000001 0.47672111875 0.008956045833333334 0.47313283593750005 0.008312914583333334 0.4727791578125 0.007512485416666667 0.468937925 0.008789454166666665 0.46890747812500005 0.00971758125 0.46291610156249996 0.014769354166666667 0.4619487765625 0.017232941666666668 0.46024364687499997 0.019023795833333336 0.45718005 0.025550281249999997 0.45634389375 0.029806270833333332 0.454224196875 0.03265295 0.45319597968750003 0.03697278958333334 0.45354263906250003 0.03991756458333333 0.45626669375000006 0.05339406458333333 0.456306528125 0.05797084583333333 0.456936584375 0.05806739375 0.4581053640625 0.06104486666666666 0.45991121875 0.06197454166666667 0.4625157640625 0.061720697916666664 0.4644293640625 0.06322655833333334 0.47567668750000003 0.06009952916666667 0.4782578078125 0.058629466666666664 0.47828825156250004 0.05770133958333334 0.4829586234375 0.054312725 0.48422575625000003 0.05236147291666667 0.4841320484375 0.04749659791666667 0.48340126562499997 0.04467952083333333 0.4817336 0.04339790625 0.4813026234375 0.04109316666666667
0 0.310524453125 0.6529532395833333 0.30656845625 0.65579836875 0.3022142984375 0.6630598833333334 0.301516334375 0.6669639333333334 0.302917009375 0.6744543395833333 0.30239469531249996 0.6749339770833332 0.30251885 0.678870725 0.2991788734375 0.6861010937500001 0.294723990625 0.6906420791666666 0.2943632953125 0.69198599375 0.29525569375 0.69566735 0.2964853640625 0.69678856875 0.3000806625 0.69528735625 0.3044278015625 0.6901701833333332 0.3093441078125 0.6870058125 0.3286884671875 0.6802690229166667 0.32524302031249996 0.6694803541666666 0.324559090625 0.6690957145833334 0.32339733125 0.6639738958333333 0.32192172812500003 0.66262843125 0.3183873171875 0.6622733916666667 0.31559772812500003 0.6604467416666666 0.3123232875 0.65602725625 0.31164637812499996 0.6534982729166666 0.310524453125 0.6529532395833333
0 0.0657056953125 0.4815827541666666 0.067909709375 0.47809604166666664 0.0718867609375 0.46881787708333333 0.0730672046875 0.45985740625 0.0701182734375 0.43972362708333335 0.06972475781250001 0.43434641458333334 0.0701932 0.43357868541666666 0.06911575625000001 0.4278168333333333 0.0692375375 0.4241043291666667 0.066946834375 0.42058182083333334 0.065110534375 0.42058027291666666 0.0597772890625 0.4171512145833333 0.056158560937500004 0.41743620833333334 0.042821987500000006 0.4224817875 0.040018360937500004 0.42494382708333334 0.037891643749999995 0.4299348479166667 0.038022815625 0.43172725208333335 0.036172479687499995 0.43601439375 0.0362497796875 0.4375187041666667 0.034291696875 0.44122966041666667 0.0341863265625 0.44830272916666664 0.0334110609375 0.45070246875000003 0.0335890859375 0.45492730833333334 0.035512075 0.4619380791666667 0.0368424703125 0.46577982916666666 0.037472528125 0.46587637499999995 0.0398405296875 0.47090319375 0.042602046875 0.481307225 0.0432859765625 0.48169186458333335 0.045979584375 0.49609649375 0.04845533125 0.5016994979166667 0.0507296265625 0.5018614395833334 0.0515587640625 0.49974979375 0.054692642187499994 0.49687196666666666 0.05527584375 0.49453607708333336 0.0578335375 0.49184979375 0.0592693046875 0.48861847708333334 0.0657056953125 0.4815827541666666
0 0.048288678125 0.4102603979166667 0.05322139218750001 0.4104565895833333 0.059175303125 0.4084772875 0.061433190625 0.40527866875 0.0646748125 0.402977025 0.06941546562499999 0.4032370645833333 0.0719801765625 0.3984064395833334 0.07064978125 0.3945646875 0.0689586890625 0.3920668541666667 0.0644639703125 0.39203105624999995 0.0546149515625 0.39499923750000004 0.0507432734375 0.3972043333333334 0.046642067187500004 0.40254574791666664 0.0471737703125 0.40757101874999996 0.048288678125 0.4102603979166667
0 0.070914396875 0.38070664583333336 0.0721346765625 0.37632295625 0.07105723281250001 0.37056110625 0.06838240625 0.36716629375000004 0.0600370625 0.3629025604166667 0.059414025 0.3606616666666667 0.058538032812499995 0.360340875 0.056523709374999995 0.3561144854166667 0.055284650000000005 0.34948835833333336 0.05460071875 0.34910371875 0.051094382812500005 0.3401713 0.048749807812500004 0.3363607 0.036254034375 0.32735668958333336 0.033049876562500004 0.32658586041666665 0.030054187500000003 0.32911174791666664 0.0284732125 0.3348393520833334 0.02734426875 0.33643866041666665 0.026369925 0.34104659374999996 0.0246109234375 0.34254935625 0.02143958125 0.3484996541666667 0.018123032812500002 0.3569462395833333 0.018169885937499998 0.3593786770833333 0.0172868765625 0.36120222916666667 0.01741103125 0.36513897916666666 0.0200858578125 0.3685337895833333 0.02484291875 0.37215439375 0.025412084374999998 0.37410719374999996 0.028555353125 0.37673427499999995 0.02912451875 0.37868707291666664 0.030600121875000004 0.3800325375 0.0322607703125 0.3834584979166667 0.0336590734375 0.38329965208333333 0.036664151562500004 0.3862786729166666 0.037924265624999995 0.38647176875 0.0402688421875 0.39028236875 0.043027987499999996 0.3930371458333333 0.050073379687499996 0.3925310041666667 0.0657990125 0.3860792083333333 0.070914396875 0.38070664583333336
0 0.1142448984375 0.8415225645833334 0.1146993015625 0.8450435229166666 0.115706465625 0.8471567166666667 0.1149827 0.8421952958333333 0.1142448984375 0.8415225645833334
0 0.11167781562500001 0.8387039375 0.11157709062500001 0.8359834083333334 0.10944098437500001 0.8354695208333334 0.109241903125 0.8376777145833334 0.1098719609375 0.8377742625 0.1106870625 0.83995130625 0.11167781562500001 0.8387039375
0 0.0713379375 0.87934856875 0.07344359687499999 0.8807905791666666 0.0740666375 0.8830314729166666 0.0760645515625 0.8838972979166667 0.0783857015625 0.88649168125 0.0846932921875 0.8853128062500001 0.086367975 0.8844500770833333 0.0886258609375 0.8812514583333333 0.09081346875 0.8744041833333333 0.0948467640625 0.8730633666666667 0.10236296874999999 0.8794387458333334 0.1048831984375 0.8798249354166666 0.1077805328125 0.8822277729166667 0.1087947140625 0.8821966208333334 0.1130763140625 0.8887293020833333 0.1165732609375 0.8921568104166667 0.1188171109375 0.8932468812500001 0.1194097046875 0.8964158999999999 0.1200397625 0.8965124437499999 0.1203091234375 0.89795290625 0.119786809375 0.8984325458333333 0.12122495 0.90285048125 0.1207026359375 0.90333011875 0.12206584843749999 0.9138929958333333 0.12339624375 0.9177347479166666 0.1242722359375 0.9180555395833333 0.12557920312499998 0.9206810708333334 0.12733118593749998 0.9213226520833333 0.1318118671875 0.9256471375 0.1347490375 0.9326267583333333 0.137046759375 0.9340049208333333 0.139391334375 0.9378155229166667 0.14248775 0.9380101645833334 0.14393290625 0.9402837541666667 0.14708319375 0.9407664895833334 0.14792873906249998 0.94201540625 0.1503107796875 0.9427535354166667 0.1517020640625 0.9447390354166667 0.155519871875 0.9422458479166667 0.1559180328125 0.9378294604166667 0.157515415625 0.9354624187499999 0.1577449421875 0.9323260999999999 0.154489184375 0.9138243291666667 0.1506151328125 0.9083801708333333 0.15097583125 0.9070362562500001 0.150060003125 0.90213868125 0.1509195859375 0.8990989104166667 0.1503808640625 0.8962179833333334 0.1487132 0.89493636875 0.1484977109375 0.8937839958333333 0.14976484375000002 0.8918327458333334 0.1532219546875 0.8906834729166667 0.1560115453125 0.8925101270833333 0.15721778749999998 0.8924151270833334 0.15756909218749998 0.8855663020833333 0.1590048609375 0.8823349854166668 0.1586277546875 0.8803183375 0.1592882578125 0.8794867583333333 0.1584801765625 0.8751653708333333 0.15749644062499998 0.87426839375 0.1571193359375 0.8722517458333333 0.154767740625 0.8705854895833334 0.15319141249999998 0.8665194958333333 0.1497787828125 0.8624519520833334 0.147518525 0.8580013187500001 0.1467104421875 0.85367993125 0.1460265125 0.8532952895833333 0.14540347343749999 0.8510543979166666 0.14188309999999998 0.8464106708333333 0.14136780625 0.8447459625 0.1389623390625 0.8427916145833334 0.1328819015625 0.8331849166666667 0.134455859375 0.8296016583333333 0.134105690625 0.82772905625 0.133041146875 0.8263999395833334 0.1351678609375 0.82140891875 0.136374103125 0.8213139208333333 0.1362803953125 0.8164490458333333 0.1370556609375 0.81404930625 0.1358868828125 0.8110718333333333 0.13273659531249998 0.8105890979166667 0.130415446875 0.8079947166666667 0.122932059375 0.8083404604166666 0.11956628437500001 0.80670535625 0.1182757234375 0.8074403895833334 0.116563578125 0.8113755895833333 0.11447432500000002 0.8132941395833334 0.113254046875 0.8176778291666668 0.10908256093749999 0.8193705854166667 0.1070167375 0.8225053583333334 0.1035900703125 0.8227265041666667 0.1027445265625 0.8214775854166666 0.10305135000000001 0.8198455770833333 0.10423416562500001 0.8185343625 0.1039109328125 0.81680580625 0.10446369062500001 0.8153980416666666 0.10732118906250002 0.8132240958333333 0.10685976562499999 0.8118474812500001 0.1050234671875 0.8118459333333334 0.101444575 0.8167077083333333 0.09867139375 0.8182416229166667 0.0975424515625 0.81984093125 0.0977743484375 0.8243538666666667 0.0985894484375 0.8265309083333333 0.0999034359375 0.8270120979166666 0.10031098593750001 0.82810061875 0.10684108437499999 0.8259297708333333 0.1110524046875 0.8288137916666667 0.11262873437500001 0.8328797854166667 0.118730225 0.8360534520833334 0.1223185078125 0.8366965812499999 0.12248012500000001 0.8375608604166668 0.1211286734375 0.84015214375 0.1221592625 0.8434815583333334 0.1291227109375 0.8512647041666667 0.1296380046875 0.8529294104166667 0.12830998124999998 0.8567369145833333 0.12876438750000002 0.8602578729166667 0.1282420734375 0.8607375104166667 0.12836622656250002 0.8646742583333332 0.12781346875 0.8660820229166667 0.12613878437499998 0.8669447520833333 0.124009696875 0.8642865229166666 0.1215199140625 0.8629722062499999 0.11982882187499999 0.8604743729166666 0.11665510937500001 0.85877541875 0.11534814062500001 0.8561498875000001 0.11094475781249999 0.8533297125 0.10936140937500001 0.8514080624999999 0.10388295624999999 0.8504752916666667 0.0960693171875 0.8512368270833334 0.09426346249999999 0.8503071520833333 0.08924643125000001 0.8507509916666667 0.08749445 0.8501094104166668 0.0829598953125 0.84549683125 0.0810298875 0.8406304083333332 0.08010002499999999 0.8400215249999999 0.0797767921875 0.83829296875 0.07677873125 0.8331696020833333 0.072344903125 0.83127755625 0.06797196718750001 0.8275292541666667 0.0634842671875 0.8253491125 0.059888967187499996 0.8268503270833333 0.058952085937499996 0.8283857875 0.059076237499999996 0.8323225375 0.058378271875 0.8362265854166666 0.0591324828125 0.8402598812500001 0.062413940625 0.8425350208333333 0.07028145 0.8420615770833333 0.0714572484375 0.84289470625 0.0719420984375 0.8454875395833333 0.0725721546875 0.8455840875 0.072312184375 0.8496485312500001 0.0735582625 0.8541303145833333 0.0751954828125 0.8563400583333334 0.07585835625000001 0.8631577312500001 0.0739002765625 0.8668686875 0.0738393859375 0.8687249416666667 0.07015275 0.8730105333333333 0.0713379375 0.87934856875
0 0.1351935625 0.8051822854166667 0.13520058125 0.8030379395833334 0.13295673125000002 0.80194786875 0.13238756406250002 0.79999506875 0.1309588140625 0.80108204375 0.1313827734375 0.8055311291666667 0.1361234265625 0.80579116875 0.13669259218750002 0.80774396875 0.137268778125 0.8075524229166666 0.13673005625 0.8046714979166667 0.1351935625 0.8051822854166667
0 0.12682479375 0.79970233125 0.1288531546875 0.79964003125 0.128045071875 0.79531864375 0.1273611421875 0.7949340020833334 0.12633994375 0.7971094979166666 0.12682479375 0.79970233125
0 0.12105117968750001 0.788463625 0.11864571406249999 0.786509275 0.1185005046875 0.7890055625 0.1191165265625 0.7933907979166667 0.120861490625 0.796176725 0.12185926250000001 0.7927850125 0.12105117968750001 0.788463625
0 0.12203956093749999 0.7795670020833333 0.123845415625 0.7804966770833333 0.1251898484375 0.7800497375000001 0.1252811828125 0.7772653604166667 0.12454338281249999 0.7765926270833333 0.12185451875 0.77748650625 0.12133220468749999 0.77796614375 0.12203956093749999 0.7795670020833333
0 0.1074545375 0.77248154375 0.11241769531250001 0.7717496083333334 0.1127783921875 0.77040569375 0.1074545375 0.77248154375
0 0.3772014125 0.31132158125 0.38179448437499997 0.3064286541666667 0.3831225078125 0.30262115208333334 0.383190415625 0.29862055416666666 0.386385184375 0.293886475 0.38609239687499997 0.2912297916666667 0.3865608375 0.29046206249999995 0.3830989828125 0.27631282916666666 0.3797776890625 0.26946090833333336 0.376418934375 0.26568145625 0.371975715625 0.25828450000000003 0.36540578125 0.2558785666666667 0.36458366249999996 0.25584586666666664 0.360653465625 0.26755646875 0.3579271390625 0.27152281875 0.356407053125 0.27539416875 0.3535191078125 0.2784962416666667 0.3528515875 0.2814721666666667 0.3507623359375 0.28339071666666665 0.3501791328125 0.28572660833333335 0.3476753125 0.2887009833333333 0.3481297171875 0.2922219416666667 0.3494132578125 0.2936312541666667 0.3529546859375 0.29184195 0.3556669765625 0.2921642895833333 0.36086905156250004 0.29380094375 0.363136328125 0.29610723333333333 0.3641973640625 0.29850851875 0.36482742031250004 0.2986050666666667 0.3657198203125 0.3022864229166667 0.3674437296875 0.31150538333333333 0.367736515625 0.3141620645833333 0.3672680765625 0.31492979583333336 0.369980365625 0.31525213541666663 0.3723858328125 0.3172064833333333 0.3756274546875 0.31490484166666666 0.3772014125 0.31132158125
0 0.0730594734375 0.8809182770833334 0.074120509375 0.8833195645833333 0.0783013828125 0.8871317125 0.08661390937499999 0.8846743208333333 0.08873360625 0.88182764375 0.0912514640625 0.8745645770833333 0.09440876718749999 0.8729029708333333 0.09566888125 0.8730960625 0.0965683 0.8746330729166666 0.100479815625 0.8770047604166666 0.102309096875 0.8791506520833334 0.1061433125 0.8800180291666667 0.106742925 0.8810427020833332 0.1095629609375 0.8819412270833333 0.110546696875 0.8828382041666667 0.111169734375 0.8850790958333333 0.11379770781250001 0.88604146875 0.1146666796875 0.8885066041666666 0.116250028125 0.8904282541666666 0.12066042968749999 0.8911040854166666 0.123218121875 0.8884178020833333 0.1270289109375 0.8880689583333333 0.12986298125 0.88467879375 0.1296615296875 0.8792377333333333 0.1276003515625 0.87257890625 0.1251410125 0.8703364645833334 0.124079978125 0.8679351791666666 0.120798521875 0.8656600395833334 0.1184000734375 0.8615613458333333 0.11629441250000001 0.8601193333333333 0.112996546875 0.85448363125 0.10897728749999999 0.8515357604166667 0.1044591421875 0.8502837458333333 0.0993577921875 0.8513676208333333 0.09179710468749999 0.8502090541666667 0.08861637343749999 0.8506544437500001 0.0834517640625 0.8459453187499999 0.080868271875 0.83976613125 0.0799384078125 0.8391572458333333 0.07956130312500001 0.8371405979166667 0.076724859375 0.8328815104166666 0.072536965625 0.83121370625 0.0637067734375 0.8243571375 0.059811667187499994 0.8253460166666666 0.057799715625000005 0.8287688770833334 0.05836186249999999 0.8328660208333333 0.058186209375 0.8362904333333333 0.05766389843750001 0.8367700729166666 0.057926240625 0.8403548791666666 0.06033170624999999 0.8423092270833333 0.064465728125 0.8436889416666666 0.07052738593749999 0.8422858208333334 0.0714572484375 0.84289470625 0.0719420984375 0.8454875395833333 0.0725721546875 0.8455840875 0.07181329843749999 0.8513443875 0.072190403125 0.8533610354166666 0.0751954828125 0.8563400583333334 0.07575061250000001 0.8625815479166667 0.0732632 0.8689164875 0.0698833890625 0.8715700708333334 0.0690542515625 0.8736817145833334 0.0703542015625 0.8784515916666666 0.0730594734375 0.8809182770833334
0 0.1498041234375 0.15129564583333333 0.148893040625 0.16169657916666666 0.151263415625 0.17437264791666665 0.155559053125 0.17661663958333335 0.164993503125 0.17470428124999998 0.1685279140625 0.17505932083333334 0.17123318437499999 0.17752600416666667 0.1722872015625 0.1820716375 0.17460835 0.18466601875000002 0.17544687812499998 0.18805928125000002 0.17895084375 0.18934244791666668 0.18004232343749998 0.19081560833333333 0.181726396875 0.1954577875 0.18235645312499998 0.19555433541666664 0.1858393625 0.20327053541666668 0.1893128828125 0.205481825 0.1930932265625 0.20606110833333335 0.1936694125 0.20586956250000002 0.19483581875 0.20119778124999999 0.1947655375 0.19754912708333333 0.19691567968749998 0.19377432083333332 0.20218566249999997 0.19141037916666667 0.20501973437499998 0.1880202125 0.20607839687500001 0.18277224791666666 0.205893353125 0.1806917541666667 0.20931764687499999 0.17282135416666666 0.21343525937500002 0.1708405 0.22125127187500002 0.17772821875 0.22357943906250002 0.17817825416666666 0.224424984375 0.17942717291666668 0.2288892578125 0.18039109583333335 0.23141650625 0.17863293958333332 0.233458903125 0.17428195000000002 0.23421074218750002 0.17066599166666666 0.23627656562500002 0.16753122083333333 0.23600720625 0.16609075833333334 0.2368363421875 0.16397911041666668 0.23661146406250003 0.15732183125 0.2370799046875 0.15655410416666668 0.2359251625 0.14928793958333333 0.23716886874999998 0.14612047083333335 0.2361991703125 0.14093480416666668 0.2319480140625 0.133474 0.2296807375 0.13116771041666667 0.2291115703125 0.12921491041666666 0.2249306953125 0.12540276041666668 0.22386965937499997 0.123001475 0.2164611984375 0.11720227916666667 0.2110272265625 0.11105269166666668 0.21027301718750002 0.10701939375 0.209642959375 0.10692284583333334 0.20876459687499999 0.09895280208333333 0.20778086093749998 0.098055825 0.2054643578125 0.08566784583333333 0.20403392187499997 0.08308336041666667 0.1666093265625 0.09552469375 0.16437956250000002 0.10269198541666666 0.164004828125 0.10832459166666666 0.16459742187499998 0.11149360833333333 0.164075109375 0.11197324791666667 0.165890353125 0.11840782916666666 0.15413248125 0.13516865625 0.1534345140625 0.13907270624999998 0.151584178125 0.14335984791666664 0.1511555734375 0.14870436041666668 0.1498041234375 0.15129564583333333
0 0.10378411406250002 0.7299434916666667 0.10825550312500001 0.7538551729166667 0.11071484218750001 0.7560976125 0.11308284531249999 0.7611244333333332 0.11840907187500001 0.7666978354166667 0.12219643437500001 0.765132775 0.1273446359375 0.7664813354166667 0.132584175 0.76504551875 0.1356782171875 0.7575909083333333 0.140957590625 0.7607318729166667 0.1431405515625 0.7636781958333334 0.145445290625 0.7629120145833334 0.145489771875 0.7576952 0.146096403125 0.7565755291666666 0.1472604375 0.7442544937500001 0.15050206093750002 0.7419528520833333 0.15122345312500002 0.7392650187500001 0.1493543359375 0.7325423458333333 0.14621808593750002 0.72777091875 0.144779946875 0.7233529833333333 0.14349640624999999 0.72194366875 0.141053475 0.72306179375 0.1387721625 0.72504419375 0.13765962812500002 0.7300040666666666 0.13557739375 0.7297782729166666 0.13462173125000002 0.72030391875 0.1350737640625 0.716175625 0.13426568125 0.7118542354166667 0.134734121875 0.71108650625 0.1339799109375 0.7070532083333333 0.1293141875 0.7006482270833333 0.12849206875000002 0.7006155270833333 0.12404183124999998 0.6953629166666667 0.12076037343749998 0.6930877770833334 0.115356846875 0.6860100625 0.11514837656250002 0.6827133479166666 0.116415509375 0.6807620979166666 0.116537290625 0.6770495937500001 0.11473143593749999 0.67611991875 0.112986471875 0.6733339916666666 0.1100048203125 0.6715711895833334 0.10744475625000001 0.6666082166666667 0.1050392890625 0.66465386875 0.102617415625 0.6593389583333333 0.1014416171875 0.6585058291666667 0.098045396875 0.65779885 0.0957336375 0.6607093770833333 0.0951434171875 0.6651896104166667 0.09675958125 0.6738323875 0.09806655 0.6764579187499999 0.1005258890625 0.6787003604166666 0.1046388546875 0.6865131083333333 0.10531576718749999 0.6890420916666666 0.1068991140625 0.6909637416666666 0.1080608734375 0.6960855583333333 0.10869093125 0.69618210625 0.109768375 0.7019439562500001 0.1092460609375 0.70242359375 0.1104312484375 0.70876163125 0.11020172343750001 0.7118979499999999 0.1073770421875 0.7207930229166667 0.1042665921875 0.72488706875 0.10430642812499999 0.7294638520833333 0.10378411406250002 0.7299434916666667
0 0.45459782656250003 0.34556845208333337 0.45538950156249997 0.34652927708333336 0.4563029546875 0.34377759583333334 0.45540353749999996 0.3422405854166667 0.45438935625 0.3422717375 0.45459782656250003 0.34556845208333337
0 0.4549561515625 0.33657528333333336 0.4558321421875 0.336896075 0.457000921875 0.3398735479166667 0.4586147140625 0.34086707083333334 0.46177201874999996 0.33920546041666666 0.46271591875 0.33552565416666663 0.463898734375 0.3342144375 0.4644046390625 0.33037423541666666 0.4612824265625 0.3213141208333333 0.45790963125 0.32182336041666665 0.45730300156250003 0.32294303125 0.4563052296875 0.32633474583333333 0.45377096406249995 0.33023724583333336 0.4549561515625 0.33657528333333336
0 0.469098340625 0.30310973333333335 0.469728396875 0.30320628125 0.4715506609375 0.30749651875 0.4730262640625 0.30884198333333335 0.47334949687499994 0.3105705395833333 0.4766543796875 0.31406189791666667 0.480383225 0.3220023416666667 0.482627075 0.32309241250000004 0.4868758578125 0.3229039645833333 0.4949190234375 0.3190061083333333 0.49637821718749997 0.31699101041666666 0.496162728125 0.3158386395833333 0.49749075156250006 0.31203113541666666 0.49730570937499996 0.3099506416666667 0.49976267500000005 0.30454382708333333 0.503311121875 0.3006101770833334 0.5059999859375 0.29971629791666665 0.509365759375 0.30135140208333333 0.51297045 0.30535509791666665 0.5161301265625 0.31134274166666664 0.5169686546875 0.3147360041666667 0.518444259375 0.31608146875000004 0.5215102265625 0.31720423750000004 0.5235315703125 0.31928628333333336 0.524929875 0.3191274354166667 0.5273587671875 0.32229800208333337 0.531000921875 0.3232292270833333 0.5313546 0.32402965624999996 0.53615614375 0.32243344375 0.5368775359375 0.3197456125 0.5362849421875 0.3165765958333333 0.536790846875 0.31273639375 0.5357578843749999 0.3017577270833333 0.5365706140625 0.2962855166666667 0.5372849890625 0.2957420291666667 0.5374746781249999 0.28802892916666667 0.53930860625 0.2803812229166667 0.5377322765625 0.2763152291666667 0.5335279749999999 0.2712868625 0.5333124859375 0.27013448958333336 0.5299232843749999 0.2672831666666667 0.5227818125 0.25527518125 0.5204302171874999 0.25360892500000004 0.51923099375 0.25155957916666666 0.5163570859375 0.2503729604166667 0.5135440703125 0.24733008958333333 0.5125298875000001 0.24736123958333334 0.51108473125 0.24508765 0.5024091359375 0.24123970416666665 0.4999802421875 0.2380691375 0.498350040625 0.23371505208333332 0.4970665 0.2323057375 0.495890703125 0.23147260833333333 0.49347821875 0.23166260625 0.47704522968749996 0.23651354166666666 0.46592907656250004 0.24143297083333334 0.4658986328125 0.24236109791666666 0.46271088281250006 0.24495083333333334 0.45684128749999997 0.24629010208333335 0.44937430625 0.24999641458333333 0.449205671875 0.25127648125 0.44832968125 0.2509556895833333 0.44799942968749995 0.2513714791666667 0.45221776875 0.25211115833333336 0.4534474390625 0.25323237708333335 0.45313359531249997 0.25700873125 0.4509366 0.25835109791666666 0.450161334375 0.26075083541666666 0.4517845171875 0.26724926875 0.452414575 0.2673458145833333 0.45341471875000006 0.27160335625 0.45404477656250003 0.2716999 0.45700537187499995 0.2798957395833333 0.45763543125000006 0.2799922875 0.46068736250000003 0.28540374583333333 0.46288673124999996 0.29171063125 0.4654538140625 0.29452925625 0.469098340625 0.30310973333333335
0 0.47362074062500004 0.19419973125 0.47054775312499997 0.19522130625 0.469557 0.19646867708333332 0.469411790625 0.19896496249999998 0.46677917343750003 0.2077961875 0.468090884375 0.225720225 0.46932994375000003 0.23234635416666669 0.47223429687499996 0.23260484374999998 0.4850485578125 0.22803890625 0.49150135781250004 0.22436374583333332 0.5022568125 0.22078823125 0.5081872984375 0.21759270833333336 0.5113281953125 0.21257053541666665 0.5107590281250001 0.21061773541666667 0.507100465625 0.20632594791666667 0.49578049062499996 0.19815506666666666 0.4899179109375 0.19734999166666667 0.4825118234375 0.19920005 0.47930766562500005 0.19842922083333334 0.47646420312500004 0.19631447708333333 0.4755109125 0.194489375 0.47362074062500004 0.19419973125
0 0.3770987046875 0.4013202166666667 0.3776514625 0.3999124520833333 0.3769136609375 0.3992397208333333 0.3770987046875 0.4013202166666667
0 0.3975063734375 0.37954186458333333 0.39672873750000004 0.37429235 0.39719717656250003 0.37352461875000004 0.395808165625 0.35409626875 0.3960915640625 0.35124804375 0.3978880265625 0.34667280833333336 0.3979020640625 0.34238412083333336 0.39709398125 0.33806273125 0.3931192046875 0.3298980458333334 0.39194340781250003 0.3290649145833333 0.3902288875 0.3253508625 0.3868935578125 0.32278763125 0.381991290625 0.3216633125 0.3807616203125 0.32054209375000003 0.3768665140625 0.3215309708333333 0.3763980734375 0.3222987 0.3773911984375 0.32870058333333335 0.3768688875 0.32918022291666665 0.37644028125 0.33452473541666666 0.3727466265625 0.34095467291666665 0.3702193796875 0.3427128291666667 0.36602446718750004 0.34318937083333334 0.36593313125 0.34597374791666663 0.36541081875 0.3464533854166667 0.3657504609375 0.35154250416666666 0.3669052015625 0.35880866666666666 0.3687508921875 0.364315125 0.36938095 0.3644116708333333 0.3709572796875 0.36847766666666665 0.37330887343749997 0.37014392083333336 0.3754613875 0.37401836875 0.3763373796875 0.3743391625 0.3776677734375 0.3781809104166667 0.3806002984375 0.39495412916666667 0.38413470625 0.39530916875 0.392220078125 0.40363734791666667 0.3960613125 0.40236037916666667 0.39684359687500004 0.39781629583333333 0.396466490625 0.39579964791666666 0.3971340125 0.3928237229166667 0.3975063734375 0.37954186458333333
0 0.5967509468750001 0.733751825 0.5989010890625 0.7299770208333333 0.5980930078125 0.7256556333333334 0.5919680859375 0.72126575 0.5924575828124999 0.7140649854166666 0.59378560625 0.71025748125 0.59360758125 0.7060326395833333 0.5918696359375 0.70110236875 0.588871575 0.695979 0.5863044921875 0.6931603770833333 0.5803880421875001 0.6920672083333332 0.572129390625 0.69481269375 0.5675972078125 0.6978493687499999 0.5643181234375 0.70322348125 0.5641729140625 0.7057197687500001 0.5609945546875 0.7138144104166667 0.5579379765625 0.71819655 0.5542279140625 0.7212659229166667 0.5520168812499999 0.7268969791666666 0.55252515625 0.7307060333333334 0.553893015625 0.7314753125000001 0.5543544390624999 0.7328519250000001 0.557858403125 0.7341350916666667 0.5610016703125 0.7367621708333334 0.5648663328125 0.7367014208333333 0.5646297890625 0.7419820833333334 0.5651919359375001 0.7460792291666666 0.5657306578125 0.7489601541666667 0.5672296890624999 0.7515218375 0.571262984375 0.75018101875 0.5727221796874999 0.7481659208333333 0.583461225 0.7412298416666666 0.5836837312500001 0.74023786875 0.5937013859375 0.73598961875 0.5967509468750001 0.733751825
0 0.40574734843750004 0.04723845625 0.4057403296875 0.04938280208333334 0.39974193593749996 0.05657892083333334 0.3995592640625 0.06214767708333333 0.40125035625 0.06464551041666668 0.4016274609375 0.06666215833333333 0.40310306406249996 0.06800762291666666 0.4037495296875 0.07146473541666666 0.404733265625 0.07236171041666667 0.40535630468750006 0.07460260416666667 0.41016723749999995 0.07851129791666667 0.4135330125 0.08014640625 0.4190419109375 0.08015105 0.4197797125 0.08082378333333334 0.42723967500000004 0.07926181666666668 0.43369949218750004 0.07344231458333333 0.4355193828125 0.07008329791666666 0.44224856093750003 0.06570425833333333 0.45368794531249995 0.06251338125 0.45649858906249996 0.05790699791666667 0.45653605312499995 0.054834527083333334 0.4550276328125 0.04676793541666667 0.45244414062500005 0.04058874791666667 0.451514278125 0.0399798625 0.45113717343750004 0.03796321666666667 0.4483007296875 0.033704127083333334 0.44679468125 0.0332867875 0.44387392031250006 0.029667733333333335 0.4417378140625 0.029153847916666666 0.43927847656249996 0.026911408333333334 0.43476033125 0.025659391666666666 0.43391478437500003 0.024410475 0.42915070625 0.022934216666666667 0.42855109375 0.02190954375 0.42035333125 0.022798775 0.4162497546875 0.020490937499999997 0.412031415625 0.019751258333333334 0.4074359703125 0.016994933333333333 0.40656641875000005 0.015753995833333333 0.3791256015625 0.024876347916666666 0.37923334531249997 0.025452535416666665 0.379863403125 0.025549079166666665 0.3804325703125 0.027501879166666666 0.38355241093750003 0.02891274166666667 0.387939384375 0.028372352083333333 0.3911060796875 0.03221565208333334 0.3943102390625 0.032986479166666666 0.40477765000000004 0.04205278958333333 0.40640785 0.04640687708333333 0.40574734843750004 0.04723845625
0 0.5341878906249999 0.11990265416666666 0.5343705625 0.11433389791666666 0.5365183328125 0.10290983958333334 0.53753953125 0.10073434583333334 0.537722203125 0.09516558958333333 0.53678295 0.08905179583333332 0.53446881875 0.08431307083333334 0.5314332953124999 0.082262175 0.53102574375 0.08117365208333333 0.5282057109375 0.08027512708333333 0.526568490625 0.07806538541666666 0.5242941953125 0.07790344166666667 0.520874546875 0.07598024375 0.5153656484375 0.07597559791666667 0.5109927109375 0.07222729583333334 0.507980615625 0.07139261875 0.5031017734375001 0.07148452083333333 0.49223155625 0.07662819375 0.489865925 0.07925062916666666 0.489612971875 0.08117072916666666 0.4911752640625 0.0895254125 0.49379621875 0.09263213125 0.49722525624999997 0.10006023958333334 0.5010454359375001 0.10521630416666666 0.507554478125 0.10947848958333334 0.5108054921875 0.11268175416666668 0.5128502609375001 0.11598001875 0.5169233921874999 0.11921598333333333 0.52079744375 0.12466013958333333 0.5277444828125 0.12908272291666667 0.528475265625 0.13189979999999998 0.529459 0.132796775 0.5329395390625 0.13286372291666665 0.5345907953125 0.130784775 0.5352887625 0.126880725 0.5341878906249999 0.11990265416666666
0 0.0993957734375 0.3791944145833333 0.09867438125 0.38188224583333336 0.1007051140625 0.38946919999999996 0.10305670781250001 0.39113545625 0.1069283875 0.38893035833333334 0.108926303125 0.38979618541666666 0.1123857859375 0.39629616666666667 0.1141073234375 0.3978658770833333 0.1161755203125 0.40238035625 0.1171217921875 0.40634980625 0.121909296875 0.4090422833333333 0.122108378125 0.4068340875 0.12431239218750001 0.40334737708333335 0.12580905 0.3982598083333333 0.12988682812500002 0.39170217291666665 0.130193653125 0.3900701645833333 0.128823421875 0.38165163124999996 0.13084941249999998 0.37394008125 0.1289638859375 0.36385683958333337 0.12827995625 0.3634722 0.1274953015625 0.36036703125 0.123974928125 0.35572330208333336 0.12335188906250001 0.3534824125 0.13223585625 0.33553496666666666 0.13789233437499998 0.3406925791666667 0.14090443125000002 0.34152725625 0.1471815765625 0.34127650833333334 0.1579253671875 0.3496389375 0.1653853296875 0.34807697291666667 0.16703658593749998 0.345998025 0.1678961671875 0.3429582520833333 0.167465190625 0.34065351250000003 0.1706599578125 0.33591943333333335 0.17042104375 0.33355084375000005 0.1721097625 0.32839942499999997 0.17160148749999998 0.3245903729166667 0.1730747171875 0.31828658541666666 0.176876115625 0.3124328333333333 0.176367840625 0.30862378125 0.1768362796875 0.30785605 0.1734259265625 0.28634565416666663 0.172149403125 0.2827919979166667 0.167069109375 0.2774428395833333 0.1647409421875 0.2769928020833333 0.1621434140625 0.2751023020833333 0.1586090046875 0.2747472625 0.1450147328125 0.2664144375 0.14244063125 0.26574015624999997 0.13613066875 0.2592697770833333 0.1354537578125 0.2567407916666667 0.1330248640625 0.253570225 0.1330224921875 0.24592097083333334 0.131406328125 0.23727819375 0.1298299984375 0.2332122 0.12778522812499998 0.22991393541666666 0.1236207609375 0.22946235208333335 0.12072342656249999 0.22705951458333334 0.11997158906250001 0.23067547291666665 0.1179057640625 0.23381024166666667 0.1173155421875 0.23829047708333334 0.11527314531249999 0.24264146666666667 0.1150436203125 0.24577778541666667 0.113746040625 0.2486571625 0.11324013749999999 0.25249736458333333 0.11479541093750001 0.26299639375 0.1137976390625 0.26638810625000003 0.10991894218750001 0.27073754791666665 0.1050565078125 0.2741900125 0.10172355156249999 0.27927603333333334 0.0974373015625 0.2825369541666667 0.095893790625 0.2851920854166667 0.0910313578125 0.28864454791666666 0.0886657265625 0.29126698333333334 0.08863528125 0.2921951104166667 0.0826977765625 0.2975349770833333 0.08035557343750001 0.3013736291666667 0.0769218890625 0.3037391208333334 0.0758163734375 0.30655465 0.071776059375 0.3100398104166667 0.069848425 0.3128226416666667 0.06361813125 0.31550582708333336 0.0605545359375 0.3220323104166667 0.060987884375 0.3319863041666667 0.060465571875 0.33246594166666665 0.059999503125 0.340882925 0.06064596875 0.34434003750000003 0.0597325140625 0.34709171666666666 0.059856665625000006 0.3510284645833333 0.0636838640625 0.35404018333333337 0.0668107234375 0.35330670208333337 0.07020694375 0.35401368125 0.0709986171875 0.35497450625 0.077029828125 0.3544995145833333 0.0795734859375 0.35610192291666665 0.0870498546875 0.35790052083333335 0.0879492734375 0.35943753125 0.0918607875 0.36180921666666666 0.0944817421875 0.36491593541666667 0.095458459375 0.36795725625000003 0.0966342578125 0.36879038541666664 0.09831833125 0.37343256249999995 0.0989483875 0.37352911041666664 0.0993957734375 0.3791944145833333
0 0.1219813359375 0.8643488208333333 0.12422518593750001 0.8654388916666667 0.12596313125 0.8703691645833334 0.127438734375 0.8717146291666666 0.12797745625 0.8745955541666667 0.12901506406250002 0.8757806229166667 0.1302775515625 0.8836229708333333 0.1297552375 0.8841026083333333 0.129802090625 0.8865350458333333 0.127298271875 0.8895094208333333 0.12249672812500001 0.8911056333333334 0.11978443750000001 0.89078329375 0.120107671875 0.8925118479166667 0.11958535781249999 0.8929914875 0.1242183625 0.9177674479166666 0.12484842031250001 0.91786399375 0.125171653125 0.9195925479166667 0.12736163125 0.9203945250000001 0.13096632187499999 0.9243982208333333 0.13501839843750002 0.9340672208333333 0.1382998546875 0.9363423604166666 0.1392531453125 0.9381674604166667 0.14182724687499998 0.9388417416666667 0.1440945234375 0.9411480333333333 0.14650700781249998 0.9409580354166667 0.1478982953125 0.9429435333333333 0.14954253281250002 0.9430089291666667 0.1525476109375 0.9459879520833333 0.15568148906249998 0.943110125 0.1559719046875 0.9381175520833334 0.1577074765625 0.9353985708333333 0.1578831296875 0.9319741583333333 0.1551192421875 0.9139208750000001 0.1514372515625 0.9084128708333333 0.1518190046875 0.9006359208333333 0.150418328125 0.8931455125000001 0.15130133750000002 0.8913219583333334 0.1531142109375 0.8901072895833334 0.157025725 0.892478975 0.15722243281249998 0.8826215291666667 0.1585200109375 0.8797421520833333 0.1578196734375 0.8759969479166667 0.1562597515625 0.87529151875 0.1546225328125 0.8730817770833333 0.15283071406249998 0.8678634104166666 0.149687446875 0.86523633125 0.14849524218750002 0.8610426395833334 0.14685802187500002 0.8588328979166667 0.1436468453125 0.8602064145833332 0.143478209375 0.8614864812499999 0.140290459375 0.8640762166666666 0.138161371875 0.8614179875 0.13792947656250001 0.8569050541666667 0.136346128125 0.8549834020833333 0.1348915796875 0.8472049041666666 0.13761790625 0.8432385541666666 0.13628751249999999 0.8393968041666666 0.134212296875 0.8370266666666667 0.1338960828125 0.8331537666666667 0.1348868359375 0.8319063979166667 0.1374351390625 0.82371520625 0.138697528125 0.8064654499999999 0.1371750703125 0.8026875479166667 0.13438548125 0.8008608958333333 0.129281759375 0.7942955187499999 0.12863529375 0.7908384083333334 0.13000078125 0.7839584354166667 0.1298532015625 0.7788054666666666 0.1291692703125 0.7784208270833334 0.1264850546875 0.7695211083333333 0.122603984375 0.7662212958333333 0.11894779375 0.7695787604166667 0.11322340625 0.76842174375 0.10471882031249999 0.7709429854166667 0.0999571125 0.7771159791666666 0.0986290890625 0.7809234833333334 0.1000836375 0.78870198125 0.1007136953125 0.7887985291666666 0.1027210015625 0.7951692625 0.10464636249999999 0.8098292854166667 0.1040092859375 0.8118770833333334 0.097795403125 0.8179208312499999 0.0965212515625 0.8220164270833333 0.09738320624999999 0.82662590625 0.1029858140625 0.8314954291666666 0.10732128593750001 0.8383162 0.11046455468750001 0.8409432812500001 0.1108416609375 0.8429599291666666 0.11392403749999999 0.8474432604166666 0.11457050312499999 0.8509003729166668 0.11747722812500001 0.8588081166666667 0.1219813359375 0.8643488208333333
0 0.91690626875 0.06978519791666667 0.917452009375 0.07052177708333333 0.92143143125 0.06889286666666666 0.924743334375 0.07023988125 0.925120440625 0.07225652708333333 0.9245676812499999 0.07366429375 0.920190096875 0.07970958958333334 0.9211738328125 0.08060656666666667 0.9230733953125 0.08640111666666667 0.9274931859375 0.09258185416666667 0.9298073171875 0.09732058125 0.934672121875 0.10151737083333333 0.940825771875 0.10169713333333334 0.9235315843749999 0.009212875 0.9227920765625001 0.021622283333333332 0.9238929468749999 0.028600352083333332 0.9233706343750001 0.02907999166666667 0.9240733437499999 0.04047444791666666 0.922438496875 0.04591395833333333 0.922731284375 0.04857063958333333 0.921258053125 0.05487442916666666 0.921244015625 0.05916311875 0.9196091687499999 0.06460262916666666 0.91690626875 0.06978519791666667