0 0.8861882718749999 0 0.8854166671874999 0.0066550916666666664 0.8848379625 0.00694444375 0.8840663578125 0.017361110416666665 0.884259259375 0.022569443749999998 0.8848379625 0.025462962500000002 0.8854166671874999 0.02575231458333333 0.8856095671875 0.030092591666666668 0.8834876546875 0.03240740833333333 0.8815586421875 0.03153935208333333 0.876350309375 0.03153935208333333 0.8713348765625 0.04050925833333333 0.8663194437499999 0.04340277708333333 0.8616898140625 0.04774305625 0.8603395062500001 0.05034722291666667 0.8597608031249999 0.05526620416666667 0.8609182093750001 0.06394675833333334 0.862847221875 0.06597222291666667 0.8659336421875 0.066550925 0.8709490734375 0.07002314791666667 0.8709490734375 0.07638888958333333 0.87017746875 0.07754629583333333 0.869598765625 0.08420138958333333 0.8697916671874999 0.09114583333333333 0.8717206796875001 0.09548611041666667 0.8751929015625001 0.09722222291666666 0.8761574078125 0.09924768541666666 0.8788580250000001 0.11400462916666668 0.8788580250000001 0.1229745375 0.8796296296874999 0.12644675833333333 0.8819444437499999 0.12760416666666666 0.884259259375 0.13020833333333334 0.8873456796875001 0.13049768541666668 0.8896604937499999 0.12760416666666666 0.89351851875 0.12586805625 0.8948688265625 0.12268518541666666 0.89834105 0.12008101875 0.9045138890625 0.11892361041666667 0.9089506171874999 0.113425925 0.9095293203124999 0.10966435208333333 0.9101080250000001 0.109375 0.9103009265625 0.10706018541666666 0.9112654328125 0.10590277708333334 0.9128086421875 0.10040509166666665 0.91396605 0.08101851875 0.915509259375 0.0760995375 0.9168595671875 0.06684027708333334 0.9195601859375 0.06105324166666667 0.921875 0.059895833333333336 0.9259259265625 0.06134259166666667 0.9301697531249999 0.066550925 0.9307484562499999 0.06944444375 0.9313271609375 0.06973379583333333 0.93267746875 0.09461805625 0.9332561734375 0.09548611041666667 0.9307484562499999 0.10040509166666665 0.9299768515625001 0.1035879625 0.9280478390625 0.10619212916666668 0.92476851875 0.11863425833333333 0.9249614203125001 0.12586805625 0.925347221875 0.12818287083333332 0.9259259265625 0.12847222291666666 0.9261188265625 0.1328125 0.92669753125 0.13310185208333333 0.9268904328125 0.13773148124999998 0.9276620375 0.140625 0.9286265437500001 0.14149305625 0.9307484562499999 0.14670138958333334 0.9305555562500001 0.152488425 0.92959105 0.15538194375 0.9288194437499999 0.1620370375 0.9280478390625 0.16290509166666667 0.9280478390625 0.17042824166666665 0.9286265437500001 0.17071759166666667 0.9288194437499999 0.17245370416666667 0.9384645062500001 0.171875 0.9407793203124999 0.17332175833333335 0.9425154328125 0.17737268541666668 0.9427083328125001 0.18026620416666667 0.9432870375 0.18055555625 0.9446373453125 0.19502314791666667 0.9479166671874999 0.20052083333333334 0.9494598765625 0.206886575 0.950617284375 0.20775462916666668 0.9515817906249999 0.21035879583333333 0.9540895062500001 0.21209490833333333 0.9554398140625 0.21527777708333332 0.9577546296874999 0.21701388958333334 0.9600694437499999 0.22106481458333332 0.963348765625 0.222800925 0.9646990734375 0.22106481458333332 0.9664351859375 0.2207754625 0.9706790125 0.21527777708333332 0.972222221875 0.21180555625 0.9747299375 0.20949074166666665 0.97646605 0.20341435208333333 0.978009259375 0.20052083333333334 0.9793595671875 0.19010416666666666 0.9826388890625 0.17997685208333333 0.9826388890625 0.17708333333333334 0.9864969140625 0.15798611041666666 0.9866898140625 0.14699074166666665 0.9828317906249999 0.14351851875000002 0.980902778125 0.13831018541666668 0.9772376546875 0.1328125 0.9753086421875 0.12615740833333333 0.9733796296874999 0.1229745375 0.9726080250000001 0.11892361041666667 0.9699074078125 0.11631944375 0.9699074078125 0.11082175833333333 0.969328703125 0.10850694375 0.963348765625 0.09548611041666667 0.963348765625 0.09085648125 0.9625771609375 0.08854166666666667 0.9625771609375 0.07928240833333335 0.9695216046875 0.06336805625 0.9708719140625 0.06134259166666667 0.9745370375 0.058449074999999996 0.9745370375 0.052083333333333336 0.9720293203124999 0.04542824166666667 0.9720293203124999 0.0370370375 0.9726080250000001 0.035300925000000004 0.9772376546875 0.030671295833333334 0.9828317906249999 0.028067129166666666 0.985725309375 0.028067129166666666 0.987847221875 0.030092591666666668 0.9926697531249999 0.028645833333333332 0.9944058640625 0.02633101875 0.9953703703125001 0.02633101875 0.996527778125 0.029224537499999998 0.9998070984374999 0.029224537499999998 0.9998070984374999 0.0135995375 0.9961419749999999 0.012731481250000001 0.994598765625 0.010127314583333333 0.9924768515625001 0.012731481250000001 0.9918981484374999 0.015625 0.9905478390625 0.016203704166666666 0.9899691359375 0.015335647916666667 0.9901620375 0.008969908333333334 0.987847221875 0.005497685416666666 0.9839891968750001 0.005497685416666666 0.981867284375 0.0031828708333333333 0.9783950625 0.0020254625 0.978009259375 0 0.96392746875 0 0.9637345671875 0.0020254625 0.9625771609375 0.0020254625 0.9621913578125 0 0.9589120375 0 0.9587191359375 0.0020254625 0.9492669749999999 0.0020254625 0.940007715625 0.003761575 0.9398148140625 0.004629629166666666 0.9347993828125001 0.005208333333333333 0.9330632718749999 0.006365741666666667 0.9290123453125 0.00491898125 0.9216820984374999 0.004629629166666666 0.9214891968750001 0.003761575 0.9160879625 0.003761575 0.9157021609375 0.004629629166666666 0.9133873453125 0.00491898125 0.9112654328125 0.006365741666666667 0.9095293203124999 0.003761575 0.9066358031249999 0.0020254625 0.90625 0 0.8861882718749999 0
0 0.3082561734375 0.6539351854166667 0.3082561734375 0.6469907416666667 0.30767746875 0.6458333333333334 0.30574845625 0.6449652770833333 0.29976851875 0.6461226854166667 0.2989969140625 0.6487268520833334 0.2957175921875 0.6539351854166667 0.2957175921875 0.6588541666666666 0.2970679015625 0.66116898125 0.30034722187499996 0.6629050916666667 0.3082561734375 0.6539351854166667
0 0.3092206796875 0.7118055562500001 0.31153549375 0.7120949083333333 0.313078703125 0.7144097229166667 0.316936728125 0.7164351854166667 0.325617284375 0.71585648125 0.33101851875 0.7144097229166667 0.3342978390625 0.7109375 0.3396990734375 0.70804398125 0.34297839531249996 0.7074652770833333 0.3495370375 0.7022569437499999 0.3508873453125 0.69820601875 0.351080246875 0.6915509249999999 0.35243055624999997 0.6869212958333333 0.35590277812500004 0.6857638895833333 0.3582175921875 0.6895254625 0.36033950625 0.6895254625 0.3614969140625 0.6851851854166667 0.36419753125 0.6817129625 0.36226851875 0.6721643520833334 0.36226851875 0.6672453708333334 0.3643904328125 0.6574074083333333 0.36419753125 0.65335648125 0.3616898140625 0.6472800916666667 0.3616898140625 0.6397569437499999 0.36419753125 0.6345486104166667 0.363811728125 0.6267361104166667 0.36284722187499996 0.6255787041666667 0.353009259375 0.6229745375 0.3449074078125 0.6241319437499999 0.34471450625 0.625 0.34239969062500003 0.6258680562500001 0.34104938281249997 0.6281828708333334 0.34027777812500004 0.6328125 0.3396990734375 0.6331018520833334 0.3396990734375 0.6368634249999999 0.34027777812500004 0.6371527770833333 0.3396990734375 0.6446759249999999 0.3366126546875 0.6519097229166667 0.3333333328125 0.6539351854166667 0.32773919687499997 0.6539351854166667 0.3215663578125 0.65914351875 0.313078703125 0.6617476854166667 0.31095679062500003 0.66898148125 0.3092206796875 0.6724537041666667 0.30902777812500004 0.6750578708333334 0.30574845625 0.6805555562500001 0.30169753125 0.6938657416666667 0.30034722187499996 0.6953125 0.2991898140625 0.6984953708333334 0.2991898140625 0.7037037041666667 0.30034722187499996 0.7074652770833333 0.3092206796875 0.7118055562500001
0 0.47878086406250003 0.21701388958333334 0.4772376546875 0.20775462916666668 0.47665895 0.21354166666666666 0.4758873453125 0.21440972291666668 0.475115740625 0.21875 0.472608025 0.22164351875000002 0.47241512343750003 0.22424768541666668 0.4739583328125 0.22627314791666667 0.4772376546875 0.22366898124999998 0.47878086406250003 0.21701388958333334
0 0.4772376546875 0.1953125 0.4772376546875 0.20023148124999998 0.47743055625 0.19762731458333332 0.4772376546875 0.1953125
0 0.42804783906250005 0.12615740833333333 0.42862654375 0.1270254625 0.42881944375 0.12326388958333333 0.42804783906250005 0.12615740833333333
0 0.44328703750000004 0.11545138958333333 0.443865740625 0.12008101875 0.4446373453125 0.13454861041666666 0.44521605 0.1348379625 0.4459876546875 0.14612268541666668 0.4479166671875 0.14959490833333333 0.4488811734375 0.1582754625 0.45003857968750005 0.16232638958333334 0.450617284375 0.16261574166666665 0.4519675921875 0.16898148124999998 0.45408950625 0.171875 0.45408950625 0.17534722291666668 0.45871913593749997 0.17534722291666668 0.45987654375 0.17447916666666666 0.46006944375 0.17534722291666668 0.463348765625 0.17679398124999998 0.46508487656249997 0.175636575 0.4645061734375 0.17042824166666665 0.46296296249999996 0.167824075 0.46392746875 0.1660879625 0.4641203703125 0.16145833333333334 0.464891975 0.160300925 0.467206790625 0.15972222291666668 0.471257715625 0.16290509166666667 0.47453703750000004 0.16348379583333333 0.4758873453125 0.16753472291666668 0.4758873453125 0.175925925 0.47858796249999996 0.1796875 0.4816743828125 0.18142361041666666 0.48476080312500003 0.18489583333333334 0.48842592656250006 0.18692129583333333 0.4886188265625 0.18778935208333333 0.49131944375 0.1895254625 0.497492284375 0.19097222291666668 0.502507715625 0.19646990833333333 0.5086805562500001 0.19994212916666668 0.516975309375 0.20052083333333334 0.5196759265625001 0.19878472291666668 0.5206404328125 0.1932870375 0.5196759265625001 0.17100694375 0.5198688265625 0.15653935208333333 0.519097221875 0.14988425833333335 0.5179398140625 0.14756944375 0.5177469140625 0.14120370416666667 0.51658950625 0.13744212916666668 0.51658950625 0.13339120416666667 0.5196759265625001 0.12644675833333333 0.52044753125 0.1229745375 0.5198688265625 0.11545138958333333 0.5179398140625 0.11284722291666666 0.51658950625 0.10850694375 0.511188271875 0.10300925833333333 0.5071373453125 0.10011574166666667 0.5059799375 0.09837962916666668 0.503858025 0.0917245375 0.4928626546875 0.07899305625 0.48784722187499996 0.07089120416666667 0.48398919687499997 0.06741898125 0.4772376546875 0.06568287083333334 0.47453703750000004 0.066550925 0.470293209375 0.07002314791666667 0.46739969062500003 0.07089120416666667 0.46682098749999995 0.0723379625 0.46315586406250003 0.07089120416666667 0.458526234375 0.07349537083333332 0.45543981406249995 0.074074075 0.454668209375 0.07494212916666668 0.45447530937499997 0.07667824166666667 0.45293209843750004 0.078125 0.45273919687499997 0.08159722291666666 0.4519675921875 0.08246527708333334 0.45119598749999995 0.08622685208333333 0.44945987656249997 0.08854166666666667 0.4481095671875 0.09201388958333333 0.4479166671875 0.09461805625 0.4459876546875 0.09895833333333333 0.4446373453125 0.10040509166666665 0.4434799375 0.10445601875 0.44328703750000004 0.10763888958333333 0.4427083328125 0.10792824166666667 0.4427083328125 0.1151620375 0.44328703750000004 0.11545138958333333
0 0.019097221875 0.16724537083333332 0.02044753125 0.167824075 0.0206404328125 0.1698495375 0.021797839062499998 0.17216435208333333 0.02256944375 0.18518518541666668 0.02449845625 0.18923611041666666 0.026813271875 0.19097222291666668 0.031828703125 0.199074075 0.031828703125 0.20167824166666665 0.0324074078125 0.20196759166666667 0.0324074078125 0.20399305625 0.033757715625000004 0.2089120375 0.0343364203125 0.20920138958333334 0.0345293203125 0.21238425833333335 0.0362654328125 0.21817129583333333 0.0364583328125 0.22193287083333332 0.037037037499999995 0.22222222291666668 0.0372299375 0.23090277708333332 0.03915895 0.24189814791666667 0.0435956796875 0.24479166666666666 0.045524690625 0.24305555625 0.0470679015625 0.23987268541666668 0.047260803125 0.23495370416666667 0.047839506250000004 0.234375 0.0491898140625 0.22829861041666666 0.0491898140625 0.22569444375 0.049768518750000004 0.22511574166666665 0.049768518750000004 0.222800925 0.047260803125 0.21383101875000002 0.0470679015625 0.2109375 0.044367284374999996 0.206886575 0.0432098765625 0.20341435208333333 0.0416666671875 0.20167824166666665 0.0397376546875 0.1973379625 0.03915895 0.19241898124999998 0.03800154375 0.19039351875000002 0.037037037499999995 0.18576388958333334 0.0345293203125 0.17939814791666667 0.0343364203125 0.17650462916666668 0.0333719140625 0.17447916666666666 0.0331790125 0.16927083333333334 0.030671296874999997 0.16174768541666668 0.029706790625 0.15538194375 0.027777778125000003 0.152488425 0.0241126546875 0.1426504625 0.0227623453125 0.14120370416666667 0.021797839062499998 0.14149305625 0.0179398140625 0.14583333333333334 0.0177469140625 0.14756944375 0.0158179015625 0.15133101875000002 0.015239196875 0.15798611041666666 0.0177469140625 0.16319444375 0.0183256171875 0.16579861041666666 0.019097221875 0.16724537083333332
0 0.39544753125 0.1229745375 0.3929398140625 0.12731481458333332 0.3927469140625 0.12962962916666668 0.3894675921875 0.13715277708333332 0.388117284375 0.14380787083333332 0.3875385796875 0.14409722291666668 0.3873456796875 0.14785879583333333 0.3863811734375 0.15075231458333332 0.3863811734375 0.15769675833333335 0.3883101859375 0.168113425 0.3904320984375 0.17534722291666668 0.39332561718750003 0.17997685208333333 0.3948688265625 0.18605324166666665 0.3962191359375 0.18778935208333333 0.3977623453125 0.18836805625 0.400848765625 0.18778935208333333 0.4010416671875 0.18692129583333333 0.4045138890625 0.18518518541666668 0.40547839531249996 0.183449075 0.40663580312500003 0.17795138958333334 0.41068672812499996 0.17303240833333333 0.418016975 0.16869212916666668 0.42052469062500003 0.16898148124999998 0.42168209843750004 0.17013888958333334 0.42804783906250005 0.16174768541666668 0.42920524687499995 0.16087962916666668 0.432098765625 0.16087962916666668 0.432098765625 0.14872685208333333 0.43055555625 0.14409722291666668 0.43055555625 0.13454861041666666 0.4293981484375 0.12731481458333332 0.4293981484375 0.09924768541666666 0.42881944375 0.09866898125 0.42881944375 0.09143518541666666 0.42766203750000004 0.08767361041666667 0.42746913593749997 0.08449074166666667 0.42592592656250006 0.08101851875 0.4176311734375 0.07638888958333333 0.415509259375 0.074074075 0.410108025 0.07349537083333332 0.4041280859375 0.07523148125 0.40393518593750005 0.07638888958333333 0.40219907343749994 0.07783564791666667 0.40007716093749995 0.0879629625 0.39949845625 0.08825231458333334 0.39930555624999997 0.09114583333333333 0.3967978390625 0.0957754625 0.39544753125 0.10271990833333335 0.3937114203125 0.105613425 0.3929398140625 0.10850694375 0.3929398140625 0.11487268541666666 0.39409722187499996 0.11776620416666667 0.39544753125 0.1192129625 0.39544753125 0.1229745375
0 0.36805555624999997 0.10127314791666667 0.36824845625 0.10271990833333335 0.3707561734375 0.105324075 0.3726851859375 0.109375 0.3728780859375 0.113136575 0.3717206796875 0.11747685208333333 0.369598765625 0.11950231458333334 0.36631944375000003 0.12065972291666666 0.3655478390625 0.12210648125 0.3655478390625 0.12962962916666668 0.3674768515625 0.13252314791666667 0.36824845625 0.13599537083333332 0.3688271609375 0.13628472291666668 0.3690200625 0.140625 0.3697916671875 0.14178240833333333 0.3728780859375 0.14496527708333332 0.37654320937499997 0.14554398124999998 0.3780864203125 0.14785879583333333 0.378858025 0.1504629625 0.3790509265625 0.15480324166666665 0.3802083328125 0.1582754625 0.3802083328125 0.16174768541666668 0.38271605000000003 0.16435185208333333 0.3834876546875 0.16637731458333332 0.384259259375 0.16550925833333335 0.3848379625 0.16174768541666668 0.3856095671875 0.144675925 0.3875385796875 0.140625 0.3888888890625 0.13454861041666666 0.3908179015625 0.13136574166666667 0.39216820937499997 0.125 0.39197530937499997 0.1192129625 0.3908179015625 0.11747685208333333 0.3908179015625 0.109375 0.3927469140625 0.10648148125 0.39544753125 0.09982638958333333 0.3964120375 0.09375 0.3981481484375 0.089988425 0.3981481484375 0.08101851875 0.39544753125 0.0760995375 0.39544753125 0.07494212916666668 0.3927469140625 0.0723379625 0.39158950625 0.06973379583333333 0.38792438281249997 0.06712962916666668 0.3859953703125 0.06712962916666668 0.38368055624999997 0.06886574166666667 0.38271605000000003 0.07175925833333333 0.3811728390625 0.07378472291666666 0.37635030937499997 0.07291666666666667 0.3728780859375 0.074074075 0.3726851859375 0.0760995375 0.3697916671875 0.07957175833333333 0.368634259375 0.08275462916666668 0.3649691359375 0.08651620416666667 0.3624614203125 0.08767361041666667 0.36091820937499997 0.09027777708333334 0.36091820937499997 0.09432870416666667 0.3614969140625 0.09548611041666667 0.3651620375 0.0995370375 0.36805555624999997 0.10127314791666667
0 0.048418209375 0.07349537083333332 0.0526620375 0.07175925833333333 0.0549768515625 0.06973379583333333 0.0636574078125 0.06770833333333333 0.0646219140625 0.066550925 0.0675154328125 0.06597222291666667 0.07118055625 0.06307870416666667 0.073688271875 0.0625 0.07561728437500001 0.05931712916666666 0.07638888906249999 0.052951389583333335 0.0758101859375 0.05237268541666666 0.0748456796875 0.04716435208333333 0.07233796249999999 0.04224537083333334 0.0665509265625 0.03761574166666667 0.0657793203125 0.03616898125 0.06442901250000001 0.03125 0.06442901250000001 0.021701389583333335 0.061728395312499997 0.019097222916666667 0.060378085937500006 0.018807870833333334 0.058834876562500006 0.020833333333333332 0.053819443749999994 0.022569443749999998 0.0524691359375 0.02575231458333333 0.0526620375 0.029224537499999998 0.05169753125 0.032986110416666665 0.050347221875 0.03414351875 0.0488040125 0.03761574166666667 0.045331790625 0.03935185208333333 0.0441743828125 0.041666666666666664 0.042631173437499996 0.04224537083333334 0.0408950625 0.04571759166666667 0.0397376546875 0.04658564791666667 0.03993055625 0.05439814791666667 0.037808642187500005 0.06394675833333334 0.037615740625 0.06770833333333333 0.0397376546875 0.0723379625 0.0432098765625 0.07378472291666666 0.048418209375 0.07349537083333332
0 0.0696373453125 0 0.0696373453125 0.004629629166666666 0.0684799375 0.011863425 0.068865740625 0.019386575 0.07137345625 0.019965277083333333 0.0731095671875 0.021701389583333335 0.073688271875 0.023726852083333336 0.07561728437500001 0.02633101875 0.077739196875 0.036458333333333336 0.07889660468750001 0.037326389583333335 0.0823688265625 0.03761574166666667 0.089891975 0.033854166666666664 0.094328703125 0.0332754625 0.09953703750000001 0.029513889583333335 0.10262345625 0.029224537499999998 0.1074459875 0.03472222291666667 0.1082175921875 0.037326389583333335 0.11033950625 0.03964120416666667 0.112847221875 0.045138889583333335 0.11651234531250002 0.04832175833333333 0.119598765625 0.04571759166666667 0.12191357968750001 0.04195601875 0.1271219140625 0.03790509166666667 0.14409722187500001 0.03761574166666667 0.14544753125 0.03211805625 0.146990740625 0.029224537499999998 0.1462191359375 0.026909722916666667 0.146990740625 0.022569443749999998 0.14544753125 0.02054398125 0.14351851875 0.013020833333333334 0.14216820937500002 0.010706018749999999 0.14158950625 0.0078125 0.13888888906250002 0.0034722229166666663 0.1365740734375 0.0020254625 0.136188271875 0 0.0696373453125 0
0 0.9307484562499999 0.10271990833333335 0.9280478390625 0.10648148125 0.92669753125 0.11371527708333334 0.925347221875 0.11689814791666667 0.925347221875 0.12731481458333332 0.9259259265625 0.12760416666666666 0.9261188265625 0.13136574166666667 0.92669753125 0.13165509166666667 0.9268904328125 0.13570601875000002 0.9280478390625 0.140625 0.9307484562499999 0.14554398124999998 0.9307484562499999 0.15190972291666668 0.92959105 0.15393518541666668 0.9286265437500001 0.15972222291666668 0.9280478390625 0.160011575 0.9280478390625 0.16898148124999998 0.9286265437500001 0.16927083333333334 0.9288194437499999 0.17129629583333333 0.9359567906249999 0.17129629583333333 0.9405864203125001 0.17332175833333335 0.9425154328125 0.17737268541666668 0.943865740625 0.18258101875000002 0.9446373453125 0.19473379583333333 0.9471450625 0.19878472291666668 0.9488811734375 0.206886575 0.9500385796874999 0.20775462916666668 0.9508101859375 0.21006944375 0.9540895062500001 0.21238425833333335 0.9562114203125001 0.21643518541666668 0.963348765625 0.222800925 0.9648919749999999 0.22106481458333332 0.9668209875 0.2207754625 0.971257715625 0.21383101875000002 0.9737654328125 0.21151620416666667 0.978009259375 0.20196759166666667 0.9793595671875 0.191550925 0.9807098765625 0.18923611041666666 0.9820601859375 0.18142361041666666 0.983796296875 0.175636575 0.9839891968750001 0.171875 0.9845679015625001 0.17129629583333333 0.9845679015625001 0.16724537083333332 0.9853395062500001 0.16550925833333335 0.9853395062500001 0.16232638958333334 0.9864969140625 0.15798611041666666 0.9864969140625 0.14785879583333333 0.9853395062500001 0.14583333333333334 0.9832175921875 0.144386575 0.9807098765625 0.13917824166666665 0.9793595671875 0.13802083333333334 0.9791666671874999 0.136574075 0.9753086421875 0.12991898125 0.9753086421875 0.12789351875 0.967399690625 0.11226851875 0.9660493828125001 0.10677083333333333 0.9621913578125 0.09837962916666668 0.9618055562500001 0.09143518541666666 0.9596836421875 0.08506944375 0.9558256171874999 0.08246527708333334 0.9533179015625001 0.078125 0.9508101859375 0.07696759166666665 0.9479166671874999 0.07378472291666666 0.9419367281250001 0.07204861041666667 0.9394290125 0.07002314791666667 0.9353780859375 0.07204861041666667 0.934027778125 0.07465277708333334 0.9332561734375 0.08333333333333333 0.9334490734375 0.0957754625 0.9307484562499999 0.10127314791666667 0.9307484562499999 0.10271990833333335
0 0.1994598765625 0.28240740833333333 0.1994598765625 0.28616898125 0.20138888906250002 0.2913773145833333 0.206983025 0.29716435208333336 0.20794753125 0.2986111104166667 0.2081404328125 0.300925925 0.21006944375 0.30381944375000003 0.213348765625 0.30613425833333335 0.21739969062500003 0.30613425833333335 0.2199074078125 0.30497685208333336 0.22357253125 0.30555555624999997 0.2282021609375 0.31105324166666665 0.2293595671875 0.31452546249999996 0.2336033953125 0.31915509166666667 0.234760803125 0.32146990833333333 0.2390046296875 0.324074075 0.2476851859375 0.33246527708333334 0.2492283953125 0.33246527708333334 0.250578703125 0.33101851875 0.252507715625 0.32754629583333333 0.2532793203125 0.32118055624999997 0.253858025 0.32060185208333336 0.2532793203125 0.31973379583333333 0.2532793203125 0.31365740833333333 0.2519290125 0.30815972291666666 0.2519290125 0.30555555624999997 0.25077160468750004 0.3029513895833333 0.24633487656250003 0.2986111104166667 0.24209105000000003 0.28964120416666667 0.24209105000000003 0.28443287083333335 0.246527778125 0.27314814791666664 0.24672067968750003 0.26678240833333333 0.246527778125 0.26128472291666666 0.24305555625 0.25318287083333335 0.24189814843750002 0.2520254625 0.223186728125 0.2520254625 0.21585648124999998 0.25289351875 0.210455246875 0.25491898125 0.204668209375 0.25491898125 0.20293209843749999 0.25607638958333334 0.201581790625 0.2630208333333333 0.2008101859375 0.27199074166666665 0.2011959875 0.2760416666666667 0.20061728437499998 0.27980324166666665 0.1994598765625 0.28240740833333333
0 0.22202932031249997 0.24276620416666667 0.22858796250000002 0.24450231458333332 0.235918209375 0.24450231458333332 0.2384259265625 0.24276620416666667 0.2384259265625 0.23697916666666666 0.2366898140625 0.23350694375 0.2364969140625 0.23119212916666668 0.234760803125 0.22771990833333333 0.23456790156250001 0.22569444375 0.23341049374999998 0.22482638958333334 0.23070987656250003 0.21903935208333333 0.22723765468749998 0.21788194375 0.22627314843750002 0.21961805625 0.22395833281250002 0.22048611041666666 0.2228009265625 0.222800925 0.22202932031249997 0.22800925833333335 0.2218364203125 0.23582175833333335 0.22125771562500002 0.23611111041666666 0.22125771562500002 0.24189814791666667 0.22202932031249997 0.24276620416666667
0 0.0769675921875 0 0.076774690625 0.0020254625 0.0744598765625 0.002314814583333333 0.0734953703125 0.00491898125 0.0731095671875 0.012731481250000001 0.07561728437500001 0.018229166666666668 0.0750385796875 0.022858795833333334 0.07638888906249999 0.024884258333333336 0.0779320984375 0.03240740833333333 0.081983025 0.035011574999999996 0.084490740625 0.033854166666666664 0.0896990734375 0.0332754625 0.09278549375 0.030671295833333334 0.095293209375 0.030381943749999998 0.0987654328125 0.027777777083333333 0.10262345625 0.027777777083333333 0.1086033953125 0.03443287083333334 0.108989196875 0.036458333333333336 0.1113040125 0.03790509166666667 0.11246142031249999 0.04137731458333334 0.11631944375 0.04716435208333333 0.1207561734375 0.04571759166666667 0.12210648125000001 0.042824074999999996 0.12673611093749998 0.03848379583333333 0.134259259375 0.0390625 0.1348379625 0.040798610416666665 0.1348379625 0.04716435208333333 0.13985339531250002 0.05179398125 0.14158950625 0.05526620416666667 0.14409722187500001 0.05555555625 0.14756944375 0.0526620375 0.14930555625 0.05555555625 0.14949845625 0.05815972291666667 0.1500771609375 0.058449074999999996 0.1502700625 0.06510416666666667 0.15142746875 0.0703125 0.1520061734375 0.07060185208333333 0.1521990734375 0.07349537083333332 0.15277777812499999 0.07378472291666666 0.15277777812499999 0.0760995375 0.154899690625 0.08159722291666666 0.1595293203125 0.08767361041666667 0.1608796296875 0.09114583333333333 0.171296296875 0.0957754625 0.17534722187500001 0.09982638958333333 0.1824845671875 0.10127314791666667 0.1842206796875 0.1035879625 0.18827160468749998 0.10503472291666666 0.1886574078125 0.11024305625 0.1894290125 0.11226851875 0.1936728390625 0.11487268541666666 0.19598765468749998 0.1192129625 0.1973379625 0.11747685208333333 0.1998456796875 0.11660879583333333 0.20216049374999998 0.11458333333333333 0.20987654375 0.11371527708333334 0.2125771609375 0.11226851875 0.2179783953125 0.10763888958333333 0.22202932031249997 0.10040509166666665 0.2253086421875 0.0995370375 0.22723765468749998 0.09548611041666667 0.22665894999999997 0.09143518541666666 0.22453703749999998 0.08535879583333333 0.21817129687499998 0.07870370416666667 0.2160493828125 0.07002314791666667 0.2145061734375 0.0682870375 0.20987654375 0.06712962916666668 0.2062114203125 0.06452546249999999 0.20408950625000002 0.06018518541666666 0.2008101859375 0.058449074999999996 0.1998456796875 0.05613425833333333 0.1973379625 0.05439814791666667 0.196759259375 0.052083333333333336 0.19463734531250002 0.050636574999999996 0.1925154328125 0.04745370416666667 0.1855709875 0.0448495375 0.1828703703125 0.04224537083333334 0.17881944375 0.04050925833333333 0.1784336421875 0.03935185208333333 0.1755401234375 0.03761574166666667 0.17283950625 0.033854166666666664 0.1685956796875 0.030671295833333334 0.1589506171875 0.027199075 0.154899690625 0.024305556250000002 0.1502700625 0.022569443749999998 0.149884259375 0.021412037499999998 0.1464120375 0.01851851875 0.14158950625 0.0078125 0.1383101859375 0.004629629166666666 0.13811728437499998 0.0034722229166666663 0.1356095671875 0.0020254625 0.1354166671875 0 0.0769675921875 0
0 0.9228395062500001 0.19878472291666668 0.9261188265625 0.20341435208333333 0.9251543203124999 0.207175925 0.9214891968750001 0.2089120375 0.9185956796875001 0.2129629625 0.9185956796875001 0.21788194375 0.923225309375 0.22424768541666668 0.920524690625 0.22800925833333335 0.9172453703125001 0.23090277708333332 0.9168595671875 0.23379629583333333 0.9153163578125 0.23784722291666668 0.9166666671874999 0.23958333333333334 0.9172453703125001 0.24189814791666667 0.9191743828125001 0.24305555625 0.9207175921875 0.24565972291666668 0.9265046296874999 0.24884259166666667 0.9292052468750001 0.25173611041666666 0.9330632718749999 0.2520254625 0.9347993828125001 0.25115740833333333 0.9378858031249999 0.24768518541666668 0.9411651234375 0.23929398124999998 0.9432870375 0.23755787083333332 0.9446373453125 0.234375 0.9473379625 0.2323495375 0.950617284375 0.22829861041666666 0.952546296875 0.222511575 0.954475309375 0.21990740833333333 0.954475309375 0.214988425 0.9533179015625001 0.21267361041666666 0.9508101859375 0.21151620416666667 0.9500385796874999 0.20920138958333334 0.9471450625 0.20601851875000002 0.946759259375 0.20428240833333333 0.9442515437500001 0.20196759166666667 0.942901234375 0.1953125 0.9413580250000001 0.17795138958333334 0.9394290125 0.17418981458333332 0.9347993828125001 0.17332175833333335 0.93460648125 0.17418981458333332 0.9292052468750001 0.17476851875000002 0.9220679015625001 0.1817129625 0.9214891968750001 0.183449075 0.9187885796874999 0.18576388958333334 0.9174382718749999 0.18865740833333333 0.9176311734375 0.19241898124999998 0.9201388890625 0.1953125 0.9207175921875 0.1973379625 0.9228395062500001 0.19878472291666668
0 0.421875 0.21759259166666667 0.423418209375 0.2167245375 0.421875 0.21614583333333334 0.421875 0.21759259166666667
0 0.432098765625 0.22482638958333334 0.432098765625 0.21556712916666668 0.42959105 0.2167245375 0.4293981484375 0.21788194375 0.4293981484375 0.2207754625 0.43074845625 0.222511575 0.43074845625 0.22395833333333334 0.432098765625 0.22482638958333334
0 0.390046296875 0.171875 0.39023919687499997 0.1739004625 0.39409722187499996 0.17881944375 0.39409722187499996 0.18026620416666667 0.3967978390625 0.18605324166666665 0.398919753125 0.18634259166666667 0.40258487656249997 0.18518518541666668 0.40489969062500003 0.18200231458333332 0.40663580312500003 0.17708333333333334 0.40856481406249995 0.175636575 0.41030092656250006 0.17274305625 0.41493055625 0.1698495375 0.4168595671875 0.1698495375 0.41705246875 0.16898148124999998 0.4185956796875 0.16898148124999998 0.4207175921875 0.171875 0.421875 0.17795138958333334 0.421875 0.18200231458333332 0.4245756171875 0.18489583333333334 0.42881944375 0.18518518541666668 0.432098765625 0.18113425833333335 0.4332561734375 0.17216435208333333 0.4332561734375 0.16666666666666666 0.432098765625 0.14525462916666668 0.43132716093749995 0.14409722291666668 0.43016975312500005 0.13425925833333335 0.43016975312500005 0.12760416666666666 0.42959105 0.1270254625 0.4293981484375 0.12413194375 0.4293981484375 0.10011574166666667 0.42881944375 0.0995370375 0.42881944375 0.09201388958333333 0.42746913593749997 0.0879629625 0.42746913593749997 0.08535879583333333 0.42554012343750003 0.08130787083333332 0.41203703750000004 0.074074075 0.4079861109375 0.07465277708333334 0.4035493828125 0.07783564791666667 0.40277777812500004 0.08275462916666668 0.4002700625 0.08854166666666667 0.40007716093749995 0.09230324166666667 0.3967978390625 0.09895833333333333 0.396026234375 0.10387731458333334 0.3937114203125 0.10995370416666667 0.3937114203125 0.11371527708333334 0.3967978390625 0.11863425833333333 0.3967978390625 0.12152777708333334 0.39544753125 0.12586805625 0.3929398140625 0.12905092499999998 0.3927469140625 0.13136574166666667 0.3894675921875 0.13802083333333334 0.3869598765625 0.1484375 0.3869598765625 0.16087962916666668 0.388117284375 0.16319444375 0.3894675921875 0.17158564791666667 0.390046296875 0.171875
0 0.44328703750000004 0.1171875 0.4440586421875 0.12471064791666667 0.44540895 0.14554398124999998 0.4459876546875 0.14583333333333334 0.4459876546875 0.14930555625 0.4484953703125 0.160300925 0.4488811734375 0.171875 0.4498456796875 0.175636575 0.45293209843750004 0.1796875 0.4552469140625 0.18026620416666667 0.45659722187499996 0.1817129625 0.45659722187499996 0.1854745375 0.45273919687499997 0.1953125 0.45254629687500003 0.20225694375 0.4519675921875 0.20254629583333333 0.451581790625 0.20543981458333332 0.45081018593750005 0.23611111041666666 0.4519675921875 0.24276620416666667 0.458526234375 0.24305555625 0.45987654375 0.24392361041666666 0.46296296249999996 0.24305555625 0.4645061734375 0.23900462916666668 0.46527777812500004 0.23871527708333332 0.467206790625 0.23466435208333333 0.46817129687500003 0.230613425 0.4699074078125 0.22829861041666666 0.4772376546875 0.22771990833333333 0.47858796249999996 0.22540509166666667 0.4810956796875 0.21383101875000002 0.4810956796875 0.20428240833333333 0.4793595671875 0.199074075 0.47858796249999996 0.191261575 0.475115740625 0.18431712916666668 0.4778163578125 0.17939814791666667 0.4816743828125 0.18142361041666666 0.4826388890625 0.183449075 0.49054783906250005 0.18894675833333335 0.49768518593750005 0.19097222291666668 0.5040509265625001 0.1973379625 0.5086805562500001 0.19994212916666668 0.51851851875 0.20052083333333334 0.5198688265625 0.199074075 0.52044753125 0.1973379625 0.52044753125 0.18431712916666668 0.5192901234375 0.17071759166666667 0.5198688265625 0.15798611041666666 0.519097221875 0.1542245375 0.5192901234375 0.1504629625 0.5179398140625 0.14728009166666667 0.5173611109375 0.14351851875000002 0.51658950625 0.13310185208333333 0.5179398140625 0.12818287083333332 0.519097221875 0.1270254625 0.5196759265625001 0.125 0.520061728125 0.11660879583333333 0.519097221875 0.11400462916666668 0.5179398140625 0.113136575 0.51658950625 0.10879629583333333 0.5100308640625 0.10271990833333335 0.50790895 0.0995370375 0.5065586421875 0.09461805625 0.5065586421875 0.0917245375 0.5050154328125 0.09143518541666666 0.49594907343749994 0.082175925 0.49016203750000004 0.074363425 0.48842592656250006 0.07060185208333333 0.48398919687499997 0.066550925 0.481867284375 0.06568287083333334 0.4758873453125 0.06568287083333334 0.4704861109375 0.06944444375 0.4573688265625 0.07089120416666667 0.45505401250000005 0.07349537083333332 0.45293209843750004 0.07378472291666666 0.45254629687500003 0.081886575 0.4481095671875 0.09201388958333333 0.4479166671875 0.09461805625 0.44425154375 0.10127314791666667 0.4434799375 0.10445601875 0.44328703750000004 0.10792824166666667 0.4427083328125 0.10821759166666665 0.4427083328125 0.11689814791666667 0.44328703750000004 0.1171875
0 0.2922453703125 0 0.2922453703125 0.018229166666666668 0.2937885796875 0.02835648125 0.2957175921875 0.03240740833333333 0.29822530937499997 0.03472222291666667 0.2991898140625 0.03848379583333333 0.3030478390625 0.045138889583333335 0.3082561734375 0.04832175833333333 0.317901234375 0.04803240833333333 0.325617284375 0.0448495375 0.32908950625 0.04050925833333333 0.3298611109375 0.03125 0.33101851875 0.02633101875 0.3321759265625 0.024305556250000002 0.332561728125 0.018807870833333334 0.3321759265625 0.017361110416666665 0.32908950625 0.0135995375 0.32716049375 0.012442129166666668 0.3248456796875 0.00868055625 0.3244598765625 0.005497685416666666 0.3231095671875 0.002314814583333333 0.3231095671875 0 0.2922453703125 0
0 0.1095679015625 0.61429398125 0.108796296875 0.6134259249999999 0.1095679015625 0.6128472229166667 0.1095679015625 0.6114004625 0.108989196875 0.6111111104166667 0.1095679015625 0.6099537041666667 0.108989196875 0.6096643520833334 0.108796296875 0.61226851875 0.1082175921875 0.6125578708333334 0.108989196875 0.6151620375 0.1095679015625 0.61429398125
0 0.0250771609375 0.6004050916666667 0.025270062500000003 0.60445601875 0.029899690625000003 0.6105324083333333 0.029899690625000003 0.61226851875 0.031828703125 0.6168981479166666 0.03607253125 0.6197916666666666 0.0383873453125 0.6238425916666667 0.0383873453125 0.6290509249999999 0.0372299375 0.6328125 0.0364583328125 0.6333912041666667 0.0364583328125 0.63570601875 0.0345293203125 0.6397569437499999 0.0349151234375 0.6409143520833334 0.0435956796875 0.64351851875 0.047839506250000004 0.6458333333333334 0.0499614203125 0.6493055562500001 0.053819443749999994 0.6507523145833333 0.057098765625000006 0.6481481479166666 0.0646219140625 0.6362847229166667 0.06770833281250001 0.6345486104166667 0.06925154375 0.6322337958333333 0.07291666718749999 0.6304976854166667 0.0769675921875 0.6264467583333333 0.077739196875 0.6226851854166667 0.0758101859375 0.6163194437499999 0.07561728437500001 0.6137152770833333 0.073688271875 0.6087962958333333 0.073688271875 0.6067708333333334 0.0731095671875 0.6061921291666666 0.071759259375 0.5998263895833333 0.06905864218749999 0.5928819437499999 0.06828703750000001 0.5879629625 0.066358025 0.5856481479166666 0.0636574078125 0.5842013895833333 0.06327160468750001 0.5850694437499999 0.0569058640625 0.5868055562500001 0.048418209375 0.5868055562500001 0.046489196875 0.5847800916666667 0.0451388890625 0.5778356479166666 0.0445601859375 0.5775462958333333 0.044367284374999996 0.5740740750000001 0.040509259375 0.5708912041666667 0.0364583328125 0.5708912041666667 0.034143518750000004 0.5726273145833333 0.0291280859375 0.5740740750000001 0.02449845625 0.5778356479166666 0.02237654375 0.5813078708333334 0.021797839062499998 0.5850694437499999 0.0250771609375 0.5905671291666666 0.025848765625 0.5949074083333333 0.0250771609375 0.6004050916666667
0 0.1500771609375 0.046875 0.1500771609375 0.05584490833333333 0.15142746875 0.0682870375 0.1520061734375 0.06857638958333333 0.1541280859375 0.07783564791666667 0.155671296875 0.07957175833333333 0.156828703125 0.08275462916666668 0.1599151234375 0.08709490833333335 0.16107253125 0.089988425 0.16898148125 0.09317129583333333 0.1761188265625 0.0995370375 0.182098765625 0.10098379583333333 0.1842206796875 0.10300925833333333 0.18769290156250001 0.10445601875 0.1886574078125 0.105613425 0.1886574078125 0.113136575 0.1934799375 0.11574074166666667 0.19425154375 0.11747685208333333 0.19598765468749998 0.11863425833333333 0.2019675921875 0.11487268541666666 0.21161265468749998 0.113425925 0.21547067968750003 0.10966435208333333 0.21701388906250002 0.109375 0.22241512343749997 0.10069444375 0.2253086421875 0.09982638958333333 0.22665894999999997 0.09837962916666668 0.22743055625 0.0957754625 0.22723765468749998 0.09143518541666666 0.22665894999999997 0.09114583333333333 0.22588734531250002 0.08767361041666667 0.22395833281250002 0.08420138958333333 0.21817129687499998 0.07841435208333333 0.2160493828125 0.07002314791666667 0.21392746875 0.06741898125 0.20987654375 0.06712962916666668 0.2062114203125 0.06452546249999999 0.20408950625000002 0.06018518541666666 0.2011959875 0.058449074999999996 0.19965277812499999 0.05584490833333333 0.1984953703125 0.05555555625 0.196759259375 0.052083333333333336 0.1940586421875 0.049479166666666664 0.18460648125 0.0448495375 0.182098765625 0.04224537083333334 0.17959105 0.041666666666666664 0.1761188265625 0.03790509166666667 0.1749614203125 0.03761574166666667 0.17206790156250001 0.033854166666666664 0.16396605 0.029224537499999998 0.1535493828125 0.02633101875 0.1502700625 0.02633101875 0.1481481484375 0.028645833333333332 0.14834105 0.03616898125 0.1500771609375 0.03935185208333333 0.1506558640625 0.043113425000000004 0.1500771609375 0.046875
0 0.0154320984375 0.12847222291666666 0.0167824078125 0.12876157500000002 0.017168209375 0.12991898125 0.0198688265625 0.1310763895833333 0.0331790125 0.13396990833333333 0.0333719140625 0.13310185208333333 0.038580246875 0.1310763895833333 0.0435956796875 0.12586805625 0.044367284374999996 0.12355324166666667 0.0466820984375 0.120949075 0.0501543203125 0.120949075 0.0509259265625 0.12210648125 0.0509259265625 0.12384259166666665 0.050347221875 0.12413194375 0.0491898140625 0.12847222291666666 0.048418209375 0.12905092499999998 0.048225309375 0.13136574166666667 0.0457175921875 0.13570601875000002 0.044367284374999996 0.14496527708333332 0.0432098765625 0.14699074166666665 0.042631173437499996 0.1504629625 0.042438271875 0.16174768541666668 0.046489196875 0.16840277708333332 0.0488040125 0.16898148124999998 0.0495756171875 0.17013888958333334 0.0524691359375 0.1698495375 0.0540123453125 0.16753472291666668 0.0553626546875 0.16724537083333332 0.0584490734375 0.16290509166666667 0.06905864218749999 0.15798611041666666 0.0709876546875 0.15567129583333333 0.071759259375 0.15306712916666668 0.0731095671875 0.14091435208333333 0.0731095671875 0.13512731458333332 0.07233796249999999 0.13223379583333333 0.0731095671875 0.11400462916666668 0.073688271875 0.11371527708333334 0.073688271875 0.11082175833333333 0.0758101859375 0.10329861041666667 0.07908950625 0.0995370375 0.07908950625 0.09693287083333332 0.07638888906249999 0.09114583333333333 0.07638888906249999 0.06481481458333334 0.0744598765625 0.06105324166666667 0.07118055625 0.06163194375 0.06828703750000001 0.06510416666666667 0.0655864203125 0.06568287083333334 0.06153549375 0.0682870375 0.054205246875 0.07002314791666667 0.051504629687500005 0.07204861041666667 0.0457175921875 0.074074075 0.044367284374999996 0.07783564791666667 0.046296296875 0.08825231458333334 0.0447530859375 0.09143518541666666 0.037808642187500005 0.09432870416666667 0.025848765625 0.097511575 0.0256558640625 0.09837962916666668 0.019097221875 0.10098379583333333 0.016010803125 0.105613425 0.015239196875 0.10879629583333333 0.015046296875 0.113136575 0.0144675921875 0.113425925 0.0144675921875 0.1270254625 0.0154320984375 0.12847222291666666
0 0.9554398140625 0.2829861104166667 0.9571759265625 0.28472222291666666 0.9581404328125 0.28703703750000004 0.9600694437499999 0.28848379583333333 0.9614197531249999 0.28703703750000004 0.9625771609375 0.2789351854166667 0.9660493828125001 0.26909722291666666 0.967399690625 0.23958333333333334 0.968171296875 0.23697916666666666 0.9699074078125 0.23466435208333333 0.9720293203124999 0.23697916666666666 0.9733796296874999 0.24160879583333333 0.975115740625 0.24450231458333332 0.97665895 0.25028935208333336 0.9787808640625 0.2523148145833333 0.9801311734375 0.2552083333333333 0.9866898140625 0.25839120416666667 0.9890046296874999 0.25810185208333336 0.9911265437500001 0.2552083333333333 0.9899691359375 0.25173611041666666 0.9899691359375 0.24479166666666666 0.9905478390625 0.24334490833333333 0.9917052468750001 0.2421875 0.9961419749999999 0.24131944375 0.996527778125 0.24045138958333334 0.9998070984374999 0.2401620375 0.9998070984374999 0.14959490833333333 0.9940200625 0.14988425833333335 0.9901620375 0.15451388958333334 0.989776234375 0.15769675833333335 0.9874614203125001 0.16290509166666667 0.9866898140625 0.168113425 0.9859182093750001 0.16898148124999998 0.9847608031249999 0.17418981458333332 0.981867284375 0.19473379583333333 0.9793595671875 0.199363425 0.9793595671875 0.20138888958333334 0.9785879625 0.20225694375 0.9758873453125 0.21122685208333333 0.9733796296874999 0.21325231458333332 0.9733796296874999 0.21412037083333332 0.9691358031249999 0.21990740833333333 0.969328703125 0.222511575 0.971257715625 0.222800925 0.971257715625 0.22540509166666667 0.9666280859375 0.22540509166666667 0.9660493828125001 0.230613425 0.963348765625 0.23263888958333334 0.9592978390625 0.2323495375 0.95794753125 0.23003472291666668 0.95794753125 0.22685185208333333 0.9527391968750001 0.2265625 0.9494598765625 0.23119212916666668 0.9481095671875 0.23495370416666667 0.9473379625 0.25144675833333335 0.9459876546875 0.25636574166666665 0.94540895 0.26533564791666664 0.9554398140625 0.2829861104166667
0 0.1126543203125 0.39930555624999997 0.11419753125000001 0.40335648125 0.11651234531250002 0.40567129583333333 0.1197916671875 0.4123263895833333 0.1228780859375 0.41377314791666664 0.13715277812499999 0.41435185208333336 0.1373456796875 0.41521990833333333 0.140046296875 0.41608796249999996 0.14216820937500002 0.418113425 0.14158950625 0.4201388895833333 0.139274690625 0.42216435208333336 0.136188271875 0.42303240833333333 0.1325231484375 0.425925925 0.1282793203125 0.4270833333333333 0.12654320937500002 0.4296875 0.123649690625 0.42997685208333336 0.123649690625 0.43171296249999996 0.1197916671875 0.43663194375000003 0.11709105 0.4427083333333333 0.1190200625 0.4453125 0.124421296875 0.44589120416666667 0.1280864203125 0.44878472291666666 0.1300154328125 0.45370370416666667 0.13348765468749998 0.45949074166666665 0.13348765468749998 0.46064814791666664 0.13715277812499999 0.4554398145833333 0.13811728437499998 0.45630787083333335 0.1394675921875 0.4609375 0.14544753125 0.464988425 0.14756944375 0.46556712916666665 0.15470679062499998 0.464699075 0.1574074078125 0.4664351854166667 0.1614583328125 0.4661458333333333 0.1620370375 0.45283564791666664 0.16473765468749998 0.44589120416666667 0.16473765468749998 0.44241898125 0.16396605 0.4398148145833333 0.16415895 0.4357638895833333 0.16493055625 0.43402777708333334 0.1685956796875 0.433738425 0.16936728437499998 0.43547453750000004 0.17033179062499998 0.4470486104166667 0.1745756171875 0.457175925 0.17862654375 0.4592013895833333 0.18460648125 0.46383101875 0.1847993828125 0.464699075 0.1940586421875 0.47077546249999996 0.1965663578125 0.47453703750000004 0.19965277812499999 0.47540509166666667 0.2023533953125 0.46672453750000004 0.2054398140625 0.46556712916666665 0.21180555625 0.4661458333333333 0.2137345671875 0.464988425 0.2145061734375 0.4632523145833333 0.211419753125 0.45428240833333333 0.20408950625000002 0.4429976854166667 0.20408950625000002 0.441550925 0.20061728437499998 0.43460648125 0.20061728437499998 0.4322916666666667 0.1988811734375 0.4279513895833333 0.2011959875 0.42274305624999997 0.202739196875 0.421875 0.2077546296875 0.42274305624999997 0.2081404328125 0.4241898145833333 0.21122685156249998 0.42679398125 0.21315586406249998 0.43026620416666667 0.21508487656250003 0.43084490833333333 0.2166280859375 0.43315972291666666 0.2237654328125 0.43692129583333333 0.228009259375 0.43605324166666665 0.229938271875 0.4322916666666667 0.22916666718749998 0.42853009166666667 0.229938271875 0.4236111104166667 0.2293595671875 0.42303240833333333 0.22878086406249998 0.41753472291666666 0.229938271875 0.4088541666666667 0.23148148124999998 0.40422453750000004 0.23148148124999998 0.40046296249999996 0.2293595671875 0.394675925 0.2293595671875 0.3804976854166667 0.229938271875 0.37991898125 0.229938271875 0.37557870416666667 0.2293595671875 0.375 0.2293595671875 0.3648726854166667 0.228009259375 0.359375 0.22588734531250002 0.35792824166666665 0.2233796296875 0.35214120416666667 0.22010030937499997 0.34866898125 0.2137345671875 0.35040509166666667 0.202739196875 0.35127314791666664 0.2004243828125 0.3532986104166667 0.19463734531250002 0.35474537083333335 0.19135802500000001 0.3567708333333333 0.1911651234375 0.3576388895833333 0.1751543203125 0.3654513895833333 0.17361111093749998 0.36429398125 0.17013888906250002 0.35908564791666664 0.1666666671875 0.3576388895833333 0.16493055625 0.35590277708333334 0.1614583328125 0.3492476854166667 0.1581790125 0.35185185208333336 0.15547839531250002 0.355324075 0.15335648125 0.359375 0.1525848765625 0.363136575 0.1510416671875 0.3645833333333333 0.14737654375 0.3648726854166667 0.1456404328125 0.36631944375000003 0.1437114203125 0.36921296249999996 0.1448688265625 0.371238425 0.1448688265625 0.37355324166666665 0.1425540125 0.3767361104166667 0.1379243828125 0.37991898125 0.13290895 0.38165509166666667 0.1315586421875 0.38396990833333333 0.12673611093749998 0.3880208333333333 0.121527778125 0.3880208333333333 0.11342592656249999 0.39033564791666664 0.10783179062499999 0.39033564791666664 0.1076388890625 0.39380787083333335 0.108989196875 0.3961226854166667 0.108989196875 0.39756944375000003 0.1126543203125 0.39930555624999997
0 0.22010030937499997 0.17534722291666668 0.2208719140625 0.17534722291666668 0.22048611093749998 0.17303240833333333 0.22010030937499997 0.17534722291666668
0 0.22202932031249997 0.17158564791666667 0.22125771562500002 0.17245370416666667 0.22395833281250002 0.17274305625 0.224151234375 0.171875 0.22202932031249997 0.17158564791666667
0 0.2073688265625 0.16087962916666668 0.2071759265625 0.16145833333333334 0.21006944375 0.16174768541666668 0.21006944375 0.16087962916666668 0.2073688265625 0.16087962916666668
0 0.22010030937499997 0.14785879583333333 0.22395833281250002 0.14988425833333335 0.22395833281250002 0.15190972291666668 0.2228009265625 0.15451388958333334 0.22395833281250002 0.15567129583333333 0.2282021609375 0.15509259166666667 0.230902778125 0.1582754625 0.229938271875 0.15711805625 0.23109567968750003 0.15596064791666667 0.23109567968750003 0.15393518541666668 0.22955246875 0.15335648124999998 0.228009259375 0.14988425833333335 0.228009259375 0.14236111041666666 0.22743055625 0.14178240833333333 0.22723765468749998 0.13802083333333334 0.2253086421875 0.13425925833333335 0.2237654328125 0.12731481458333332 0.22125771562500002 0.12210648125 0.2206790125 0.11776620416666667 0.22010030937499997 0.1171875 0.21971450625000002 0.11805555625 0.21855709843749999 0.11805555625 0.217206790625 0.11950231458333334 0.217206790625 0.12152777708333334 0.2166280859375 0.12181712916666668 0.2166280859375 0.14033564791666667 0.21778549374999998 0.14207175833333335 0.2179783953125 0.14380787083333332 0.22010030937499997 0.14785879583333333
0 0.2332175921875 0.12355324166666667 0.233989196875 0.12962962916666668 0.23572530937499997 0.13339120416666667 0.235918209375 0.13599537083333332 0.2364969140625 0.13628472291666668 0.2366898140625 0.140625 0.239776234375 0.14699074166666665 0.24131944375 0.15364583333333334 0.24247685156249998 0.15509259166666667 0.24479166718749998 0.16724537083333332 0.2459490734375 0.16869212916666668 0.2478780859375 0.17621527708333332 0.2511574078125 0.18142361041666666 0.25135030937499997 0.183449075 0.258294753125 0.18692129583333333 0.2636959875 0.19241898124999998 0.2658179015625 0.19560185208333333 0.2677469140625 0.19589120416666667 0.2698688265625 0.199074075 0.2714120375 0.19994212916666668 0.2795138890625 0.20052083333333334 0.2831790125 0.19820601875000002 0.2868441359375 0.19415509166666667 0.2870370375 0.18981481458333332 0.2853009265625 0.1854745375 0.2858796296875 0.18518518541666668 0.2872299375 0.17534722291666668 0.2878086421875 0.17476851875000002 0.2878086421875 0.16927083333333334 0.2872299375 0.16869212916666668 0.2862654328125 0.15943287083333332 0.2843364203125 0.15393518541666668 0.2810570984375 0.14959490833333333 0.2791280859375 0.1484375 0.27777777812500004 0.14583333333333334 0.2752700625 0.144386575 0.273919753125 0.14236111041666666 0.2714120375 0.14120370416666667 0.26909722187499996 0.13744212916666668 0.26601080312500003 0.13425925833333335 0.26408179062500003 0.1310763895833333 0.261188271875 0.12355324166666667 0.2546296296875 0.11660879583333333 0.253858025 0.11111111041666667 0.25077160468750004 0.10474537083333332 0.24633487656250003 0.10098379583333333 0.24228394999999997 0.10040509166666665 0.23263888906250002 0.10069444375 0.23070987656250003 0.10127314791666667 0.2301311734375 0.10300925833333333 0.2301311734375 0.11226851875 0.2312885796875 0.11805555625 0.23186728437499998 0.11834490833333335 0.2332175921875 0.12355324166666667
0 0.29783950625 0.19646990833333333 0.29822530937499997 0.19589120416666667 0.29783950625 0.19473379583333333 0.29648919687499997 0.19444444375 0.2957175921875 0.1953125 0.296296296875 0.19646990833333333 0.29726080312500003 0.19473379583333333 0.29783950625 0.19646990833333333
0 0.2843364203125 0.12905092499999998 0.285108025 0.13194444375 0.2853009265625 0.136574075 0.2843364203125 0.140625 0.283757715625 0.14091435208333333 0.283757715625 0.14409722291666668 0.2849151234375 0.14583333333333334 0.2853009265625 0.1484375 0.2872299375 0.15075231458333332 0.28915894999999997 0.15798611041666666 0.2897376546875 0.15798611041666666 0.2910879625 0.16087962916666668 0.2908950625 0.17708333333333334 0.2918595671875 0.18431712916666668 0.2945601859375 0.19010416666666666 0.29648919687499997 0.191550925 0.2999614203125 0.191550925 0.30169753125 0.18923611041666666 0.30169753125 0.160300925 0.30381944375000003 0.15769675833333335 0.3074845671875 0.15740740833333333 0.31114969062500003 0.15914351875000002 0.3144290125 0.15625 0.316358025 0.1542245375 0.3175154328125 0.14699074166666665 0.3206018515625 0.14351851875000002 0.321759259375 0.14120370416666667 0.321759259375 0.13975694375 0.31925154375 0.13512731458333332 0.3190586421875 0.13252314791666667 0.3175154328125 0.12789351875 0.3157793203125 0.12528935208333333 0.3144290125 0.11631944375 0.3123070984375 0.113136575 0.31172839531249996 0.1073495375 0.3107638890625 0.10474537083333332 0.307098765625 0.10474537083333332 0.30478394999999997 0.10792824166666667 0.2999614203125 0.11053240833333335 0.29976851875 0.10966435208333333 0.2957175921875 0.1073495375 0.2908950625 0.10098379583333333 0.287615740625 0.09866898125 0.2872299375 0.097511575 0.28260030937499997 0.09664351875 0.2791280859375 0.10127314791666667 0.2779706796875 0.10503472291666666 0.27777777812500004 0.10908564791666667 0.27642746875 0.11226851875 0.27642746875 0.12326388958333333 0.27835648125 0.1270254625 0.2831790125 0.12760416666666666 0.2843364203125 0.12905092499999998
0 0.3244598765625 0.08246527708333334 0.32118055624999997 0.08304398125 0.32040894999999997 0.08506944375 0.3244598765625 0.08622685208333333 0.3248456796875 0.08564814791666667 0.3244598765625 0.08246527708333334
0 0.3323688265625 0.12065972291666666 0.33506944375000003 0.12326388958333333 0.3356481484375 0.13425925833333335 0.33680555624999997 0.13744212916666668 0.33699845625 0.14004629583333333 0.3375771609375 0.14033564791666667 0.3385416671875 0.14380787083333332 0.34027777812500004 0.14583333333333334 0.3404706796875 0.14785879583333333 0.3435570984375 0.15075231458333332 0.344328703125 0.15364583333333334 0.3528163578125 0.16232638958333334 0.3551311734375 0.16724537083333332 0.3560956796875 0.167824075 0.35783179062500003 0.17737268541666668 0.35783179062500003 0.18200231458333332 0.35976080312500003 0.18807870416666667 0.3616898140625 0.1895254625 0.36631944375000003 0.18894675833333335 0.37538580312500003 0.17997685208333333 0.3782793203125 0.17216435208333333 0.3802083328125 0.16898148124999998 0.3834876546875 0.168113425 0.3834876546875 0.14872685208333333 0.3802083328125 0.14872685208333333 0.37789351875 0.144386575 0.3728780859375 0.14091435208333333 0.37229938281249997 0.13975694375 0.37229938281249997 0.136863425 0.3690200625 0.13368055625 0.36631944375000003 0.12615740833333333 0.3668981484375 0.12442129583333333 0.365740740625 0.12037037083333332 0.36631944375000003 0.11487268541666666 0.3649691359375 0.109375 0.3616898140625 0.1035879625 0.36033950625 0.0957754625 0.3582175921875 0.09375 0.3576388890625 0.09201388958333333 0.3541666671875 0.089988425 0.3522376546875 0.08767361041666667 0.34510030937499997 0.08506944375 0.33892746875 0.08767361041666667 0.337384259375 0.089988425 0.333526234375 0.09201388958333333 0.3304398140625 0.0957754625 0.32947530937499997 0.10040509166666665 0.32851080312500003 0.10214120416666667 0.3279320984375 0.10590277708333334 0.32966820937499997 0.113136575 0.3321759265625 0.11863425833333333 0.3323688265625 0.12065972291666666
0 0.0823688265625 0.12557870416666667 0.0895061734375 0.12586805625 0.0935570984375 0.12384259166666665 0.094328703125 0.12268518541666666 0.097222221875 0.12181712916666668 0.09953703750000001 0.12181712916666668 0.10204475312500001 0.12326388958333333 0.10435956718749999 0.1267361104166667 0.1051311734375 0.12962962916666668 0.1060956796875 0.13020833333333334 0.10628857968750001 0.13396990833333333 0.110725309375 0.14293981458333332 0.11091820937500001 0.14496527708333332 0.1116898140625 0.14554398124999998 0.1116898140625 0.14756944375 0.11342592656249999 0.1504629625 0.11419753125000001 0.15393518541666668 0.11554783906249999 0.15567129583333333 0.1194058640625 0.15798611041666666 0.12519290156250001 0.15885416666666666 0.13213734531250002 0.15653935208333333 0.1429398140625 0.15740740833333333 0.1574074078125 0.15306712916666668 0.1589506171875 0.15190972291666668 0.16010802500000001 0.1484375 0.1595293203125 0.14033564791666667 0.16010802500000001 0.13975694375 0.1603009265625 0.13541666666666666 0.1608796296875 0.1348379625 0.1608796296875 0.13020833333333334 0.1603009265625 0.12962962916666668 0.16010802500000001 0.12355324166666667 0.1595293203125 0.1229745375 0.1595293203125 0.11545138958333333 0.1581790125 0.109375 0.1574074078125 0.10821759166666665 0.15547839531250002 0.10011574166666667 0.15277777812499999 0.09548611041666667 0.1516203703125 0.09201388958333333 0.14949845625 0.089699075 0.148919753125 0.08738425833333333 0.146990740625 0.0859375 0.1448688265625 0.08130787083333332 0.14351851875 0.0801504625 0.14236111093749998 0.07581018541666666 0.14158950625 0.06510416666666667 0.141010803125 0.06452546249999999 0.14158950625 0.06394675833333334 0.14158950625 0.06105324166666667 0.14351851875 0.05613425833333333 0.1446759265625 0.05526620416666667 0.14737654375 0.04918981458333334 0.1471836421875 0.04340277708333333 0.14351851875 0.042824074999999996 0.13213734531250002 0.04629629583333333 0.12885802500000001 0.04774305625 0.12654320937500002 0.050925925000000004 0.1248070984375 0.05121527708333333 0.123649690625 0.0526620375 0.123649690625 0.05439814791666667 0.1230709875 0.05497685208333333 0.1194058640625 0.0546875 0.1047453703125 0.06163194375 0.0987654328125 0.06973379583333333 0.0968364203125 0.0760995375 0.094328703125 0.07899305625 0.0935570984375 0.081886575 0.0916280859375 0.08362268541666666 0.0895061734375 0.0879629625 0.0837191359375 0.09606481458333334 0.0821759265625 0.0995370375 0.0769675921875 0.10648148125 0.0758101859375 0.11082175833333333 0.07561728437500001 0.11747685208333333 0.076581790625 0.12037037083333332 0.077739196875 0.12210648125 0.0823688265625 0.12557870416666667
0 0.02237654375 0.50289351875 0.02256944375 0.50491898125 0.02430555625 0.5081018520833334 0.0250771609375 0.511574075 0.0279706796875 0.515625 0.0295138890625 0.51649305625 0.031635803125 0.5202546291666666 0.031828703125 0.5245949083333333 0.031057098437500003 0.5286458333333334 0.030285493749999996 0.5306712958333333 0.02449845625 0.5384837958333333 0.023919753125000002 0.5425347229166667 0.023919753125000002 0.5532407416666667 0.02642746875 0.5598958333333334 0.0271990734375 0.5604745375 0.0279706796875 0.5677083333333334 0.0291280859375 0.5714699083333333 0.0335648140625 0.5717592583333333 0.0362654328125 0.5694444437499999 0.0408950625 0.5694444437499999 0.0432098765625 0.5706018520833334 0.0451388890625 0.5743634249999999 0.0457175921875 0.5792824083333333 0.048225309375 0.5827546291666666 0.048418209375 0.5844907416666667 0.050347221875 0.5862268520833334 0.05729166718749999 0.5862268520833334 0.06057098749999999 0.5839120375 0.06770833281250001 0.5824652770833333 0.0706018515625 0.5795717583333333 0.077739196875 0.57523148125 0.08101851875 0.5778356479166666 0.08506944375 0.58304398125 0.0887345671875 0.58101851875 0.0891203703125 0.5798611104166667 0.0916280859375 0.5778356479166666 0.094135803125 0.5700231479166666 0.094135803125 0.5561342583333333 0.09297839531249999 0.54976851875 0.092399690625 0.5491898145833333 0.092206790625 0.5457175916666667 0.0895061734375 0.5381944437499999 0.0877700625 0.53616898125 0.086419753125 0.5326967583333333 0.0875771609375 0.5222800916666667 0.0891203703125 0.5182291666666666 0.0914351859375 0.5159143520833334 0.09297839531249999 0.5162037041666667 0.0949074078125 0.5182291666666666 0.0978009265625 0.5277777770833334 0.0997299375 0.53038194375 0.10165895 0.5358796291666666 0.10300925937500001 0.5379050916666667 0.105902778125 0.5393518520833334 0.108989196875 0.5431134249999999 0.11689814843749999 0.54398148125 0.11709105 0.5448495375 0.1207561734375 0.5457175916666667 0.12345679062499999 0.5477430562500001 0.13348765468749998 0.5512152770833333 0.136188271875 0.54976851875 0.1375385796875 0.546875 0.13811728437499998 0.54398148125 0.13811728437499998 0.5379050916666667 0.1373456796875 0.53211805625 0.13811728437499998 0.5295138895833333 0.140046296875 0.5269097229166666 0.140239196875 0.5208333333333334 0.13811728437499998 0.5133101854166667 0.1369598765625 0.5043402770833334 0.13966049375 0.5005787041666667 0.14081790156250001 0.4976851854166667 0.140239196875 0.4973958333333333 0.1369598765625 0.4861111104166667 0.136188271875 0.48553240833333333 0.134259259375 0.47974537083333335 0.13271605 0.47800925833333335 0.12885802500000001 0.47019675833333335 0.1261574078125 0.46817129583333333 0.120563271875 0.46672453750000004 0.11516203750000001 0.4670138895833333 0.109375 0.46875 0.10628857968750001 0.4664351854166667 0.10435956718749999 0.46383101875 0.10300925937500001 0.45891203750000004 0.10262345625 0.45630787083333335 0.104938271875 0.4505208333333333 0.109375 0.44589120416666667 0.112847221875 0.4453125 0.11439043281250001 0.44415509166666667 0.119598765625 0.43778935208333336 0.125385803125 0.42650462916666665 0.1269290125 0.42534722291666666 0.1271219140625 0.42245370416666667 0.1269290125 0.42042824166666665 0.1242283953125 0.41724537083333335 0.12114197499999999 0.41550925833333335 0.1207561734375 0.4140625 0.11824845625 0.41116898125 0.11766975312500001 0.40914351875 0.11631944375 0.4079861104166667 0.1136188265625 0.402199075 0.106867284375 0.39496527708333334 0.098186728125 0.39496527708333334 0.0935570984375 0.3967013895833333 0.09124228437500001 0.39901620416666667 0.0877700625 0.40046296249999996 0.079668209375 0.4079861104166667 0.0769675921875 0.41290509166666667 0.0769675921875 0.43547453750000004 0.07561728437500001 0.4401041666666667 0.07233796249999999 0.44502314791666664 0.0721450625 0.4470486104166667 0.07137345625 0.4479166666666667 0.07021605 0.44733796249999996 0.06905864218749999 0.4435763895833333 0.06905864218749999 0.43952546249999996 0.0684799375 0.4392361104166667 0.0684799375 0.43547453750000004 0.06905864218749999 0.4348958333333333 0.0696373453125 0.3984375 0.06905864218749999 0.39496527708333334 0.06539351875 0.390625 0.06442901250000001 0.3880208333333333 0.061149690624999996 0.38599537083333335 0.0592206796875 0.386574075 0.0574845671875 0.390625 0.0543981484375 0.3923611104166667 0.05208333281250001 0.39496527708333334 0.048225309375 0.3967013895833333 0.0451388890625 0.39959490833333333 0.0428240734375 0.40306712916666665 0.03915895 0.40509259166666667 0.03607253125 0.4079861104166667 0.0260416671875 0.41087962916666665 0.023919753125000002 0.41290509166666667 0.02256944375 0.41464120416666667 0.02256944375 0.41898148125 0.0250771609375 0.42274305624999997 0.025848765625 0.42621527708333334 0.027006173437499996 0.42650462916666665 0.027777778125000003 0.4279513895833333 0.028935185937500003 0.4320023145833333 0.034143518750000004 0.43807870416666667 0.0383873453125 0.44444444375000003 0.03915895 0.44849537083333335 0.0397376546875 0.44878472291666666 0.0397376546875 0.45659722291666666 0.036651234375 0.46151620416666667 0.031635803125 0.4664351854166667 0.0295138890625 0.46788194375000003 0.02449845625 0.46875 0.021604937499999997 0.47077546249999996 0.018711420312499998 0.4710648145833333 0.017168209375 0.472511575 0.0163966046875 0.47453703750000004 0.015239196875 0.47540509166666667 0.013117284375 0.48466435208333336 0.013117284375 0.48726851875 0.0125385796875 0.48755787083333335 0.0123456796875 0.49508101875 0.0133101859375 0.4973958333333333 0.019483025 0.49855324166666665 0.02237654375 0.50289351875
0 0.285686728125 0.12905092499999998 0.2862654328125 0.13628472291666668 0.285108025 0.14004629583333333 0.2853009265625 0.144386575 0.2862654328125 0.14814814791666667 0.2878086421875 0.14959490833333333 0.28915894999999997 0.1542245375 0.2903163578125 0.15538194375 0.2918595671875 0.15914351875000002 0.292438271875 0.16261574166666665 0.2926311734375 0.17881944375 0.29340277812500004 0.18258101875000002 0.29648919687499997 0.18836805625 0.29783950625 0.18778935208333333 0.3009259265625 0.18229166666666666 0.3005401234375 0.17332175833333335 0.30169753125 0.15914351875000002 0.30381944375000003 0.15682870416666667 0.3088348765625 0.15682870416666667 0.31114969062500003 0.15914351875000002 0.311921296875 0.16261574166666665 0.31153549375 0.17013888958333334 0.3092206796875 0.17476851875000002 0.30902777812500004 0.17824074166666665 0.3084490734375 0.17881944375 0.3084490734375 0.18836805625 0.30902777812500004 0.18865740833333333 0.3092206796875 0.19791666666666666 0.3103780859375 0.20283564791666667 0.3136574078125 0.20486111041666666 0.3180941359375 0.20457175833333335 0.3221450625 0.20746527708333332 0.3231095671875 0.2089120375 0.3244598765625 0.21556712916666668 0.32773919687499997 0.22135416666666666 0.3321759265625 0.2207754625 0.3323688265625 0.21990740833333333 0.334490740625 0.21875 0.3377700625 0.21817129583333333 0.34510030937499997 0.22019675833333335 0.3522376546875 0.21961805625 0.3532021609375 0.21846064791666667 0.3543595671875 0.21585648124999998 0.3541666671875 0.20746527708333332 0.3518518515625 0.19502314791666667 0.35455246875 0.19097222291666668 0.36033950625 0.18923611041666666 0.36072530937499997 0.18518518541666668 0.3595679015625 0.183449075 0.3595679015625 0.18142361041666666 0.35783179062500003 0.17737268541666668 0.356867284375 0.17129629583333333 0.353973765625 0.16348379583333333 0.3508873453125 0.16087962916666668 0.3503086421875 0.15943287083333332 0.3454861109375 0.15625 0.3435570984375 0.15393518541666668 0.3377700625 0.152199075 0.3339120375 0.14728009166666667 0.33294753125 0.14409722291666668 0.33294753125 0.13831018541666668 0.33506944375000003 0.1310763895833333 0.33506944375000003 0.12615740833333333 0.3341049375 0.125 0.3337191359375 0.12181712916666668 0.3331404328125 0.121238425 0.33294753125 0.1151620375 0.32851080312500003 0.10879629583333333 0.3283179015625 0.10677083333333333 0.32658179062500003 0.10271990833333335 0.3279320984375 0.10069444375 0.33101851875 0.09982638958333333 0.33294753125 0.09693287083333332 0.3331404328125 0.09548611041666667 0.3304398140625 0.09375 0.325617284375 0.08622685208333333 0.325617284375 0.08420138958333333 0.3244598765625 0.08043981458333334 0.3209876546875 0.08043981458333334 0.3177083328125 0.081886575 0.3157793203125 0.0859375 0.3136574078125 0.08825231458333334 0.3136574078125 0.089988425 0.313078703125 0.09027777708333334 0.31288580312500003 0.09982638958333333 0.31095679062500003 0.1035879625 0.3065200625 0.105324075 0.3043981484375 0.10850694375 0.300733025 0.11168981458333334 0.2945601859375 0.10619212916666668 0.2912808640625 0.1015625 0.2883873453125 0.10011574166666667 0.2864583328125 0.097511575 0.2829861109375 0.09722222291666666 0.2791280859375 0.10387731458333334 0.2779706796875 0.11226851875 0.27777777812500004 0.12065972291666666 0.2791280859375 0.12413194375 0.28279320937499997 0.125 0.285686728125 0.12905092499999998
0 0.4708719140625 0 0.4708719140625 0.0020254625 0.4699074078125 0.003761575 0.46932870312499997 0.009259258333333333 0.4699074078125 0.009548610416666665 0.47010030937499997 0.011574075 0.47241512343750003 0.013020833333333334 0.472608025 0.013888889583333335 0.47608024687499995 0.015335647916666667 0.47858796249999996 0.019675925 0.48090277812500004 0.02112268541666667 0.4864969140625 0.02893518541666667 0.4864969140625 0.03211805625 0.48476080312500003 0.03414351875 0.48398919687499997 0.036458333333333336 0.485918209375 0.0390625 0.485918209375 0.04021990833333333 0.48206018593750005 0.04629629583333333 0.48128857968750005 0.0526620375 0.481867284375 0.052951389583333335 0.48206018593750005 0.05700231458333334 0.484375 0.06163194375 0.48476080312500003 0.06394675833333334 0.4924768515625 0.0723379625 0.49980709843750004 0.07523148125 0.5 0.0760995375 0.5057870375 0.0760995375 0.506365740625 0.07494212916666668 0.5123456796875 0.07175925833333333 0.51466049375 0.06915509166666665 0.5187114203125 0.06799768541666666 0.5227623453125 0.0682870375 0.524884259375 0.06973379583333333 0.529899690625 0.07638888958333333 0.5324074078125001 0.07841435208333333 0.5397376546875 0.08159722291666666 0.5470679015625 0.08043981458333334 0.5495756171874999 0.07899305625 0.554205246875 0.07928240833333335 0.5588348765625 0.08506944375 0.5603780859375 0.08825231458333334 0.566936728125 0.09143518541666666 0.5812114203125 0.089699075 0.581597221875 0.08883101875 0.5856481484375 0.08825231458333334 0.58584105 0.08738425833333333 0.5883487656249999 0.0859375 0.5883487656249999 0.082175925 0.5866126546875 0.08043981458333334 0.5856481484375 0.07783564791666667 0.581597221875 0.07494212916666668 0.5769675921874999 0.07552083333333333 0.576774690625 0.07638888958333333 0.5754243828125001 0.07667824166666667 0.5706018515625 0.07638888958333333 0.57040895 0.07552083333333333 0.5671296296875 0.074074075 0.561921296875 0.07349537083333332 0.5584490734374999 0.07204861041666667 0.5578703703125 0.07089120416666667 0.563078703125 0.06799768541666666 0.5636574078125001 0.06568287083333334 0.5644290125 0.06510416666666667 0.5644290125 0.06163194375 0.562885803125 0.05960648125 0.5623070984375 0.0567129625 0.5644290125 0.0546875 0.5646219140625 0.052951389583333335 0.5657793203125 0.05121527708333333 0.5675154328125 0.050636574999999996 0.5709876546875 0.04745370416666667 0.5744598765625 0.04629629583333333 0.5763888890625 0.04340277708333333 0.574652778125 0.03790509166666667 0.5729166671875 0.036458333333333336 0.5709876546875 0.032986110416666665 0.56925154375 0.03211805625 0.5680941359375 0.029513889583333335 0.5657793203125 0.02835648125 0.5644290125 0.025173610416666665 0.5632716046875 0.024305556250000002 0.55960648125 0.022858795833333334 0.5518904328125 0.025462962500000002 0.5470679015625 0.029803241666666664 0.5461033953125 0.03211805625 0.543016975 0.035300925000000004 0.5414737656249999 0.03877314791666667 0.5397376546875 0.03964120416666667 0.5370370375 0.04600694375 0.53607253125 0.04600694375 0.535108025 0.04224537083333334 0.5333719140625 0.04021990833333333 0.5331790125 0.03877314791666667 0.5258487656249999 0.029513889583333335 0.52334105 0.028067129166666666 0.51658950625 0.021412037499999998 0.5071373453125 0.018229166666666668 0.5065586421875 0.017071758333333336 0.4978780859375 0.010416666666666666 0.494598765625 0.005208333333333333 0.49131944375 0.002314814583333333 0.4832175921875 0.0031828708333333333 0.48090277812500004 0.0020254625 0.48070987656249997 0 0.4708719140625 0
0 0.121527778125 0.30005787083333335 0.121527778125 0.31394675833333335 0.1228780859375 0.3177083333333333 0.12982253125 0.32060185208333336 0.1309799375 0.32233796249999996 0.13213734531250002 0.3255208333333333 0.13213734531250002 0.32783564791666664 0.13271605 0.328125 0.13348765468749998 0.34172453750000004 0.1363811734375 0.3489583333333333 0.1385030859375 0.35098379583333333 0.13908179062499998 0.35300925833333335 0.141975309375 0.35648148125 0.1437114203125 0.35995370416666667 0.1467978390625 0.3619791666666667 0.150848765625 0.35995370416666667 0.1529706796875 0.35619212916666665 0.15470679062499998 0.35474537083333335 0.15644290156250001 0.35069444375000003 0.1593364203125 0.3489583333333333 0.1595293203125 0.34664351875 0.16010802500000001 0.3460648145833333 0.16010802500000001 0.3414351854166667 0.1581790125 0.33651620416666667 0.1581790125 0.33506944375000003 0.15277777812499999 0.324363425 0.150848765625 0.31828703750000004 0.1481481484375 0.31394675833333335 0.1481481484375 0.31192129583333333 0.1464120375 0.3070023145833333 0.1464120375 0.30324074166666665 0.1481481484375 0.29976851875 0.1481481484375 0.293113425 0.14544753125 0.28703703750000004 0.1446759265625 0.28240740833333333 0.14081790156250001 0.27777777708333334 0.13348765468749998 0.2760416666666667 0.13213734531250002 0.27690972291666666 0.1292438265625 0.28327546249999996 0.12673611093749998 0.28414351875 0.1228780859375 0.2835648145833333 0.121527778125 0.28472222291666666 0.1207561734375 0.28616898125 0.12210648125000001 0.2890625 0.1222993828125 0.29195601875 0.121527778125 0.30005787083333335
0 0.202739196875 0.2682291666666667 0.20447530937499997 0.26620370416666667 0.2058256171875 0.26128472291666666 0.211419753125 0.25925925833333335 0.211419753125 0.2554976854166667 0.2081404328125 0.254050925 0.2054398140625 0.254050925 0.202739196875 0.25723379583333333 0.202739196875 0.26273148125 0.2019675921875 0.26533564791666664 0.20254629687499998 0.265625 0.202739196875 0.2682291666666667
0 0.1296296296875 0.234375 0.1302083328125 0.23466435208333333 0.1300154328125 0.23408564791666667 0.1296296296875 0.234375
0 0.5530478390625 0.32725694375000003 0.5530478390625 0.32841435208333336 0.5543981484375 0.32841435208333336 0.5538194437499999 0.32667824166666665 0.5530478390625 0.32725694375000003
0 0.6022376546875 0.13020833333333334 0.60165895 0.13136574166666667 0.60165895 0.13425925833333335 0.6022376546875 0.13454861041666666 0.6022376546875 0.13020833333333334
0 0.6057098765625 0.12818287083333332 0.606867284375 0.12355324166666667 0.6095679015625 0.120949075 0.61033950625 0.11892361041666667 0.61033950625 0.11631944375 0.6095679015625 0.11487268541666666 0.606867284375 0.11458333333333333 0.60262345625 0.11255787083333332 0.6022376546875 0.113425925 0.6043595671875 0.11400462916666668 0.6043595671875 0.1270254625 0.6057098765625 0.12818287083333332
0 0.55169753125 0.15306712916666668 0.559992284375 0.15509259166666667 0.5613425921874999 0.15653935208333333 0.5623070984375 0.15798611041666666 0.562885803125 0.16116898124999998 0.561149690625 0.16435185208333333 0.561921296875 0.17100694375 0.563850309375 0.17534722291666668 0.5661651234375 0.17708333333333334 0.57021605 0.18258101875000002 0.57040895 0.18518518541666668 0.5709876546875 0.1854745375 0.5711805562500001 0.18807870416666667 0.5723379625 0.19068287083333332 0.5723379625 0.1932870375 0.5729166671875 0.19357638958333334 0.573688271875 0.20225694375 0.5750385796875 0.20949074166666665 0.575617284375 0.21006944375 0.575617284375 0.22685185208333333 0.5763888890625 0.22916666666666666 0.577739196875 0.230613425 0.5875771609375 0.2323495375 0.6109182093750001 0.2323495375 0.6105324078125001 0.23668981458333332 0.5875771609375 0.238425925 0.58101851875 0.24074074166666665 0.5802469140625 0.25925925833333335 0.5812114203125 0.26996527708333334 0.5823688265625 0.2734375 0.5837191359375 0.2757523145833333 0.5891203703125 0.28067129583333333 0.5916280859375 0.28587962916666665 0.5968364203125 0.28877314791666664 0.5970293203125 0.28964120416666667 0.6022376546875 0.293113425 0.6057098765625 0.2916666666666667 0.6095679015625 0.28211805624999997 0.610725309375 0.27546296249999996 0.6134259265625001 0.26851851875 0.6143904328125 0.26128472291666666 0.6149691359375 0.26099537083333335 0.6153549375 0.25839120416666667 0.617669753125 0.2552083333333333 0.6184413578125 0.25173611041666666 0.6188271609375 0.23929398124999998 0.620563271875 0.23900462916666668 0.62210648125 0.24074074166666665 0.623649690625 0.24450231458333332 0.6261574078125001 0.245949075 0.6296296296875 0.24450231458333332 0.6302083328125 0.24160879583333333 0.6300154328125 0.23784722291666668 0.6269290125 0.22887731458333332 0.624614196875 0.22627314791666667 0.6234567906249999 0.22337962916666668 0.6207561734375 0.21961805625 0.61709105 0.206886575 0.6168981484375 0.20196759166666667 0.6163194437499999 0.20138888958333334 0.6163194437499999 0.1895254625 0.6168981484375 0.18894675833333335 0.61709105 0.18576388958333334 0.62017746875 0.17939814791666667 0.6203703703125 0.17708333333333334 0.6195987656249999 0.16840277708333332 0.61824845625 0.16550925833333335 0.617669753125 0.16232638958333334 0.6163194437499999 0.15943287083333332 0.610725309375 0.15393518541666668 0.6043595671875 0.152199075 0.6041666671875 0.15133101875000002 0.6008873453125 0.15133101875000002 0.6006944437499999 0.152199075 0.5989583328125 0.15277777708333332 0.59664351875 0.15769675833333335 0.59375 0.15769675833333335 0.5910493828125001 0.1542245375 0.589891975 0.14988425833333335 0.5875771609375 0.14756944375 0.5868055562500001 0.144386575 0.5839120375 0.140625 0.5837191359375 0.13917824166666665 0.58101851875 0.13541666666666666 0.579475309375 0.13165509166666667 0.5721450625 0.12615740833333333 0.5719521609375 0.12471064791666667 0.5690586421875 0.11979166666666667 0.5682870375 0.11284722291666666 0.5640432093750001 0.10648148125 0.5584490734374999 0.105613425 0.5530478390625 0.10879629583333333 0.55169753125 0.11631944375 0.5499614203125 0.11950231458333334 0.54783950625 0.12991898125 0.5484182093750001 0.14930555625 0.5489969140625 0.14959490833333333 0.5489969140625 0.15075231458333332 0.55169753125 0.15306712916666668
0 0.537615740625 0.06770833333333333 0.53915895 0.06915509166666665 0.5416666671875 0.06973379583333333 0.5432098765625 0.07175925833333333 0.5543981484375 0.0723379625 0.5570987656249999 0.07175925833333333 0.5572916671875 0.07089120416666667 0.5623070984375 0.06915509166666665 0.563850309375 0.06770833333333333 0.5646219140625 0.06307870416666667 0.5644290125 0.06018518541666666 0.563078703125 0.058449074999999996 0.563078703125 0.05613425833333333 0.5644290125 0.05526620416666667 0.5661651234375 0.05150462916666666 0.5677083328125 0.05121527708333333 0.5706018515625 0.04832175833333333 0.5754243828125001 0.04629629583333333 0.5765817906249999 0.043113425000000004 0.57523148125 0.03819444375 0.571759259375 0.0332754625 0.5657793203125 0.027488425 0.5644290125 0.024305556250000002 0.561149690625 0.022569443749999998 0.5609567906249999 0.021701389583333335 0.5570987656249999 0.021701389583333335 0.5569058640625 0.022569443749999998 0.550347221875 0.025462962500000002 0.5489969140625 0.027488425 0.5470679015625 0.028645833333333332 0.543016975 0.033854166666666664 0.5414737656249999 0.03761574166666667 0.53896605 0.03964120416666667 0.5372299375 0.04340277708333333 0.5370370375 0.04629629583333333 0.5372299375 0.059895833333333336 0.5364583328125 0.06423611041666667 0.5370370375 0.06452546249999999 0.537615740625 0.06770833333333333
0 0.2760416671875 0.6177662041666667 0.2810570984375 0.61429398125 0.2862654328125 0.6128472229166667 0.30574845625 0.6125578708333334 0.3043981484375 0.6012731479166666 0.30381944375000003 0.6006944437499999 0.30362654375 0.5954861104166667 0.3024691359375 0.59375 0.2991898140625 0.5923032416666667 0.296875 0.5896990750000001 0.2945601859375 0.5844907416666667 0.294367284375 0.5818865750000001 0.29340277812500004 0.58101851875 0.28915894999999997 0.5824652770833333 0.283757715625 0.5879629625 0.2824074078125 0.5914351854166667 0.2824074078125 0.5989583333333334 0.281828703125 0.5992476854166667 0.28125 0.6030092583333333 0.276813271875 0.6087962958333333 0.2717978390625 0.6116898145833333 0.2712191359375 0.6128472229166667 0.2714120375 0.6166087958333333 0.27237654375 0.6180555562500001 0.2760416671875 0.6177662041666667
0 0.06828703750000001 0.31828703750000004 0.0696373453125 0.32378472291666666 0.07040895 0.33449074166666665 0.0709876546875 0.33506944375000003 0.0709876546875 0.34953703750000004 0.07233796249999999 0.355613425 0.0744598765625 0.35648148125 0.07561728437500001 0.35474537083333335 0.07908950625 0.35300925833333335 0.08005401250000001 0.35098379583333333 0.08294753125 0.3492476854166667 0.08487654375 0.34664351875 0.092206790625 0.3420138895833333 0.0949074078125 0.33940972291666666 0.10030864218749999 0.331886575 0.10300925937500001 0.32378472291666666 0.1037808640625 0.30381944375000003 0.10435956718749999 0.2986111104166667 0.104938271875 0.29803240833333333 0.104938271875 0.29224537083333335 0.1057098765625 0.28877314791666664 0.1041666671875 0.28472222291666666 0.10243055625 0.28414351875 0.0979938265625 0.27922453750000004 0.09452160468750001 0.27835648125 0.08101851875 0.2789351854166667 0.0779320984375 0.28038194375000003 0.0750385796875 0.28443287083333335 0.0748456796875 0.28616898125 0.07233796249999999 0.28964120416666667 0.0721450625 0.29108796249999996 0.0696373453125 0.29398148125 0.06828703750000001 0.300636575 0.0671296296875 0.30266203750000004 0.0665509265625 0.30671296249999996 0.0671296296875 0.31394675833333335 0.06770833281250001 0.3179976854166667 0.06828703750000001 0.31828703750000004
0 0.09895833281250001 0.2708333333333333 0.10165895 0.26851851875 0.1051311734375 0.2673611104166667 0.1095679015625 0.26909722291666666 0.112847221875 0.26533564791666664 0.11226851874999999 0.26128472291666666 0.1111111109375 0.25839120416666667 0.106867284375 0.25694444375 0.0970293203125 0.25665509166666667 0.09297839531249999 0.25752314791666664 0.0881558640625 0.26128472291666666 0.0877700625 0.26620370416666667 0.088348765625 0.26909722291666666 0.09297839531249999 0.2708333333333333 0.09895833281250001 0.2708333333333333
0 0.0731095671875 0.22771990833333333 0.07561728437500001 0.23119212916666668 0.0758101859375 0.23321759166666667 0.0769675921875 0.23495370416666667 0.0779320984375 0.23871527708333332 0.0792824078125 0.23900462916666668 0.081597221875 0.24276620416666667 0.0827546296875 0.24334490833333333 0.0842978390625 0.24768518541666668 0.086419753125 0.25115740833333333 0.093171296875 0.25289351875 0.1091820984375 0.25173611041666666 0.1149691359375 0.24826388958333334 0.11689814843749999 0.24450231458333332 0.11689814843749999 0.23871527708333332 0.1149691359375 0.23466435208333333 0.10783179062499999 0.22800925833333335 0.1076388890625 0.22569444375 0.106867284375 0.22511574166666665 0.1057098765625 0.22048611041666666 0.1057098765625 0.21383101875000002 0.1051311734375 0.21325231458333332 0.1033950625 0.20370370416666667 0.10185185156250001 0.199363425 0.0916280859375 0.18692129583333333 0.0887345671875 0.18518518541666668 0.085455246875 0.18663194375 0.08294753125 0.191550925 0.081597221875 0.19270833333333334 0.07986111093750001 0.19675925833333335 0.0779320984375 0.19762731458333332 0.0738811734375 0.20225694375 0.06925154375 0.20920138958333334 0.068865740625 0.21151620416666667 0.06770833281250001 0.2129629625 0.0671296296875 0.2167245375 0.06905864218749999 0.2207754625 0.07291666718749999 0.22569444375 0.0731095671875 0.22771990833333333
0 0.0744598765625 0.6976273145833333 0.074266975 0.7010995375 0.0748456796875 0.7034143520833334 0.0750385796875 0.6984953708333334 0.0744598765625 0.6976273145833333
0 0.0725308640625 0.6941550916666667 0.07291666718749999 0.6915509249999999 0.0709876546875 0.69039351875 0.07040895 0.69241898125 0.0709876546875 0.6927083333333334 0.07137345625 0.6950231479166666 0.0725308640625 0.6941550916666667
0 0.025270062500000003 0.6822916666666666 0.032793209375 0.6843171291666666 0.033757715625000004 0.6854745375 0.033757715625000004 0.6880787041666667 0.0343364203125 0.6883680562500001 0.0333719140625 0.6921296291666666 0.033757715625000004 0.6967592583333333 0.0349151234375 0.6993634249999999 0.0343364203125 0.70601851875 0.031828703125 0.7089120375 0.0314429015625 0.7106481479166666 0.0271990734375 0.7135416666666666 0.0271990734375 0.7199074083333333 0.028935185937500003 0.7219328708333334 0.0291280859375 0.7242476854166667 0.030864196875 0.7256944437499999 0.032600309375 0.7288773145833333 0.0387731484375 0.7297453708333334 0.040509259375 0.72945601875 0.0432098765625 0.7271412041666667 0.046489196875 0.7213541666666666 0.050540123437499994 0.7213541666666666 0.0565200625 0.7297453708333334 0.058834876562500006 0.7309027770833333 0.061149690624999996 0.7340856479166666 0.062114196875000006 0.734375 0.06500771562499999 0.7418981479166666 0.06770833281250001 0.7462384249999999 0.0696373453125 0.7479745375 0.0696373453125 0.7511574083333333 0.07021605 0.7514467583333333 0.07021605 0.75289351875 0.0696373453125 0.7531828708333334 0.07021605 0.7578125 0.0696373453125 0.7581018520833334 0.06905864218749999 0.76851851875 0.0696373453125 0.7725694437499999 0.07040895 0.7731481479166666 0.07118055625 0.7760416666666666 0.072723765625 0.7771990750000001 0.07619598749999999 0.7826967583333333 0.077739196875 0.7902199083333333 0.079668209375 0.7922453708333334 0.0812114203125 0.7965856479166666 0.0841049375 0.7977430562500001 0.08506944375 0.8003472229166667 0.08796296249999999 0.80179398125 0.08854166718749999 0.8032407416666667 0.0906635796875 0.8046875 0.0916280859375 0.8070023145833333 0.09567901250000001 0.8058449083333333 0.0968364203125 0.80179398125 0.0987654328125 0.8000578708333334 0.09953703750000001 0.7971643520833334 0.0997299375 0.7786458333333334 0.0970293203125 0.7722800916666667 0.097608025 0.7711226854166667 0.097608025 0.7662037041666667 0.09895833281250001 0.7635995375 0.09895833281250001 0.76070601875 0.097608025 0.7589699083333333 0.097608025 0.7578125 0.099151234375 0.7563657416666667 0.10262345625 0.7563657416666667 0.104938271875 0.7589699083333333 0.1060956796875 0.7592592583333333 0.1076388890625 0.75289351875 0.1095679015625 0.7502893520833334 0.1095679015625 0.7482638895833333 0.11033950625 0.7476851854166667 0.11033950625 0.7433449083333333 0.1095679015625 0.7421875 0.1095679015625 0.7401620375 0.1076388890625 0.7378472229166667 0.106867284375 0.7335069437499999 0.10435956718749999 0.7285879625 0.10300925937500001 0.72366898125 0.10300925937500001 0.7193287041666667 0.10243055625 0.71875 0.10223765468749998 0.7164351854166667 0.0997299375 0.7109375 0.09953703750000001 0.7092013895833333 0.097608025 0.7065972229166667 0.0935570984375 0.6956018520833334 0.09567901250000001 0.6927083333333334 0.09567901250000001 0.6908275458333333 0.0949074078125 0.6892361104166667 0.0978009265625 0.6851851854166667 0.09895833281250001 0.6854745375 0.0997299375 0.6808449083333333 0.10088734531250002 0.6788194437499999 0.10030864218749999 0.6756365750000001 0.0974151234375 0.6741898145833333 0.09567901250000001 0.6710069437499999 0.08854166718749999 0.66898148125 0.0856481484375 0.6663773145833333 0.0842978390625 0.6666666666666666 0.081983025 0.6698495375 0.079668209375 0.6710069437499999 0.077739196875 0.67476851875 0.0734953703125 0.6750578708333334 0.0709876546875 0.6773726854166667 0.06770833281250001 0.6765046291666666 0.0671296296875 0.6750578708333334 0.06770833281250001 0.6736111104166667 0.06905864218749999 0.6727430562500001 0.06905864218749999 0.6710069437499999 0.069830246875 0.6698495375 0.07291666718749999 0.6686921291666666 0.072723765625 0.6672453708333334 0.0709876546875 0.6666666666666666 0.0667438265625 0.6701388895833333 0.063850309375 0.6707175916666667 0.0625 0.671875 0.061921296875 0.6762152770833333 0.0623070984375 0.6785300916666667 0.06346450625 0.6793981479166666 0.0636574078125 0.6805555562500001 0.07021605 0.6805555562500001 0.073688271875 0.68460648125 0.0744598765625 0.6889467583333333 0.079668209375 0.6938657416666667 0.08294753125 0.6956018520833334 0.08294753125 0.6964699083333333 0.0812114203125 0.6984953708333334 0.081597221875 0.7019675916666667 0.08680555625 0.7115162041666667 0.08699845625 0.7132523145833333 0.08506944375 0.7164351854166667 0.08487654375 0.7199074083333333 0.0842978390625 0.7201967583333333 0.0837191359375 0.7239583333333334 0.08294753125 0.7251157416666667 0.0812114203125 0.7254050916666667 0.079668209375 0.7222222229166667 0.077546296875 0.7201967583333333 0.07638888906249999 0.7173032416666667 0.073688271875 0.7146990750000001 0.07291666718749999 0.7118055562500001 0.06925154375 0.7077546291666666 0.0680941359375 0.7054398145833333 0.063078703125 0.7028356479166666 0.055555556250000006 0.7010995375 0.0540123453125 0.6996527770833333 0.0491898140625 0.6984953708333334 0.0476466046875 0.6973379625 0.0441743828125 0.6915509249999999 0.0432098765625 0.6863425916666667 0.042438271875 0.6854745375 0.042438271875 0.6837384249999999 0.040509259375 0.6779513895833333 0.036651234375 0.67476851875 0.0331790125 0.6698495375 0.0293209875 0.6663773145833333 0.0256558640625 0.6666666666666666 0.02449845625 0.6678240750000001 0.023919753125000002 0.6715856479166666 0.02256944375 0.6750578708333334 0.02256944375 0.6791087958333333 0.025270062500000003 0.6822916666666666
0 0.10223765468749998 0.6727430562500001 0.10223765468749998 0.6698495375 0.10069444375 0.6698495375 0.10108024687499999 0.6678240750000001 0.099151234375 0.6660879625 0.09895833281250001 0.6640625 0.0974151234375 0.6646412041666667 0.0970293203125 0.66898148125 0.10146605 0.6707175916666667 0.10165895 0.6727430562500001 0.10223765468749998 0.6727430562500001
0 0.095100309375 0.6576967583333333 0.09375 0.6594328708333334 0.09375 0.6620370375 0.09567901250000001 0.6626157416666667 0.09567901250000001 0.6582754625 0.095100309375 0.6576967583333333
0 0.090277778125 0.6495949083333333 0.088348765625 0.6469907416666667 0.0877700625 0.6493055562500001 0.0875771609375 0.6536458333333334 0.0887345671875 0.6568287041666667 0.090277778125 0.6539351854166667 0.090277778125 0.6495949083333333
0 0.09567901250000001 0.6429398145833333 0.09625771562499999 0.6403356479166666 0.09567901250000001 0.6394675916666667 0.09297839531249999 0.6394675916666667 0.092399690625 0.6397569437499999 0.09278549375 0.6414930562500001 0.094328703125 0.6429398145833333 0.09567901250000001 0.6429398145833333
0 0.0802469140625 0.6302083333333334 0.08506944375 0.6310763895833333 0.0856481484375 0.62991898125 0.0802469140625 0.6302083333333334
0 0.8861882718749999 0 0.8854166671874999 0.009259258333333333 0.8848379625 0.009548610416666665 0.884259259375 0.019675925 0.8867669749999999 0.029224537499999998 0.8834876546875 0.03240740833333333 0.876350309375 0.03153935208333333 0.8707561734375 0.04050925833333333 0.8616898140625 0.04716435208333333 0.8597608031249999 0.05179398125 0.8595679015625001 0.058449074999999996 0.860725309375 0.06481481458333334 0.8676697531249999 0.06915509166666665 0.8699845671875 0.06973379583333333 0.8707561734375 0.07089120416666667 0.8709490734375 0.0760995375 0.87017746875 0.07754629583333333 0.869598765625 0.08333333333333333 0.8697916671874999 0.0917245375 0.8709490734375 0.0957754625 0.8738425921875 0.09722222291666666 0.8761574078125 0.10127314791666667 0.877507715625 0.10966435208333333 0.8780864203125001 0.10995370416666667 0.8782793203124999 0.113425925 0.8800154328125 0.11892361041666667 0.8802083328125001 0.12210648125 0.8817515437500001 0.12355324166666667 0.8821373453125 0.12644675833333333 0.8832947531249999 0.1270254625 0.8834876546875 0.12818287083333332 0.8873456796875001 0.1270254625 0.8875385796874999 0.12528935208333333 0.8886959875 0.12384259166666665 0.8937114203125001 0.12384259166666665 0.896026234375 0.120949075 0.9002700625 0.1192129625 0.9043209875 0.1192129625 0.9070216046875 0.11660879583333333 0.9093364203125001 0.11255787083333332 0.9103009265625 0.10706018541666666 0.9112654328125 0.10590277708333334 0.9122299375 0.10040509166666665 0.9128086421875 0.09982638958333333 0.9135802468750001 0.0917245375 0.9130015437500001 0.08449074166666667 0.915509259375 0.0760995375 0.9168595671875 0.06684027708333334 0.9182098765625 0.06336805625 0.9203317906249999 0.0604745375 0.923225309375 0.06018518541666666 0.9274691359375 0.06192129583333333 0.9288194437499999 0.06452546249999999 0.9317129625 0.06539351875 0.932098765625 0.06712962916666668 0.9319058640625 0.06568287083333334 0.93267746875 0.06597222291666667 0.934027778125 0.060763889583333335 0.9332561734375 0.05700231458333334 0.9313271609375 0.05439814791666667 0.9293981484374999 0.04745370416666667 0.9268904328125 0.04369212916666666 0.9259259265625 0.0390625 0.9239969140625 0.03674768541666666 0.9228395062500001 0.03125 0.9201388890625 0.025462962500000002 0.9176311734375 0.021990741666666664 0.915509259375 0.015046295833333334 0.9133873453125 0.011863425 0.9114583328125001 0.010706018749999999 0.9081790125 0.003761575 0.9054783953125 0.0014467583333333332 0.9054783953125 0 0.8861882718749999 0
0 0.399884259375 0.254050925 0.4045138890625 0.25723379583333333 0.40625 0.2601273145833333 0.40682870312499997 0.26273148125 0.4074074078125 0.2630208333333333 0.40760030937499997 0.26678240833333333 0.40760030937499997 0.2760416666666667 0.4074074078125 0.2786458333333333 0.40682870312499997 0.27922453750000004 0.40933642031249995 0.28038194375000003 0.4112654328125 0.2829861104166667 0.4147376546875 0.28182870416666667 0.4168595671875 0.2789351854166667 0.42206790156249996 0.2757523145833333 0.4239969140625 0.27256944375000003 0.42476851875 0.26880787083333335 0.42862654375 0.26533564791666664 0.42881944375 0.26273148125 0.4293981484375 0.26215277708333334 0.42862654375 0.24768518541666668 0.42669753125 0.2401620375 0.42418981406249995 0.23553240833333333 0.42129629687500003 0.22714120416666667 0.415509259375 0.222800925 0.4147376546875 0.222511575 0.4089506171875 0.2323495375 0.40567129687500003 0.23524305625 0.4035493828125 0.238425925 0.4002700625 0.24045138958333334 0.3991126546875 0.24305555625 0.3967978390625 0.2442129625 0.3958333328125 0.246238425 0.3929398140625 0.24826388958333334 0.3927469140625 0.25173611041666666 0.3937114203125 0.25347222291666666 0.39737654375 0.25289351875 0.399884259375 0.254050925
0 0.0329861109375 0.68460648125 0.033757715625000004 0.6854745375 0.033757715625000004 0.6880787041666667 0.0343364203125 0.6883680562500001 0.032600309375 0.6935763895833333 0.032600309375 0.6956018520833334 0.0349151234375 0.6993634249999999 0.0343364203125 0.7054398145833333 0.030864196875 0.7106481479166666 0.0271990734375 0.7120949083333333 0.0260416671875 0.71383101875 0.02642746875 0.71875 0.028549382812500003 0.7219328708333334 0.0291280859375 0.7245370375 0.0324074078125 0.72945601875 0.040702160937499995 0.7297453708333334 0.0432098765625 0.7277199083333333 0.046875 0.72164351875 0.0501543203125 0.7210648145833333 0.051311728125 0.72164351875 0.0518904328125 0.7233796291666666 0.055169753125 0.7268518520833334 0.0565200625 0.72945601875 0.059992284375 0.73148148125 0.060378085937500006 0.7326388895833333 0.062885803125 0.734375 0.0636574078125 0.7355324083333333 0.063850309375 0.7378472229166667 0.0661651234375 0.7395833333333334 0.0665509265625 0.7421875 0.06770833281250001 0.7445023145833333 0.071759259375 0.7465277770833333 0.074652778125 0.7447916666666666 0.0783179015625 0.7456597229166667 0.081597221875 0.7433449083333333 0.0823688265625 0.7381365750000001 0.081597221875 0.7311921291666666 0.079668209375 0.7282986104166667 0.07908950625 0.7256944437499999 0.07638888906249999 0.7225115750000001 0.0748456796875 0.7178819437499999 0.0731095671875 0.71585648125 0.0709876546875 0.7094907416666667 0.06770833281250001 0.7054398145833333 0.0636574078125 0.7028356479166666 0.058641975 0.7022569437499999 0.05169753125 0.6987847229166667 0.0486111109375 0.69820601875 0.0445601859375 0.6921296291666666 0.0432098765625 0.6854745375 0.042438271875 0.68460648125 0.042438271875 0.68258101875 0.040509259375 0.6776620375 0.0368441359375 0.67476851875 0.029706790625 0.6655092583333333 0.025848765625 0.6652199083333333 0.02334105 0.6678240750000001 0.0231481484375 0.671875 0.02237654375 0.6750578708333334 0.021797839062499998 0.6753472229166667 0.0214120375 0.6788194437499999 0.02334105 0.6814236104166667 0.027006173437499996 0.6840277770833333 0.0329861109375 0.68460648125
0 0.2619598765625 0 0.2619598765625 0.0017361104166666666 0.256365740625 0.0078125 0.252507715625 0.01475694375 0.2511574078125 0.019965277083333333 0.2511574078125 0.023148147916666664 0.250578703125 0.0234375 0.2511574078125 0.030092591666666668 0.2370756171875 0.04224537083333334 0.23572530937499997 0.04571759166666667 0.2332175921875 0.04918981458333334 0.23186728437499998 0.05410879583333333 0.2301311734375 0.05613425833333333 0.22743055625 0.06568287083333334 0.22743055625 0.07841435208333333 0.23109567968750003 0.081886575 0.24035493749999998 0.08304398125 0.243634259375 0.08449074166666667 0.2457561734375 0.08767361041666667 0.2459490734375 0.09230324166666667 0.2476851859375 0.09548611041666667 0.2478780859375 0.09895833333333333 0.25096450625 0.10127314791666667 0.2517361109375 0.10300925833333333 0.252507715625 0.10792824166666667 0.2530864203125 0.10821759166666665 0.2550154328125 0.11660879583333333 0.25790894999999997 0.11979166666666667 0.2613811734375 0.12152777708333334 0.2619598765625 0.12152777708333334 0.2638888890625 0.11747685208333333 0.2644675921875 0.11400462916666668 0.26716820937499997 0.11111111041666667 0.27256944375000003 0.11053240833333335 0.275848765625 0.10821759166666665 0.27777777812500004 0.1035879625 0.2779706796875 0.1015625 0.28260030937499997 0.09519675833333333 0.2868441359375 0.09461805625 0.293016975 0.1035879625 0.2951388890625 0.10474537083333332 0.2957175921875 0.10619212916666668 0.29976851875 0.10850694375 0.3024691359375 0.10763888958333333 0.305169753125 0.10416666666666667 0.3065200625 0.10098379583333333 0.30902777812500004 0.09866898125 0.30902777812500004 0.09722222291666666 0.3101851859375 0.09548611041666667 0.31114969062500003 0.08912037083333332 0.31172839531249996 0.08854166666666667 0.311921296875 0.08130787083333332 0.3136574078125 0.07870370416666667 0.3136574078125 0.07349537083333332 0.31095679062500003 0.06510416666666667 0.3092206796875 0.06221064791666667 0.30902777812500004 0.06018518541666666 0.30574845625 0.05526620416666667 0.305169753125 0.0526620375 0.2991898140625 0.0448495375 0.2951388890625 0.037326389583333335 0.2951388890625 0.0332754625 0.2945601859375 0.032986110416666665 0.2951388890625 0.025173610416666665 0.294367284375 0.024016204166666666 0.294367284375 0.011574075 0.2918595671875 0.0034722229166666663 0.28800154375 0.0020254625 0.2878086421875 0 0.2619598765625 0
0 0.96392746875 0.09548611041666667 0.965277778125 0.09722222291666666 0.9666280859375 0.10677083333333333 0.9677854937499999 0.10879629583333333 0.9685570984374999 0.113136575 0.9699074078125 0.11545138958333333 0.970100309375 0.11776620416666667 0.9720293203124999 0.12065972291666666 0.9737654328125 0.1270254625 0.9753086421875 0.12905092499999998 0.97665895 0.13310185208333333 0.9783950625 0.13512731458333332 0.9801311734375 0.13946759166666667 0.9832175921875 0.144386575 0.9839891968750001 0.14756944375 0.9859182093750001 0.14901620416666667 0.9886188265625 0.14930555625 0.9899691359375 0.14785879583333333 0.9899691359375 0.14670138958333334 0.9918981484374999 0.14351851875000002 0.99209105 0.13946759166666667 0.9926697531249999 0.13888888958333334 0.9938271609375 0.10966435208333333 0.9957561734375 0.10300925833333333 0.9959490734375 0.09895833333333333 0.9953703703125001 0.0957754625 0.98919753125 0.08564814791666667 0.9884259265625 0.07783564791666667 0.985725309375 0.066550925 0.9834104937499999 0.06394675833333334 0.9826388890625 0.06163194375 0.980902778125 0.060763889583333335 0.9793595671875 0.05758101875 0.9774305562500001 0.05613425833333333 0.9762731484374999 0.057291666666666664 0.9739583328125001 0.05758101875 0.9733796296874999 0.05902777708333333 0.971257715625 0.06018518541666666 0.9691358031249999 0.06307870416666667 0.967399690625 0.06770833333333333 0.9619984562499999 0.07783564791666667 0.9619984562499999 0.08825231458333334 0.9625771609375 0.08854166666666667 0.9625771609375 0.09143518541666666 0.96392746875 0.09548611041666667
0 0.09278549375 0.5480324083333333 0.09297839531249999 0.5506365750000001 0.094135803125 0.5529513895833333 0.094328703125 0.5581597229166667 0.0949074078125 0.5584490750000001 0.0949074078125 0.5642361104166667 0.094328703125 0.5645254625 0.094328703125 0.5708912041666667 0.0935570984375 0.5737847229166667 0.089313271875 0.5813078708333334 0.0856481484375 0.5842013895833333 0.08487654375 0.5885416666666666 0.0842978390625 0.58883101875 0.0842978390625 0.6128472229166667 0.0862268515625 0.6157407416666667 0.0875771609375 0.6212384249999999 0.0916280859375 0.6281828708333334 0.09548611093750001 0.62789351875 0.10011574062499999 0.6307870375 0.10532407343750001 0.6310763895833333 0.1095679015625 0.625 0.1140046296875 0.6296296291666666 0.11554783906249999 0.6331018520833334 0.11786265468749998 0.6331018520833334 0.11882716093750001 0.6281828708333334 0.119598765625 0.6273148145833333 0.1228780859375 0.6160300916666667 0.126350309375 0.6148726854166667 0.12750771562500002 0.6125578708333334 0.1269290125 0.6056134249999999 0.1248070984375 0.6001157416666667 0.1242283953125 0.5954861104166667 0.1232638890625 0.59375 0.1207561734375 0.5940393520833334 0.11824845625 0.5951967583333333 0.11631944375 0.5995370375 0.11439043281250001 0.59866898125 0.11516203750000001 0.5894097229166667 0.11631944375 0.5856481479166666 0.11631944375 0.5813078708333334 0.11689814843749999 0.5807291666666666 0.11689814843749999 0.5766782416666667 0.1136188265625 0.5691550916666667 0.112847221875 0.5688657416666667 0.1095679015625 0.5625 0.106867284375 0.5593171291666666 0.10300925937500001 0.5509259249999999 0.1033950625 0.5477430562500001 0.104938271875 0.5462962958333333 0.1057098765625 0.5428240750000001 0.1041666671875 0.5413773145833333 0.10300925937500001 0.5381944437499999 0.10050154375 0.5355902770833333 0.09895833281250001 0.5300925916666667 0.0970293203125 0.527488425 0.09567901250000001 0.5217013895833333 0.09471450625 0.52054398125 0.0916280859375 0.5188078708333334 0.08892746875 0.5208333333333334 0.0875771609375 0.5248842583333333 0.0875771609375 0.5335648145833333 0.088348765625 0.5364583333333334 0.090277778125 0.5393518520833334 0.09278549375 0.5480324083333333
0 0.48533950625 0.33275462916666665 0.484375 0.33246527708333334 0.48398919687499997 0.33564814791666664 0.48456790156249996 0.33680555624999997 0.485918209375 0.33449074166666665 0.48533950625 0.33275462916666665
0 0.48668981406249995 0.32783564791666664 0.48726851875 0.33101851875 0.4886188265625 0.33246527708333334 0.4918981484375 0.331886575 0.4934413578125 0.32870370416666667 0.4947916671875 0.32783564791666664 0.49594907343749994 0.324363425 0.494598765625 0.3148148145833333 0.49131944375 0.3142361104166667 0.49054783906250005 0.3151041666666667 0.4890046296875 0.3179976854166667 0.485918209375 0.32089120416666667 0.485918209375 0.32725694375000003 0.48668981406249995 0.32783564791666664
0 0.4982638890625 0.25144675833333335 0.49594907343749994 0.2520254625 0.4947916671875 0.254050925 0.49517746875 0.26070601875 0.4957561734375 0.26099537083333335 0.49594907343749994 0.26533564791666664 0.49652777812500004 0.265625 0.4978780859375 0.27430555624999997 0.498456790625 0.27459490833333333 0.500385803125 0.28067129583333333 0.501350309375 0.2873263895833333 0.5032793203125 0.2907986104166667 0.5052083328125 0.30005787083333335 0.5057870375 0.30034722291666666 0.50675154375 0.30497685208333336 0.50790895 0.30671296249999996 0.50790895 0.308449075 0.5104166671875 0.31278935208333336 0.5125385796875 0.32146990833333333 0.5144675921874999 0.32320601875 0.51851851875 0.324363425 0.526813271875 0.32320601875 0.5285493828125001 0.32175925833333335 0.5285493828125001 0.32060185208333336 0.5304783953125 0.31741898125 0.530671296875 0.31539351875 0.5339506171874999 0.31105324166666665 0.53800154375 0.308449075 0.5407021609375 0.308449075 0.5435956796875 0.31105324166666665 0.546296296875 0.31597222291666666 0.548225309375 0.3226273145833333 0.5484182093750001 0.32609953750000004 0.5495756171874999 0.32783564791666664 0.5522762343750001 0.3298611104166667 0.5538194437499999 0.33246527708333334 0.555169753125 0.33275462916666665 0.5569058640625 0.33651620416666667 0.5601851859375 0.3385416666666667 0.5603780859375 0.33940972291666666 0.5652006171874999 0.33940972291666666 0.566358025 0.33709490833333333 0.566358025 0.33391203750000004 0.5675154328125 0.3304398145833333 0.5684799375 0.31973379583333333 0.57021605 0.3148148145833333 0.5709876546875 0.31452546249999996 0.5725308640625 0.3072916666666667 0.575617284375 0.300636575 0.5748456796875 0.29629629583333333 0.571759259375 0.29021990833333333 0.571759259375 0.2890625 0.5690586421875 0.285300925 0.5644290125 0.2717013895833333 0.5625 0.269386575 0.5617283953125 0.26707175833333335 0.5592206796875 0.26504629583333333 0.5570987656249999 0.26128472291666666 0.556134259375 0.26099537083333335 0.555169753125 0.25839120416666667 0.5476466046875 0.2520254625 0.54591049375 0.24826388958333334 0.5451388890625 0.24363425833333335 0.5441743828125001 0.24189814791666667 0.5432098765625 0.24074074166666665 0.5408950625 0.2401620375 0.52449845625 0.23958333333333334 0.513117284375 0.24074074166666665 0.5129243828125001 0.24160879583333333 0.5094521609375 0.24305555625 0.5036651234375 0.24247685208333333 0.49594907343749994 0.24363425833333335 0.49556327187500004 0.24479166666666666 0.4947916671875 0.2442129625 0.49440586406250003 0.24450231458333332 0.4982638890625 0.24652777708333332 0.49922839531249996 0.2479745375 0.4982638890625 0.25144675833333335
0 0.5403163578125 0.23263888958333334 0.5511188265625 0.23263888958333334 0.5572916671875 0.23148148124999998 0.561149690625 0.22771990833333333 0.5609567906249999 0.22569444375 0.5582561734375 0.22048611041666666 0.5489969140625 0.20920138958333334 0.5435956796875 0.20659722291666668 0.5362654328125 0.20601851875000002 0.5333719140625 0.20428240833333333 0.5310570984375 0.20138888958333334 0.5304783953125 0.199363425 0.528742284375 0.19849537083333332 0.5256558640625 0.19849537083333332 0.52449845625 0.199363425 0.523919753125 0.20167824166666665 0.5198688265625 0.20920138958333334 0.5179398140625 0.2265625 0.5179398140625 0.23321759166666667 0.5206404328125 0.234375 0.5335648140625 0.23408564791666667 0.5403163578125 0.23263888958333334
0 0.400848765625 0.36400462916666665 0.4016203703125 0.36284722291666666 0.4010416671875 0.3619791666666667 0.400848765625 0.36400462916666665
0 0.400848765625 0.33101851875 0.40277777812500004 0.3333333333333333 0.4041280859375 0.3376736104166667 0.40489969062500003 0.3382523145833333 0.40547839531249996 0.34230324166666665 0.40528549375 0.35908564791666664 0.40856481406249995 0.36053240833333333 0.4147376546875 0.370949075 0.4185956796875 0.370949075 0.4201388890625 0.36689814791666664 0.4201388890625 0.3648726854166667 0.42129629687500003 0.36226851875 0.4239969140625 0.3498263895833333 0.42418981406249995 0.34461805624999997 0.42476851875 0.34403935208333336 0.4268904328125 0.32523148125 0.42766203750000004 0.3226273145833333 0.43016975312500005 0.31886574166666665 0.4309413578125 0.3148148145833333 0.4309413578125 0.31047453750000004 0.42862654375 0.30150462916666665 0.42766203750000004 0.30034722291666666 0.42669753125 0.29629629583333333 0.4239969140625 0.292824075 0.41956018593750005 0.29021990833333333 0.4185956796875 0.28877314791666664 0.4147376546875 0.28848379583333333 0.41415895 0.2890625 0.41396605 0.29542824166666665 0.4133873453125 0.29571759166666667 0.41203703750000004 0.300636575 0.4074074078125 0.30555555624999997 0.404706790625 0.3064236104166667 0.40065586406250003 0.30555555624999997 0.40007716093749995 0.30815972291666666 0.39949845625 0.308449075 0.398919753125 0.31336805624999997 0.3987268515625 0.32060185208333336 0.39949845625 0.3263888895833333 0.40007716093749995 0.32667824166666665 0.400848765625 0.33101851875
0 0 0 0 0.03240740833333333 0.0019290125 0.03240740833333333 0.0063657406250000005 0.029513889583333335 0.00887345625 0.029513889583333335 0.0100308640625 0.030671295833333334 0.0167824078125 0.044270833333333336 0.017168209375 0.04716435208333333 0.018518518749999997 0.05005787083333334 0.018518518749999997 0.05439814791666667 0.0206404328125 0.05815972291666667 0.025848765625 0.06278935208333333 0.0271990734375 0.060763889583333335 0.029899690625000003 0.05931712916666666 0.030671296874999997 0.05700231458333334 0.0397376546875 0.044270833333333336 0.0445601859375 0.0390625 0.0491898140625 0.036458333333333336 0.0491898140625 0.03559027708333333 0.051311728125 0.0332754625 0.0543981484375 0.02633101875 0.054591049999999995 0.024594908333333332 0.056327160937499995 0.022569443749999998 0.0543981484375 0.019386575 0.0543981484375 0.017361110416666665 0.05362654375 0.015625 0.054205246875 0.01475694375 0.0574845671875 0.012442129166666668 0.058834876562500006 0.013020833333333334 0.059027778125 0.013888889583333335 0.060956790625 0.014178241666666667 0.0636574078125 0.016782408333333332 0.066358025 0.015335647916666667 0.0671296296875 0.013888889583333335 0.0671296296875 0.0078125 0.0657793203125 0.00491898125 0.0652006171875 0 0 0
0 0.5129243828125001 0.7355324083333333 0.5154320984375 0.7390046291666666 0.519097221875 0.7401620375 0.5179398140625 0.74508101875 0.5177469140625 0.7491319437499999 0.5177469140625 0.7520254625 0.5187114203125 0.75491898125 0.5227623453125 0.75491898125 0.52449845625 0.7534722229166667 0.5358796296875 0.7502893520833334 0.5362654328125 0.7494212958333333 0.546489196875 0.7485532416666667 0.54976851875 0.7473958333333334 0.5524691359375 0.7445023145833333 0.5524691359375 0.7401620375 0.547453703125 0.7340856479166666 0.5491898140625 0.7274305562500001 0.5511188265625 0.7242476854166667 0.55169753125 0.7201967583333333 0.5509259265625001 0.7149884249999999 0.5489969140625 0.7092013895833333 0.5470679015625 0.7057291666666666 0.5416666671875 0.7028356479166666 0.5333719140625 0.7028356479166666 0.5285493828125001 0.7042824083333333 0.52449845625 0.7083333333333334 0.523919753125 0.7106481479166666 0.519483025 0.7173032416666667 0.5158179015625 0.7204861104166667 0.511766975 0.7222222229166667 0.5086805562500001 0.7268518520833334 0.5084876546875 0.7306134249999999 0.5096450625 0.7317708333333334 0.5098379625 0.7332175916666667 0.5129243828125001 0.7355324083333333
0 0.4708719140625 0 0.4708719140625 0.0017361104166666666 0.47010030937499997 0.002314814583333333 0.4699074078125 0.00491898125 0.46932870312499997 0.005208333333333333 0.46932870312499997 0.009259258333333333 0.4699074078125 0.009548610416666665 0.47010030937499997 0.011574075 0.47280092656250006 0.013888889583333335 0.47704475312500005 0.01475694375 0.4793595671875 0.019386575 0.4822530859375 0.02112268541666667 0.49054783906250005 0.032986110416666665 0.49131944375 0.03761574166666667 0.49054783906250005 0.03819444375 0.49016203750000004 0.04021990833333333 0.4832175921875 0.045138889583333335 0.48206018593750005 0.05034722291666667 0.4832175921875 0.05324074166666667 0.4832175921875 0.05526620416666667 0.484375 0.05700231458333334 0.484375 0.0604745375 0.48514660468750004 0.06163194375 0.48533950625 0.06394675833333334 0.48919753125 0.06915509166666665 0.49209105 0.07175925833333333 0.4972993828125 0.07349537083333332 0.4978780859375 0.074363425 0.5052083328125 0.07523148125 0.5123456796875 0.07175925833333333 0.51466049375 0.06915509166666665 0.5217978390625 0.06712962916666668 0.5331790125 0.06770833333333333 0.5366512343750001 0.06423611041666667 0.5372299375 0.06134259166666667 0.5372299375 0.05324074166666667 0.5358796296875 0.04658564791666667 0.535108025 0.04571759166666667 0.535108025 0.04369212916666666 0.5331790125 0.03877314791666667 0.531828703125 0.03790509166666667 0.5297067906249999 0.03356481458333334 0.527777778125 0.03240740833333333 0.5258487656249999 0.029513889583333335 0.5217978390625 0.026909722916666667 0.5212191359375 0.025462962500000002 0.516975309375 0.022569443749999998 0.51658950625 0.021412037499999998 0.5086805562500001 0.019675925 0.5052083328125 0.016203704166666666 0.501350309375 0.014178241666666667 0.497492284375 0.010127314583333333 0.49652777812500004 0.0078125 0.49324845625 0.003761575 0.49054783906250005 0.002314814583333333 0.482831790625 0.0034722229166666663 0.47955246875 0.0020254625 0.4793595671875 0 0.4708719140625 0
0 0.8381558640625 0.025173610416666665 0.8377700625 0.02633101875 0.8385416671874999 0.027199075 0.83892746875 0.025462962500000002 0.8381558640625 0.025173610416666665
0 0.8375771609375 0.04629629583333333 0.8385416671874999 0.05410879583333333 0.8396990734375 0.05613425833333333 0.8396990734375 0.058449074999999996 0.840277778125 0.058738425000000004 0.8416280859375 0.07089120416666667 0.8441358031249999 0.07928240833333335 0.844328703125 0.0879629625 0.8449074078125 0.08825231458333334 0.8449074078125 0.09809027708333334 0.8456790125 0.10243055625 0.8497299375 0.10590277708333334 0.8535879625 0.10590277708333334 0.8557098765625 0.10387731458333334 0.8570601859375 0.10069444375 0.8595679015625001 0.09837962916666668 0.8611111109375 0.09288194375 0.864776234375 0.08680555625 0.8668981484374999 0.08506944375 0.8668981484374999 0.08333333333333333 0.8676697531249999 0.082175925 0.8676697531249999 0.07841435208333333 0.8688271609375 0.07494212916666668 0.8690200625 0.07089120416666667 0.86226851875 0.0682870375 0.8603395062500001 0.06452546249999999 0.8595679015625001 0.060763889583333335 0.8595679015625001 0.05613425833333333 0.8589891968750001 0.05555555625 0.8589891968750001 0.05237268541666666 0.8595679015625001 0.05179398125 0.8595679015625001 0.0489004625 0.8603395062500001 0.046875 0.86419753125 0.04398148125 0.8676697531249999 0.03935185208333333 0.8676697531249999 0.0332754625 0.86709105 0.032986110416666665 0.8676697531249999 0.03211805625 0.8676697531249999 0.02893518541666667 0.86709105 0.02835648125 0.8668981484374999 0.025173610416666665 0.8651620375 0.022858795833333334 0.86419753125 0.019097222916666667 0.8624614203125001 0.018229166666666668 0.86226851875 0.017361110416666665 0.8570601859375 0.017361110416666665 0.856867284375 0.018229166666666668 0.8543595671875 0.019097222916666667 0.8526234562499999 0.020833333333333332 0.8489583328125001 0.021701389583333335 0.8441358031249999 0.027199075 0.8420138890625 0.02835648125 0.8396990734375 0.02835648125 0.8395061734375 0.03240740833333333 0.8369984562499999 0.03414351875 0.83584105 0.03761574166666667 0.83584105 0.04137731458333334 0.8368055562500001 0.04340277708333333 0.8369984562499999 0.04600694375 0.8375771609375 0.04629629583333333
0 0.8375771609375 0 0.837384259375 0.0020254625 0.8354552468750001 0.002314814583333333 0.8339120375 0.003761575 0.828125 0.014178241666666667 0.8258101859375 0.015335647916666667 0.8277391968750001 0.019386575 0.829475309375 0.019965277083333333 0.8312114203125001 0.022858795833333334 0.8352623453125 0.023148147916666664 0.8385416671874999 0.01851851875 0.8452932093750001 0.018229166666666668 0.84857253125 0.015335647916666667 0.8522376546875 0.015335647916666667 0.8533950625 0.012152777083333333 0.85165895 0.003761575 0.8503086421875 0.0017361104166666666 0.8503086421875 0 0.8375771609375 0
0 0.57040895 0.1229745375 0.5758101859375 0.12905092499999998 0.5783179015625 0.13310185208333333 0.5796682093750001 0.136863425 0.58294753125 0.14120370416666667 0.5856481484375 0.14756944375 0.5914351859375 0.15393518541666668 0.5916280859375 0.15682870416666667 0.592399690625 0.15798611041666666 0.5956790125 0.15914351875000002 0.597608025 0.15769675833333335 0.5989583328125 0.1542245375 0.5991512343750001 0.14728009166666667 0.6003086421875 0.14207175833333335 0.6043595671875 0.13194444375 0.6057098765625 0.13020833333333334 0.606867284375 0.125 0.6070601859375 0.11892361041666667 0.6057098765625 0.11371527708333334 0.6032021609375 0.11082175833333333 0.603009259375 0.10966435208333333 0.60050154375 0.10792824166666667 0.5993441359375 0.105324075 0.597222221875 0.10445601875 0.594328703125 0.1015625 0.5891203703125 0.09982638958333333 0.5856481484375 0.09490740833333335 0.58294753125 0.09317129583333333 0.5783179015625 0.0917245375 0.5671296296875 0.09317129583333333 0.5644290125 0.09490740833333335 0.563850309375 0.09664351875 0.563850309375 0.10503472291666666 0.5657793203125 0.10879629583333333 0.5677083328125 0.11689814791666667 0.57040895 0.1229745375
0 0.1190200625 0.222800925 0.119598765625 0.22395833333333334 0.125385803125 0.22540509166666667 0.12750771562500002 0.22771990833333333 0.134259259375 0.23177083333333334 0.1348379625 0.23350694375 0.13811728437499998 0.23697916666666666 0.140046296875 0.24074074166666665 0.14043209843749999 0.24392361041666666 0.14139660468749998 0.24508101875000002 0.14216820937500002 0.25 0.1427469140625 0.25028935208333336 0.14216820937500002 0.2557870375 0.141010803125 0.25810185208333336 0.14158950625 0.26591435208333336 0.14351851875 0.2682291666666667 0.14756944375 0.2673611104166667 0.14930555625 0.26880787083333335 0.15142746875 0.2760416666666667 0.15277777812499999 0.27806712916666665 0.1539351859375 0.2829861104166667 0.1541280859375 0.28703703750000004 0.1581790125 0.29108796249999996 0.15875771562500002 0.2890625 0.1614583328125 0.2864583333333333 0.1637731484375 0.28211805624999997 0.1687885796875 0.277199075 0.16936728437499998 0.2757523145833333 0.1695601859375 0.2673611104166667 0.17283950625 0.26070601875 0.17283950625 0.25057870416666667 0.172260803125 0.25 0.17206790156250001 0.24681712916666668 0.1695601859375 0.24131944375 0.16936728437499998 0.23900462916666668 0.1809413578125 0.22482638958333334 0.1853780859375 0.23148148124999998 0.188078703125 0.23321759166666667 0.1940586421875 0.23495370416666667 0.202739196875 0.246238425 0.21006944375 0.24710648124999998 0.21199845625 0.24565972291666668 0.213348765625 0.24305555625 0.213348765625 0.24074074166666665 0.217206790625 0.23726851875000002 0.21739969062500003 0.23495370416666667 0.2199074078125 0.230613425 0.22010030937499997 0.22685185208333333 0.222608025 0.22135416666666666 0.22723765468749998 0.21701388958333334 0.22743055625 0.21325231458333332 0.228009259375 0.21267361041666666 0.22858796250000002 0.191261575 0.228009259375 0.1875 0.224151234375 0.18084490833333333 0.22202932031249997 0.1796875 0.2199074078125 0.17708333333333334 0.2166280859375 0.175636575 0.2052469140625 0.16348379583333333 0.20293209843749999 0.1620370375 0.1981095671875 0.15393518541666668 0.1979166671875 0.15133101875000002 0.19618055625 0.14756944375 0.1975308640625 0.14033564791666667 0.1975308640625 0.13165509166666667 0.196759259375 0.12731481458333332 0.19540895 0.12355324166666667 0.1915509265625 0.12181712916666668 0.18923611093749998 0.11863425833333333 0.187885803125 0.12181712916666668 0.1853780859375 0.12413194375 0.18402777812499999 0.12818287083333332 0.1813271609375 0.13165509166666667 0.18055555625 0.13454861041666666 0.17881944375 0.136863425 0.1776620375 0.14033564791666667 0.177276234375 0.15075231458333332 0.17573302500000001 0.15364583333333334 0.171296296875 0.15653935208333333 0.1660879625 0.1582754625 0.1620370375 0.1620370375 0.1574074078125 0.16377314791666667 0.15547839531250002 0.16579861041666666 0.1502700625 0.16753472291666668 0.14756944375 0.16927083333333334 0.14737654375 0.17013888958333334 0.14081790156250001 0.17332175833333335 0.1379243828125 0.17621527708333332 0.134259259375 0.17737268541666668 0.13271605 0.1796875 0.1282793203125 0.1817129625 0.12596450625 0.183738425 0.119598765625 0.18431712916666668 0.11554783906249999 0.1895254625 0.11419753125000001 0.199074075 0.1136188265625 0.199363425 0.1116898140625 0.207175925 0.1116898140625 0.21064814791666667 0.11033950625 0.2129629625 0.109760803125 0.2167245375 0.112847221875 0.2207754625 0.11593364218749999 0.22106481458333332 0.1190200625 0.222800925
0 0.0709876546875 0.6646412041666667 0.0700231484375 0.6663773145833333 0.063078703125 0.6701388895833333 0.061149690624999996 0.6736111104166667 0.061149690624999996 0.6782407416666667 0.0655864203125 0.68460648125 0.0684799375 0.69241898125 0.0709876546875 0.6958912041666667 0.0709876546875 0.6979166666666666 0.0731095671875 0.703125 0.0731095671875 0.7065972229166667 0.0744598765625 0.7149884249999999 0.077739196875 0.72164351875 0.079668209375 0.7233796291666666 0.0804398140625 0.7285879625 0.081597221875 0.7303240750000001 0.081597221875 0.7332175916666667 0.0823688265625 0.7346643520833334 0.0821759265625 0.7424768520833334 0.081597221875 0.7427662041666667 0.0812114203125 0.74508101875 0.0783179015625 0.74710648125 0.0734953703125 0.74710648125 0.0709876546875 0.7459490750000001 0.0709876546875 0.7476851854166667 0.07040895 0.7479745375 0.07040895 0.7728587958333333 0.0709876546875 0.7731481479166666 0.0709876546875 0.7748842583333333 0.07291666718749999 0.77633101875 0.07561728437500001 0.78125 0.077739196875 0.7916666666666666 0.0804398140625 0.7948495375 0.08101851875 0.796875 0.08333333281250001 0.7983217583333333 0.08506944375 0.8012152770833333 0.087384259375 0.80179398125 0.088348765625 0.8041087958333333 0.089891975 0.8046875 0.092206790625 0.8084490750000001 0.09567901250000001 0.8067129625 0.0968364203125 0.8020833333333334 0.09895833281250001 0.8000578708333334 0.0997299375 0.796875 0.10030864218749999 0.7789351854166667 0.0978009265625 0.7725694437499999 0.09953703750000001 0.7653356479166666 0.09953703750000001 0.7578125 0.10069444375 0.7563657416666667 0.10262345625 0.7557870375 0.105902778125 0.7592592583333333 0.10783179062499999 0.75 0.1095679015625 0.7476851854166667 0.1095679015625 0.7439236104166667 0.1082175921875 0.7427662041666667 0.1070601859375 0.7401620375 0.10628857968750001 0.7346643520833334 0.1037808640625 0.7311921291666666 0.1033950625 0.7268518520833334 0.10223765468749998 0.7242476854166667 0.09895833281250001 0.7245370375 0.09857253125 0.7256944437499999 0.095100309375 0.7271412041666667 0.0935570984375 0.7239583333333334 0.094135803125 0.7196180562500001 0.09297839531249999 0.7173032416666667 0.09297839531249999 0.7094907416666667 0.09625771562499999 0.7065972229166667 0.09567901250000001 0.7025462958333333 0.094135803125 0.6996527770833333 0.09452160468750001 0.6958912041666667 0.09567901250000001 0.6950231479166666 0.09953703750000001 0.6880787041666667 0.1037808640625 0.6721643520833334 0.10300925937500001 0.6681134249999999 0.10069444375 0.6655092583333333 0.0970293203125 0.6576967583333333 0.0970293203125 0.6542245375 0.09953703750000001 0.6481481479166666 0.10030864218749999 0.6432291666666666 0.0997299375 0.6426504625 0.0987654328125 0.6333912041666667 0.09567901250000001 0.6290509249999999 0.0916280859375 0.6310763895833333 0.086419753125 0.6281828708333334 0.0779320984375 0.62789351875 0.07233796249999999 0.6322337958333333 0.07040895 0.6354166666666666 0.07040895 0.6432291666666666 0.0709876546875 0.64351851875 0.071759259375 0.6501736104166667 0.0709876546875 0.6646412041666667
0 0.981867284375 0.19473379583333333 0.9793595671875 0.199363425 0.9791666671874999 0.20196759166666667 0.97665895 0.20746527708333332 0.9758873453125 0.21151620416666667 0.9733796296874999 0.21614583333333334 0.9699074078125 0.22019675833333335 0.9702932093750001 0.22106481458333332 0.9743441359375 0.2207754625 0.9772376546875 0.22309027708333332 0.9772376546875 0.22511574166666665 0.97646605 0.22627314791666667 0.971257715625 0.230613425 0.9720293203124999 0.23177083333333334 0.9728009265625 0.23784722291666668 0.9758873453125 0.24508101875000002 0.9772376546875 0.25028935208333336 0.9810956796875001 0.2557870375 0.9874614203125001 0.25810185208333336 0.9899691359375 0.2557870375 0.9893904328125 0.24768518541666668 0.9899691359375 0.24710648124999998 0.9899691359375 0.2442129625 0.9905478390625 0.24305555625 0.9913194437499999 0.2421875 0.9998070984374999 0.24045138958333334 0.9998070984374999 0.14872685208333333 0.9932484562499999 0.14959490833333333 0.9901620375 0.15393518541666668 0.98919753125 0.15856481458333332 0.987847221875 0.16116898124999998 0.9839891968750001 0.17650462916666668 0.983796296875 0.183449075 0.9832175921875 0.183738425 0.981867284375 0.19473379583333333