0 0.8665123453125 0.15914351875000002 0.8699845671875 0.160011575 0.871527778125 0.1620370375 0.871527778125 0.16695601875000002 0.8682484562499999 0.17418981458333332 0.8680555562500001 0.18287037083333332 0.8690200625 0.18605324166666665 0.8719135796874999 0.1895254625 0.8740354937499999 0.19357638958333334 0.8748070984374999 0.19646990833333333 0.875 0.20283564791666667 0.8761574078125 0.20457175833333335 0.8761574078125 0.20572916666666666 0.8811728390625 0.21209490833333333 0.88290895 0.21556712916666668 0.8836805562500001 0.21643518541666668 0.887152778125 0.2167245375 0.8948688265625 0.20833333333333334 0.9000771609375 0.20572916666666666 0.9002700625 0.20486111041666666 0.9114583328125001 0.20283564791666667 0.91396605 0.20138888958333334 0.9268904328125 0.18692129583333333 0.932098765625 0.18605324166666665 0.936149690625 0.183449075 0.9371141968750001 0.18113425833333335 0.9394290125 0.17939814791666667 0.9440586421875 0.17013888958333334 0.9448302468750001 0.16377314791666667 0.9432870375 0.1582754625 0.9421296296874999 0.15740740833333333 0.9375 0.14785879583333333 0.936921296875 0.140625 0.938078703125 0.136574075 0.9440586421875 0.13396990833333333 0.9442515437500001 0.13310185208333333 0.9511959875 0.13165509166666667 0.9564043203124999 0.13165509166666667 0.965277778125 0.13715277708333332 0.9666280859375 0.13917824166666665 0.9666280859375 0.14033564791666667 0.9675925921875 0.14033564791666667 0.9706790125 0.13802083333333334 0.9747299375 0.13165509166666667 0.9772376546875 0.1229745375 0.9745370375 0.10966435208333333 0.9714506171874999 0.10590277708333334 0.968171296875 0.0995370375 0.9685570984374999 0.09490740833333335 0.9679783953125 0.09143518541666666 0.9672067906249999 0.09056712916666668 0.9635416671874999 0.08767361041666667 0.9550540125 0.09027777708333334 0.949652778125 0.089988425 0.9456018515625001 0.0859375 0.9434799375 0.08130787083333332 0.938850309375 0.08101851875 0.9376929015625001 0.08275462916666668 0.9351851859375 0.08362268541666666 0.9332561734375 0.0859375 0.9299768515625001 0.08767361041666667 0.9286265437500001 0.09056712916666668 0.9268904328125 0.09201388958333333 0.92669753125 0.09403935208333333 0.9255401234375 0.0957754625 0.9220679015625001 0.09432870416666667 0.9185956796875001 0.09490740833333335 0.9160879625 0.09693287083333332 0.9120370375 0.10387731458333334 0.9083719140625 0.1073495375 0.9041280859375 0.1073495375 0.8967978390625 0.11111111041666667 0.8952546296874999 0.113425925 0.894097221875 0.11371527708333334 0.8917824078125 0.12037037083333332 0.890046296875 0.12181712916666668 0.8840663578125 0.12413194375 0.876350309375 0.12528935208333333 0.8722993828125001 0.12760416666666666 0.8682484562499999 0.13310185208333333 0.8682484562499999 0.13454861041666666 0.86419753125 0.14033564791666667 0.8616898140625 0.14525462916666668 0.8614969140625 0.14814814791666667 0.8609182093750001 0.1484375 0.8603395062500001 0.15364583333333334 0.8609182093750001 0.15798611041666666 0.862847221875 0.15972222291666668 0.8665123453125 0.15914351875000002
0 0.46855709843750004 0.6307870375 0.46932870312499997 0.63773148125 0.4699074078125 0.6380208333333334 0.47010030937499997 0.6412037041666667 0.47280092656250006 0.6467013895833333 0.474151234375 0.6475694437499999 0.47550154375 0.64554398125 0.478009259375 0.6440972229166667 0.4801311734375 0.6383101854166667 0.4816743828125 0.6374421291666666 0.4832175921875 0.6397569437499999 0.4832175921875 0.6429398145833333 0.48379629687500003 0.6432291666666666 0.48379629687500003 0.6443865750000001 0.4832175921875 0.6446759249999999 0.4832175921875 0.6481481479166666 0.48379629687500003 0.6484375 0.48398919687499997 0.6507523145833333 0.48630401250000005 0.6519097229166667 0.48784722187499996 0.6539351854166667 0.489776234375 0.6542245375 0.49131944375 0.6571180562500001 0.4934413578125 0.6542245375 0.498456790625 0.65133101875 0.498456790625 0.64351851875 0.49652777812500004 0.6388888895833333 0.4953703703125 0.6336805562500001 0.49517746875 0.6267361104166667 0.49266975312500005 0.6203703708333334 0.4918981484375 0.6157407416666667 0.48881172812499996 0.6085069437499999 0.48726851875 0.6018518520833334 0.48456790156249996 0.5978009249999999 0.482831790625 0.5972222229166667 0.4816743828125 0.5951967583333333 0.481867284375 0.5769675916666667 0.48070987656249997 0.5679976854166667 0.4791666671875 0.5662615750000001 0.4772376546875 0.5656828708333334 0.47665895 0.5671296291666666 0.4747299375 0.5769675916666667 0.47453703750000004 0.5813078708333334 0.4739583328125 0.5815972229166667 0.4737654328125 0.5917245375 0.4753086421875 0.5951967583333333 0.475115740625 0.59866898125 0.4733796296875 0.6027199083333333 0.471257715625 0.6050347229166667 0.47010030937499997 0.6076388895833333 0.46739969062500003 0.6180555562500001 0.4666280859375 0.6226851854166667 0.467206790625 0.6229745375 0.46739969062500003 0.6273148145833333 0.46855709843750004 0.6307870375
0 0.7332175921874999 0 0.7328317906249999 0.0020254625 0.7301311734375 0.003761575 0.72164351875 0.016782408333333332 0.720100309375 0.017361110416666665 0.7189429015625 0.019675925 0.7133487656249999 0.025462962500000002 0.711419753125 0.02893518541666667 0.7019675921874999 0.03819444375 0.7008101859375 0.04224537083333334 0.700617284375 0.04600694375 0.7000385796875 0.04629629583333333 0.6988811734375 0.05410879583333333 0.7000385796875 0.059895833333333336 0.700617284375 0.06018518541666666 0.7019675921874999 0.06452546249999999 0.7019675921874999 0.07204861041666667 0.702739196875 0.07349537083333332 0.702739196875 0.07638888958333333 0.7019675921874999 0.07870370416666667 0.702546296875 0.07899305625 0.702739196875 0.08246527708333334 0.70601851875 0.08506944375 0.711419753125 0.08564814791666667 0.7125771609375 0.08738425833333333 0.7127700625 0.089699075 0.717399690625 0.09519675833333333 0.7233796296875 0.09519675833333333 0.727044753125 0.09056712916666668 0.7285879625 0.08680555625 0.730516975 0.08449074166666667 0.7345679015625 0.08420138958333333 0.734760803125 0.08333333333333333 0.73726851875 0.081886575 0.7393904328125 0.07581018541666666 0.74324845625 0.06915509166666665 0.7467206796875 0.06770833333333333 0.7492283953125 0.06423611041666667 0.7492283953125 0.06018518541666666 0.7532793203125 0.05034722291666667 0.7532793203125 0.0489004625 0.7546296296875 0.046875 0.7557870375 0.04050925833333333 0.7571373453125 0.025173610416666665 0.7565586421875 0 0.7332175921874999 0
0 0.24324845625 0.7045717583333333 0.2457561734375 0.7094907416666667 0.2459490734375 0.7201967583333333 0.246527778125 0.7204861104166667 0.246527778125 0.7242476854166667 0.2476851859375 0.7285879625 0.2478780859375 0.7326388895833333 0.25135030937499997 0.7381365750000001 0.2542438265625 0.7395833333333334 0.2552083328125 0.7413194437499999 0.25790894999999997 0.7421875 0.2623456796875 0.7413194437499999 0.2658179015625 0.7384259249999999 0.2692901234375 0.7332175916666667 0.2746913578125 0.72945601875 0.27777777812500004 0.7254050916666667 0.2793209875 0.7219328708333334 0.281828703125 0.7193287041666667 0.2864583328125 0.7170138895833333 0.2878086421875 0.7152777770833333 0.288580246875 0.7094907416666667 0.288580246875 0.6921296291666666 0.2864583328125 0.6860532416666667 0.285108025 0.6848958333333334 0.285108025 0.6750578708333334 0.28260030937499997 0.6712962958333333 0.275848765625 0.6681134249999999 0.26909722187499996 0.6675347229166667 0.265625 0.6712962958333333 0.26215277812500004 0.6707175916666667 0.2581018515625 0.6646412041666667 0.2552083328125 0.6634837958333333 0.2532793203125 0.6637731479166666 0.2511574078125 0.6657986104166667 0.2478780859375 0.6744791666666666 0.244598765625 0.6765046291666666 0.24324845625 0.6788194437499999 0.24209105000000003 0.6817129625 0.24131944375 0.6863425916666667 0.24112654375 0.6947337958333333 0.2405478390625 0.6956018520833334 0.24112654375 0.6958912041666667 0.24324845625 0.7045717583333333
0 0.888117284375 0.3382523145833333 0.8869598765625 0.3382523145833333 0.8867669749999999 0.34230324166666665 0.8873456796875001 0.34317129583333333 0.888117284375 0.34172453750000004 0.888117284375 0.3382523145833333
0 0.846257715625 0.34490740833333333 0.8487654328125 0.3463541666666667 0.85165895 0.34664351875 0.8595679015625001 0.34577546249999996 0.862847221875 0.34403935208333336 0.86728395 0.34403935208333336 0.8707561734375 0.34519675833333335 0.8742283953125 0.34375 0.880401234375 0.33535879583333333 0.8809799375 0.33159722291666666 0.8834876546875 0.32609953750000004 0.889274690625 0.32783564791666664 0.8904320984374999 0.3298611104166667 0.8977623453125 0.32870370416666667 0.9023919749999999 0.33130787083333335 0.907600309375 0.3359375 0.9081790125 0.33535879583333333 0.9089506171874999 0.32841435208333336 0.9081790125 0.32060185208333336 0.905671296875 0.3185763895833333 0.9054783953125 0.31712962916666665 0.9021990734375 0.31307870416666667 0.8994984562499999 0.3072916666666667 0.900848765625 0.3023726854166667 0.8994984562499999 0.29774305624999997 0.8989197531249999 0.2913773145833333 0.8962191359375 0.2864583333333333 0.89351851875 0.2835648145833333 0.8888888890625 0.2829861104166667 0.880401234375 0.28327546249999996 0.8728780859375 0.28211805624999997 0.8682484562499999 0.28327546249999996 0.8655478390625 0.285011575 0.8634259265625 0.29195601875 0.8624614203125001 0.293113425 0.8614969140625 0.30439814791666664 0.8609182093750001 0.3046875 0.860725309375 0.30758101875 0.8582175921875 0.31278935208333336 0.8582175921875 0.31394675833333335 0.855902778125 0.3177083333333333 0.8489583328125001 0.31944444375000003 0.844328703125 0.324074075 0.8441358031249999 0.3304398145833333 0.842399690625 0.3385416666666667 0.843171296875 0.34085648125 0.846257715625 0.34490740833333333
0 0.5569058640625 0 0.5567129625 0.0020254625 0.547260803125 0.0031828708333333333 0.5441743828125001 0.005497685416666666 0.5362654328125 0.005497685416666666 0.5324074078125001 0.0034722229166666663 0.5258487656249999 0.0078125 0.5256558640625 0.0098379625 0.52449845625 0.011574075 0.52449845625 0.014178241666666667 0.5271990734374999 0.01793981458333333 0.531828703125 0.021701389583333335 0.533757715625 0.02835648125 0.5343364203125 0.028645833333333332 0.5353009265625001 0.0332754625 0.5362654328125 0.033854166666666664 0.5372299375 0.03674768541666666 0.5418595671875 0.043113425000000004 0.5426311734375 0.05005787083333334 0.5445601859375 0.05526620416666667 0.5540123453125 0.06105324166666667 0.5565200625 0.06452546249999999 0.558063271875 0.06539351875 0.5623070984375 0.07175925833333333 0.563850309375 0.07262731458333334 0.569830246875 0.07175925833333333 0.57021605 0.07089120416666667 0.57330246875 0.06973379583333333 0.579475309375 0.06915509166666665 0.58101851875 0.06799768541666666 0.5817901234375 0.06481481458333334 0.5823688265625 0.043113425000000004 0.5817901234375 0.03964120416666667 0.5796682093750001 0.03674768541666666 0.5783179015625 0.029803241666666664 0.577739196875 0.029513889583333335 0.5758101859375 0.022569443749999998 0.5769675921874999 0.015046295833333334 0.5763888890625 0.014178241666666667 0.5763888890625 0.011574075 0.574652778125 0.007523147916666667 0.5723379625 0.006076389583333333 0.5709876546875 0.003761575 0.5655864203125 0.0020254625 0.5652006171874999 0 0.5569058640625 0
0 0.75790895 0 0.75790895 0.0026041666666666665 0.7571373453125 0.003761575 0.7571373453125 0.011574075 0.75771605 0.011863425 0.75790895 0.014467591666666666 0.7598379625 0.017361110416666665 0.7613811734375 0.024305556250000002 0.7644675921874999 0.030092591666666668 0.7671682093750001 0.0332754625 0.7698688265625 0.03472222291666667 0.7762345671875 0.03472222291666667 0.7791280859375 0.0332754625 0.78414351875 0.025173610416666665 0.7862654328125 0.023726852083333336 0.7897376546875 0.025462962500000002 0.792438271875 0.024305556250000002 0.794367284375 0.018229166666666668 0.794367284375 0.015914352083333333 0.7986111109375 0.012152777083333333 0.7991898140625 0.0078125 0.79976851875 0.007233795833333333 0.79976851875 0.0020254625 0.7991898140625 0 0.75790895 0
0 0.188078703125 0 0.188078703125 0.0014467583333333332 0.1842206796875 0.009259258333333333 0.18402777812499999 0.015914352083333333 0.1834490734375 0.016203704166666666 0.18267746875 0.023148147916666664 0.1815200625 0.025462962500000002 0.1813271609375 0.02835648125 0.18074845625 0.028645833333333332 0.18074845625 0.0332754625 0.1768904328125 0.0410879625 0.177276234375 0.05381944375 0.17669753125 0.0567129625 0.1761188265625 0.05700231458333334 0.1761188265625 0.0625 0.17534722187500001 0.06336805625 0.17476851875 0.06799768541666666 0.17341820937500002 0.07002314791666667 0.171489196875 0.07841435208333333 0.17013888906250002 0.08101851875 0.171489196875 0.08246527708333334 0.1759259265625 0.08275462916666668 0.1793981484375 0.08159722291666666 0.1832561734375 0.07204861041666667 0.1847993828125 0.06452546249999999 0.188078703125 0.059895833333333336 0.1894290125 0.05931712916666666 0.1911651234375 0.05584490833333333 0.1934799375 0.05381944375 0.194830246875 0.04716435208333333 0.1965663578125 0.042824074999999996 0.19926697499999999 0.04137731458333334 0.20061728437499998 0.04195601875 0.20331790156250001 0.04803240833333333 0.2081404328125 0.04195601875 0.2145061734375 0.03587962916666666 0.217206790625 0.02893518541666667 0.21739969062500003 0.024594908333333332 0.2179783953125 0.024305556250000002 0.21875 0.018807870833333334 0.2214506171875 0.015335647916666667 0.222608025 0.012152777083333333 0.222608025 0.005208333333333333 0.22202932031249997 0.004629629166666666 0.2214506171875 0 0.188078703125 0
0 0.5644290125 0.17795138958333334 0.5677083328125 0.18518518541666668 0.5729166671875 0.191261575 0.5731095671875 0.1932870375 0.575617284375 0.19762731458333332 0.579475309375 0.20052083333333334 0.5796682093750001 0.20138888958333334 0.581983025 0.20196759166666667 0.585455246875 0.20486111041666666 0.586419753125 0.20659722291666668 0.585455246875 0.21035879583333333 0.5808256171874999 0.21006944375 0.5792824078125001 0.2089120375 0.5738811734375 0.20920138958333334 0.571759259375 0.21267361041666666 0.5709876546875 0.21585648124999998 0.5723379625 0.22106481458333332 0.5729166671875 0.22135416666666666 0.5731095671875 0.22366898124999998 0.5744598765625 0.22540509166666667 0.577546296875 0.22685185208333333 0.5779320984375 0.22800925833333335 0.5846836421875 0.22974537083333332 0.589313271875 0.23263888958333334 0.5914351859375 0.23524305625 0.594328703125 0.24045138958333334 0.5949074078125001 0.24276620416666667 0.5978009265625001 0.24710648124999998 0.6047453703125 0.24884259166666667 0.6095679015625 0.253761575 0.61033950625 0.2554976854166667 0.6151620375 0.25925925833333335 0.623649690625 0.25839120416666667 0.62403549375 0.25925925833333335 0.6280864203125 0.2601273145833333 0.6334876546875 0.26533564791666664 0.6481481484375 0.26649305625 0.6535493828125001 0.26533564791666664 0.6547067906249999 0.26417824166666665 0.6614583328125 0.26417824166666665 0.66396605 0.26215277708333334 0.6620370375 0.25839120416666667 0.6595293203125 0.25723379583333333 0.6581790125 0.25491898125 0.655671296875 0.253761575 0.654899690625 0.2520254625 0.652391975 0.25028935208333336 0.6493055562500001 0.245949075 0.648919753125 0.24363425833333335 0.64737654375 0.24074074166666665 0.6413966046875 0.23755787083333332 0.6379243828125001 0.23379629583333333 0.6350308640625 0.2323495375 0.634259259375 0.23090277708333332 0.6290509265625001 0.22800925833333335 0.628858025 0.22685185208333333 0.6261574078125001 0.2245370375 0.6217206796875 0.21527777708333332 0.6207561734375 0.20370370416666667 0.6195987656249999 0.20052083333333334 0.6180555562500001 0.19849537083333332 0.613233025 0.19473379583333333 0.605516975 0.19357638958333334 0.60262345625 0.19097222291666668 0.598186728125 0.18923611041666666 0.5939429015625 0.1854745375 0.5904706796875 0.18402777708333332 0.58892746875 0.1817129625 0.5796682093750001 0.17650462916666668 0.5748456796875 0.17071759166666667 0.5734953703125 0.17013888958333334 0.5721450625 0.16753472291666668 0.56925154375 0.16579861041666666 0.5677083328125 0.16377314791666667 0.563850309375 0.16435185208333333 0.5603780859375 0.16869212916666668 0.5601851859375 0.17100694375 0.55960648125 0.17158564791666667 0.5603780859375 0.17534722291666668 0.5644290125 0.17795138958333334
0 0.8790509265625 0.45341435208333336 0.8836805562500001 0.45949074166666665 0.8885030859375 0.4635416666666667 0.8908179015625001 0.46817129583333333 0.8913966046875 0.47077546249999996 0.8904320984374999 0.47627314791666664 0.8902391968750001 0.488136575 0.8921682093750001 0.4947916666666667 0.8967978390625 0.49913194375000003 0.9035493828125001 0.5020254625 0.9081790125 0.5020254625 0.9114583328125001 0.49942129583333333 0.915509259375 0.4976851854166667 0.9160879625 0.49421296249999996 0.9149305562500001 0.49103009166666667 0.9149305562500001 0.4866898145833333 0.9158950625 0.48350694375000003 0.9158950625 0.4710648145833333 0.9168595671875 0.46730324166666665 0.9182098765625 0.4661458333333333 0.919367284375 0.4626736104166667 0.919367284375 0.45457175833333335 0.916473765625 0.44878472291666666 0.9114583328125001 0.44328703750000004 0.9006558640625 0.4375 0.8952546296874999 0.43084490833333333 0.8908179015625001 0.4296875 0.8840663578125 0.43113425833333335 0.881365740625 0.4348958333333333 0.8802083328125001 0.4351851854166667 0.8796296296874999 0.43721064791666664 0.875578703125 0.44241898125 0.875 0.44473379583333333 0.875578703125 0.44820601875 0.87789351875 0.45023148125 0.8790509265625 0.45341435208333336
0 0.23726851875000002 0.7777777770833333 0.24247685156249998 0.7798032416666667 0.246527778125 0.7832754625 0.2540509265625 0.7864583333333334 0.265046296875 0.78616898125 0.26658950625 0.7835648145833333 0.268132715625 0.7766203708333334 0.2696759265625 0.7743055562500001 0.2727623453125 0.7740162041666667 0.2760416671875 0.7771990750000001 0.27970679062500003 0.7777777770833333 0.281828703125 0.7748842583333333 0.2831790125 0.7743055562500001 0.2845293203125 0.7714120375 0.2862654328125 0.7696759249999999 0.289544753125 0.7633101854166667 0.2910879625 0.7581018520833334 0.29398148125 0.7552083333333334 0.294367284375 0.7407407416666667 0.29552469062500003 0.7387152770833333 0.2970679015625 0.7378472229166667 0.29822530937499997 0.734375 0.29783950625 0.7300347229166667 0.2970679015625 0.72945601875 0.2970679015625 0.7271412041666667 0.29533179062500003 0.7251157416666667 0.294367284375 0.72164351875 0.290509259375 0.7155671291666666 0.28915894999999997 0.7146990750000001 0.2845293203125 0.7155671291666666 0.2771990734375 0.7222222229166667 0.273919753125 0.7277199083333333 0.2679398140625 0.7317708333333334 0.26697530937499997 0.734375 0.26292438281249997 0.73929398125 0.2598379625 0.7407407416666667 0.2598379625 0.7445023145833333 0.25790894999999997 0.7479745375 0.25675154375 0.7520254625 0.256365740625 0.75491898125 0.2571373453125 0.7589699083333333 0.256365740625 0.7601273145833333 0.2511574078125 0.7604166666666666 0.2459490734375 0.7589699083333333 0.2449845671875 0.7578125 0.24112654375 0.7581018520833334 0.2390046296875 0.7601273145833333 0.23456790156250001 0.7621527770833333 0.230516975 0.7659143520833334 0.2301311734375 0.7690972229166667 0.2312885796875 0.7719907416666667 0.2332175921875 0.7743055562500001 0.23726851875000002 0.7777777770833333
0 0.293016975 0.6956018520833334 0.293016975 0.6964699083333333 0.2935956796875 0.6956018520833334 0.293016975 0.6956018520833334
0 0.7706404328125 0.12615740833333333 0.7779706796875 0.13165509166666667 0.7789351859375 0.13165509166666667 0.7804783953125 0.13339120416666667 0.781635803125 0.136574075 0.781635803125 0.14178240833333333 0.7797067906249999 0.15075231458333332 0.7791280859375 0.15104166666666666 0.7789351859375 0.15480324166666665 0.7797067906249999 0.15538194375 0.7804783953125 0.15798611041666666 0.7829861109375 0.16145833333333334 0.7854938265625 0.16348379583333333 0.7872299375 0.16666666666666666 0.78915895 0.17418981458333332 0.7910879625 0.17534722291666668 0.7937885796875 0.17534722291666668 0.8009259265625 0.1698495375 0.8038194437499999 0.16550925833333335 0.8063271609375 0.14988425833333335 0.807098765625 0.14930555625 0.8103780859375 0.14149305625 0.813850309375 0.13802083333333334 0.8175154328125 0.13715277708333332 0.8200231484374999 0.1385995375 0.8209876546875 0.14033564791666667 0.8219521609375 0.14004629583333333 0.8229166671874999 0.136574075 0.8244598765625 0.13570601875000002 0.82523148125 0.13396990833333333 0.825617284375 0.12760416666666666 0.826774690625 0.12471064791666667 0.8337191359375 0.11863425833333333 0.8350694437499999 0.11631944375 0.8350694437499999 0.11255787083333332 0.8339120375 0.10966435208333333 0.8319830250000001 0.10792824166666667 0.8225308640625 0.10821759166666665 0.813850309375 0.10214120416666667 0.80960648125 0.10214120416666667 0.806134259375 0.10387731458333334 0.79976851875 0.10474537083333332 0.796875 0.10619212916666668 0.7897376546875 0.10416666666666667 0.7791280859375 0.10416666666666667 0.7750771609375 0.10648148125 0.7717978390625 0.11082175833333333 0.7706404328125 0.11458333333333333 0.77044753125 0.11863425833333333 0.7698688265625 0.11892361041666667 0.7698688265625 0.12413194375 0.7706404328125 0.12615740833333333
0 0.2488425921875 0.22309027708333332 0.2476851859375 0.22395833333333334 0.2523148140625 0.22540509166666667 0.2546296296875 0.22771990833333333 0.259259259375 0.230324075 0.263117284375 0.23611111041666666 0.2644675921875 0.2421875 0.2658179015625 0.24479166666666666 0.26716820937499997 0.2520254625 0.2677469140625 0.2523148145833333 0.2687114203125 0.261863425 0.27256944375000003 0.26533564791666664 0.2737268515625 0.27256944375000003 0.27777777812500004 0.28009259166666667 0.27777777812500004 0.2829861104166667 0.2789351859375 0.28472222291666666 0.2791280859375 0.28703703750000004 0.2845293203125 0.29021990833333333 0.2912808640625 0.28964120416666667 0.2951388890625 0.29108796249999996 0.3105709875 0.293113425 0.31095679062500003 0.28790509166666667 0.30979938281249997 0.28443287083333335 0.30902777812500004 0.2838541666666667 0.307098765625 0.2708333333333333 0.3072916671875 0.265625 0.30902777812500004 0.261863425 0.3092206796875 0.25954861041666666 0.3082561734375 0.24392361041666666 0.30902777812500004 0.23408564791666667 0.307098765625 0.22974537083333332 0.30459105000000003 0.22829861041666666 0.3043981484375 0.22714120416666667 0.299382715625 0.22511574166666665 0.29783950625 0.222511575 0.2864583328125 0.21440972291666668 0.285108025 0.21267361041666666 0.285108025 0.20978009166666667 0.290509259375 0.20630787083333332 0.2916666671875 0.20196759166666667 0.2918595671875 0.1953125 0.290509259375 0.19097222291666668 0.2870370375 0.18692129583333333 0.28260030937499997 0.183738425 0.2824074078125 0.18258101875000002 0.2775848765625 0.17679398124999998 0.27237654375 0.17476851875000002 0.2654320984375 0.17824074166666665 0.265046296875 0.1796875 0.2625385796875 0.1817129625 0.25790894999999997 0.18923611041666666 0.2557870375 0.19560185208333333 0.2552083328125 0.19589120416666667 0.254436728125 0.2010995375 0.254436728125 0.207175925 0.2530864203125 0.21440972291666668 0.2488425921875 0.22309027708333332
0 0.3356481484375 0.05410879583333333 0.3356481484375 0.05121527708333333 0.3339120375 0.049479166666666664 0.33159722187499996 0.048611110416666665 0.32966820937499997 0.05179398125 0.32947530937499997 0.05700231458333334 0.33159722187499996 0.057291666666666664 0.33294753125 0.05555555625 0.3356481484375 0.05410879583333333
0 0.213348765625 0.07523148125 0.22048611093749998 0.06915509166666665 0.22569444375 0.06973379583333333 0.23070987656250003 0.07320601875 0.2364969140625 0.07349537083333332 0.23996913593750002 0.0723379625 0.240740740625 0.07089120416666667 0.24324845625 0.06973379583333333 0.2517361109375 0.06770833333333333 0.254436728125 0.07089120416666667 0.254436728125 0.07725694375 0.2565586421875 0.08043981458333334 0.26080246875 0.08333333333333333 0.2633101859375 0.08622685208333333 0.266203703125 0.08738425833333333 0.2679398140625 0.089988425 0.27237654375 0.09027777708333334 0.2791280859375 0.08159722291666666 0.27989969062500003 0.078125 0.2831790125 0.07204861041666667 0.285108025 0.06597222291666667 0.2853009265625 0.06018518541666666 0.285108025 0.057291666666666664 0.2845293203125 0.0567129625 0.285108025 0.04224537083333334 0.2858796296875 0.041666666666666664 0.2864583328125 0.03935185208333333 0.2883873453125 0.03761574166666667 0.28896605000000003 0.035011574999999996 0.290509259375 0.03269675833333333 0.2908950625 0.029513889583333335 0.290509259375 0.02112268541666667 0.28993055624999997 0.02054398125 0.28896605000000003 0.014467591666666666 0.2858796296875 0.008391204166666666 0.28279320937499997 0.006076389583333333 0.28047839531249996 0.005497685416666666 0.2770061734375 0.0066550916666666664 0.2714120375 0.00694444375 0.2613811734375 0.005208333333333333 0.25868055624999997 0.00694444375 0.2571373453125 0.008969908333333334 0.2565586421875 0.023726852083333336 0.2550154328125 0.025462962500000002 0.2536651234375 0.02893518541666667 0.2540509265625 0.03587962916666666 0.25289351875 0.04050925833333333 0.248456790625 0.04195601875 0.2449845671875 0.04050925833333333 0.2405478390625 0.04050925833333333 0.2312885796875 0.04224537083333334 0.23070987656250003 0.04340277708333333 0.228009259375 0.0448495375 0.22395833281250002 0.04542824166666667 0.21875 0.04774305625 0.213348765625 0.05324074166666667 0.21199845625 0.05584490833333333 0.21180555625 0.05815972291666667 0.20891203749999998 0.06307870416666667 0.20794753125 0.066261575 0.206597221875 0.06741898125 0.2054398140625 0.07060185208333333 0.2054398140625 0.07320601875 0.20794753125 0.0760995375 0.213348765625 0.07523148125
0 0.9307484562499999 0.7502893520833334 0.932098765625 0.7508680562500001 0.9359567906249999 0.7485532416666667 0.9386574078125 0.7447916666666666 0.9425154328125 0.7421875 0.9457947531249999 0.7381365750000001 0.9473379625 0.734375 0.9479166671874999 0.7277199083333333 0.9432870375 0.7222222229166667 0.940007715625 0.7207754625 0.9390432093750001 0.7190393520833334 0.9359567906249999 0.71875 0.9268904328125 0.7248263895833333 0.92476851875 0.7300347229166667 0.9241898140625 0.7332175916666667 0.92476851875 0.7390046291666666 0.9280478390625 0.7468171291666666 0.9307484562499999 0.7502893520833334
0 0.9459876546875 0.7048611104166667 0.9459876546875 0.7065972229166667 0.9461805562500001 0.7057291666666666 0.9459876546875 0.7048611104166667
0 0.80459105 0 0.8043981484374999 0.0020254625 0.80169753125 0.003761575 0.8009259265625 0.008969908333333334 0.800347221875 0.009259258333333333 0.800347221875 0.015335647916666667 0.80169753125 0.017071758333333336 0.8024691359375 0.024594908333333332 0.8038194437499999 0.028067129166666666 0.8117283953125 0.028067129166666666 0.815972221875 0.02633101875 0.8209876546875 0.022858795833333334 0.8229166671874999 0.022569443749999998 0.8236882718749999 0.0234375 0.8229166671874999 0.029224537499999998 0.8223379625 0.029513889583333335 0.821759259375 0.03211805625 0.8196373453125 0.03472222291666667 0.8182870375 0.04050925833333333 0.8177083328125001 0.040798610416666665 0.8169367281250001 0.044270833333333336 0.8171296296874999 0.04918981458333334 0.8215663578125 0.05526620416666667 0.8261959875 0.057291666666666664 0.8263888890625 0.05815972291666667 0.8300540125 0.058738425000000004 0.8312114203125001 0.06018518541666666 0.8337191359375 0.058449074999999996 0.8337191359375 0.05758101875 0.83892746875 0.05005787083333334 0.8495370375 0.04050925833333333 0.8543595671875 0.030092591666666668 0.8543595671875 0.025462962500000002 0.8555169749999999 0.021412037499999998 0.8601466046875 0.021412037499999998 0.86226851875 0.022858795833333334 0.869598765625 0.023726852083333336 0.8717206796875001 0.02112268541666667 0.8748070984374999 0.019675925 0.8769290125 0.015335647916666667 0.8761574078125 0.01475694375 0.8751929015625001 0.010995370833333332 0.869598765625 0.003761575 0.8680555562500001 0.002314814583333333 0.8663194437499999 0.0020254625 0.8661265437500001 0 0.80459105 0
0 0.728009259375 0.30266203750000004 0.7272376546875 0.30266203750000004 0.7272376546875 0.30439814791666664 0.7283950625 0.30381944375000003 0.728009259375 0.30266203750000004
0 0.7008101859375 0.38425925833333335 0.7019675921874999 0.38975694375000003 0.702739196875 0.390625 0.70408950625 0.4036458333333333 0.7054398140625 0.40740740833333333 0.706597221875 0.41550925833333335 0.70794753125 0.4163773145833333 0.7092978390625 0.41984953750000004 0.7131558640625 0.42216435208333336 0.7175925921874999 0.421875 0.7206790125 0.41984953750000004 0.7245370375 0.41521990833333333 0.7247299375 0.4036458333333333 0.7253086421875 0.40306712916666665 0.7253086421875 0.4007523145833333 0.7272376546875 0.39756944375000003 0.7272376546875 0.39380787083333335 0.72357253125 0.386574075 0.7247299375 0.3648726854166667 0.7258873453125 0.363136575 0.72665895 0.35966435208333336 0.731867284375 0.3538773145833333 0.7345679015625 0.34432870416666667 0.734760803125 0.34172453750000004 0.73533950625 0.3411458333333333 0.73533950625 0.3376736104166667 0.7366898140625 0.33246527708333334 0.7366898140625 0.32899305624999997 0.73726851875 0.32841435208333336 0.73726851875 0.32349537083333335 0.73919753125 0.31134259166666667 0.7399691359375 0.31047453750000004 0.7386188265625 0.3072916666666667 0.738233025 0.30266203750000004 0.7359182093750001 0.30266203750000004 0.73533950625 0.30381944375000003 0.7359182093750001 0.3072916666666667 0.7345679015625 0.3101851854166667 0.734375 0.31452546249999996 0.730902778125 0.31539351875 0.7293595671875 0.3142361104166667 0.7293595671875 0.31047453750000004 0.728009259375 0.30960648125 0.72665895 0.3101851854166667 0.72646605 0.3185763895833333 0.7258873453125 0.31886574166666665 0.72550154375 0.32146990833333333 0.719135803125 0.32725694375000003 0.717399690625 0.32783564791666664 0.71392746875 0.3333333333333333 0.7125771609375 0.3385416666666667 0.71199845625 0.33883101875 0.7118055562500001 0.3411458333333333 0.7100694437499999 0.34288194375000003 0.7081404328125 0.34693287083333335 0.70794753125 0.3489583333333333 0.7062114203125 0.35127314791666664 0.7052469140625 0.363136575 0.7046682093750001 0.363425925 0.7038966046875 0.36805555624999997 0.7029320984375 0.36921296249999996 0.702546296875 0.37818287083333335 0.7019675921874999 0.37847222291666666 0.7019675921874999 0.38078703750000004 0.7008101859375 0.38425925833333335
0 0.7307098765625 0.29976851875 0.7301311734375 0.30034722291666666 0.7307098765625 0.30121527708333334 0.7326388890625 0.300636575 0.7307098765625 0.29976851875
0 0.9425154328125 0.7317708333333334 0.9421296296874999 0.734375 0.9430941359375 0.734375 0.9427083328125001 0.7311921291666666 0.9425154328125 0.7317708333333334
0 0.9313271609375 0.6979166666666666 0.9307484562499999 0.69820601875 0.9305555562500001 0.7013888895833333 0.9286265437500001 0.7042824083333333 0.925347221875 0.7054398145833333 0.9234182093750001 0.7077546291666666 0.9214891968750001 0.7164351854166667 0.925347221875 0.7225115750000001 0.9280478390625 0.72366898125 0.9280478390625 0.7277199083333333 0.9261188265625 0.7300347229166667 0.9261188265625 0.7340856479166666 0.92669753125 0.734375 0.9268904328125 0.7378472229166667 0.9288194437499999 0.7445023145833333 0.9301697531249999 0.74508101875 0.9319058640625 0.7476851854166667 0.9332561734375 0.7476851854166667 0.9359567906249999 0.7439236104166667 0.9347993828125001 0.7424768520833334 0.9319058640625 0.7416087958333333 0.9301697531249999 0.7378472229166667 0.9307484562499999 0.7329282416666667 0.9305555562500001 0.7300347229166667 0.9293981484374999 0.7282986104166667 0.9293981484374999 0.7251157416666667 0.9328703703125001 0.7239583333333334 0.9342206796875001 0.7219328708333334 0.9394290125 0.7190393520833334 0.9415509265625 0.7132523145833333 0.9486882718749999 0.7065972229166667 0.9500385796874999 0.7028356479166666 0.95023148125 0.6970486104166667 0.950617284375 0.6944444437499999 0.9513888890625 0.6938657416666667 0.9519675921875 0.6886574083333333 0.9513888890625 0.6851851854166667 0.950617284375 0.6843171291666666 0.9500385796874999 0.6808449083333333 0.9486882718749999 0.6785300916666667 0.9473379625 0.6733217583333333 0.9421296296874999 0.6623263895833333 0.9394290125 0.6582754625 0.9357638890625 0.6568287041666667 0.9288194437499999 0.6576967583333333 0.92959105 0.6646412041666667 0.9261188265625 0.6712962958333333 0.9259259265625 0.6759259249999999 0.925347221875 0.6762152770833333 0.9241898140625 0.6805555562500001 0.9239969140625 0.6848958333333334 0.9234182093750001 0.6851851854166667 0.92476851875 0.6889467583333333 0.9284336421875 0.6901041666666666 0.9305555562500001 0.6932870375 0.9313271609375 0.6979166666666666
0 0.22665894999999997 0.23784722291666668 0.22839506250000002 0.23958333333333334 0.22858796250000002 0.24160879583333333 0.2312885796875 0.24565972291666668 0.233989196875 0.2479745375 0.2351466046875 0.25144675833333335 0.23456790156250001 0.25868055625 0.23379629687499998 0.26215277708333334 0.2332175921875 0.26244212916666665 0.2324459875 0.26909722291666666 0.2293595671875 0.2711226854166667 0.2278163578125 0.2734375 0.22588734531250002 0.27430555624999997 0.22434413593750002 0.277488425 0.220293209375 0.28182870416666667 0.2166280859375 0.2835648145833333 0.21199845625 0.28848379583333333 0.21161265468749998 0.28993055624999997 0.2092978390625 0.29253472291666666 0.208526234375 0.2951388895833333 0.204668209375 0.30034722291666666 0.20254629687499998 0.30497685208333336 0.2000385796875 0.30671296249999996 0.2000385796875 0.30931712916666665 0.2011959875 0.31134259166666667 0.20331790156250001 0.31944444375000003 0.20447530937499997 0.3255208333333333 0.204668209375 0.33246527708333334 0.2052469140625 0.33275462916666665 0.2062114203125 0.3376736104166667 0.208526234375 0.3385416666666667 0.20871913593750002 0.33940972291666666 0.21354166718749998 0.339699075 0.211419753125 0.3489583333333333 0.2092978390625 0.35185185208333336 0.2092978390625 0.3532986104166667 0.2073688265625 0.35734953750000004 0.2054398140625 0.359375 0.2052469140625 0.363425925 0.204668209375 0.36371527708333334 0.204668209375 0.370949075 0.2058256171875 0.3726851854166667 0.2092978390625 0.37413194375000003 0.213348765625 0.37413194375000003 0.2175925921875 0.3726851854166667 0.2206790125 0.36834490833333333 0.22202932031249997 0.36516203750000004 0.2237654328125 0.36400462916666665 0.22550154375 0.36603009166666667 0.22665894999999997 0.370949075 0.230516975 0.37297453750000004 0.23456790156250001 0.3723958333333333 0.2386188265625 0.36689814791666664 0.23919753125 0.3648726854166667 0.24440586406249998 0.35619212916666665 0.245563271875 0.35648148125 0.24672067968750003 0.35908564791666664 0.250578703125 0.36371527708333334 0.25289351875 0.3645833333333333 0.254436728125 0.36689814791666664 0.2557870375 0.3671875 0.259259259375 0.36429398125 0.2613811734375 0.36053240833333333 0.263117284375 0.35966435208333336 0.2654320984375 0.35619212916666665 0.26697530937499997 0.355613425 0.2679398140625 0.3489583333333333 0.26851851875 0.34837962916666665 0.26851851875 0.3411458333333333 0.2679398140625 0.34056712916666665 0.26658950625 0.33246527708333334 0.263117284375 0.32696759166666667 0.2623456796875 0.3203125 0.2606095671875 0.31568287083333335 0.2598379625 0.30584490833333333 0.2598379625 0.2890625 0.2606095671875 0.28327546249999996 0.261188271875 0.28269675833333335 0.2613811734375 0.27980324166666665 0.2638888890625 0.27777777708333334 0.265046296875 0.2751736104166667 0.26523919687499997 0.27285879583333333 0.2658179015625 0.27256944375000003 0.2658179015625 0.246238425 0.26523919687499997 0.245949075 0.265046296875 0.24074074166666665 0.263117284375 0.23524305625 0.2598379625 0.22974537083333332 0.256365740625 0.22829861041666666 0.2557870375 0.22714120416666667 0.2530864203125 0.22569444375 0.248456790625 0.22511574166666665 0.24016203749999998 0.22627314791666667 0.23688271562500002 0.22395833333333334 0.23418209843749999 0.22019675833333335 0.229938271875 0.22164351875000002 0.228973765625 0.22395833333333334 0.22472993749999998 0.2265625 0.22472993749999998 0.230613425 0.22588734531250002 0.23495370416666667 0.22646605000000003 0.23524305625 0.22665894999999997 0.23784722291666668
0 0.8614969140625 0.8463541666666666 0.8624614203125001 0.8521412041666667 0.8663194437499999 0.859375 0.8680555562500001 0.8596643520833334 0.87017746875 0.8619791666666666 0.8753858031249999 0.8637152770833333 0.87789351875 0.8651620375 0.8782793203124999 0.8663194437499999 0.8809799375 0.8674768520833334 0.888117284375 0.8680555562500001 0.8950617281250001 0.8663194437499999 0.8981481484374999 0.8645833333333334 0.89834105 0.8637152770833333 0.900848765625 0.8628472229166667 0.9021990734375 0.8582175916666667 0.9016203703125001 0.84375 0.9016203703125001 0.8394097229166667 0.9021990734375 0.8373842583333333 0.903742284375 0.8365162041666667 0.9118441359375 0.8370949083333333 0.915509259375 0.8356481479166666 0.9168595671875 0.83304398125 0.919367284375 0.8318865750000001 0.9201388890625 0.8304398145833333 0.9203317906249999 0.8272569437499999 0.9201388890625 0.8249421291666666 0.9182098765625 0.8197337958333333 0.9166666671874999 0.8179976854166667 0.915509259375 0.8145254625 0.9133873453125 0.8127893520833334 0.9122299375 0.8101851854166667 0.9083719140625 0.8084490750000001 0.9081790125 0.80758101875 0.904899690625 0.8067129625 0.9002700625 0.8067129625 0.8973765437500001 0.8055555562500001 0.8921682093750001 0.8070023145833333 0.8923611109375 0.8032407416666667 0.8898533953125 0.8012152770833333 0.8859953703125001 0.8003472229166667 0.8836805562500001 0.8006365750000001 0.8782793203124999 0.8061342583333333 0.8761574078125 0.8101851854166667 0.8761574078125 0.8119212958333333 0.8751929015625001 0.8139467583333333 0.8732638890625 0.81539351875 0.8697916671874999 0.8159722229166667 0.8678626546875 0.8194444437499999 0.8667052468750001 0.8200231479166666 0.8634259265625 0.8315972229166667 0.8624614203125001 0.8324652770833333 0.8616898140625 0.8368055562500001 0.8609182093750001 0.8376736104166667 0.8609182093750001 0.8460648145833333 0.8614969140625 0.8463541666666666
0 0 0.07841435208333333 0.0040509265624999995 0.07928240833333335 0.009452160937499999 0.07899305625 0.013117284375 0.07725694375 0.0158179015625 0.07465277708333334 0.017168209375 0.0723379625 0.018711420312499998 0.066550925 0.023919753125000002 0.05960648125 0.025270062500000003 0.05584490833333333 0.026813271875 0.05555555625 0.028549382812500003 0.05381944375 0.028935185937500003 0.05179398125 0.0304783953125 0.05005787083333334 0.0304783953125 0.04774305625 0.0320216046875 0.043113425000000004 0.0320216046875 0.0390625 0.0304783953125 0.035011574999999996 0.028742284375 0.03356481458333334 0.02642746875 0.029224537499999998 0.027777778125000003 0.022569443749999998 0.025848765625 0.019097222916666667 0.022955246874999998 0.018229166666666668 0.02256944375 0.017361110416666665 0.0158179015625 0.015914352083333333 0.0032793203125000003 0.016203704166666666 0 0.017071758333333336 0 0.07841435208333333
0 0.9592978390625 0.7511574083333333 0.962384259375 0.7534722229166667 0.9635416671874999 0.7557870375 0.9660493828125001 0.7575231479166666 0.9666280859375 0.7589699083333333 0.9706790125 0.7592592583333333 0.9726080250000001 0.75491898125 0.9726080250000001 0.7514467583333333 0.9706790125 0.7447916666666666 0.9679783953125 0.7413194437499999 0.9679783953125 0.7387152770833333 0.967399690625 0.7384259249999999 0.967399690625 0.7361111104166667 0.9679783953125 0.7355324083333333 0.9679783953125 0.7256944437499999 0.9672067906249999 0.7245370375 0.9625771609375 0.7245370375 0.956597221875 0.7262731479166666 0.95601851875 0.7280092583333333 0.9515817906249999 0.7335069437499999 0.9515817906249999 0.7413194437499999 0.9554398140625 0.7473958333333334 0.9583333328125001 0.7491319437499999 0.9592978390625 0.7511574083333333
0 0.657600309375 0 0.6583719140625 0.0014467583333333332 0.656828703125 0.00289351875 0.65625 0.005208333333333333 0.6585648140625 0.0066550916666666664 0.6581790125 0.010416666666666666 0.654899690625 0.011574075 0.6521990734374999 0.015335647916666667 0.656828703125 0.019386575 0.65914351875 0.019965277083333333 0.6622299375 0.026041666666666668 0.665509259375 0.02835648125 0.669367284375 0.032986110416666665 0.6707175921874999 0.03674768541666666 0.67283950625 0.03935185208333333 0.6734182093750001 0.04195601875 0.6739969140625 0.04224537083333334 0.6749614203125 0.05034722291666667 0.6759259265625001 0.05179398125 0.6761188265625 0.05439814791666667 0.67669753125 0.0546875 0.6780478390625 0.06105324166666667 0.67862654375 0.06134259166666667 0.6788194437499999 0.06394675833333334 0.684027778125 0.07320601875 0.69425154375 0.08564814791666667 0.699266975 0.08854166666666667 0.700617284375 0.08825231458333334 0.702739196875 0.074074075 0.7019675921874999 0.07175925833333333 0.7019675921874999 0.06539351875 0.7013888890625 0.06278935208333333 0.698688271875 0.056423610416666665 0.698688271875 0.052951389583333335 0.6998456796875 0.05121527708333333 0.7008101859375 0.04253472291666667 0.7013888890625 0.04195601875 0.7013888890625 0.03472222291666667 0.6994598765625 0.029803241666666664 0.6979166671875 0.02835648125 0.696759259375 0.02575231458333333 0.688850309375 0.01851851875 0.6886574078125001 0.017361110416666665 0.6838348765625 0.011284722916666667 0.6790123453125 0.007523147916666667 0.676311728125 0.0066550916666666664 0.672453703125 0.0034722229166666663 0.6682098765625 0.002314814583333333 0.66107253125 0.00289351875 0.658757715625 0.0020254625 0.6583719140625 0 0.657600309375 0
0 0.4864969140625 0.46672453750000004 0.48668981406249995 0.46875 0.485918209375 0.48582175833333335 0.4864969140625 0.4861111104166667 0.48668981406249995 0.48929398125 0.48842592656250006 0.4921875 0.4893904328125 0.495949075 0.4928626546875 0.50086805625 0.49691357968750005 0.5034722229166666 0.4978780859375 0.5052083333333334 0.5019290125 0.5063657416666667 0.5059799375 0.5023148145833333 0.5158179015625 0.5011574083333333 0.519097221875 0.49913194375000003 0.521990740625 0.495949075 0.523919753125 0.49565972291666666 0.5285493828125001 0.49276620416666667 0.5297067906249999 0.49016203750000004 0.5297067906249999 0.48466435208333336 0.5279706796875 0.4817708333333333 0.5258487656249999 0.4739583333333333 0.5250771609375 0.47337962916666665 0.5231481484375 0.46817129583333333 0.5212191359375 0.4664351854166667 0.5183256171874999 0.46585648125 0.515239196875 0.46672453750000004 0.513117284375 0.46932870416666667 0.5113811734375 0.46932870416666667 0.511188271875 0.46817129583333333 0.50790895 0.46527777708333334 0.5054012343750001 0.46064814791666664 0.5050154328125 0.4586226854166667 0.5027006171874999 0.4548611104166667 0.5011574078125001 0.449074075 0.49942129687500003 0.4470486104166667 0.49922839531249996 0.44502314791666664 0.4967206796875 0.44328703750000004 0.494598765625 0.44039351875 0.48804012343750003 0.4375 0.48784722187499996 0.43663194375000003 0.48533950625 0.43952546249999996 0.48572530937499997 0.45254629583333333 0.48514660468750004 0.456886575 0.485918209375 0.4664351854166667 0.4864969140625 0.46672453750000004
0 0.46932870312499997 0.4392361104166667 0.4739583328125 0.44097222291666666 0.47646605 0.43865740833333333 0.4772376546875 0.43402777708333334 0.47704475312500005 0.42158564791666664 0.4747299375 0.4201388895833333 0.4699074078125 0.41984953750000004 0.4666280859375 0.4236111104166667 0.4660493828125 0.42679398125 0.46585648125 0.4320023145833333 0.4666280859375 0.43460648125 0.46855709843750004 0.43634259166666667 0.46932870312499997 0.4392361104166667
0 0.1373456796875 0.7329282416666667 0.140239196875 0.7332175916666667 0.14081790156250001 0.7340856479166666 0.140046296875 0.7390046291666666 0.1363811734375 0.7468171291666666 0.1356095671875 0.7520254625 0.1369598765625 0.7560763895833333 0.1386959875 0.7578125 0.14043209843749999 0.7615740750000001 0.141975309375 0.7624421291666666 0.1452546296875 0.7630208333333334 0.1510416671875 0.7604166666666666 0.15470679062499998 0.7601273145833333 0.1574074078125 0.7638888895833333 0.157600309375 0.7653356479166666 0.165509259375 0.7670717583333333 0.167438271875 0.7653356479166666 0.1699459875 0.7601273145833333 0.17438271562500002 0.7566550916666667 0.17901234531250002 0.7563657416666667 0.1819058640625 0.7589699083333333 0.1894290125 0.7598379625 0.1905864203125 0.7583912041666667 0.1921296296875 0.7540509249999999 0.1921296296875 0.7482638895833333 0.186921296875 0.7375578708333334 0.18672839531250002 0.7352430562500001 0.1832561734375 0.7242476854166667 0.1834490734375 0.7222222229166667 0.1894290125 0.7190393520833334 0.19135802500000001 0.71383101875 0.19618055625 0.70804398125 0.20601851875000002 0.7022569437499999 0.2073688265625 0.6993634249999999 0.2071759265625 0.6967592583333333 0.206597221875 0.6944444437499999 0.20447530937499997 0.6915509249999999 0.1994598765625 0.6895254625 0.1965663578125 0.6912615750000001 0.1930941359375 0.6970486104166667 0.19000771562500002 0.6941550916666667 0.1853780859375 0.6944444437499999 0.181134259375 0.7010995375 0.17978395 0.7025462958333333 0.1776620375 0.7028356479166666 0.1749614203125 0.7022569437499999 0.17341820937500002 0.7010995375 0.17206790156250001 0.6984953708333334 0.17091049375 0.69820601875 0.17013888906250002 0.6970486104166667 0.16936728437499998 0.6929976854166667 0.1682098765625 0.6915509249999999 0.16512345625 0.6901041666666666 0.16338734531250002 0.69039351875 0.1603009265625 0.6915509249999999 0.1581790125 0.6941550916666667 0.1506558640625 0.6950231479166666 0.146026234375 0.69820601875 0.14158950625 0.6996527770833333 0.1394675921875 0.7028356479166666 0.1394675921875 0.7045717583333333 0.1385030859375 0.7068865750000001 0.1348379625 0.7083333333333334 0.1290509265625 0.7123842583333333 0.12750771562500002 0.71585648125 0.126350309375 0.7164351854166667 0.125385803125 0.7201967583333333 0.1228780859375 0.7248263895833333 0.1226851859375 0.7309027770833333 0.1261574078125 0.7349537041666667 0.135223765625 0.734375 0.1373456796875 0.7329282416666667
0 0.311921296875 0.160300925 0.311921296875 0.1640625 0.31172839531249996 0.16550925833333335 0.3103780859375 0.16724537083333332 0.3092206796875 0.175636575 0.313078703125 0.17939814791666667 0.3155864203125 0.17939814791666667 0.32465277812500004 0.17361111041666666 0.3337191359375 0.1698495375 0.3339120375 0.16898148124999998 0.3366126546875 0.16724537083333332 0.3400848765625 0.16579861041666666 0.341242284375 0.16348379583333333 0.34297839531249996 0.16290509166666667 0.3522376546875 0.15104166666666666 0.3560956796875 0.152488425 0.359375 0.15740740833333333 0.36284722187499996 0.1582754625 0.36419753125 0.15653935208333333 0.3643904328125 0.13831018541666668 0.3649691359375 0.13773148124999998 0.3649691359375 0.13599537083333332 0.3668981484375 0.13396990833333333 0.3697916671875 0.12789351875 0.3709490734375 0.1270254625 0.37152777812500004 0.11950231458333334 0.37422839531249996 0.113136575 0.37345679062500003 0.10677083333333333 0.3707561734375 0.1015625 0.3688271609375 0.10011574166666667 0.36631944375000003 0.09606481458333334 0.35898919687499997 0.097511575 0.35860339531249996 0.09866898125 0.35667438281249997 0.10011574166666667 0.3489583328125 0.1015625 0.3454861109375 0.10387731458333334 0.34278549375 0.10445601875 0.324266975 0.10416666666666667 0.3221450625 0.10503472291666666 0.32040894999999997 0.10648148125 0.3177083328125 0.11226851875 0.3171296296875 0.11458333333333333 0.3175154328125 0.1229745375 0.3157793203125 0.12789351875 0.3157793203125 0.12962962916666668 0.3136574078125 0.1328125 0.3136574078125 0.13454861041666666 0.3125 0.136863425 0.313078703125 0.144675925 0.311921296875 0.14785879583333333 0.31114969062500003 0.15682870416666667 0.311921296875 0.160300925
0 0.2619598765625 0.5373263895833333 0.26273148125 0.5364583333333334 0.2638888890625 0.53211805625 0.265625 0.53125 0.2689043203125 0.5318287041666667 0.27256944375000003 0.5370370375 0.275848765625 0.5381944437499999 0.2771990734375 0.5379050916666667 0.27970679062500003 0.5332754625 0.280671296875 0.527199075 0.28047839531249996 0.5182291666666666 0.27970679062500003 0.5159143520833334 0.274884259375 0.5081018520833334 0.27044753125 0.503761575 0.26697530937499997 0.5023148145833333 0.2598379625 0.5026041666666666 0.25790894999999997 0.504050925 0.2571373453125 0.5060763895833333 0.2552083328125 0.5081018520833334 0.2540509265625 0.5112847229166666 0.253858025 0.5286458333333334 0.25771605000000003 0.5329861104166667 0.2584876546875 0.5364583333333334 0.2619598765625 0.5373263895833333
0 0.10648148125000001 0.20486111041666666 0.109760803125 0.21006944375 0.108796296875 0.21440972291666668 0.104938271875 0.22019675833333335 0.1033950625 0.22511574166666665 0.10223765468749998 0.22685185208333333 0.10223765468749998 0.234375 0.10281635781250001 0.23784722291666668 0.10223765468749998 0.23871527708333332 0.10165895 0.25347222291666666 0.10223765468749998 0.253761575 0.10223765468749998 0.25665509166666667 0.10358796249999999 0.2604166666666667 0.10358796249999999 0.26417824166666665 0.1041666671875 0.26446759166666667 0.10435956718749999 0.27806712916666665 0.1057098765625 0.2838541666666667 0.108796296875 0.28703703750000004 0.1111111109375 0.28703703750000004 0.11419753125000001 0.2838541666666667 0.11631944375 0.28327546249999996 0.11863425937500001 0.27922453750000004 0.12094907343750001 0.277199075 0.125385803125 0.26851851875 0.1261574078125 0.265625 0.1280864203125 0.2635995375 0.1300154328125 0.25723379583333333 0.1315586421875 0.2557870375 0.13348765468749998 0.23929398124999998 0.1363811734375 0.22916666666666666 0.1375385796875 0.22685185208333333 0.13888888906250002 0.22627314791666667 0.14043209843749999 0.22395833333333334 0.1442901234375 0.222800925 0.14756944375 0.22685185208333333 0.147955246875 0.230324075 0.14756944375 0.23466435208333333 0.1487268515625 0.2401620375 0.1487268515625 0.24450231458333332 0.147955246875 0.2479745375 0.1464120375 0.25057870416666667 0.1462191359375 0.25434027708333334 0.14834105 0.26128472291666666 0.14834105 0.26533564791666664 0.14949845625 0.2708333333333333 0.14949845625 0.27980324166666665 0.1535493828125 0.28616898125 0.1583719140625 0.29021990833333333 0.16473765468749998 0.2942708333333333 0.1668595671875 0.29369212916666665 0.1685956796875 0.292824075 0.17013888906250002 0.28877314791666664 0.17341820937500002 0.28472222291666666 0.1749614203125 0.2838541666666667 0.1832561734375 0.2838541666666667 0.1853780859375 0.28067129583333333 0.1886574078125 0.2789351854166667 0.188850309375 0.2757523145833333 0.1911651234375 0.27372685208333336 0.20331790156250001 0.2734375 0.2054398140625 0.27256944375000003 0.2073688265625 0.269675925 0.2121913578125 0.26533564791666664 0.2145061734375 0.26128472291666666 0.2145061734375 0.25607638958333334 0.20794753125 0.24276620416666667 0.2071759265625 0.23929398124999998 0.20601851875000002 0.23726851875000002 0.2054398140625 0.23321759166666667 0.21006944375 0.21701388958333334 0.209490740625 0.20254629583333333 0.21277006250000002 0.19820601875000002 0.2160493828125 0.1973379625 0.21739969062500003 0.19589120416666667 0.21739969062500003 0.19068287083333332 0.2160493828125 0.18518518541666668 0.214891975 0.1817129625 0.2125771609375 0.17939814791666667 0.21064814843750002 0.17505787083333332 0.2073688265625 0.171875 0.1994598765625 0.167824075 0.187885803125 0.16724537083333332 0.1853780859375 0.16550925833333335 0.1851851859375 0.16059027708333332 0.188850309375 0.15682870416666667 0.2062114203125 0.1542245375 0.211419753125 0.15190972291666668 0.21161265468749998 0.15104166666666666 0.21392746875 0.14959490833333333 0.21932870312500002 0.14785879583333333 0.2253086421875 0.140625 0.228009259375 0.13339120416666667 0.2218364203125 0.1229745375 0.21875 0.12065972291666666 0.21739969062500003 0.11805555625 0.21547067968750003 0.11631944375 0.2145061734375 0.113425925 0.2145061734375 0.10966435208333333 0.2160493828125 0.10503472291666666 0.2137345671875 0.10127314791666667 0.2054398140625 0.09895833333333333 0.1994598765625 0.09866898125 0.19425154375 0.1015625 0.1905864203125 0.10619212916666668 0.182098765625 0.11371527708333334 0.1749614203125 0.11487268541666666 0.172260803125 0.11284722291666666 0.17206790156250001 0.10387731458333334 0.173225309375 0.10069444375 0.17534722187500001 0.09722222291666666 0.1774691359375 0.09548611041666667 0.1793981484375 0.09114583333333333 0.1793981484375 0.08680555625 0.17881944375 0.08622685208333333 0.171296296875 0.08709490833333335 0.166473765625 0.0859375 0.1614583328125 0.0859375 0.1581790125 0.08767361041666667 0.1541280859375 0.09288194375 0.15142746875 0.09866898125 0.1500771609375 0.10445601875 0.14930555625 0.10503472291666666 0.147955246875 0.10908564791666667 0.1467978390625 0.10995370416666667 0.146026234375 0.113425925 0.1448688265625 0.1151620375 0.1448688265625 0.11747685208333333 0.14409722187500001 0.11805555625 0.14351851875 0.12644675833333333 0.1467978390625 0.1328125 0.1467978390625 0.13396990833333333 0.148919753125 0.136574075 0.14949845625 0.15190972291666668 0.14853395 0.15277777708333332 0.1467978390625 0.152488425 0.145061728125 0.14930555625 0.1437114203125 0.14872685208333333 0.1429398140625 0.14756944375 0.14158950625 0.14149305625 0.1394675921875 0.13888888958333334 0.1375385796875 0.13744212916666668 0.1309799375 0.136574075 0.12673611093749998 0.136574075 0.1190200625 0.13917824166666665 0.11863425937500001 0.14004629583333333 0.11226851874999999 0.14236111041666666 0.11033950625 0.144386575 0.1051311734375 0.14699074166666665 0.103973765625 0.14930555625 0.10165895 0.15104166666666666 0.10050154375 0.15393518541666668 0.10088734531250002 0.16464120416666667 0.0970293203125 0.1895254625 0.0968364203125 0.19618055625 0.0978009265625 0.19994212916666668 0.10088734531250002 0.20283564791666667 0.10648148125000001 0.20486111041666666
0 0.14737654375 0.4429976854166667 0.14351851875 0.44502314791666664 0.1427469140625 0.44820601875 0.14216820937500002 0.44849537083333335 0.14216820937500002 0.4554398145833333 0.1427469140625 0.4557291666666667 0.1429398140625 0.46006944375000003 0.1429398140625 0.47222222291666666 0.1437114203125 0.47511574166666665 0.1487268515625 0.48090277708333334 0.14949845625 0.48408564791666664 0.15277777812499999 0.48900462916666665 0.1541280859375 0.49305555624999997 0.1574074078125 0.4982638895833333 0.157600309375 0.5 0.1608796296875 0.50491898125 0.16473765468749998 0.5052083333333334 0.16840277812499999 0.5026041666666666 0.1730324078125 0.5023148145833333 0.17573302500000001 0.50086805625 0.17669753125 0.49913194375000003 0.1793981484375 0.49710648125 0.180169753125 0.49508101875 0.1813271609375 0.4898726854166667 0.1809413578125 0.47974537083333335 0.1819058640625 0.47858796249999996 0.1886574078125 0.47974537083333335 0.19135802500000001 0.4788773145833333 0.1940586421875 0.47511574166666665 0.19521605 0.47077546249999996 0.19521605 0.46296296249999996 0.1932870375 0.45196759166666667 0.1902006171875 0.44473379583333333 0.188078703125 0.4427083333333333 0.18672839531250002 0.4392361104166667 0.18672839531250002 0.4279513895833333 0.1855709875 0.42650462916666665 0.18267746875 0.425636575 0.1749614203125 0.42534722291666666 0.16840277812499999 0.4270833333333333 0.1585648140625 0.4241898145833333 0.154899690625 0.4241898145833333 0.1510416671875 0.425925925 0.14834105 0.42824074166666665 0.14834105 0.43026620416666667 0.1502700625 0.43547453750000004 0.1500771609375 0.4392361104166667 0.14737654375 0.4429976854166667
0 0.8728780859375 0.7517361104166667 0.8753858031249999 0.7531828708333334 0.8761574078125 0.75491898125 0.876350309375 0.7598379625 0.8792438265625 0.7615740750000001 0.8796296296874999 0.7653356479166666 0.880401234375 0.7653356479166666 0.881365740625 0.7624421291666666 0.884259259375 0.7609953708333334 0.8856095671875 0.7511574083333333 0.8869598765625 0.7485532416666667 0.888117284375 0.7427662041666667 0.888117284375 0.7395833333333334 0.8888888890625 0.7381365750000001 0.888117284375 0.734375 0.8861882718749999 0.7309027770833333 0.88290895 0.7271412041666667 0.8802083328125001 0.7256944437499999 0.8790509265625 0.7259837958333333 0.8767361109375 0.7271412041666667 0.875578703125 0.7288773145833333 0.8742283953125 0.7326388895833333 0.8728780859375 0.734375 0.8726851859375 0.73726851875 0.8717206796875001 0.7395833333333334 0.871527778125 0.7430555562500001 0.8709490734375 0.7433449083333333 0.8709490734375 0.7479745375 0.8728780859375 0.7517361104166667
0 0.46084105 0.078125 0.45891203750000004 0.081886575 0.458526234375 0.0859375 0.45929783906250005 0.089699075 0.4616126546875 0.09317129583333333 0.46199845625 0.09548611041666667 0.4637345671875 0.09837962916666668 0.4654706796875 0.10069444375 0.467206790625 0.1015625 0.471257715625 0.11168981458333334 0.4720293203125 0.11660879583333333 0.4791666671875 0.12644675833333333 0.48070987656249997 0.1310763895833333 0.482831790625 0.13252314791666667 0.48398919687499997 0.13628472291666668 0.48572530937499997 0.13744212916666668 0.48746142031249995 0.14178240833333333 0.49131944375 0.14351851875000002 0.4972993828125 0.14351851875000002 0.4978780859375 0.14207175833333335 0.49864969062500003 0.14207175833333335 0.49903549375 0.14409722291666668 0.50887345625 0.14554398124999998 0.5125385796875 0.14207175833333335 0.5138888890625 0.13888888958333334 0.5140817906249999 0.1348379625 0.5138888890625 0.12528935208333333 0.5133101859375 0.12471064791666667 0.513117284375 0.1192129625 0.5104166671875 0.11400462916666668 0.509259259375 0.113136575 0.5084876546875 0.11082175833333333 0.5050154328125 0.109375 0.503472221875 0.10706018541666666 0.5027006171874999 0.10387731458333334 0.5027006171874999 0.09924768541666666 0.503858025 0.09548611041666667 0.50675154375 0.0917245375 0.5096450625 0.089699075 0.5106095671875 0.08651620416666667 0.5104166671875 0.07002314791666667 0.509259259375 0.06481481458333334 0.5040509265625001 0.060763889583333335 0.500385803125 0.05613425833333333 0.49594907343749994 0.05410879583333333 0.49382716093749995 0.05179398125 0.490740740625 0.05034722291666667 0.48996913593749997 0.04774305625 0.48726851875 0.044270833333333336 0.48456790156249996 0.04253472291666667 0.48456790156249996 0.04050925833333333 0.48379629687500003 0.0390625 0.48128857968750005 0.03761574166666667 0.47858796249999996 0.03964120416666667 0.4772376546875 0.04398148125 0.47492283906250005 0.046875 0.4635416671875 0.05179398125 0.46199845625 0.05324074166666667 0.46084105 0.057291666666666664 0.4606481484375 0.06452546249999999 0.4627700625 0.07494212916666668 0.46257716093749995 0.07638888958333333 0.46084105 0.078125
0 0.0441743828125 0.6993634249999999 0.046875 0.7037037041666667 0.049768518750000004 0.7054398145833333 0.0543981484375 0.7045717583333333 0.0592206796875 0.6996527770833333 0.06442901250000001 0.6964699083333333 0.0657793203125 0.6912615750000001 0.06770833281250001 0.6886574083333333 0.06828703750000001 0.6851851854166667 0.06770833281250001 0.6805555562500001 0.0582561734375 0.6788194437499999 0.053819443749999994 0.6736111104166667 0.049768518750000004 0.6736111104166667 0.048225309375 0.67476851875 0.0437885796875 0.6756365750000001 0.0418595671875 0.6779513895833333 0.03993055625 0.6837384249999999 0.0397376546875 0.6929976854166667 0.041087962500000005 0.6956018520833334 0.041087962500000005 0.6970486104166667 0.0441743828125 0.6993634249999999
0 0.06500771562499999 0.3072916666666667 0.068865740625 0.3107638895833333 0.0709876546875 0.31452546249999996 0.077546296875 0.316550925 0.0779320984375 0.31741898125 0.0875771609375 0.3185763895833333 0.0900848765625 0.3177083333333333 0.0904706796875 0.316550925 0.10030864218749999 0.31452546249999996 0.1076388890625 0.308449075 0.11033950625 0.30526620416666667 0.1116898140625 0.30179398125 0.1116898140625 0.29600694375000003 0.110725309375 0.292824075 0.1082175921875 0.29050925833333335 0.104938271875 0.285300925 0.10358796249999999 0.27980324166666665 0.10300925937500001 0.26273148125 0.10243055625 0.26215277708333334 0.10223765468749998 0.25665509166666667 0.10108024687499999 0.24971064791666667 0.10223765468749998 0.23350694375 0.10165895 0.22887731458333332 0.10069444375 0.22685185208333333 0.0970293203125 0.22569444375 0.09278549375 0.22569444375 0.0896990734375 0.22714120416666667 0.0895061734375 0.22800925833333335 0.0842978390625 0.230613425 0.083526234375 0.2323495375 0.0804398140625 0.23466435208333333 0.0783179015625 0.238425925 0.0769675921875 0.23929398124999998 0.07561728437500001 0.24305555625 0.073688271875 0.24508101875000002 0.06925154375 0.25462962916666665 0.066358025 0.25810185208333336 0.0655864203125 0.261574075 0.0657793203125 0.2635995375 0.0684799375 0.27054398125 0.0684799375 0.2734375 0.06500771562499999 0.27922453750000004 0.063850309375 0.28443287083333335 0.06442901250000001 0.29571759166666667 0.0636574078125 0.29832175833333335 0.0636574078125 0.30439814791666664 0.06500771562499999 0.3072916666666667
0 0 0.019965277083333333 0.0019290125 0.019965277083333333 0.002507715625 0.019386575 0.0019290125 0.018807870833333334 0 0.018807870833333334 0 0.019965277083333333
0 0.1585648140625 0.39496527708333334 0.16338734531250002 0.40480324166666665 0.16338734531250002 0.40625 0.16473765468749998 0.4079861104166667 0.16473765468749998 0.40943287083333335 0.1660879625 0.41116898125 0.16936728437499998 0.41116898125 0.1749614203125 0.40567129583333333 0.1784336421875 0.40422453750000004 0.1813271609375 0.39641203750000004 0.1815200625 0.39380787083333335 0.182098765625 0.3932291666666667 0.182098765625 0.37384259166666667 0.18402777812499999 0.35474537083333335 0.182098765625 0.35098379583333333 0.1776620375 0.34953703750000004 0.173225309375 0.34577546249999996 0.172260803125 0.34577546249999996 0.17013888906250002 0.34288194375000003 0.1676311734375 0.3420138895833333 0.1666666671875 0.34056712916666665 0.1614583328125 0.339988425 0.1595293203125 0.34288194375000003 0.1595293203125 0.34403935208333336 0.157600309375 0.347800925 0.15528549375 0.35879629583333333 0.1541280859375 0.36053240833333333 0.1539351859375 0.36284722291666666 0.1529706796875 0.3648726854166667 0.15277777812499999 0.3695023145833333 0.1502700625 0.3732638895833333 0.1500771609375 0.37702546249999996 0.14949845625 0.3773148145833333 0.148919753125 0.38339120416666667 0.14949845625 0.3888888895833333 0.1502700625 0.39033564791666664 0.1585648140625 0.39496527708333334
0 0.2160493828125 0.6304976854166667 0.2164351859375 0.6281828708333334 0.2179783953125 0.6261574083333333 0.21855709843749999 0.6235532416666667 0.223186728125 0.6154513895833333 0.22646605000000003 0.6140046291666666 0.23263888906250002 0.6137152770833333 0.233989196875 0.61226851875 0.23456790156250001 0.6111111104166667 0.234760803125 0.6038773145833333 0.23533950625000002 0.6032986104166667 0.23533950625000002 0.5969328708333334 0.23919753125 0.5882523145833333 0.24189814843750002 0.5850694437499999 0.24189814843750002 0.5824652770833333 0.24131944375 0.5821759249999999 0.24112654375 0.5804398145833333 0.22916666718749998 0.5778356479166666 0.22550154375 0.578125 0.22202932031249997 0.5798611104166667 0.2218364203125 0.58101851875 0.2199074078125 0.5824652770833333 0.21875 0.5862268520833334 0.21354166718749998 0.5957754625 0.2125771609375 0.6009837958333333 0.21199845625 0.6012731479166666 0.21180555625 0.6041666666666666 0.21064814843750002 0.6070601854166667 0.210455246875 0.6302083333333334 0.21084105000000003 0.6322337958333333 0.213348765625 0.6351273145833333 0.2160493828125 0.6304976854166667
0 0.72646605 0.38946759166666667 0.728009259375 0.390625 0.7301311734375 0.394386575 0.7316743828125001 0.39496527708333334 0.7332175921874999 0.39785879583333333 0.7355324078125001 0.39930555624999997 0.7370756171874999 0.40190972291666666 0.7445987656249999 0.40740740833333333 0.7478780859375 0.40827546249999996 0.7519290125 0.40538194375000003 0.7532793203125 0.40306712916666665 0.7586805562500001 0.4001736104166667 0.765625 0.40133101875 0.7679398140625 0.40422453750000004 0.7644675921874999 0.410011575 0.7644675921874999 0.41116898125 0.7623456796875 0.41521990833333333 0.7606095671875 0.41724537083333335 0.7604166671875 0.41898148125 0.75790895 0.42274305624999997 0.75771605 0.42476851875 0.7546296296875 0.43113425833333335 0.753858025 0.4351851854166667 0.753858025 0.44097222291666666 0.7550154328125 0.44415509166666667 0.7571373453125 0.4470486104166667 0.7604166671875 0.449074075 0.7625385796875 0.45659722291666666 0.7644675921874999 0.46006944375000003 0.77237654375 0.4632523145833333 0.776813271875 0.4635416666666667 0.7793209875 0.4632523145833333 0.78125 0.46006944375000003 0.7804783953125 0.45225694375000003 0.779899690625 0.45167824166666665 0.779899690625 0.44444444375000003 0.7804783953125 0.44415509166666667 0.7804783953125 0.44184027708333334 0.782600309375 0.43634259166666667 0.7868441359375 0.4348958333333333 0.78915895 0.43865740833333333 0.7937885796875 0.44212962916666665 0.8005401234375 0.44212962916666665 0.8038194437499999 0.44039351875 0.8117283953125 0.433449075 0.8136574078125 0.43055555624999997 0.8144290125 0.43055555624999997 0.8146219140625 0.42824074166666665 0.8175154328125 0.42476851875 0.8190586421875 0.42100694375000003 0.8190586421875 0.41435185208333336 0.8177083328125001 0.41319444375000003 0.8146219140625 0.41261574166666665 0.8117283953125 0.410300925 0.8049768515625001 0.40711805624999997 0.8007330250000001 0.40306712916666665 0.79976851875 0.4007523145833333 0.798225309375 0.39930555624999997 0.7912808640625 0.39756944375000003 0.7899305562500001 0.39525462916666665 0.7899305562500001 0.39149305624999997 0.7926311734375 0.38310185208333336 0.7966820984375 0.37847222291666666 0.8015046296874999 0.37789351875 0.807098765625 0.37962962916666665 0.8084490734375 0.37847222291666666 0.81539351875 0.3767361104166667 0.8165509265625 0.37442129583333333 0.8207947531249999 0.371238425 0.8236882718749999 0.3671875 0.8263888890625 0.36082175833333335 0.8283179015625001 0.35908564791666664 0.8290895062500001 0.35503472291666666 0.8269675921875 0.3538773145833333 0.8263888890625 0.35214120416666667 0.8231095671875 0.34866898125 0.825617284375 0.34085648125 0.8263888890625 0.332175925 0.8258101859375 0.33159722291666666 0.825617284375 0.32754629583333333 0.8244598765625 0.32349537083333335 0.8231095671875 0.3220486104166667 0.8219521609375 0.31915509166666667 0.8186728390625 0.3177083333333333 0.8132716046875 0.31712962916666665 0.8094135796874999 0.31452546249999996 0.8063271609375 0.31047453750000004 0.800347221875 0.30815972291666666 0.79976851875 0.3070023145833333 0.797260803125 0.30555555624999997 0.793016975 0.30555555624999997 0.7914737656249999 0.30758101875 0.7835648140625 0.31278935208333336 0.7758487656249999 0.31278935208333336 0.77449845625 0.31452546249999996 0.773919753125 0.31712962916666665 0.773919753125 0.32754629583333333 0.7725694437499999 0.3333333333333333 0.7692901234375 0.32899305624999997 0.762152778125 0.32870370416666667 0.7584876546875 0.32609953750000004 0.7540509265625001 0.32783564791666664 0.7530864203125 0.32957175833333335 0.7517361109375 0.3298611104166667 0.750578703125 0.33130787083333335 0.7472993828125001 0.33709490833333333 0.746527778125 0.3420138895833333 0.7467206796875 0.35069444375000003 0.7511574078125001 0.3616898145833333 0.7511574078125001 0.36689814791666664 0.7488425921874999 0.37152777708333334 0.7467206796875 0.371238425 0.7438271609375 0.36805555624999997 0.742669753125 0.36429398125 0.7393904328125 0.3616898145833333 0.73919753125 0.36053240833333333 0.7355324078125001 0.35821759166666667 0.7307098765625 0.3576388895833333 0.7278163578125 0.35850694375000003 0.72665895 0.35995370416666667 0.72646605 0.36284722291666666 0.7258873453125 0.363136575 0.7247299375 0.36921296249999996 0.7247299375 0.38396990833333333 0.72550154375 0.386863425 0.72646605 0.38946759166666667
0 0.938850309375 0.8203125 0.9481095671875 0.8171296291666666 0.9600694437499999 0.8191550916666667 0.9645061734375 0.8179976854166667 0.9706790125 0.8139467583333333 0.9718364203125001 0.8107638895833333 0.9718364203125001 0.8067129625 0.969328703125 0.8032407416666667 0.9654706796875001 0.8012152770833333 0.9646990734375 0.79976851875 0.959490740625 0.7954282416666667 0.953703703125 0.7931134249999999 0.9492669749999999 0.7931134249999999 0.9427083328125001 0.7954282416666667 0.9353780859375 0.7994791666666666 0.932098765625 0.8035300916666667 0.9315200625 0.8070023145833333 0.93267746875 0.8139467583333333 0.9353780859375 0.8191550916666667 0.938850309375 0.8203125
0 0.121527778125 0.30671296249999996 0.1190200625 0.31192129583333333 0.11882716093750001 0.316550925 0.11824845625 0.31712962916666665 0.11882716093750001 0.3220486104166667 0.11824845625 0.32233796249999996 0.11805555625 0.3263888895833333 0.11554783906249999 0.332175925 0.11419753125000001 0.33738425833333335 0.11419753125000001 0.34085648125 0.1136188265625 0.3411458333333333 0.11419753125000001 0.34519675833333335 0.11631944375 0.3498263895833333 0.11766975312500001 0.35069444375000003 0.1190200625 0.3532986104166667 0.12519290156250001 0.3538773145833333 0.12654320937500002 0.35474537083333335 0.12750771562500002 0.35734953750000004 0.1315586421875 0.3611111104166667 0.1354166671875 0.3619791666666667 0.1464120375 0.36805555624999997 0.150848765625 0.36776620416666667 0.1535493828125 0.363136575 0.15625 0.35127314791666664 0.1574074078125 0.3492476854166667 0.1574074078125 0.34664351875 0.1581790125 0.34519675833333335 0.1581790125 0.34259259166666667 0.1593364203125 0.3382523145833333 0.1595293203125 0.332175925 0.1628086421875 0.32523148125 0.16319444375 0.316550925 0.16512345625 0.3151041666666667 0.1685956796875 0.3179976854166667 0.17283950625 0.31741898125 0.1741898140625 0.31394675833333335 0.1741898140625 0.3072916666666667 0.17476851875 0.30671296249999996 0.1741898140625 0.30613425833333335 0.1741898140625 0.3020833333333333 0.17283950625 0.29745370416666667 0.17033179062499998 0.29542824166666665 0.17013888906250002 0.2942708333333333 0.1682098765625 0.292824075 0.16493055625 0.29340277708333334 0.161651234375 0.2916666666666667 0.1543209875 0.28616898125 0.1520061734375 0.2829861104166667 0.150848765625 0.27922453750000004 0.150848765625 0.2751736104166667 0.1502700625 0.27459490833333333 0.1500771609375 0.26446759166666667 0.150848765625 0.261574075 0.1500771609375 0.26070601875 0.1496913578125 0.25839120416666667 0.1500771609375 0.25173611041666666 0.1516203703125 0.2479745375 0.15142746875 0.24450231458333332 0.14930555625 0.23784722291666668 0.148919753125 0.23408564791666667 0.1481481484375 0.23292824166666665 0.141975309375 0.23292824166666665 0.1369598765625 0.23524305625 0.1348379625 0.238425925 0.13368055625 0.24074074166666665 0.13348765468749998 0.24276620416666667 0.13213734531250002 0.24450231458333332 0.13213734531250002 0.2523148145833333 0.1307870375 0.25694444375 0.1302083328125 0.25723379583333333 0.1300154328125 0.25954861041666666 0.12885802500000001 0.261574075 0.1280864203125 0.26678240833333333 0.12750771562500002 0.26707175833333335 0.1269290125 0.27314814791666664 0.125578703125 0.2751736104166667 0.125 0.2789351854166667 0.1228780859375 0.28067129583333333 0.12210648125000001 0.296875 0.123649690625 0.300636575 0.1228780859375 0.30121527708333334 0.121527778125 0.30671296249999996
0 0.09895833281250001 0.47945601875 0.1091820984375 0.4791666666666667 0.1213348765625 0.4748263895833333 0.123649690625 0.47164351875 0.125578703125 0.4664351854166667 0.129436728125 0.46238425833333335 0.133294753125 0.4609375 0.1373456796875 0.4557291666666667 0.1375385796875 0.44965277708333334 0.1369598765625 0.44589120416666667 0.1363811734375 0.4453125 0.1363811734375 0.4398148145833333 0.1369598765625 0.43894675833333335 0.1363811734375 0.43836805624999997 0.136188271875 0.4296875 0.1356095671875 0.42910879583333333 0.1356095671875 0.4270833333333333 0.13348765468749998 0.42534722291666666 0.1302083328125 0.42679398125 0.12519290156250001 0.433738425 0.11998456718749999 0.43778935208333336 0.1082175921875 0.43807870416666667 0.09895833281250001 0.4357638895833333 0.09567901250000001 0.43663194375000003 0.0935570984375 0.43952546249999996 0.092399690625 0.4429976854166667 0.090277778125 0.457175925 0.08584105 0.46440972291666666 0.085455246875 0.46672453750000004 0.0881558640625 0.47337962916666665 0.0949074078125 0.47858796249999996 0.09895833281250001 0.47945601875
0 0.0750385796875 0.7494212958333333 0.073688271875 0.7566550916666667 0.073688271875 0.7624421291666666 0.0744598765625 0.7653356479166666 0.077546296875 0.7711226854166667 0.077739196875 0.7728587958333333 0.079475309375 0.7745949083333333 0.08101851875 0.7780671291666666 0.08584105 0.7832754625 0.0895061734375 0.7838541666666666 0.093364196875 0.7824074083333333 0.09567901250000001 0.7798032416666667 0.0970293203125 0.7769097229166667 0.0987654328125 0.7719907416666667 0.0997299375 0.7633101854166667 0.10300925937500001 0.7583912041666667 0.10300925937500001 0.7442129625 0.10223765468749998 0.7433449083333333 0.10030864218749999 0.7358217583333333 0.093364196875 0.7256944437499999 0.0916280859375 0.7245370375 0.0910493828125 0.7222222229166667 0.088348765625 0.7190393520833334 0.08584105 0.7193287041666667 0.08506944375 0.7207754625 0.08391203750000001 0.7207754625 0.08294753125 0.7239583333333334 0.081983025 0.7248263895833333 0.0792824078125 0.7242476854166667 0.077739196875 0.7222222229166667 0.076774690625 0.7242476854166667 0.0738811734375 0.7254050916666667 0.07040895 0.73148148125 0.07040895 0.7381365750000001 0.072723765625 0.7398726854166667 0.0750385796875 0.7442129625 0.0750385796875 0.7494212958333333
0 0.8722993828125001 0.11631944375 0.871527778125 0.11631944375 0.871527778125 0.11545138958333333 0.8707561734375 0.11660879583333333 0.87017746875 0.1151620375 0.8690200625 0.1151620375 0.868634259375 0.11689814791666667 0.8676697531249999 0.11545138958333333 0.8674768515625001 0.11631944375 0.869598765625 0.11805555625 0.8703703703125001 0.11689814791666667 0.8722993828125001 0.11631944375
0 0.8902391968750001 0.06481481458333334 0.8915895062500001 0.06423611041666667 0.8902391968750001 0.06336805625 0.8902391968750001 0.06481481458333334
0 0.8136574078125 0.09895833333333333 0.8165509265625 0.10300925833333333 0.8196373453125 0.10590277708333334 0.8221450625 0.10648148125 0.8283179015625001 0.10619212916666668 0.8312114203125001 0.10474537083333332 0.833526234375 0.10503472291666666 0.8356481484374999 0.10706018541666666 0.8368055562500001 0.10966435208333333 0.8369984562499999 0.11197916666666667 0.838348765625 0.11429398125 0.8414351859375 0.1151620375 0.8449074078125 0.11776620416666667 0.849151234375 0.11747685208333333 0.8522376546875 0.11429398125 0.8576388890625 0.11082175833333333 0.8584104937499999 0.10908564791666667 0.860725309375 0.10763888958333333 0.8624614203125001 0.105324075 0.8649691359375 0.10416666666666667 0.8680555562500001 0.0995370375 0.8688271609375 0.09490740833333335 0.871527778125 0.089699075 0.8728780859375 0.08275462916666668 0.8782793203124999 0.07754629583333333 0.88271605 0.07060185208333333 0.88271605 0.059895833333333336 0.8815586421875 0.05613425833333333 0.8790509265625 0.05410879583333333 0.8788580250000001 0.052951389583333335 0.8757716046875 0.04976851875 0.873649690625 0.04369212916666666 0.8709490734375 0.040798610416666665 0.8707561734375 0.03964120416666667 0.8680555562500001 0.03761574166666667 0.862847221875 0.02893518541666667 0.8595679015625001 0.02575231458333333 0.8557098765625 0.025462962500000002 0.8547453703125001 0.02575231458333333 0.8535879625 0.02835648125 0.8533950625 0.03269675833333333 0.8526234562499999 0.033854166666666664 0.8489583328125001 0.03414351875 0.8468364203125001 0.03761574166666667 0.845100309375 0.03877314791666667 0.843171296875 0.0448495375 0.8404706796875001 0.04745370416666667 0.8396990734375 0.04976851875 0.8369984562499999 0.05324074166666667 0.8368055562500001 0.05526620416666667 0.83584105 0.0567129625 0.8354552468750001 0.0604745375 0.8337191359375 0.06163194375 0.8327546296874999 0.06452546249999999 0.8304398140625 0.06568287083333334 0.8290895062500001 0.0682870375 0.8236882718749999 0.06973379583333333 0.8206018515625001 0.0723379625 0.8157793203124999 0.074074075 0.8125 0.07870370416666667 0.8117283953125 0.08246527708333334 0.813078703125 0.0879629625 0.8136574078125 0.08825231458333334 0.8136574078125 0.09895833333333333
0 0.8709490734375 0.08767361041666667 0.8707561734375 0.089988425 0.87017746875 0.09027777708333334 0.8688271609375 0.0957754625 0.8682484562499999 0.09606481458333334 0.8676697531249999 0.10243055625 0.8632330250000001 0.10821759166666665 0.8595679015625001 0.109375 0.8578317906249999 0.11082175833333333 0.856867284375 0.11255787083333332 0.856867284375 0.11631944375 0.8576388890625 0.11776620416666667 0.8616898140625 0.11892361041666667 0.8705632718749999 0.11892361041666667 0.8734567906249999 0.11805555625 0.8788580250000001 0.11255787083333332 0.8794367281250001 0.11111111041666667 0.88290895 0.10850694375 0.88580246875 0.10763888958333333 0.8885030859375 0.10792824166666667 0.8917824078125 0.10966435208333333 0.8937114203125001 0.113425925 0.896990740625 0.11053240833333335 0.9103009265625 0.10763888958333333 0.9128086421875 0.10503472291666666 0.91396605 0.10098379583333333 0.9168595671875 0.09693287083333332 0.918402778125 0.0957754625 0.9228395062500001 0.0957754625 0.9249614203125001 0.08883101875 0.92476851875 0.08506944375 0.9228395062500001 0.07928240833333335 0.9203317906249999 0.0760995375 0.9182098765625 0.07089120416666667 0.9122299375 0.06336805625 0.9054783953125 0.05902777708333333 0.8993055562500001 0.05902777708333333 0.8921682093750001 0.06018518541666666 0.8917824078125 0.06105324166666667 0.8902391968750001 0.06134259166666667 0.887152778125 0.06510416666666667 0.88290895 0.06741898125 0.8805941359375 0.07204861041666667 0.8788580250000001 0.07291666666666667 0.8740354937499999 0.078125 0.8734567906249999 0.08159722291666666 0.8728780859375 0.081886575 0.871527778125 0.08738425833333333 0.8709490734375 0.08767361041666667
0 0.7073688265625 0.1895254625 0.706597221875 0.19097222291666668 0.7052469140625 0.20283564791666667 0.7019675921874999 0.20920138958333334 0.7019675921874999 0.21064814791666667 0.7000385796875 0.21383101875000002 0.6979166671875 0.22019675833333335 0.6946373453125 0.22540509166666667 0.691936728125 0.23321759166666667 0.6886574078125001 0.23784722291666668 0.686921296875 0.24305555625 0.6853780859375 0.24450231458333332 0.6851851859375 0.24739583333333334 0.6832561734375 0.24913194375 0.6820987656249999 0.24913194375 0.681134259375 0.25144675833333335 0.680169753125 0.25173611041666666 0.6805555562500001 0.253761575 0.6824845671875 0.254050925 0.6834490734374999 0.25347222291666666 0.6851851859375 0.25 0.691358025 0.25 0.6927083328125 0.24855324166666665 0.6921296296875 0.24450231458333332 0.69540895 0.24131944375 0.70023148125 0.24305555625 0.7073688265625 0.25086805625 0.7073688265625 0.2523148145833333 0.7050540125 0.25665509166666667 0.7029320984375 0.25839120416666667 0.7023533953125 0.2598379625 0.698688271875 0.26244212916666665 0.6981095671875 0.26620370416666667 0.6973379625 0.26707175833333335 0.6973379625 0.269386575 0.6946373453125 0.27546296249999996 0.6946373453125 0.277199075 0.6934799375 0.2789351854166667 0.6932870375 0.28182870416666667 0.6927083328125 0.28211805624999997 0.6927083328125 0.28877314791666664 0.6932870375 0.2890625 0.6946373453125 0.2942708333333333 0.69540895 0.30179398125 0.6979166671875 0.3070023145833333 0.6981095671875 0.30960648125 0.6994598765625 0.31307870416666667 0.7015817906249999 0.31394675833333335 0.7033179015625 0.31394675833333335 0.7112268515625 0.30671296249999996 0.7146990734374999 0.30497685208333336 0.71875 0.30121527708333334 0.7206790125 0.300636575 0.7282021609375 0.28877314791666664 0.730902778125 0.2873263895833333 0.7320601859375 0.28472222291666666 0.7386188265625 0.2760416666666667 0.73919753125 0.27228009166666667 0.74112654375 0.2682291666666667 0.74209105 0.261574075 0.7438271609375 0.25752314791666664 0.7457561734375 0.2554976854166667 0.746527778125 0.25318287083333335 0.7492283953125 0.24942129583333333 0.750385803125 0.24392361041666666 0.75 0.23408564791666667 0.750578703125 0.23148148124999998 0.750578703125 0.22395833333333334 0.7492283953125 0.21817129583333333 0.7478780859375 0.21643518541666668 0.7467206796875 0.21267361041666666 0.746141975 0.20978009166666667 0.7467206796875 0.20601851875000002 0.7482638890625 0.20457175833333335 0.749421296875 0.206886575 0.7519290125 0.20833333333333334 0.7532793203125 0.21122685208333333 0.7571373453125 0.21440972291666668 0.7658179015625 0.21788194375 0.7725694437499999 0.21440972291666668 0.7743055562500001 0.21151620416666667 0.7762345671875 0.21035879583333333 0.7804783953125 0.203125 0.78125 0.19994212916666668 0.78125 0.19589120416666667 0.7793209875 0.18807870416666667 0.7793209875 0.1817129625 0.7804783953125 0.17939814791666667 0.780671296875 0.17737268541666668 0.7831790125 0.17476851875000002 0.7839506171874999 0.17129629583333333 0.7831790125 0.167824075 0.7820216046875 0.16724537083333332 0.7804783953125 0.16377314791666667 0.7779706796875 0.16116898124999998 0.77642746875 0.1542245375 0.777777778125 0.1504629625 0.779899690625 0.14756944375 0.7810570984375 0.136863425 0.7797067906249999 0.13310185208333333 0.7677469140625 0.12586805625 0.7633101859375 0.12181712916666668 0.7619598765625 0.11805555625 0.7584876546875 0.11689814791666667 0.7559799375 0.12268518541666666 0.7550154328125 0.1310763895833333 0.7540509265625001 0.13194444375 0.7530864203125 0.13541666666666666 0.751350309375 0.13715277708333332 0.7511574078125001 0.13888888958333334 0.7478780859375 0.14380787083333332 0.746527778125 0.14814814791666667 0.7447916671875 0.14988425833333335 0.742669753125 0.15393518541666668 0.7374614203125 0.15943287083333332 0.7363040125 0.16174768541666668 0.7332175921874999 0.16377314791666667 0.7316743828125001 0.16637731458333332 0.7272376546875 0.16869212916666668 0.7168209875 0.16898148124999998 0.7141203703125 0.167824075 0.70987654375 0.167824075 0.706597221875 0.17158564791666667 0.7062114203125 0.18055555625 0.706597221875 0.18431712916666668 0.7071759265625001 0.18460648124999998 0.7073688265625 0.1895254625
0 0.37017746875 0 0.37017746875 0.0017361104166666666 0.36824845625 0.00289351875 0.3649691359375 0.0078125 0.36419753125 0.015335647916666667 0.36091820937499997 0.020833333333333332 0.36014660468750004 0.023726852083333336 0.3582175921875 0.025462962500000002 0.3574459875 0.03587962916666666 0.356867284375 0.04021990833333333 0.3562885796875 0.04050925833333333 0.3557098765625 0.05121527708333333 0.3562885796875 0.05555555625 0.3574459875 0.05815972291666667 0.3582175921875 0.05931712916666666 0.3624614203125 0.060763889583333335 0.366705246875 0.06018518541666666 0.3651620375 0.06712962916666668 0.3643904328125 0.07841435208333333 0.36612654375 0.08130787083333332 0.3674768515625 0.08564814791666667 0.3694058640625 0.08825231458333334 0.3697916671875 0.09143518541666666 0.37210648125 0.09606481458333334 0.3728780859375 0.09982638958333333 0.379436728125 0.109375 0.3807870375 0.10966435208333333 0.3854166671875 0.11458333333333333 0.386188271875 0.11747685208333333 0.3894675921875 0.12181712916666668 0.3908179015625 0.12239583333333333 0.3946759265625 0.120949075 0.3956404328125 0.11892361041666667 0.398919753125 0.11631944375 0.4012345671875 0.11111111041666667 0.4035493828125 0.10908564791666667 0.40567129687500003 0.10474537083333332 0.40817901250000005 0.10300925833333333 0.4095293203125 0.0995370375 0.41030092656250006 0.0917245375 0.4108796296875 0.09114583333333333 0.41030092656250006 0.07262731458333334 0.4108796296875 0.07204861041666667 0.4112654328125 0.06799768541666666 0.4133873453125 0.06423611041666667 0.4143518515625 0.06018518541666666 0.4158950625 0.05815972291666667 0.4166666671875 0.05410879583333333 0.41608796249999996 0.05005787083333334 0.4168595671875 0.04369212916666666 0.41820987656249997 0.040798610416666665 0.41878857968750005 0.03761574166666667 0.41820987656249997 0.027488425 0.41743827187500004 0.026620370833333334 0.415509259375 0.017071758333333336 0.41396605 0.013888889583333335 0.4128086421875 0.00491898125 0.4114583328125 0.0020254625 0.41030092656250006 0.0014467583333333332 0.41030092656250006 0 0.37017746875 0
0 0.965277778125 0.3726851854166667 0.9666280859375 0.3767361104166667 0.968171296875 0.37847222291666666 0.9691358031249999 0.3810763895833333 0.971257715625 0.39554398125 0.9718364203125001 0.3958333333333333 0.9720293203124999 0.4001736104166667 0.9733796296874999 0.40306712916666665 0.9753086421875 0.40538194375000003 0.9816743828125001 0.4085648145833333 0.983796296875 0.41087962916666665 0.9839891968750001 0.4192708333333333 0.9864969140625 0.4244791666666667 0.9866898140625 0.42910879583333333 0.9886188265625 0.4320023145833333 0.9901620375 0.433449075 0.9928626546875 0.43402777708333334 0.994598765625 0.4357638895833333 0.9998070984374999 0.43605324166666665 0.9998070984374999 0.38628472291666666 0.997492284375 0.38570601875 0.9959490734375 0.3810763895833333 0.9959490734375 0.3767361104166667 0.996527778125 0.37471064791666664 0.9978780859375 0.3726851854166667 0.9998070984374999 0.3726851854166667 0.9998070984374999 0.3648726854166667 0.9940200625 0.3645833333333333 0.9913194437499999 0.36226851875 0.9886188265625 0.3616898145833333 0.9874614203125001 0.35995370416666667 0.9866898140625 0.35648148125 0.984375 0.35619212916666665 0.984375 0.36689814791666664 0.9826388890625 0.37008101875 0.9785879625 0.36776620416666667 0.9753086421875 0.363136575 0.9739583328125001 0.359375 0.9706790125 0.35821759166666667 0.968171296875 0.36082175833333335 0.9654706796875001 0.36631944375000003 0.965277778125 0.3689236104166667 0.9646990734375 0.36921296249999996 0.965277778125 0.3697916666666667 0.965277778125 0.3726851854166667
0 0.502507715625 0.18865740833333333 0.5011574078125001 0.19415509166666667 0.500385803125 0.20196759166666667 0.500578703125 0.20746527708333332 0.5011574078125001 0.20775462916666668 0.5011574078125001 0.21035879583333333 0.5019290125 0.21180555625 0.5052083328125 0.21354166666666666 0.516975309375 0.21440972291666668 0.5212191359375 0.21180555625 0.5256558640625 0.20457175833333335 0.5333719140625 0.20283564791666667 0.535108025 0.20138888958333334 0.5364583328125 0.19849537083333332 0.5372299375 0.19589120416666667 0.5370370375 0.18315972291666668 0.535108025 0.17795138958333334 0.5343364203125 0.17303240833333333 0.5297067906249999 0.16637731458333332 0.52237654375 0.1660879625 0.5187114203125 0.16724537083333332 0.516975309375 0.16550925833333335 0.5158179015625 0.16232638958333334 0.5144675921874999 0.16116898124999998 0.5129243828125001 0.15798611041666666 0.5071373453125 0.15682870416666667 0.501350309375 0.1582754625 0.4978780859375 0.16290509166666667 0.4967206796875 0.16724537083333332 0.49652777812500004 0.17245370416666667 0.4972993828125 0.17881944375 0.500385803125 0.1817129625 0.502507715625 0.18865740833333333
0 0.3790509265625 0.23582175833333335 0.3869598765625 0.2323495375 0.39101080312500003 0.2285879625 0.3927469140625 0.22800925833333335 0.393132715625 0.22685185208333333 0.39737654375 0.22511574166666665 0.4002700625 0.222511575 0.40817901250000005 0.22685185208333333 0.408757715625 0.23871527708333332 0.40933642031249995 0.23900462916666668 0.4095293203125 0.24074074166666665 0.4095293203125 0.25028935208333336 0.40760030937499997 0.25491898125 0.40760030937499997 0.25810185208333336 0.408757715625 0.26099537083333335 0.4112654328125 0.2635995375 0.41493055625 0.26504629583333333 0.415509259375 0.269386575 0.4143518515625 0.27256944375000003 0.408757715625 0.27546296249999996 0.40682870312499997 0.27806712916666665 0.40489969062500003 0.28414351875 0.40219907343749994 0.2867476854166667 0.4020061734375 0.293113425 0.40277777812500004 0.30179398125 0.40489969062500003 0.3070023145833333 0.40663580312500003 0.31539351875 0.40625 0.324363425 0.40760030937499997 0.32783564791666664 0.41840277812500004 0.32783564791666664 0.4197530859375 0.32870370416666667 0.4268904328125 0.34085648125 0.4332561734375 0.34664351875 0.4353780859375 0.35040509166666667 0.4396219140625 0.35445601875 0.44328703750000004 0.35619212916666665 0.4459876546875 0.35879629583333333 0.450617284375 0.36053240833333333 0.45273919687499997 0.363136575 0.4548611109375 0.36284722291666666 0.45601851875 0.3616898145833333 0.45794753125 0.35619212916666665 0.4606481484375 0.35185185208333336 0.4621913578125 0.3454861104166667 0.4645061734375 0.3414351854166667 0.46527777812500004 0.33709490833333333 0.4660493828125 0.33651620416666667 0.4660493828125 0.3298611104166667 0.4670138890625 0.3258101854166667 0.46817129687500003 0.324074075 0.47067901250000005 0.32320601875 0.472608025 0.32060185208333336 0.472608025 0.31539351875 0.4699074078125 0.30671296249999996 0.47067901250000005 0.3029513895833333 0.47357253125 0.30121527708333334 0.478973765625 0.300925925 0.48070987656249997 0.29716435208333336 0.48070987656249997 0.28240740833333333 0.4801311734375 0.28182870416666667 0.47993827187500004 0.2751736104166667 0.4793595671875 0.27459490833333333 0.47858796249999996 0.27025462916666665 0.478009259375 0.26417824166666665 0.47453703750000004 0.25752314791666664 0.4720293203125 0.25636574166666665 0.46875 0.2526041666666667 0.46682098749999995 0.24913194375 0.46527777812500004 0.24855324166666665 0.46257716093749995 0.24565972291666668 0.46257716093749995 0.24074074166666665 0.4635416671875 0.23929398124999998 0.47067901250000005 0.23929398124999998 0.47434413593749997 0.23784722291666668 0.4747299375 0.23871527708333332 0.47762345625 0.23929398124999998 0.4783950625 0.24160879583333333 0.48128857968750005 0.24565972291666668 0.4855324078125 0.24884259166666667 0.48668981406249995 0.25115740833333333 0.49016203750000004 0.254050925 0.49054783906250005 0.2552083333333333 0.49517746875 0.2557870375 0.4972993828125 0.2520254625 0.496141975 0.24276620416666667 0.496141975 0.22685185208333333 0.49382716093749995 0.2207754625 0.49266975312500005 0.21440972291666668 0.48919753125 0.20833333333333334 0.48533950625 0.19589120416666667 0.4826388890625 0.1895254625 0.47993827187500004 0.1854745375 0.471257715625 0.17881944375 0.46932870312499997 0.17534722291666668 0.46797839531249996 0.16869212916666668 0.46527777812500004 0.16348379583333333 0.46527777812500004 0.15885416666666666 0.46797839531249996 0.15364583333333334 0.4699074078125 0.1464120375 0.46932870312499997 0.12644675833333333 0.46797839531249996 0.12008101875 0.46682098749999995 0.11863425833333333 0.46199845625 0.11950231458333334 0.4577546296875 0.12413194375 0.44733796249999996 0.12789351875 0.443865740625 0.13165509166666667 0.44309413593749997 0.13454861041666666 0.4407793203125 0.13599537083333332 0.43885030937499997 0.144386575 0.43730709843750004 0.14236111041666666 0.43557098749999995 0.14207175833333335 0.43344907343749994 0.13975694375 0.43132716093749995 0.13454861041666666 0.4309413578125 0.12644675833333333 0.43016975312500005 0.12326388958333333 0.4261188265625 0.11545138958333333 0.423418209375 0.11371527708333334 0.42206790156249996 0.11111111041666667 0.4185956796875 0.10850694375 0.40547839531249996 0.11545138958333333 0.40393518593750005 0.11776620416666667 0.40142746875 0.11950231458333334 0.39756944375000003 0.12789351875 0.39737654375 0.13165509166666667 0.3967978390625 0.13194444375 0.3967978390625 0.140625 0.39737654375 0.14091435208333333 0.39756944375000003 0.14380787083333332 0.398919753125 0.14496527708333332 0.4010416671875 0.14901620416666667 0.40933642031249995 0.1542245375 0.408757715625 0.15769675833333335 0.40625 0.16087962916666668 0.40528549375 0.17129629583333333 0.4045138890625 0.17245370416666667 0.400848765625 0.17332175833333335 0.39409722187499996 0.17332175833333335 0.3873456796875 0.17158564791666667 0.3802083328125 0.17158564791666667 0.377507715625 0.17332175833333335 0.3748070984375 0.17939814791666667 0.3728780859375 0.1817129625 0.3726851859375 0.183738425 0.3717206796875 0.18518518541666668 0.37152777812500004 0.18807870416666667 0.3709490734375 0.18836805625 0.3707561734375 0.20341435208333333 0.37017746875 0.20370370416666667 0.37017746875 0.20630787083333332 0.3690200625 0.20862268541666668 0.3688271609375 0.21556712916666668 0.36824845625 0.21585648124999998 0.36805555624999997 0.21990740833333333 0.36631944375000003 0.22685185208333333 0.36631944375000003 0.23553240833333333 0.3690200625 0.23871527708333332 0.3771219140625 0.23784722291666668 0.3790509265625 0.23582175833333335
0 0.03993055625 0 0.0397376546875 0.0057870375 0.041087962500000005 0.0078125 0.0408950625 0.012152777083333333 0.0364583328125 0.012731481250000001 0.0324074078125 0.019675925 0.027777778125000003 0.025462962500000002 0.027777778125000003 0.028067129166666666 0.0271990734375 0.029224537499999998 0.0314429015625 0.033854166666666664 0.033757715625000004 0.03761574166666667 0.0358796296875 0.0390625 0.0397376546875 0.04571759166666667 0.043981481249999996 0.048611110416666665 0.0457175921875 0.05121527708333333 0.047839506250000004 0.0526620375 0.048418209375 0.05439814791666667 0.048418209375 0.05815972291666667 0.049768518750000004 0.06018518541666666 0.051504629687500005 0.06134259166666667 0.053047839062500005 0.06394675833333334 0.0569058640625 0.06539351875 0.0592206796875 0.06770833333333333 0.0623070984375 0.06915509166666665 0.0684799375 0.06915509166666665 0.0738811734375 0.06307870416666667 0.076581790625 0.0625 0.08101851875 0.05960648125 0.08506944375 0.05237268541666666 0.0887345671875 0.05237268541666666 0.09085648125 0.052951389583333335 0.0916280859375 0.05410879583333333 0.09567901250000001 0.05439814791666667 0.0983796296875 0.05381944375 0.09857253125 0.052951389583333335 0.0999228390625 0.0526620375 0.10300925937500001 0.04976851875 0.1041666671875 0.04658564791666667 0.10435956718749999 0.0410879625 0.104938271875 0.04050925833333333 0.1041666671875 0.03674768541666666 0.10165895 0.03211805625 0.10030864218749999 0.027199075 0.097608025 0.023726852083333336 0.0970293203125 0.02112268541666667 0.095100309375 0.019965277083333333 0.0939429015625 0.017071758333333336 0.0916280859375 0.015914352083333333 0.0904706796875 0.0135995375 0.089891975 0.011863425 0.0916280859375 0.010127314583333333 0.0987654328125 0.010127314583333333 0.1033950625 0.011284722916666667 0.10628857968750001 0.013888889583333335 0.11323302500000001 0.017071758333333336 0.1136188265625 0.018229166666666668 0.11554783906249999 0.019675925 0.11728395 0.019965277083333333 0.119598765625 0.021990741666666664 0.1228780859375 0.028067129166666666 0.1269290125 0.03211805625 0.1282793203125 0.03587962916666666 0.1296296296875 0.036458333333333336 0.13348765468749998 0.041666666666666664 0.13676697499999999 0.03935185208333333 0.1379243828125 0.03935185208333333 0.13811728437499998 0.04021990833333333 0.1437114203125 0.04021990833333333 0.14544753125 0.036458333333333336 0.1446759265625 0.03153935208333333 0.14158950625 0.025173610416666665 0.1331018515625 0.016782408333333332 0.1242283953125 0.003761575 0.12114197499999999 0.0020254625 0.12094907343750001 0 0.0675154328125 0 0.06732253125 0.0020254625 0.0648148140625 0.002314814583333333 0.061921296875 0.0020254625 0.061728395312499997 0 0.03993055625 0
0 0.53028549375 0.11371527708333334 0.5343364203125 0.1229745375 0.5343364203125 0.12731481458333332 0.533757715625 0.12760416666666666 0.5333719140625 0.13020833333333334 0.533757715625 0.13715277708333332 0.535108025 0.13946759166666667 0.53896605 0.14120370416666667 0.5408950625 0.14409722291666668 0.5397376546875 0.1504629625 0.5397376546875 0.16174768541666668 0.540509259375 0.16290509166666667 0.5435956796875 0.16435185208333333 0.546489196875 0.16724537083333332 0.5480324078125001 0.16753472291666668 0.550347221875 0.17100694375 0.5538194437499999 0.17158564791666667 0.5549768515625 0.16898148124999998 0.558641975 0.16550925833333335 0.5609567906249999 0.160300925 0.5642361109375 0.1582754625 0.5671296296875 0.16174768541666668 0.5690586421875 0.16290509166666667 0.57040895 0.16550925833333335 0.571759259375 0.1660879625 0.5744598765625 0.17013888958333334 0.5754243828125001 0.17042824166666665 0.577739196875 0.17447916666666666 0.5842978390625 0.17939814791666667 0.587384259375 0.18055555625 0.5989583328125 0.18923611041666666 0.6024305562500001 0.19039351875000002 0.6066743828125001 0.19039351875000002 0.608796296875 0.18923611041666666 0.6076388890625 0.18229166666666666 0.6043595671875 0.17245370416666667 0.6041666671875 0.16753472291666668 0.6033950625 0.16493055625 0.6035879625 0.15769675833333335 0.603009259375 0.152199075 0.5997299375 0.14380787083333332 0.5997299375 0.14033564791666667 0.597608025 0.1348379625 0.597608025 0.12905092499999998 0.5995370375 0.1270254625 0.5997299375 0.12355324166666667 0.6003086421875 0.1229745375 0.6003086421875 0.11226851875 0.5987654328125 0.10966435208333333 0.59375 0.10792824166666667 0.5896990734374999 0.105324075 0.5839120375 0.10387731458333334 0.5821759265625001 0.1015625 0.578510803125 0.09982638958333333 0.5783179015625 0.09895833333333333 0.5738811734375 0.09548611041666667 0.5721450625 0.09346064791666667 0.571759259375 0.0917245375 0.5682870375 0.08767361041666667 0.5636574078125001 0.08767361041666667 0.559027778125 0.09693287083333332 0.5584490734374999 0.0995370375 0.5565200625 0.1015625 0.555169753125 0.10474537083333332 0.5501543203125 0.11053240833333335 0.5428240734374999 0.105324075 0.54012345625 0.10445601875 0.5331790125 0.10445601875 0.53028549375 0.105613425 0.529899690625 0.10763888958333333 0.527777778125 0.109375 0.527777778125 0.113136575 0.53028549375 0.11371527708333334
0 0.8009259265625 0.6229745375 0.8011188265625 0.625 0.8018904328125 0.6264467583333333 0.80478395 0.6281828708333334 0.8084490734375 0.63570601875 0.8113425921875 0.63773148125 0.813850309375 0.6409143520833334 0.81539351875 0.6403356479166666 0.8163580250000001 0.6365740750000001 0.8182870375 0.6339699083333333 0.8190586421875 0.6293402770833333 0.8209876546875 0.625 0.8209876546875 0.6183449083333333 0.8198302468750001 0.6134259249999999 0.82021605 0.6090856479166666 0.8184799375 0.5975115750000001 0.8177083328125001 0.5963541666666666 0.8142361109375 0.5963541666666666 0.8101851859375 0.5989583333333334 0.8030478390625 0.5995370375 0.8009259265625 0.6015625 0.79976851875 0.6050347229166667 0.79976851875 0.6166087958333333 0.7991898140625 0.6192129625 0.7999614203125 0.62210648125 0.8009259265625 0.6229745375
0 0.750578703125 0 0.750578703125 0.0020254625 0.751350309375 0.00289351875 0.7532793203125 0.0020254625 0.7532793203125 0 0.750578703125 0
0 0.7366898140625 0 0.7366898140625 0.0020254625 0.737847221875 0.00289351875 0.7397762343750001 0.0020254625 0.74517746875 0.0020254625 0.7459490734374999 0.0017361104166666666 0.7459490734374999 0 0.7366898140625 0
0 0.575617284375 0 0.575617284375 0.0017361104166666666 0.5750385796875 0.0020254625 0.5744598765625 0.00491898125 0.577546296875 0.007523147916666667 0.5808256171874999 0.015335647916666667 0.5841049375 0.018807870833333334 0.5856481484375 0.022280091666666668 0.585455246875 0.031828704166666666 0.58487654375 0.03443287083333334 0.5842978390625 0.03472222291666667 0.58294753125 0.04369212916666666 0.58294753125 0.0682870375 0.5823688265625 0.06857638958333333 0.5823688265625 0.07204861041666667 0.581597221875 0.07349537083333332 0.581597221875 0.07986111041666667 0.5842978390625 0.08738425833333333 0.5850694437499999 0.08825231458333334 0.5883487656249999 0.08825231458333334 0.593171296875 0.0839120375 0.5968364203125 0.08304398125 0.5995370375 0.08535879583333333 0.60165895 0.09114583333333333 0.605516975 0.09317129583333333 0.6057098765625 0.09403935208333333 0.6113040125 0.09461805625 0.6194058640625 0.09259259166666665 0.6273148140625 0.09288194375 0.6290509265625001 0.09317129583333333 0.629436728125 0.09403935208333333 0.632330246875 0.09403935208333333 0.63271605 0.09317129583333333 0.634259259375 0.09288194375 0.6369598765625 0.08420138958333333 0.638117284375 0.05902777708333333 0.6356095671875 0.05034722291666667 0.6354166671875 0.04745370416666667 0.63290895 0.04137731458333334 0.632330246875 0.036458333333333336 0.63290895 0.03414351875 0.6340663578125 0.03269675833333333 0.6475694437499999 0.030092591666666668 0.648919753125 0.02893518541666667 0.6502700625 0.02575231458333333 0.6475694437499999 0.015625 0.6456404328125 0.014178241666666667 0.64544753125 0.012731481250000001 0.64158950625 0.007233795833333333 0.6369598765625 0.005208333333333333 0.6336805562500001 0.00491898125 0.63290895 0.003761575 0.6290509265625001 0.002314814583333333 0.6248070984375 0.0020254625 0.624421296875 0 0.575617284375 0
0 0.09085648125 0.7792245375 0.092399690625 0.7792245375 0.0914351859375 0.7789351854166667 0.09085648125 0.7792245375
0 0.0779320984375 0.7433449083333333 0.077739196875 0.7508680562500001 0.07908950625 0.7476851854166667 0.078510803125 0.74710648125 0.0779320984375 0.7433449083333333
0 0.0802469140625 0.7039930562500001 0.0808256171875 0.7074652770833333 0.085455246875 0.7129629625 0.0896990734375 0.7242476854166667 0.092206790625 0.7259837958333333 0.093364196875 0.7285879625 0.09664351875 0.73148148125 0.0997299375 0.7369791666666666 0.10165895 0.7442129625 0.10165895 0.75289351875 0.10223765468749998 0.7531828708333334 0.10165895 0.7578125 0.1060956796875 0.7621527770833333 0.1076388890625 0.7673611104166667 0.1082175921875 0.7740162041666667 0.108796296875 0.7743055562500001 0.108989196875 0.77633101875 0.11033950625 0.7769097229166667 0.1116898140625 0.7792245375 0.1153549375 0.7803819437499999 0.11882716093750001 0.7832754625 0.1213348765625 0.7832754625 0.1232638890625 0.7847222229166667 0.1242283953125 0.7821180562500001 0.1242283953125 0.7786458333333334 0.125385803125 0.7740162041666667 0.1242283953125 0.7592592583333333 0.1222993828125 0.7531828708333334 0.11419753125000001 0.7427662041666667 0.112847221875 0.7366898145833333 0.11226851874999999 0.7303240750000001 0.1116898140625 0.7297453708333334 0.1116898140625 0.7259837958333333 0.11091820937500001 0.7242476854166667 0.11033950625 0.7132523145833333 0.108989196875 0.7115162041666667 0.10108024687499999 0.7118055562500001 0.0974151234375 0.7106481479166666 0.0970293203125 0.7094907416666667 0.0939429015625 0.7074652770833333 0.092399690625 0.7051504625 0.0916280859375 0.7028356479166666 0.090277778125 0.7013888895833333 0.088348765625 0.6956018520833334 0.08506944375 0.69039351875 0.0812114203125 0.6892361104166667 0.079668209375 0.6901041666666666 0.078510803125 0.6927083333333334 0.0783179015625 0.6964699083333333 0.079475309375 0.6993634249999999 0.079668209375 0.7037037041666667 0.0802469140625 0.7039930562500001
0 0.7999614203125 0.25839120416666667 0.8009259265625 0.25839120416666667 0.800347221875 0.25665509166666667 0.7999614203125 0.25839120416666667
0 0.8223379625 0.26273148125 0.8229166671874999 0.2630208333333333 0.8231095671875 0.26533564791666664 0.8279320984374999 0.26909722291666666 0.8325617281250001 0.2679398145833333 0.8356481484374999 0.26620370416666667 0.83584105 0.26533564791666664 0.840277778125 0.2635995375 0.8404706796875001 0.26273148125 0.84375 0.26099537083333335 0.8483796296874999 0.25954861041666666 0.8505015437500001 0.25723379583333333 0.8524305562500001 0.25665509166666667 0.8603395062500001 0.24739583333333334 0.86226851875 0.24247685208333333 0.8636188265625 0.24131944375 0.8636188265625 0.23755787083333332 0.8614969140625 0.23321759166666667 0.8603395062500001 0.22887731458333332 0.8603395062500001 0.22569444375 0.8595679015625001 0.22424768541666668 0.8595679015625001 0.22164351875000002 0.8589891968750001 0.22106481458333332 0.858796296875 0.21730324166666665 0.8578317906249999 0.21412037083333332 0.8576388890625 0.2089120375 0.8562885796874999 0.20630787083333332 0.8551311734375 0.20601851875000002 0.8520447531249999 0.20225694375 0.8505015437500001 0.20167824166666665 0.8489583328125001 0.199363425 0.8456790125 0.19791666666666666 0.83892746875 0.19820601875000002 0.8369984562499999 0.199074075 0.8342978390625 0.2010995375 0.8321759265625 0.20428240833333333 0.8296682093750001 0.20486111041666666 0.8277391968750001 0.20775462916666668 0.827546296875 0.21035879583333333 0.8269675921875 0.21064814791666667 0.8234953703125001 0.22019675833333335 0.8229166671874999 0.2265625 0.8223379625 0.22685185208333333 0.8223379625 0.23177083333333334 0.8196373453125 0.238136575 0.8192515437500001 0.24131944375 0.8221450625 0.24450231458333332 0.8223379625 0.246238425 0.8223379625 0.26273148125
0 0.8057484562499999 0.26533564791666664 0.8057484562499999 0.26649305625 0.80478395 0.269675925 0.8026620375 0.2708333333333333 0.8009259265625 0.2734375 0.7970679015625 0.27546296249999996 0.7957175921874999 0.27777777708333334 0.7951388890625 0.2789351854166667 0.7957175921874999 0.28472222291666666 0.7991898140625 0.29195601875 0.800347221875 0.300636575 0.80169753125 0.30150462916666665 0.8030478390625 0.30526620416666667 0.8053626546875 0.30584490833333333 0.8088348765625 0.308449075 0.8103780859375 0.31163194375000003 0.8128858031249999 0.31452546249999996 0.8184799375 0.31452546249999996 0.82523148125 0.3107638895833333 0.8379629625 0.3107638895833333 0.8393132718749999 0.31105324166666665 0.8422067906249999 0.31452546249999996 0.8435570984374999 0.3151041666666667 0.845100309375 0.3179976854166667 0.849151234375 0.3185763895833333 0.8532021609375 0.3177083333333333 0.8537808640625 0.316550925 0.8576388890625 0.31394675833333335 0.8603395062500001 0.3101851854166667 0.8614969140625 0.30526620416666667 0.86226851875 0.29253472291666666 0.8649691359375 0.285300925 0.8649691359375 0.2829861104166667 0.8668981484374999 0.27633101875 0.8661265437500001 0.27199074166666665 0.8634259265625 0.26678240833333333 0.8584104937499999 0.2630208333333333 0.8505015437500001 0.26215277708333334 0.8493441359375 0.26099537083333335 0.843171296875 0.26099537083333335 0.8414351859375 0.26215277708333334 0.8362268515625001 0.2630208333333333 0.83603395 0.26388888958333334 0.828703703125 0.26649305625 0.824652778125 0.26620370416666667 0.8238811734375 0.26504629583333333 0.8236882718749999 0.261574075 0.8225308640625 0.25839120416666667 0.8225308640625 0.24768518541666668 0.82021605 0.24363425833333335 0.8182870375 0.24305555625 0.8072916671874999 0.24363425833333335 0.8043981484374999 0.24508101875000002 0.8042052468750001 0.245949075 0.8011188265625 0.24681712916666668 0.79976851875 0.24768518541666668 0.7984182093750001 0.25057870416666667 0.79783950625 0.25491898125 0.7984182093750001 0.25954861041666666 0.7991898140625 0.26070601875 0.80478395 0.26417824166666665 0.8057484562499999 0.26533564791666664
0 0.4322916671875 0 0.4322916671875 0.0017361104166666666 0.43132716093749995 0.003761575 0.43132716093749995 0.010416666666666666 0.4342206796875 0.01851851875 0.43711419687499997 0.02112268541666667 0.43885030937499997 0.024016204166666666 0.44039351875 0.024884258333333336 0.4421296296875 0.027777777083333333 0.4440586421875 0.02893518541666667 0.4446373453125 0.030381943749999998 0.4484953703125 0.0332754625 0.45389660468750004 0.035011574999999996 0.45408950625 0.03587962916666666 0.45621142031249995 0.03674768541666666 0.4591049375 0.036458333333333336 0.47010030937499997 0.030671295833333334 0.47704475312500005 0.030381943749999998 0.4793595671875 0.027777777083333333 0.47993827187500004 0.019097222916666667 0.48148148125 0.015335647916666667 0.481867284375 0.011574075 0.4793595671875 0.0034722229166666663 0.478009259375 0.0017361104166666666 0.478009259375 0 0.4322916671875 0
0 0.4890046296875 0.04745370416666667 0.49131944375 0.04976851875 0.49710648125 0.05179398125 0.5069444437499999 0.06134259166666667 0.5084876546875 0.06394675833333334 0.5119598765625 0.06394675833333334 0.5163966046875 0.06915509166666665 0.519483025 0.06944444375 0.522955246875 0.07089120416666667 0.52334105 0.07175925833333333 0.5297067906249999 0.07204861041666667 0.532600309375 0.06915509166666665 0.53915895 0.06539351875 0.540509259375 0.06307870416666667 0.5408950625 0.05758101875 0.5432098765625 0.050636574999999996 0.5432098765625 0.04658564791666667 0.5426311734375 0.04600694375 0.542438271875 0.04340277708333333 0.540509259375 0.03935185208333333 0.53800154375 0.03761574166666667 0.5362654328125 0.035011574999999996 0.5345293203125 0.030092591666666668 0.5339506171874999 0.02575231458333333 0.531828703125 0.021701389583333335 0.524884259375 0.01475694375 0.5202546296875 0.011284722916666667 0.516010803125 0.009548610416666665 0.5106095671875 0.011863425 0.5084876546875 0.014467591666666666 0.50790895 0.013020833333333334 0.5052083328125 0.011284722916666667 0.500578703125 0.011863425 0.4972993828125 0.015914352083333333 0.49652777812500004 0.019675925 0.4940200625 0.024305556250000002 0.49305555625 0.02835648125 0.4909336421875 0.03240740833333333 0.484375 0.033854166666666664 0.48128857968750005 0.036458333333333336 0.4797453703125 0.03964120416666667 0.4797453703125 0.04137731458333334 0.47858796249999996 0.043113425000000004 0.484375 0.0448495375 0.4890046296875 0.04745370416666667
0 0.9776234562499999 0.5784143520833334 0.9807098765625 0.58101851875 0.9880401234375 0.5807291666666666 0.9905478390625 0.5784143520833334 0.9926697531249999 0.5778356479166666 0.9947916671874999 0.5743634249999999 0.9972993828125001 0.5726273145833333 0.9980709875 0.5685763895833333 0.9998070984374999 0.5682870375 0.9998070984374999 0.5483217583333333 0.9944058640625 0.5491898145833333 0.993634259375 0.5506365750000001 0.9905478390625 0.5523726854166667 0.9899691359375 0.5541087958333333 0.9866898140625 0.5564236104166667 0.980902778125 0.5633680562500001 0.9785879625 0.5639467583333333 0.9770447531249999 0.5659722229166667 0.9758873453125 0.5659722229166667 0.970100309375 0.5700231479166666 0.970100309375 0.5740740750000001 0.9731867281250001 0.5755208333333334 0.9747299375 0.5778356479166666 0.9776234562499999 0.5784143520833334
0 0.846257715625 0.8090277770833333 0.8489583328125001 0.8142361104166667 0.8503086421875 0.8148148145833333 0.85165895 0.8177083333333334 0.8537808640625 0.8191550916666667 0.8557098765625 0.8220486104166667 0.8595679015625001 0.8206018520833334 0.8595679015625001 0.8197337958333333 0.8636188265625 0.8142361104166667 0.8649691359375 0.8104745375 0.8668981484374999 0.8081597229166667 0.8688271609375 0.8026620375 0.8707561734375 0.8012152770833333 0.871527778125 0.7994791666666666 0.871527778125 0.7962962958333333 0.869598765625 0.7905092583333333 0.869598765625 0.7867476854166667 0.8676697531249999 0.7824074083333333 0.86419753125 0.7806712958333333 0.8595679015625001 0.7818287041666667 0.8524305562500001 0.7890625 0.85146605 0.7916666666666666 0.8470293203124999 0.7971643520833334 0.8468364203125001 0.8026620375 0.846257715625 0.8029513895833333 0.8456790125 0.8058449083333333 0.846257715625 0.8090277770833333