0 0.950617284375 0.13396990833333333 0.9552469140625 0.136574075 0.9562114203125001 0.14756944375 0.95794753125 0.1504629625 0.95794753125 0.15190972291666668 0.9592978390625 0.15509259166666667 0.96392746875 0.16145833333333334 0.9666280859375 0.16232638958333334 0.9743441359375 0.16174768541666668 0.978009259375 0.15885416666666666 0.9799382718749999 0.15451388958333334 0.9826388890625 0.15190972291666668 0.9839891968750001 0.14930555625 0.9864969140625 0.15104166666666666 0.9866898140625 0.152199075 0.9899691359375 0.15451388958333334 0.9913194437499999 0.15653935208333333 0.994598765625 0.15653935208333333 0.9980709875 0.152488425 0.9998070984374999 0.152488425 0.9998070984374999 0.09722222291666666 0.9978780859375 0.09693287083333332 0.9955632718749999 0.0917245375 0.994598765625 0.09143518541666666 0.9938271609375 0.09403935208333333 0.9905478390625 0.09722222291666666 0.9876543203124999 0.10300925833333333 0.9861111109375 0.09866898125 0.9853395062500001 0.09317129583333333 0.9810956796875001 0.08854166666666667 0.9776234562499999 0.08622685208333333 0.969328703125 0.08767361041666667 0.9646990734375 0.09201388958333333 0.9604552468750001 0.09866898125 0.9573688265625 0.10127314791666667 0.9567901234375 0.10271990833333335 0.9500385796874999 0.10995370416666667 0.9459876546875 0.1192129625 0.94540895 0.1270254625 0.9459876546875 0.12731481458333332 0.9465663578125 0.12991898125 0.950617284375 0.13396990833333333
0 0.7008101859375 0.175925925 0.70408950625 0.17824074166666665 0.7046682093750001 0.1796875 0.70987654375 0.18113425833333335 0.71875 0.18200231458333332 0.7239583328125 0.17939814791666667 0.7253086421875 0.17621527708333332 0.726080246875 0.17158564791666667 0.7272376546875 0.17013888958333334 0.7374614203125 0.17245370416666667 0.7413194437499999 0.17129629583333333 0.7430555562500001 0.16724537083333332 0.7438271609375 0.160011575 0.7438271609375 0.14236111041666666 0.742669753125 0.13136574166666667 0.74209105 0.1307870375 0.7418981484375 0.1270254625 0.7413194437499999 0.1267361104166667 0.7399691359375 0.11892361041666667 0.737847221875 0.11660879583333333 0.7332175921874999 0.11660879583333333 0.7320601859375 0.1171875 0.7310956796875 0.12268518541666666 0.7291666671875 0.12586805625 0.72762345625 0.1270254625 0.7118055562500001 0.12905092499999998 0.7089120375 0.13194444375 0.7077546296875 0.13454861041666666 0.704475309375 0.13715277708333332 0.7019675921874999 0.14120370416666667 0.700617284375 0.14612268541666668 0.6988811734375 0.14959490833333333 0.6988811734375 0.16464120416666667 0.7000385796875 0.16840277708333332 0.7000385796875 0.17361111041666666 0.7008101859375 0.175925925
0 0.7272376546875 0.1015625 0.7272376546875 0.10271990833333335 0.728009259375 0.1015625 0.7272376546875 0.1015625
0 0.7310956796875 0.09866898125 0.729938271875 0.09837962916666668 0.7293595671875 0.09866898125 0.7293595671875 0.09982638958333333 0.7307098765625 0.10069444375 0.7310956796875 0.09866898125
0 0.7274305562500001 0.09432870416666667 0.72665895 0.0957754625 0.7272376546875 0.09664351875 0.728009259375 0.09635416666666667 0.7272376546875 0.0917245375 0.72665895 0.0917245375 0.7272376546875 0.09288194375 0.72665895 0.09375 0.7274305562500001 0.09432870416666667
0 0.30362654375 0.5856481479166666 0.30381944375000003 0.5885416666666666 0.30574845625 0.5917245375 0.3088348765625 0.59375 0.3103780859375 0.5957754625 0.31211419687499997 0.5963541666666666 0.3136574078125 0.5989583333333334 0.3142361109375 0.6018518520833334 0.31385030937499997 0.6128472229166667 0.315007715625 0.6145833333333334 0.315007715625 0.6166087958333333 0.3157793203125 0.6174768520833334 0.3165509265625 0.62210648125 0.3182870375 0.6255787041666667 0.3196373453125 0.63570601875 0.32118055624999997 0.6385995375 0.3244598765625 0.6412037041666667 0.3279320984375 0.64554398125 0.3321759265625 0.6458333333333334 0.3375771609375 0.6403356479166666 0.3375771609375 0.6258680562500001 0.33680555624999997 0.6226851854166667 0.33699845625 0.6195023145833333 0.3377700625 0.6180555562500001 0.3400848765625 0.6183449083333333 0.34239969062500003 0.6212384249999999 0.34413580312500003 0.6284722229166667 0.344328703125 0.6319444437499999 0.3449074078125 0.6322337958333333 0.34510030937499997 0.6345486104166667 0.3470293203125 0.6374421291666666 0.347608025 0.6400462958333333 0.3522376546875 0.6429398145833333 0.355516975 0.6440972229166667 0.3688271609375 0.6440972229166667 0.375578703125 0.6403356479166666 0.3780864203125 0.6362847229166667 0.3782793203125 0.6339699083333333 0.378858025 0.6333912041666667 0.3780864203125 0.6215277770833333 0.3769290125 0.6163194437499999 0.37422839531249996 0.6119791666666666 0.3655478390625 0.6032986104166667 0.3640046296875 0.6004050916666667 0.36072530937499997 0.5978009249999999 0.3518518515625 0.5972222229166667 0.349151234375 0.5957754625 0.3478009265625 0.5934606479166666 0.3468364203125 0.5891203708333334 0.3470293203125 0.5850694437499999 0.351080246875 0.5798611104166667 0.3535879625 0.5778356479166666 0.354938271875 0.5743634249999999 0.3551311734375 0.5697337958333333 0.3543595671875 0.5648148145833333 0.3522376546875 0.5607638895833333 0.35050154375 0.55960648125 0.3449074078125 0.5520833333333334 0.339891975 0.5491898145833333 0.339313271875 0.5480324083333333 0.33506944375000003 0.5483217583333333 0.32947530937499997 0.5529513895833333 0.3279320984375 0.5532407416666667 0.3261959875 0.5555555562500001 0.3231095671875 0.5567129625 0.3215663578125 0.5590277770833333 0.316936728125 0.5581597229166667 0.31172839531249996 0.5601851854166667 0.3065200625 0.5648148145833333 0.30381944375000003 0.5703125 0.30362654375 0.5737847229166667 0.3030478390625 0.5740740750000001 0.3030478390625 0.5853587958333333 0.30362654375 0.5856481479166666
0 0.515239196875 0.18634259166666667 0.5158179015625 0.1854745375 0.515239196875 0.18402777708333332 0.515239196875 0.18634259166666667
0 0.46141975312500005 0.13425925833333335 0.4635416671875 0.14236111041666666 0.467206790625 0.14756944375 0.474151234375 0.14756944375 0.4758873453125 0.14525462916666668 0.4772376546875 0.14496527708333332 0.4801311734375 0.14207175833333335 0.48418209843750004 0.14409722291666668 0.485918209375 0.14670138958333334 0.485918209375 0.14930555625 0.4864969140625 0.14959490833333333 0.48668981406249995 0.152199075 0.48784722187499996 0.15451388958333334 0.48630401250000005 0.1582754625 0.48476080312500003 0.15943287083333332 0.48360339531249996 0.16174768541666668 0.48070987656249997 0.16377314791666667 0.47993827187500004 0.16724537083333332 0.4801311734375 0.17129629583333333 0.4810956796875 0.17332175833333335 0.48128857968750005 0.175925925 0.481867284375 0.17621527708333332 0.4832175921875 0.18113425833333335 0.485918209375 0.18489583333333334 0.49131944375 0.18663194375 0.49517746875 0.18489583333333334 0.49942129687500003 0.18113425833333335 0.5032793203125 0.17997685208333333 0.5050154328125 0.1776620375 0.50675154375 0.17708333333333334 0.5094521609375 0.17708333333333334 0.5119598765625 0.17824074166666665 0.5133101859375 0.18055555625 0.5158179015625 0.18113425833333335 0.5171682093750001 0.17881944375 0.516975309375 0.17679398124999998 0.5138888890625 0.16869212916666668 0.511188271875 0.16550925833333335 0.5106095671875 0.16145833333333334 0.511766975 0.15972222291666668 0.515625 0.160300925 0.5177469140625 0.16435185208333333 0.5179398140625 0.16637731458333332 0.519483025 0.16753472291666668 0.5214120375 0.17158564791666667 0.5217978390625 0.175925925 0.5260416671875 0.175636575 0.532600309375 0.18489583333333334 0.5372299375 0.18518518541666668 0.53915895 0.183449075 0.540509259375 0.18084490833333333 0.5410879625 0.17679398124999998 0.540509259375 0.15509259166666667 0.5370370375 0.15104166666666666 0.5300925921874999 0.14814814791666667 0.5285493828125001 0.14583333333333334 0.5250771609375 0.14409722291666668 0.5260416671875 0.14236111041666666 0.5297067906249999 0.14207175833333335 0.5331790125 0.13888888958333334 0.5345293203125 0.13339120416666667 0.5324074078125001 0.12905092499999998 0.52835648125 0.125 0.5252700625 0.12008101875 0.52449845625 0.1151620375 0.5225694437499999 0.10995370416666667 0.516010803125 0.1073495375 0.5102237656249999 0.10648148125 0.501350309375 0.10619212916666668 0.49807098749999995 0.10792824166666667 0.4940200625 0.10677083333333333 0.49305555625 0.10792824166666667 0.49054783906250005 0.10821759166666665 0.48726851875 0.10416666666666667 0.48476080312500003 0.09519675833333333 0.48456790156249996 0.09259259166666665 0.48302469062500003 0.09143518541666666 0.4810956796875 0.08738425833333333 0.47550154375 0.08709490833333335 0.47318672812499996 0.08767361041666667 0.47280092656250006 0.08940972291666666 0.4720293203125 0.08854166666666667 0.47646605 0.09461805625 0.47665895 0.09664351875 0.4772376546875 0.09693287083333332 0.4772376546875 0.10271990833333335 0.47453703750000004 0.10619212916666668 0.46392746875 0.10879629583333333 0.46257716093749995 0.11111111041666667 0.46257716093749995 0.11776620416666667 0.46199845625 0.11805555625 0.46141975312500005 0.12210648125 0.46141975312500005 0.13425925833333335
0 0.7810570984375 0.4904513895833333 0.782600309375 0.4947916666666667 0.7853009265625001 0.49797453750000004 0.7870370375 0.49855324166666665 0.78915895 0.5020254625 0.7907021609375 0.5026041666666666 0.7932098765625 0.5089699083333333 0.7970679015625 0.5089699083333333 0.798225309375 0.5066550916666667 0.8007330250000001 0.5052083333333334 0.8018904328125 0.5026041666666666 0.8038194437499999 0.5014467583333333 0.8097993828125001 0.49247685208333336 0.8128858031249999 0.48466435208333336 0.8144290125 0.48321759166666667 0.8163580250000001 0.4782986104166667 0.8171296296874999 0.47771990833333333 0.8171296296874999 0.4765625 0.8184799375 0.4748263895833333 0.82040895 0.46730324166666665 0.82021605 0.46006944375000003 0.8184799375 0.45457175833333335 0.8163580250000001 0.45167824166666665 0.8157793203124999 0.44965277708333334 0.8163580250000001 0.44444444375000003 0.8184799375 0.43605324166666665 0.8209876546875 0.4320023145833333 0.8209876546875 0.42534722291666666 0.8196373453125 0.42158564791666664 0.8209876546875 0.41319444375000003 0.821759259375 0.4123263895833333 0.8223379625 0.4085648145833333 0.8248456796875001 0.40422453750000004 0.8250385796874999 0.40277777708333334 0.8250385796874999 0.40046296249999996 0.8244598765625 0.39959490833333333 0.8223379625 0.39901620416666667 0.8209876546875 0.39699074166666665 0.82021605 0.394386575 0.82040895 0.39120370416666667 0.8223379625 0.386863425 0.8244598765625 0.38483796249999996 0.825617284375 0.38194444375000003 0.8296682093750001 0.3767361104166667 0.8290895062500001 0.3726851854166667 0.8269675921875 0.37297453750000004 0.8231095671875 0.37586805624999997 0.8177083328125001 0.38252314791666664 0.8165509265625 0.386574075 0.8157793203124999 0.40133101875 0.8136574078125 0.41319444375000003 0.8136574078125 0.41898148125 0.813078703125 0.4192708333333333 0.8125 0.42476851875 0.809027778125 0.43315972291666666 0.7914737656249999 0.45370370416666667 0.7864583328125 0.45746527708333334 0.7843364203125 0.46209490833333333 0.7758487656249999 0.472511575 0.773919753125 0.4782986104166667 0.77449845625 0.484375 0.7775848765625 0.4861111104166667 0.7785493828125001 0.488136575 0.7810570984375 0.4904513895833333
0 0.9527391968750001 0.22366898124999998 0.9552469140625 0.22540509166666667 0.9562114203125001 0.22800925833333335 0.958526234375 0.22916666666666666 0.9627700625 0.22800925833333335 0.9677854937499999 0.22800925833333335 0.9747299375 0.23003472291666668 0.9782021609375 0.22945601875000002 0.9847608031249999 0.22540509166666667 0.9876543203124999 0.22511574166666665 0.9911265437500001 0.2207754625 0.9913194437499999 0.20920138958333334 0.9893904328125 0.20659722291666668 0.9882330250000001 0.20341435208333333 0.9886188265625 0.20225694375 0.9911265437500001 0.20167824166666665 0.9947916671874999 0.19762731458333332 0.9957561734375 0.19589120416666667 0.9957561734375 0.191261575 0.994598765625 0.18692129583333333 0.9918981484374999 0.18142361041666666 0.9888117281250001 0.17997685208333333 0.98726851875 0.17824074166666665 0.9797453703125001 0.17621527708333332 0.9783950625 0.17505787083333332 0.9737654328125 0.17447916666666666 0.97164351875 0.17650462916666668 0.9679783953125 0.17824074166666665 0.9668209875 0.18026620416666667 0.9641203703125001 0.17737268541666668 0.9600694437499999 0.17650462916666668 0.956597221875 0.17824074166666665 0.954475309375 0.18084490833333333 0.952546296875 0.18663194375 0.9519675921875 0.18692129583333333 0.9508101859375 0.19386574166666665 0.950617284375 0.21122685208333333 0.9515817906249999 0.21932870416666667 0.952546296875 0.22135416666666666 0.9527391968750001 0.22366898124999998
0 0.02835648125 0.31741898125 0.029706790625 0.31944444375000003 0.03125 0.324363425 0.031828703125 0.3336226854166667 0.0324074078125 0.33391203750000004 0.033757715625000004 0.34230324166666665 0.0343364203125 0.34259259166666667 0.0345293203125 0.3460648145833333 0.0353009265625 0.34837962916666665 0.037808642187500005 0.35127314791666664 0.0383873453125 0.3532986104166667 0.0408950625 0.35474537083333335 0.042438271875 0.3576388895833333 0.0499614203125 0.36371527708333334 0.05767746875 0.36516203750000004 0.061149690624999996 0.363425925 0.064043209375 0.35908564791666664 0.0675154328125 0.35734953750000004 0.06770833281250001 0.35648148125 0.0721450625 0.35300925833333335 0.0721450625 0.34693287083333335 0.07021605 0.3414351854166667 0.06828703750000001 0.33709490833333333 0.0665509265625 0.33535879583333333 0.06442901250000001 0.3307291666666667 0.06346450625 0.33015046249999996 0.058063271875 0.31915509166666667 0.0565200625 0.31886574166666665 0.055169753125 0.316550925 0.0499614203125 0.3125 0.043981481249999996 0.30555555624999997 0.042631173437499996 0.30526620416666667 0.0412808640625 0.3029513895833333 0.0397376546875 0.30150462916666665 0.03800154375 0.30121527708333334 0.0358796296875 0.2986111104166667 0.0256558640625 0.29629629583333333 0.023919753125000002 0.2991898145833333 0.0237268515625 0.30381944375000003 0.02449845625 0.30758101875 0.0271990734375 0.31278935208333336 0.02835648125 0.31741898125
0 0.28028549375 0.26880787083333335 0.27989969062500003 0.27401620416666667 0.28047839531249996 0.2786458333333333 0.28163580312500003 0.28067129583333333 0.281828703125 0.2829861104166667 0.2824074078125 0.28327546249999996 0.283757715625 0.28819444375000003 0.2843364203125 0.28848379583333333 0.2845293203125 0.29224537083333335 0.285686728125 0.2951388895833333 0.2868441359375 0.29571759166666667 0.2883873453125 0.2942708333333333 0.29533179062500003 0.2916666666666667 0.30381944375000003 0.29021990833333333 0.3067129625 0.29050925833333335 0.30902777812500004 0.29340277708333334 0.3103780859375 0.29976851875 0.31539351875 0.29976851875 0.31597222187499996 0.2986111104166667 0.32040894999999997 0.296875 0.321759259375 0.29542824166666665 0.3250385796875 0.29108796249999996 0.325617284375 0.28877314791666664 0.32773919687499997 0.28587962916666665 0.32908950625 0.28182870416666667 0.32908950625 0.265625 0.330632715625 0.261863425 0.3331404328125 0.2601273145833333 0.335455246875 0.2598379625 0.3375771609375 0.26273148125 0.33892746875 0.26851851875 0.3396990734375 0.2757523145833333 0.34027777812500004 0.2760416666666667 0.3404706796875 0.2786458333333333 0.34239969062500003 0.2829861104166667 0.3454861109375 0.28472222291666666 0.3503086421875 0.28414351875 0.35165894999999997 0.28211805624999997 0.3522376546875 0.28327546249999996 0.3522376546875 0.28211805624999997 0.3487654328125 0.277488425 0.3458719140625 0.2682291666666667 0.3456790125 0.26128472291666666 0.34722222187499996 0.25434027708333334 0.348186728125 0.25289351875 0.359375 0.24652777708333332 0.3651620375 0.24855324166666665 0.3699845671875 0.24826388958333334 0.3707561734375 0.24652777708333332 0.3707561734375 0.24334490833333333 0.369598765625 0.24045138958333334 0.3643904328125 0.23408564791666667 0.36631944375000003 0.23090277708333332 0.37017746875 0.22974537083333332 0.3728780859375 0.22598379583333333 0.37422839531249996 0.22540509166666667 0.377507715625 0.21990740833333333 0.378858025 0.21267361041666666 0.3761574078125 0.2089120375 0.370563271875 0.20746527708333332 0.3636188265625 0.207175925 0.3595679015625 0.20196759166666667 0.3489583328125 0.19762731458333332 0.3470293203125 0.1953125 0.3439429015625 0.19357638958333334 0.34239969062500003 0.191261575 0.339891975 0.18981481458333332 0.3327546296875 0.18663194375 0.32851080312500003 0.18692129583333333 0.325617284375 0.1895254625 0.323688271875 0.19270833333333334 0.323688271875 0.20978009166666667 0.322723765625 0.21585648124999998 0.3182870375 0.22048611041666666 0.30960648125 0.222800925 0.30574845625 0.22569444375 0.3049768515625 0.22685185208333333 0.30362654375 0.23755787083333332 0.300733025 0.24160879583333333 0.29764660468750004 0.24305555625 0.293016975 0.24334490833333333 0.28896605000000003 0.246238425 0.2831790125 0.24768518541666668 0.2791280859375 0.25086805625 0.27642746875 0.25491898125 0.2752700625 0.25810185208333336 0.2752700625 0.261863425 0.2771990734375 0.26533564791666664 0.28028549375 0.26880787083333335
0 0.0372299375 0.48871527708333334 0.0432098765625 0.4939236104166667 0.046296296875 0.49797453750000004 0.046875 0.5 0.05767746875 0.48553240833333333 0.059606481249999996 0.484375 0.0648148140625 0.484375 0.0675154328125 0.48582175833333335 0.071759259375 0.48524305624999997 0.0754243828125 0.48292824166666665 0.077739196875 0.47858796249999996 0.077546296875 0.4742476854166667 0.0719521609375 0.4626736104166667 0.068865740625 0.4609375 0.0671296296875 0.4583333333333333 0.061921296875 0.4554398145833333 0.061728395312499997 0.45457175833333335 0.057098765625000006 0.453125 0.05208333281250001 0.45457175833333335 0.044367284374999996 0.45370370416666667 0.0364583328125 0.45457175833333335 0.030671296874999997 0.46817129583333333 0.030285493749999996 0.4739583333333333 0.031828703125 0.47945601875 0.0343364203125 0.48234953750000004 0.0372299375 0.48871527708333334
0 0.2999614203125 0.05584490833333333 0.29957561718750003 0.05700231458333334 0.30034722187499996 0.058449074999999996 0.3005401234375 0.0567129625 0.2999614203125 0.05584490833333333
0 0.19598765468749998 0 0.19598765468749998 0.0017361104166666666 0.19463734531250002 0.0034722229166666663 0.19425154375 0.005208333333333333 0.19598765468749998 0.00694444375 0.19598765468749998 0.008391204166666666 0.1979166671875 0.009259258333333333 0.2000385796875 0.012152777083333333 0.2062114203125 0.012152777083333333 0.20891203749999998 0.010416666666666666 0.21103394999999997 0.010416666666666666 0.213348765625 0.011284722916666667 0.218364196875 0.015914352083333333 0.22048611093749998 0.021412037499999998 0.2199074078125 0.025462962500000002 0.22472993749999998 0.035011574999999996 0.22588734531250002 0.04253472291666667 0.22743055625 0.04571759166666667 0.2303240734375 0.04745370416666667 0.2332175921875 0.052083333333333336 0.2332175921875 0.05410879583333333 0.234760803125 0.05700231458333334 0.235918209375 0.06278935208333333 0.2374614203125 0.06452546249999999 0.2449845671875 0.06712962916666668 0.24517746875 0.06799768541666666 0.2472993828125 0.06915509166666665 0.2488425921875 0.06915509166666665 0.2511574078125 0.07175925833333333 0.2540509265625 0.07320601875 0.26697530937499997 0.07349537083333332 0.2712191359375 0.07175925833333333 0.273919753125 0.06857638958333333 0.2750771609375 0.06510416666666667 0.28086419687499997 0.05584490833333333 0.2835648140625 0.0546875 0.2858796296875 0.05555555625 0.2864583328125 0.0567129625 0.291473765625 0.05700231458333334 0.2918595671875 0.052951389583333335 0.2932098765625 0.050636574999999996 0.292438271875 0.04658564791666667 0.2872299375 0.0448495375 0.28395061718750003 0.04224537083333334 0.281828703125 0.041666666666666664 0.27430555624999997 0.028645833333333332 0.2687114203125 0.024305556250000002 0.26215277812500004 0.022858795833333334 0.260223765625 0.021412037499999998 0.24710648124999998 0.019965277083333333 0.2366898140625 0.014178241666666667 0.23418209843749999 0.011574075 0.22550154375 0.008969908333333334 0.21971450625000002 0.0034722229166666663 0.21585648124999998 0.0020254625 0.21547067968750003 0 0.19598765468749998 0
0 0.3279320984375 0.39756944375000003 0.3327546296875 0.39930555624999997 0.3342978390625 0.4010416666666667 0.3396990734375 0.40277777708333334 0.3456790125 0.40190972291666666 0.3479938265625 0.39930555624999997 0.3508873453125 0.39785879583333333 0.3532021609375 0.39814814791666664 0.354938271875 0.40046296249999996 0.3562885796875 0.40422453750000004 0.3562885796875 0.410300925 0.3541666671875 0.42158564791666664 0.3535879625 0.421875 0.3533950625 0.42505787083333335 0.35165894999999997 0.42881944375000003 0.35146605000000003 0.43315972291666666 0.3508873453125 0.433449075 0.3508873453125 0.4429976854166667 0.3624614203125 0.46006944375000003 0.36631944375000003 0.46064814791666664 0.3703703703125 0.45746527708333334 0.372492284375 0.45428240833333333 0.37422839531249996 0.45341435208333336 0.37461419687499997 0.45196759166666667 0.3796296296875 0.4470486104166667 0.3809799375 0.44444444375000003 0.38773148125 0.4392361104166667 0.3908179015625 0.433738425 0.39158950625 0.4314236104166667 0.39158950625 0.42824074166666665 0.3929398140625 0.42534722291666666 0.3927469140625 0.42303240833333333 0.38966049375 0.42071759166666667 0.388117284375 0.417824075 0.388117284375 0.4163773145833333 0.3869598765625 0.41550925833333335 0.38715277812500004 0.41290509166666667 0.390625 0.41435185208333336 0.39216820937499997 0.4166666666666667 0.3946759265625 0.417824075 0.3948688265625 0.41984953750000004 0.396026234375 0.42100694375000003 0.39756944375000003 0.42129629583333333 0.398919753125 0.41840277708333334 0.4020061734375 0.3967013895833333 0.402391975 0.39525462916666665 0.40605709843750004 0.39033564791666664 0.4074074078125 0.386863425 0.40760030937499997 0.38396990833333333 0.4074074078125 0.38165509166666667 0.40605709843750004 0.378761575 0.39930555624999997 0.3697916666666667 0.39949845625 0.36574074166666665 0.4029706796875 0.36053240833333333 0.40547839531249996 0.35821759166666667 0.4074074078125 0.35300925833333335 0.4074074078125 0.35127314791666664 0.40547839531249996 0.347511575 0.40181327187500004 0.34432870416666667 0.39930555624999997 0.34375 0.39756944375000003 0.34230324166666665 0.3937114203125 0.34230324166666665 0.38715277812500004 0.35011574166666665 0.3834876546875 0.35127314791666664 0.3805941359375 0.35474537083333335 0.37635030937499997 0.35474537083333335 0.37538580312500003 0.3532986104166667 0.37422839531249996 0.34866898125 0.377507715625 0.3359375 0.37770061718750003 0.33130787083333335 0.3769290125 0.32754629583333333 0.3761574078125 0.32696759166666667 0.375578703125 0.32465277708333334 0.370563271875 0.31886574166666665 0.369598765625 0.316261575 0.3668981484375 0.3125 0.3636188265625 0.31192129583333333 0.359375 0.3148148145833333 0.3582175921875 0.31712962916666665 0.3582175921875 0.32609953750000004 0.3570601859375 0.34230324166666665 0.3574459875 0.3492476854166667 0.356867284375 0.35069444375000003 0.355516975 0.35214120416666667 0.3478009265625 0.35214120416666667 0.3416280859375 0.35474537083333335 0.3400848765625 0.3576388895833333 0.3377700625 0.35908564791666664 0.3362268515625 0.3616898145833333 0.3342978390625 0.363136575 0.3321759265625 0.3671875 0.32966820937499997 0.36921296249999996 0.3238811734375 0.378761575 0.324266975 0.39351851875 0.3244598765625 0.394386575 0.327546296875 0.39641203750000004 0.3279320984375 0.39756944375000003
0 0.4758873453125 0.31134259166666667 0.4753086421875 0.3177083333333333 0.4758873453125 0.3220486104166667 0.4801311734375 0.32957175833333335 0.4864969140625 0.32928240833333333 0.4886188265625 0.32725694375000003 0.48919753125 0.324074075 0.49054783906250005 0.3220486104166667 0.4918981484375 0.32175925833333335 0.49652777812500004 0.32957175833333335 0.4967206796875 0.33130787083333335 0.50096450625 0.33391203750000004 0.5052083328125 0.339699075 0.508294753125 0.33796296249999996 0.5119598765625 0.3336226854166667 0.513117284375 0.3304398145833333 0.5133101859375 0.32696759166666667 0.5138888890625 0.3263888895833333 0.5138888890625 0.3179976854166667 0.50887345625 0.3101851854166667 0.513117284375 0.30815972291666666 0.5158179015625 0.30410879583333333 0.516010803125 0.30266203750000004 0.5196759265625001 0.30005787083333335 0.5196759265625001 0.296875 0.5171682093750001 0.293113425 0.5140817906249999 0.2913773145833333 0.5123456796875 0.2890625 0.507330246875 0.28819444375000003 0.503472221875 0.2864583333333333 0.49807098749999995 0.28587962916666665 0.4978780859375 0.285011575 0.4918981484375 0.2835648145833333 0.48746142031249995 0.28414351875 0.48495370312499997 0.28877314791666664 0.48128857968750005 0.2890625 0.4772376546875 0.2916666666666667 0.4758873453125 0.292824075 0.4733796296875 0.29832175833333335 0.4737654328125 0.30410879583333333 0.47646605 0.30671296249999996 0.47665895 0.31047453750000004 0.4758873453125 0.31134259166666667
0 0.46797839531249996 0 0.46778549375 0.0020254625 0.4666280859375 0.0020254625 0.46508487656249997 0.004629629166666666 0.46392746875 0.005208333333333333 0.4635416671875 0.015335647916666667 0.46006944375 0.018807870833333334 0.45871913593749997 0.015914352083333333 0.45871913593749997 0.0078125 0.4573688265625 0.005208333333333333 0.4498456796875 0.004629629166666666 0.44945987656249997 0.003761575 0.447723765625 0.0034722229166666663 0.440007715625 0.003761575 0.4353780859375 0.008391204166666666 0.4353780859375 0.010416666666666666 0.435956790625 0.010706018749999999 0.43672839531249996 0.014467591666666666 0.43653549375 0.016782408333333332 0.43518518593750005 0.019675925 0.4315200625 0.022569443749999998 0.43132716093749995 0.024594908333333332 0.43074845625 0.024884258333333336 0.42881944375 0.03240740833333333 0.42959105 0.046875 0.43055555625 0.05034722291666667 0.43402777812500004 0.05324074166666667 0.4342206796875 0.05700231458333334 0.4353780859375 0.06018518541666666 0.43807870312499997 0.06336805625 0.4392361109375 0.06712962916666668 0.4407793203125 0.06336805625 0.4456018515625 0.057291666666666664 0.44830246875 0.058449074999999996 0.450617284375 0.06105324166666667 0.450617284375 0.066261575 0.44945987656249997 0.06886574166666667 0.4481095671875 0.06973379583333333 0.4471450625 0.07638888958333333 0.4446373453125 0.08130787083333332 0.4440586421875 0.08420138958333333 0.44425154375 0.08854166666666667 0.44540895 0.0917245375 0.446759259375 0.09259259166666665 0.44733796249999996 0.09432870416666667 0.44945987656249997 0.09664351875 0.45273919687499997 0.09866898125 0.45717592656250006 0.09895833333333333 0.4573688265625 0.10069444375 0.45794753125 0.10098379583333333 0.45794753125 0.10416666666666667 0.4573688265625 0.105324075 0.45929783906250005 0.10648148125 0.463348765625 0.10619212916666668 0.46682098749999995 0.10300925833333333 0.46952160468750004 0.10271990833333335 0.4704861109375 0.10127314791666667 0.47067901250000005 0.10214120416666667 0.4714506171875 0.07986111041666667 0.480516975 0.07638888958333333 0.48379629687500003 0.07783564791666667 0.4957561734375 0.07783564791666667 0.4972993828125 0.07725694375 0.49922839531249996 0.074363425 0.49922839531249996 0.06741898125 0.4972993828125 0.06192129583333333 0.4972993828125 0.06018518541666666 0.4967206796875 0.059895833333333336 0.49652777812500004 0.0567129625 0.4940200625 0.05353009166666667 0.493634259375 0.05150462916666666 0.4909336421875 0.05034722291666667 0.48919753125 0.04774305625 0.48398919687499997 0.04658564791666667 0.481867284375 0.04369212916666666 0.48148148125 0.043113425000000004 0.48398919687499997 0.03877314791666667 0.4855324078125 0.0390625 0.485918209375 0.04021990833333333 0.4876543203125 0.040798610416666665 0.4886188265625 0.04224537083333334 0.49131944375 0.042824074999999996 0.49324845625 0.0448495375 0.4972993828125 0.0448495375 0.504436728125 0.04253472291666667 0.5129243828125001 0.041666666666666664 0.51466049375 0.03935185208333333 0.5140817906249999 0.029513889583333335 0.515239196875 0.026041666666666668 0.5144675921874999 0.021412037499999998 0.511188271875 0.015335647916666667 0.5106095671875 0.011284722916666667 0.50771605 0.006365741666666667 0.5059799375 0 0.48842592656250006 0 0.488233025 0.0020254625 0.48456790156249996 0.0031828708333333333 0.4801311734375 0.0020254625 0.47993827187500004 0 0.46797839531249996 0
0 0.87017746875 0.39149305624999997 0.873649690625 0.39033564791666664 0.8788580250000001 0.38310185208333336 0.8792438265625 0.38165509166666667 0.8838734562499999 0.3802083333333333 0.8869598765625 0.38194444375000003 0.8913966046875 0.37818287083333335 0.89544753125 0.3767361104166667 0.8967978390625 0.37442129583333333 0.9045138890625 0.371238425 0.9054783953125 0.3689236104166667 0.9043209875 0.36747685208333336 0.8927469140625 0.3654513895833333 0.8890817906249999 0.3616898145833333 0.8869598765625 0.35648148125 0.884259259375 0.35300925833333335 0.8834876546875 0.35069444375000003 0.8780864203125001 0.3492476854166667 0.8728780859375 0.34664351875 0.8697916671874999 0.34693287083333335 0.8690200625 0.347800925 0.8674768515625001 0.35185185208333336 0.8688271609375 0.35908564791666664 0.8624614203125001 0.36371527708333334 0.8609182093750001 0.3671875 0.8589891968750001 0.36921296249999996 0.858796296875 0.3723958333333333 0.8582175921875 0.3726851854166667 0.8578317906249999 0.38078703750000004 0.8589891968750001 0.3854166666666667 0.862847221875 0.39033564791666664 0.87017746875 0.39149305624999997
0 0.0212191359375 0.511863425 0.021026234375 0.5199652770833334 0.021797839062499998 0.5234375 0.022955246874999998 0.5245949083333333 0.02449845625 0.52835648125 0.026813271875 0.5300925916666667 0.0279706796875 0.5326967583333333 0.0300925921875 0.5344328708333334 0.0314429015625 0.5367476854166667 0.03915895 0.5422453708333334 0.043016975 0.5434027770833333 0.048225309375 0.5422453708333334 0.048418209375 0.5396412041666667 0.046296296875 0.5367476854166667 0.0470679015625 0.5344328708333334 0.047260803125 0.52430555625 0.0470679015625 0.5217013895833333 0.0457175921875 0.519386575 0.0457175921875 0.5176504625 0.046875 0.5144675916666667 0.0499614203125 0.5121527770833334 0.05169753125 0.511863425 0.05169753125 0.50694444375 0.0491898140625 0.5017361104166667 0.0489969140625 0.4982638895833333 0.047839506250000004 0.49508101875 0.042631173437499996 0.49305555624999997 0.0387731484375 0.4898726854166667 0.032600309375 0.488425925 0.0291280859375 0.48495370416666667 0.025270062500000003 0.48350694375000003 0.021797839062499998 0.48495370416666667 0.0198688265625 0.48900462916666665 0.0196759265625 0.49074074166666665 0.0179398140625 0.49305555624999997 0.0154320984375 0.5014467583333333 0.0154320984375 0.5060763895833333 0.017168209375 0.5078125 0.017168209375 0.5089699083333333 0.0212191359375 0.511863425
0 0.0738811734375 0.4765625 0.0750385796875 0.4782986104166667 0.07523148125 0.47627314791666664 0.0748456796875 0.47366898125 0.074266975 0.4739583333333333 0.0738811734375 0.4765625
0 0.074266975 0.480324075 0.0748456796875 0.480324075 0.0750385796875 0.4782986104166667 0.0738811734375 0.47858796249999996 0.074266975 0.480324075
0 0.23379629687499998 0.16377314791666667 0.233989196875 0.16579861041666666 0.237847221875 0.168113425 0.244598765625 0.16840277708333332 0.248456790625 0.16232638958333334 0.24864969062500003 0.15711805625 0.25077160468750004 0.15104166666666666 0.25135030937499997 0.15017361041666666 0.255401234375 0.15017361041666666 0.2559799375 0.15075231458333332 0.2559799375 0.15480324166666665 0.2552083328125 0.15798611041666666 0.2561728390625 0.15856481458333332 0.259259259375 0.16377314791666667 0.2598379625 0.16840277708333332 0.2606095671875 0.1698495375 0.27044753125 0.175636575 0.2779706796875 0.17795138958333334 0.28395061718750003 0.1776620375 0.2858796296875 0.175636575 0.28800154375 0.16753472291666668 0.2908950625 0.16550925833333335 0.2926311734375 0.16319444375 0.29841820937499997 0.160300925 0.3069058640625 0.15856481458333332 0.31095679062500003 0.15914351875000002 0.31385030937499997 0.16290509166666667 0.3155864203125 0.16348379583333333 0.3177083328125 0.16695601875000002 0.32137345625 0.16869212916666668 0.3231095671875 0.16724537083333332 0.3298611109375 0.16550925833333335 0.33294753125 0.16174768541666668 0.3331404328125 0.15943287083333332 0.3337191359375 0.15885416666666666 0.3337191359375 0.15538194375 0.33101851875 0.15133101875000002 0.327546296875 0.1484375 0.3244598765625 0.14149305625 0.3231095671875 0.14004629583333333 0.3229166671875 0.13715277708333332 0.321759259375 0.13454861041666666 0.3209876546875 0.13339120416666667 0.3165509265625 0.13252314791666667 0.31539351875 0.13136574166666667 0.31288580312500003 0.1229745375 0.3105709875 0.11950231458333334 0.3063271609375 0.11863425833333333 0.3001543203125 0.11979166666666667 0.28607253125 0.11631944375 0.2791280859375 0.11660879583333333 0.2698688265625 0.12239583333333333 0.2658179015625 0.12789351875 0.263117284375 0.12905092499999998 0.26292438281249997 0.12991898125 0.2596450625 0.13136574166666667 0.254436728125 0.13194444375 0.248456790625 0.1348379625 0.24016203749999998 0.13512731458333332 0.23611111093749998 0.13425925833333335 0.23456790156250001 0.13165509166666667 0.2301311734375 0.13194444375 0.228009259375 0.13744212916666668 0.21932870312500002 0.14670138958333334 0.21739969062500003 0.15075231458333332 0.21739969062500003 0.15451388958333334 0.2282021609375 0.15682870416666667 0.23109567968750003 0.15914351875000002 0.23379629687499998 0.16377314791666667
0 0.261766975 0.0917245375 0.2658179015625 0.0917245375 0.2619598765625 0.09085648125 0.261766975 0.0917245375
0 0.4074074078125 0.38165509166666667 0.4108796296875 0.38078703750000004 0.4147376546875 0.37528935208333336 0.41743827187500004 0.36776620416666667 0.42129629687500003 0.36284722291666666 0.4236111109375 0.35648148125 0.42592592656250006 0.35300925833333335 0.4261188265625 0.34866898125 0.421875 0.347511575 0.41493055625 0.35098379583333333 0.41415895 0.35185185208333336 0.41396605 0.35358796249999996 0.41107253125 0.3576388895833333 0.4083719140625 0.359375 0.40528549375 0.363425925 0.4029706796875 0.3648726854166667 0.4020061734375 0.36834490833333333 0.4010416671875 0.3695023145833333 0.40393518593750005 0.3767361104166667 0.4074074078125 0.38165509166666667
0 0 0.21180555625 0.0019290125 0.21209490833333333 0.0040509265624999995 0.21643518541666668 0.010995370312499999 0.21875 0.01658950625 0.21788194375 0.023919753125000002 0.21354166666666666 0.025848765625 0.21006944375 0.02449845625 0.206886575 0.023919753125000002 0.20052083333333334 0.02334105 0.19994212916666668 0.0231481484375 0.18836805625 0.0212191359375 0.18142361041666666 0.0196759265625 0.17881944375 0.0196759265625 0.17476851875000002 0.018518518749999997 0.17129629583333333 0.018518518749999997 0.167824075 0.0179398140625 0.16724537083333332 0.016975309375 0.1620370375 0.014081790625000002 0.1582754625 0.0019290125 0.1504629625 0 0.1504629625 0 0.21180555625
0 0.9018132718749999 0.43084490833333333 0.9041280859375 0.4351851854166667 0.9108796296874999 0.441261575 0.91396605 0.44560185208333336 0.91396605 0.4476273145833333 0.9133873453125 0.4479166666666667 0.9133873453125 0.44965277708333334 0.9120370375 0.45428240833333333 0.9114583328125001 0.45457175833333335 0.9114583328125001 0.457175925 0.9108796296874999 0.4583333333333333 0.9108796296874999 0.46064814791666664 0.9128086421875 0.46296296249999996 0.9122299375 0.47714120416666667 0.9103009265625 0.48003472291666666 0.9093364203125001 0.48408564791666664 0.907600309375 0.48495370416666667 0.9074074078125 0.48726851875 0.906828703125 0.48755787083333335 0.906828703125 0.4947916666666667 0.90625 0.4976851854166667 0.906828703125 0.49913194375000003 0.9081790125 0.5 0.9093364203125001 0.4939236104166667 0.91107253125 0.49131944375000003 0.9130015437500001 0.484375 0.915509259375 0.48408564791666664 0.9180169749999999 0.48871527708333334 0.9222608031249999 0.488136575 0.9234182093750001 0.47193287083333335 0.92669753125 0.46296296249999996 0.9293981484374999 0.46064814791666664 0.9313271609375 0.45659722291666666 0.9313271609375 0.449074075 0.9332561734375 0.43865740833333333 0.934027778125 0.4201388895833333 0.9359567906249999 0.4166666666666667 0.9367283953125 0.41348379583333333 0.9413580250000001 0.40625 0.9415509265625 0.4039351854166667 0.9421296296874999 0.40335648125 0.9425154328125 0.3923611104166667 0.94039351875 0.386863425 0.9394290125 0.38599537083333335 0.9365354937499999 0.386574075 0.9353780859375 0.38773148125 0.934027778125 0.39351851875 0.93267746875 0.39525462916666665 0.9319058640625 0.39872685208333336 0.9284336421875 0.40306712916666665 0.925347221875 0.4045138895833333 0.9238040125 0.40625 0.9093364203125001 0.410300925 0.9066358031249999 0.41261574166666665 0.9006558640625 0.4140625 0.8994984562499999 0.41550925833333335 0.8987268515625001 0.417824075 0.8987268515625001 0.42071759166666667 0.9000771609375 0.42939814791666664 0.9018132718749999 0.43084490833333333
0 0.2542438265625 0.6458333333333334 0.2590663578125 0.6524884249999999 0.2613811734375 0.6539351854166667 0.2696759265625 0.6539351854166667 0.2810570984375 0.6481481479166666 0.2831790125 0.6446759249999999 0.2843364203125 0.6362847229166667 0.2845293203125 0.6287615750000001 0.285108025 0.6281828708333334 0.2853009265625 0.6148726854166667 0.285108025 0.6047453708333334 0.2845293203125 0.60445601875 0.2843364203125 0.6018518520833334 0.2831790125 0.6004050916666667 0.28202160468750004 0.6004050916666667 0.2793209875 0.5978009249999999 0.27353394999999997 0.5960648145833333 0.265046296875 0.5957754625 0.2619598765625 0.59664351875 0.2552083328125 0.6021412041666667 0.2542438265625 0.60445601875 0.252507715625 0.6059027770833333 0.250578703125 0.609375 0.24942129687499998 0.6145833333333334 0.25 0.6290509249999999 0.24864969062500003 0.6374421291666666 0.250578703125 0.6423611104166667 0.2542438265625 0.6458333333333334
0 0.9646990734375 0.5332754625 0.9733796296874999 0.52835648125 0.9768518515625001 0.5245949083333333 0.9807098765625 0.5228587958333333 0.980902778125 0.5219907416666667 0.9839891968750001 0.5214120375 0.9853395062500001 0.519386575 0.9874614203125001 0.5121527770833334 0.98919753125 0.5098379625 0.9893904328125 0.504050925 0.9899691359375 0.5034722229166666 0.9899691359375 0.495949075 0.9893904328125 0.49537037083333335 0.9899691359375 0.4904513895833333 0.9893904328125 0.4898726854166667 0.98919753125 0.480613425 0.9884259265625 0.47714120416666667 0.9845679015625001 0.47222222291666666 0.9772376546875 0.47193287083333335 0.9733796296874999 0.4739583333333333 0.971257715625 0.47714120416666667 0.971257715625 0.4788773145833333 0.970100309375 0.48090277708333334 0.9699074078125 0.484375 0.969328703125 0.48466435208333336 0.9691358031249999 0.488136575 0.9672067906249999 0.49247685208333336 0.963348765625 0.49334490833333333 0.9621913578125 0.49565972291666666 0.9592978390625 0.4976851854166667 0.9571759265625 0.50086805625 0.9554398140625 0.5017361104166667 0.9538966046875 0.5063657416666667 0.9529320984374999 0.5075231479166666 0.9519675921875 0.5159143520833334 0.9500385796874999 0.52256944375 0.9494598765625 0.5324074083333333 0.9500385796874999 0.5332754625 0.9540895062500001 0.53414351875 0.9646990734375 0.5332754625
0 0.8844521609375 0.10677083333333333 0.8854166671874999 0.10966435208333333 0.8848379625 0.10995370416666667 0.8846450625 0.113136575 0.88290895 0.11545138958333333 0.88271605 0.11776620416666667 0.8821373453125 0.11805555625 0.8809799375 0.12210648125 0.8800154328125 0.1229745375 0.8782793203124999 0.12962962916666668 0.876350309375 0.13194444375 0.875578703125 0.13541666666666666 0.8717206796875001 0.14033564791666667 0.8709490734375 0.14351851875000002 0.87017746875 0.14409722291666668 0.8694058640625 0.14699074166666665 0.8697916671874999 0.15190972291666668 0.8709490734375 0.15335648124999998 0.8767361109375 0.15509259166666667 0.8834876546875 0.160011575 0.8873456796875001 0.160011575 0.8904320984374999 0.15740740833333333 0.8927469140625 0.15740740833333333 0.89351851875 0.15682870416666667 0.894097221875 0.15451388958333334 0.894097221875 0.14554398124999998 0.8956404328125 0.13368055625 0.896990740625 0.13020833333333334 0.8975694437499999 0.12384259166666665 0.8989197531249999 0.12152777708333334 0.8989197531249999 0.11950231458333334 0.9000771609375 0.1151620375 0.90142746875 0.113136575 0.9020061734375 0.109375 0.9020061734375 0.09866898125 0.90142746875 0.09432870416666667 0.9023919749999999 0.08738425833333333 0.9035493828125001 0.08564814791666667 0.9035493828125001 0.08449074166666667 0.9089506171874999 0.07754629583333333 0.9101080250000001 0.07378472291666666 0.9108796296874999 0.07320601875 0.9108796296874999 0.06684027708333334 0.9122299375 0.06018518541666666 0.9135802468750001 0.05584490833333333 0.915509259375 0.05381944375 0.9168595671875 0.04745370416666667 0.918402778125 0.04629629583333333 0.9203317906249999 0.04195601875 0.9226466046875 0.03877314791666667 0.9249614203125001 0.03790509166666667 0.9259259265625 0.036458333333333336 0.9259259265625 0.029224537499999998 0.921875 0.025173610416666665 0.9191743828125001 0.019965277083333333 0.91415895 0.019965277083333333 0.9101080250000001 0.021701389583333335 0.9093364203125001 0.023726852083333336 0.907600309375 0.025462962500000002 0.906828703125 0.030092591666666668 0.9041280859375 0.03472222291666667 0.9041280859375 0.03616898125 0.9021990734375 0.03935185208333333 0.9020061734375 0.04137731458333334 0.9010416671874999 0.04224537083333334 0.9000771609375 0.04803240833333333 0.8994984562499999 0.04832175833333333 0.8979552468750001 0.05381944375 0.8967978390625 0.05497685208333333 0.8948688265625 0.05931712916666666 0.8937114203125001 0.06018518541666666 0.8927469140625 0.06452546249999999 0.8902391968750001 0.06944444375 0.8902391968750001 0.07175925833333333 0.8894675921875 0.07291666666666667 0.8888888890625 0.07638888958333333 0.8869598765625 0.07928240833333335 0.8856095671875 0.0839120375 0.884259259375 0.08622685208333333 0.8821373453125 0.08767361041666667 0.8805941359375 0.09143518541666666 0.875578703125 0.09693287083333332 0.8753858031249999 0.09895833333333333 0.876350309375 0.10387731458333334 0.88271605 0.105324075 0.8844521609375 0.10677083333333333
0 0.9018132718749999 0.36863425833333335 0.9010416671874999 0.37008101875 0.9002700625 0.37008101875 0.9006558640625 0.36863425833333335 0.8994984562499999 0.36863425833333335 0.8991126546875 0.37008101875 0.8975694437499999 0.3689236104166667 0.8964120375 0.3695023145833333 0.9006558640625 0.370949075 0.902777778125 0.3695023145833333 0.9018132718749999 0.36863425833333335
0 0.9384645062500001 0.3645833333333333 0.9407793203124999 0.36689814791666664 0.9461805562500001 0.36689814791666664 0.9508101859375 0.36400462916666665 0.9542824078125 0.363136575 0.9606481484374999 0.35734953750000004 0.9606481484374999 0.35619212916666665 0.96392746875 0.35069444375000003 0.9683641968750001 0.3492476854166667 0.9706790125 0.34664351875 0.9733796296874999 0.3376736104166667 0.974151234375 0.33159722291666666 0.9733796296874999 0.32783564791666664 0.9706790125 0.32465277708333334 0.9664351859375 0.32465277708333334 0.9645061734375 0.32349537083333335 0.9554398140625 0.32349537083333335 0.9484953703125001 0.32465277708333334 0.9457947531249999 0.32957175833333335 0.9353780859375 0.34375 0.934027778125 0.3492476854166667 0.934027778125 0.35821759166666667 0.9334490734375 0.359375 0.9353780859375 0.363136575 0.9384645062500001 0.3645833333333333
0 0.6257500109375 0.6396619333333333 0.6228780859375 0.6380208333333334 0.6222993828125001 0.6397569437499999 0.6228780859375 0.6409143520833334 0.6242283953125 0.6409143520833334 0.6248070984375 0.6391782416666667 0.6256751546875 0.6403356479166666 0.6257500109375 0.6396619333333333
0 0.6296296296875 0.6345486104166667 0.6302083328125 0.63570601875 0.6300154328125 0.6307870375 0.6296296296875 0.6345486104166667
0 0.6261574078125001 0.6258680562500001 0.625578703125 0.6267361104166667 0.6277006171874999 0.6267361104166667 0.627507715625 0.6258680562500001 0.6261574078125001 0.6258680562500001
0 0.6234567906249999 0.6223958333333334 0.6228780859375 0.6223958333333334 0.6228780859375 0.6235532416666667 0.623649690625 0.6235532416666667 0.6234567906249999 0.6223958333333334
0 0.6307870375 0.6195023145833333 0.6300154328125 0.6168981479166666 0.628858025 0.6171875 0.6282793203125 0.6244212958333333 0.6300154328125 0.6252893520833334 0.6307870375 0.6226851854166667 0.6307870375 0.6195023145833333
0 0.627507715625 0.6090856479166666 0.6277006171874999 0.6021412041666667 0.6269290125 0.5989583333333334 0.625 0.5995370375 0.624421296875 0.6027199083333333 0.625578703125 0.609375 0.6269290125 0.6111111104166667 0.627507715625 0.6090856479166666
0 0.5690586421875 0.6125578708333334 0.5814043203125 0.6128472229166667 0.5842978390625 0.6154513895833333 0.5842978390625 0.6166087958333333 0.5827546296875 0.6192129625 0.577739196875 0.6226851854166667 0.5758101859375 0.6258680562500001 0.5744598765625 0.6296296291666666 0.5738811734375 0.6339699083333333 0.5750385796875 0.6385995375 0.5769675921874999 0.6417824083333333 0.577739196875 0.6446759249999999 0.579475309375 0.6461226854166667 0.5796682093750001 0.6481481479166666 0.5804398140625 0.6487268520833334 0.581597221875 0.6524884249999999 0.58487654375 0.6553819437499999 0.58892746875 0.6553819437499999 0.5922067906249999 0.6539351854166667 0.5956790125 0.6493055562500001 0.5970293203125 0.6452546291666666 0.5983796296875 0.64351851875 0.5995370375 0.6391782416666667 0.5997299375 0.6325231479166666 0.6018518515625 0.6290509249999999 0.6028163578125 0.6287615750000001 0.6043595671875 0.6302083333333334 0.6095679015625 0.6316550916666667 0.611882715625 0.6270254625 0.6155478390625 0.6252893520833334 0.617669753125 0.6209490750000001 0.617669753125 0.6163194437499999 0.615740740625 0.6125578708333334 0.61612654375 0.6090856479166666 0.61419753125 0.6056134249999999 0.61419753125 0.6018518520833334 0.61612654375 0.5978009249999999 0.6188271609375 0.5975115750000001 0.6190200625 0.5951967583333333 0.61709105 0.5946180562500001 0.613233025 0.5879629625 0.6111111109375 0.5865162041666667 0.6066743828125001 0.578125 0.6035879625 0.5766782416666667 0.6022376546875 0.5746527770833333 0.596257715625 0.5703125 0.5922067906249999 0.5691550916666667 0.5883487656249999 0.5703125 0.5875771609375 0.5833333333333334 0.585455246875 0.5868055562500001 0.5783179015625 0.5827546291666666 0.5744598765625 0.5839120375 0.5731095671875 0.5879629625 0.5731095671875 0.5920138895833333 0.5723379625 0.5951967583333333 0.5711805562500001 0.59664351875 0.5709876546875 0.59866898125 0.5690586421875 0.6021412041666667 0.5682870375 0.6067708333333334 0.5677083328125 0.6073495375 0.5677083328125 0.6102430562500001 0.5690586421875 0.6125578708333334
0 0.6321373453125 0.42158564791666664 0.6321373453125 0.42505787083333335 0.63271605 0.42534722291666666 0.63271605 0.43084490833333333 0.6321373453125 0.43113425833333335 0.6321373453125 0.457175925 0.63271605 0.45746527708333334 0.63290895 0.4626736104166667 0.6334876546875 0.46296296249999996 0.6336805562500001 0.4704861104166667 0.6348379625 0.472511575 0.6348379625 0.47453703750000004 0.6354166671875 0.4748263895833333 0.6359953703125 0.47771990833333333 0.6363811734375 0.4869791666666667 0.6386959875 0.4939236104166667 0.6388888890625 0.49710648125 0.640239196875 0.5020254625 0.64158950625 0.5023148145833333 0.6433256171874999 0.5060763895833333 0.6442901234375 0.5066550916666667 0.64544753125 0.5020254625 0.64544753125 0.49334490833333333 0.6446759265625001 0.48871527708333334 0.6429398140625 0.48408564791666664 0.6427469140625 0.47714120416666667 0.64158950625 0.47337962916666665 0.64158950625 0.46932870416666667 0.641010803125 0.46875 0.641010803125 0.46672453750000004 0.64158950625 0.4661458333333333 0.6421682093750001 0.44849537083333335 0.64158950625 0.44212962916666665 0.641010803125 0.441550925 0.6408179015625 0.42042824166666665 0.640239196875 0.4201388895833333 0.640239196875 0.418113425 0.6388888890625 0.41550925833333335 0.6388888890625 0.4140625 0.6348379625 0.40769675833333335 0.6305941359375 0.4045138895833333 0.6290509265625001 0.40509259166666667 0.627507715625 0.40711805624999997 0.6269290125 0.4079861104166667 0.6271219140625 0.4114583333333333 0.6307870375 0.41753472291666666 0.6321373453125 0.42158564791666664
0 0.042438271875 0.5587384249999999 0.044367284374999996 0.5613425916666667 0.0457175921875 0.5682870375 0.0480324078125 0.5711805562500001 0.050347221875 0.5772569437499999 0.053819443749999994 0.5729166666666666 0.053819443749999994 0.5630787041666667 0.0524691359375 0.5604745375 0.0524691359375 0.5555555562500001 0.0518904328125 0.5549768520833334 0.05169753125 0.5480324083333333 0.0511188265625 0.5460069437499999 0.050347221875 0.5451388895833333 0.045331790625 0.5454282416666667 0.044367284374999996 0.5442708333333334 0.042438271875 0.5442708333333334 0.0422453703125 0.5451388895833333 0.0397376546875 0.5457175916666667 0.03915895 0.5465856479166666 0.03915895 0.5503472229166667 0.0416666671875 0.5529513895833333 0.042438271875 0.5587384249999999
0 0.013117284375 0.5691550916666667 0.0144675921875 0.5749421291666666 0.015046296875 0.57523148125 0.015239196875 0.5778356479166666 0.018711420312499998 0.5865162041666667 0.021797839062499998 0.5894097229166667 0.025848765625 0.5914351854166667 0.0362654328125 0.5923032416666667 0.0397376546875 0.59375 0.0451388890625 0.5917245375 0.045910493749999996 0.5879629625 0.044367284374999996 0.5815972229166667 0.044367284374999996 0.5784143520833334 0.0418595671875 0.5723379625 0.040509259375 0.5659722229166667 0.0397376546875 0.5651041666666666 0.0372299375 0.5567129625 0.0358796296875 0.5549768520833334 0.0345293203125 0.5483217583333333 0.0331790125 0.5454282416666667 0.0300925921875 0.5434027770833333 0.018711420312499998 0.5436921291666666 0.0158179015625 0.5425347229166667 0.0123456796875 0.5425347229166667 0.0098379625 0.5457175916666667 0.009645062499999999 0.5546875 0.0106095671875 0.55960648125 0.010416667187500001 0.5642361104166667 0.013117284375 0.5691550916666667
0 0.20833333281250002 0.10069444375 0.211419753125 0.10416666666666667 0.21354166718749998 0.10792824166666667 0.21585648124999998 0.10966435208333333 0.21875 0.11545138958333333 0.2179783953125 0.11776620416666667 0.214313271875 0.12065972291666666 0.20331790156250001 0.12355324166666667 0.19598765468749998 0.12789351875 0.1932870375 0.13136574166666667 0.1907793203125 0.13310185208333333 0.1905864203125 0.13570601875000002 0.19000771562500002 0.13599537083333332 0.19000771562500002 0.14033564791666667 0.1934799375 0.14380787083333332 0.19463734531250002 0.1464120375 0.19463734531250002 0.14814814791666667 0.1925154328125 0.15393518541666668 0.1927083328125 0.15914351875000002 0.1940586421875 0.16174768541666668 0.1981095671875 0.16493055625 0.1998456796875 0.17129629583333333 0.202739196875 0.17476851875000002 0.20408950625000002 0.17361111041666666 0.2054398140625 0.167824075 0.2092978390625 0.16290509166666667 0.21547067968750003 0.15769675833333335 0.21875 0.15653935208333333 0.22434413593750002 0.15653935208333333 0.22916666718749998 0.15856481458333332 0.23186728437499998 0.16174768541666668 0.2332175921875 0.16724537083333332 0.2363040125 0.16898148124999998 0.2364969140625 0.1698495375 0.2438271609375 0.1698495375 0.24402006250000002 0.16898148124999998 0.24749228437499998 0.16724537083333332 0.2492283953125 0.16435185208333333 0.24942129687499998 0.15798611041666666 0.25135030937499997 0.14959490833333333 0.2552083328125 0.1504629625 0.2550154328125 0.15798611041666666 0.259259259375 0.16464120416666667 0.259259259375 0.16724537083333332 0.2606095671875 0.1698495375 0.26851851875 0.17447916666666666 0.2779706796875 0.17708333333333334 0.2831790125 0.17708333333333334 0.2858796296875 0.17534722291666668 0.2870370375 0.17129629583333333 0.2872299375 0.168113425 0.2897376546875 0.16435185208333333 0.2999614203125 0.15914351875000002 0.30459105000000003 0.1582754625 0.3107638890625 0.15856481458333332 0.3209876546875 0.16724537083333332 0.32908950625 0.16579861041666666 0.33294753125 0.16145833333333334 0.33294753125 0.15451388958333334 0.32658179062500003 0.14756944375 0.3263888890625 0.14583333333333334 0.3231095671875 0.140625 0.3223379625 0.136863425 0.3209876546875 0.13454861041666666 0.3161651234375 0.1328125 0.3146219140625 0.1310763895833333 0.3144290125 0.12760416666666666 0.3103780859375 0.11950231458333334 0.30555555624999997 0.11892361041666667 0.30169753125 0.11950231458333334 0.2999614203125 0.12065972291666666 0.2989969140625 0.11950231458333334 0.2937885796875 0.11805555625 0.2831790125 0.11631944375 0.27970679062500003 0.11689814791666667 0.2762345671875 0.1192129625 0.27237654375 0.1192129625 0.2679398140625 0.11024305625 0.26658950625 0.10503472291666666 0.26523919687499997 0.1035879625 0.263117284375 0.09606481458333334 0.2619598765625 0.09519675833333333 0.2619598765625 0.09259259166666665 0.2604166671875 0.09056712916666668 0.25868055624999997 0.089988425 0.2571373453125 0.08767361041666667 0.2540509265625 0.0859375 0.25154320937499997 0.08304398125 0.2453703703125 0.08130787083333332 0.2370756171875 0.08101851875 0.23495370312500002 0.082175925 0.23341049374999998 0.081886575 0.230902778125 0.08043981458333334 0.22685185156249998 0.07638888958333333 0.2233796296875 0.07146990833333335 0.220293209375 0.06915509166666665 0.2179783953125 0.0682870375 0.21392746875 0.06915509166666665 0.20987654375 0.07349537083333332 0.19540895 0.074074075 0.1994598765625 0.09056712916666668 0.2042824078125 0.0957754625 0.2054398140625 0.09895833333333333 0.20833333281250002 0.10069444375
0 0.3304398140625 0.175636575 0.3337191359375 0.17795138958333334 0.3342978390625 0.1796875 0.3362268515625 0.1817129625 0.33699845625 0.18518518541666668 0.338348765625 0.18778935208333333 0.3435570984375 0.19097222291666668 0.3487654328125 0.19762731458333332 0.3522376546875 0.19791666666666666 0.3557098765625 0.19646990833333333 0.3582175921875 0.19068287083333332 0.36284722187499996 0.18778935208333333 0.36419753125 0.1854745375 0.36419753125 0.1817129625 0.3655478390625 0.18055555625 0.3769290125 0.17997685208333333 0.3869598765625 0.17534722291666668 0.3869598765625 0.16840277708333332 0.3856095671875 0.1660879625 0.3854166671875 0.16435185208333333 0.3802083328125 0.15798611041666666 0.3796296296875 0.15393518541666668 0.3790509265625 0.15335648124999998 0.378858025 0.14959490833333333 0.3769290125 0.14525462916666668 0.3738425921875 0.14380787083333332 0.36728394999999997 0.14583333333333334 0.36207561718750003 0.14583333333333334 0.359953703125 0.14785879583333333 0.35590277812500004 0.14930555625 0.3414351859375 0.14930555625 0.3381558640625 0.15133101875000002 0.3342978390625 0.1582754625 0.33294753125 0.16319444375 0.33294753125 0.16550925833333335 0.32966820937499997 0.17158564791666667 0.3304398140625 0.175636575
0 0.9772376546875 0.05410879583333333 0.9774305562500001 0.06018518541666666 0.9785879625 0.07089120416666667 0.9812885796874999 0.07667824166666667 0.9805169749999999 0.07783564791666667 0.9812885796874999 0.07783564791666667 0.9820601859375 0.06712962916666668 0.9874614203125001 0.06597222291666667 0.990740740625 0.066261575 0.9917052468750001 0.06712962916666668 0.9901620375 0.07060185208333333 0.9899691359375 0.07465277708333334 0.99209105 0.07841435208333333 0.98919753125 0.08130787083333332 0.9911265437500001 0.08506944375 0.9899691359375 0.08825231458333334 0.9913194437499999 0.08854166666666667 0.99209105 0.08564814791666667 0.994598765625 0.08506944375 0.9959490734375 0.081886575 0.99517746875 0.06915509166666665 0.994598765625 0.066550925 0.9932484562499999 0.06568287083333334 0.9928626546875 0.06423611041666667 0.9930555562500001 0.05324074166666667 0.990740740625 0.048611110416666665 0.9899691359375 0.04224537083333334 0.9884259265625 0.03877314791666667 0.9866898140625 0.0370370375 0.983796296875 0.036458333333333336 0.9859182093750001 0.032986110416666665 0.9807098765625 0.032986110416666665 0.9793595671875 0.03414351875 0.9791666671874999 0.03616898125 0.9785879625 0.036458333333333336 0.9783950625 0.043113425000000004 0.9772376546875 0.04600694375 0.9778163578125 0.05005787083333334 0.9772376546875 0.05410879583333333
0 0.9276620375 0.0879629625 0.9330632718749999 0.09027777708333334 0.9367283953125 0.09548611041666667 0.9398148140625 0.09722222291666666 0.9411651234375 0.0995370375 0.9432870375 0.10127314791666667 0.946759259375 0.10763888958333333 0.950617284375 0.10763888958333333 0.9618055562500001 0.09635416666666667 0.9679783953125 0.0879629625 0.9699074078125 0.07465277708333334 0.9699074078125 0.057291666666666664 0.9691358031249999 0.04745370416666667 0.9670138890625 0.04340277708333333 0.9635416671874999 0.040798610416666665 0.963348765625 0.03964120416666667 0.95601851875 0.030671295833333334 0.9533179015625001 0.02835648125 0.9492669749999999 0.028645833333333332 0.9434799375 0.035011574999999996 0.9432870375 0.03616898125 0.9407793203124999 0.03819444375 0.936921296875 0.04658564791666667 0.936149690625 0.05237268541666666 0.9334490734375 0.05613425833333333 0.9332561734375 0.05815972291666667 0.9313271609375 0.059895833333333336 0.9293981484374999 0.06423611041666667 0.9276620375 0.06568287083333334 0.92669753125 0.06857638958333333 0.9241898140625 0.07146990833333335 0.9234182093750001 0.074363425 0.9259259265625 0.07928240833333335 0.92669753125 0.08564814791666667 0.9276620375 0.0879629625
0 0.23070987656250003 0.15653935208333333 0.230516975 0.15798611041666666 0.232831790625 0.15798611041666666 0.2322530859375 0.15653935208333333 0.23070987656250003 0.15653935208333333
0 0.2332175921875 0.1582754625 0.2332175921875 0.1660879625 0.233989196875 0.16724537083333332 0.2384259265625 0.16898148124999998 0.2386188265625 0.1698495375 0.24189814843750002 0.1698495375 0.24209105000000003 0.16898148124999998 0.2457561734375 0.168113425 0.248456790625 0.16435185208333333 0.2492283953125 0.14872685208333333 0.2480709875 0.14699074166666665 0.24633487656250003 0.14814814791666667 0.24016203749999998 0.1484375 0.23804012343749997 0.14699074166666665 0.233989196875 0.14670138958333334 0.2332175921875 0.14814814791666667 0.232831790625 0.152199075 0.23456790156250001 0.15596064791666667 0.23456790156250001 0.15798611041666666 0.2332175921875 0.1582754625
0 0.20370370312500002 0.0957754625 0.204668209375 0.097511575 0.204668209375 0.09895833333333333 0.2096836421875 0.10300925833333333 0.21277006250000002 0.10792824166666667 0.2160493828125 0.11082175833333333 0.21855709843749999 0.11631944375 0.2175925921875 0.11776620416666667 0.21392746875 0.11950231458333334 0.21315586406249998 0.12065972291666666 0.20331790156250001 0.1229745375 0.19926697499999999 0.12528935208333333 0.19425154375 0.12905092499999998 0.1930941359375 0.13136574166666667 0.19135802500000001 0.13194444375 0.1886574078125 0.136863425 0.188850309375 0.140625 0.1930941359375 0.14554398124999998 0.1934799375 0.14699074166666665 0.1932870375 0.14901620416666667 0.1915509265625 0.15075231458333332 0.1907793203125 0.15364583333333334 0.1907793203125 0.15798611041666666 0.191936728125 0.16145833333333334 0.1956018515625 0.16435185208333333 0.19598765468749998 0.16550925833333335 0.1979166671875 0.16579861041666666 0.19926697499999999 0.16869212916666668 0.1994598765625 0.171875 0.2019675921875 0.175636575 0.20408950625000002 0.17534722291666668 0.2062114203125 0.16753472291666668 0.20871913593750002 0.16550925833333335 0.209490740625 0.16348379583333333 0.21392746875 0.15856481458333332 0.21971450625000002 0.15451388958333334 0.2206790125 0.15335648124999998 0.2208719140625 0.15104166666666666 0.22395833281250002 0.14670138958333334 0.22550154375 0.14612268541666668 0.22743055625 0.14380787083333332 0.2320601859375 0.14351851875000002 0.234375 0.14120370416666667 0.23919753125 0.13946759166666667 0.240740740625 0.13802083333333334 0.2523148140625 0.13570601875000002 0.2584876546875 0.13396990833333333 0.25868055624999997 0.13310185208333333 0.2619598765625 0.13396990833333333 0.2658179015625 0.13136574166666667 0.26658950625 0.12905092499999998 0.2712191359375 0.12326388958333333 0.2714120375 0.1192129625 0.27044753125 0.11487268541666666 0.26716820937499997 0.10908564791666667 0.26658950625 0.10619212916666668 0.2638888890625 0.10098379583333333 0.26273148125 0.09722222291666666 0.2565586421875 0.08738425833333333 0.2519290125 0.08275462916666668 0.248456790625 0.08130787083333332 0.2386188265625 0.08072916666666667 0.233989196875 0.082175925 0.230516975 0.08043981458333334 0.222608025 0.06973379583333333 0.2179783953125 0.06712962916666668 0.21199845625 0.06944444375 0.21026234531250002 0.0723379625 0.2077546296875 0.07349537083333332 0.2000385796875 0.07349537083333332 0.19540895 0.0723379625 0.1940586421875 0.07378472291666666 0.19540895 0.08246527708333334 0.1981095671875 0.08709490833333335 0.1988811734375 0.09114583333333333 0.20370370312500002 0.0957754625
0 0.1695601859375 0.37962962916666665 0.171489196875 0.3828125 0.171489196875 0.38396990833333333 0.1739969140625 0.38628472291666666 0.17534722187500001 0.390625 0.1759259265625 0.39091435208333336 0.1774691359375 0.40769675833333335 0.1768904328125 0.4117476854166667 0.1780478390625 0.42042824166666665 0.1780478390625 0.42679398125 0.17862654375 0.4270833333333333 0.17881944375 0.43026620416666667 0.1799768515625 0.43171296249999996 0.1815200625 0.43778935208333336 0.18402777812499999 0.44212962916666665 0.18402777812499999 0.449363425 0.1834490734375 0.44965277708333334 0.1832561734375 0.4548611104166667 0.18267746875 0.4554398145833333 0.18267746875 0.46122685208333336 0.1832561734375 0.46151620416666667 0.1834490734375 0.46672453750000004 0.18402777812499999 0.4670138895833333 0.1847993828125 0.47077546249999996 0.1886574078125 0.47714120416666667 0.188850309375 0.48003472291666666 0.1911651234375 0.4861111104166667 0.1927083328125 0.49565972291666666 0.1973379625 0.5020254625 0.202739196875 0.5063657416666667 0.20331790156250001 0.5060763895833333 0.206597221875 0.5020254625 0.2092978390625 0.49681712916666665 0.21006944375 0.49652777708333334 0.21277006250000002 0.48900462916666665 0.213348765625 0.48871527708333334 0.213348765625 0.48321759166666667 0.21277006250000002 0.4826388895833333 0.211419753125 0.47337962916666665 0.21084105000000003 0.472800925 0.21064814843750002 0.4664351854166667 0.21006944375 0.4661458333333333 0.20987654375 0.46296296249999996 0.20871913593750002 0.4609375 0.2073688265625 0.45283564791666664 0.2054398140625 0.44820601875 0.20447530937499997 0.44328703750000004 0.204668209375 0.44068287083333335 0.20640432031249997 0.43836805624999997 0.206983025 0.43865740833333333 0.20987654375 0.441261575 0.21392746875 0.4470486104166667 0.21701388906250002 0.44878472291666666 0.2208719140625 0.45254629583333333 0.22569444375 0.45428240833333333 0.22723765468749998 0.45746527708333334 0.228009259375 0.456886575 0.228009259375 0.45196759166666667 0.22395833281250002 0.43952546249999996 0.22202932031249997 0.43547453750000004 0.2206790125 0.4241898145833333 0.2166280859375 0.4123263895833333 0.215277778125 0.40596064791666664 0.215277778125 0.402488425 0.213348765625 0.39496527708333334 0.2121913578125 0.39351851875 0.21006944375 0.38715277708333334 0.2071759265625 0.3845486104166667 0.2038966046875 0.38396990833333333 0.20331790156250001 0.38310185208333336 0.20331790156250001 0.3810763895833333 0.202739196875 0.38078703750000004 0.202739196875 0.37934027708333334 0.20331790156250001 0.379050925 0.202739196875 0.3732638895833333 0.20061728437499998 0.36921296249999996 0.1981095671875 0.36747685208333336 0.19598765468749998 0.3645833333333333 0.1927083328125 0.363136575 0.18595679062499998 0.35821759166666667 0.1776620375 0.35821759166666667 0.171489196875 0.35648148125 0.170524690625 0.3576388895833333 0.1682098765625 0.35821759166666667 0.1668595671875 0.36024305624999997 0.1668595671875 0.36631944375000003 0.1685956796875 0.3767361104166667 0.16936728437499998 0.3773148145833333 0.1695601859375 0.37962962916666665
0 0.4278549375 0.2089120375 0.4332561734375 0.2129629625 0.4353780859375 0.21614583333333334 0.4407793203125 0.21932870416666667 0.4465663578125 0.22106481458333332 0.45331790156249996 0.2207754625 0.45717592656250006 0.2167245375 0.4596836421875 0.21267361041666666 0.463348765625 0.21122685208333333 0.4645061734375 0.2089120375 0.46527777812500004 0.20167824166666665 0.46392746875 0.19270833333333334 0.46682098749999995 0.1854745375 0.4666280859375 0.1817129625 0.46913580312500003 0.17129629583333333 0.46913580312500003 0.16464120416666667 0.4645061734375 0.15943287083333332 0.46257716093749995 0.1582754625 0.45659722187499996 0.15711805625 0.45293209843750004 0.15798611041666666 0.4498456796875 0.16435185208333333 0.44733796249999996 0.16464120416666667 0.4459876546875 0.1660879625 0.44540895 0.16464120416666667 0.44309413593749997 0.16348379583333333 0.4353780859375 0.16377314791666667 0.43402777812500004 0.16464120416666667 0.43383487656249997 0.16579861041666666 0.43074845625 0.167824075 0.43016975312500005 0.1698495375 0.42804783906250005 0.17245370416666667 0.4261188265625 0.17997685208333333 0.4207175921875 0.18923611041666666 0.41956018593750005 0.1953125 0.419367284375 0.20341435208333333 0.4207175921875 0.207175925 0.421875 0.20804398124999998 0.4278549375 0.2089120375
0 0.8261959875 0.32146990833333333 0.8296682093750001 0.32494212916666665 0.8312114203125001 0.32928240833333333 0.8348765437500001 0.33391203750000004 0.8350694437499999 0.33535879583333333 0.840277778125 0.3385416666666667 0.8404706796875001 0.33940972291666666 0.845100309375 0.3420138895833333 0.8495370375 0.34230324166666665 0.8549382718749999 0.33940972291666666 0.8551311734375 0.3385416666666667 0.856867284375 0.3385416666666667 0.8589891968750001 0.34056712916666665 0.8597608031249999 0.3454861104166667 0.8624614203125001 0.3489583333333333 0.8668981484374999 0.347800925 0.8697916671874999 0.34519675833333335 0.8769290125 0.34722222291666666 0.8802083328125001 0.3460648145833333 0.8834876546875 0.339699075 0.8873456796875001 0.3385416666666667 0.8875385796874999 0.33940972291666666 0.8902391968750001 0.339988425 0.89351851875 0.3359375 0.89544753125 0.33130787083333335 0.89351851875 0.32783564791666664 0.8896604937499999 0.324363425 0.8904320984374999 0.3220486104166667 0.8946759265625 0.32175925833333335 0.9000771609375 0.3229166666666667 0.902777778125 0.32146990833333333 0.9041280859375 0.3185763895833333 0.9047067906249999 0.3151041666666667 0.904899690625 0.308738425 0.9054783953125 0.30815972291666666 0.9054783953125 0.30005787083333335 0.9039351859375 0.29716435208333336 0.9006558640625 0.29571759166666667 0.8967978390625 0.29224537083333335 0.8946759265625 0.2873263895833333 0.8925540125 0.2864583333333333 0.8867669749999999 0.28761574166666665 0.8838734562499999 0.2907986104166667 0.8730709875 0.29021990833333333 0.8722993828125001 0.28848379583333333 0.87017746875 0.2867476854166667 0.8665123453125 0.28790509166666667 0.8624614203125001 0.2873263895833333 0.8589891968750001 0.29021990833333333 0.85648148125 0.2890625 0.8547453703125001 0.29021990833333333 0.8474151234375 0.28964120416666667 0.846257715625 0.2916666666666667 0.846257715625 0.29369212916666665 0.8470293203124999 0.29484953750000004 0.8468364203125001 0.29716435208333336 0.8422067906249999 0.29600694375000003 0.8381558640625 0.29745370416666667 0.8312114203125001 0.30266203750000004 0.8300540125 0.30526620416666667 0.8277391968750001 0.3070023145833333 0.8277391968750001 0.308449075 0.825617284375 0.31394675833333335 0.825617284375 0.316550925 0.8250385796874999 0.3177083333333333 0.825617284375 0.3179976854166667 0.8261959875 0.32146990833333333
0 0.8942901234375 0.28587962916666665 0.8956404328125 0.28443287083333335 0.9041280859375 0.28182870416666667 0.907600309375 0.2838541666666667 0.9114583328125001 0.28269675833333335 0.9120370375 0.28038194375000003 0.9120370375 0.27488425833333335 0.9081790125 0.26880787083333335 0.90625 0.2679398145833333 0.9054783953125 0.26533564791666664 0.9020061734375 0.26070601875 0.90142746875 0.25694444375 0.90142746875 0.24768518541666668 0.8967978390625 0.24768518541666668 0.8952546296874999 0.25057870416666667 0.8937114203125001 0.25144675833333335 0.8902391968750001 0.2598379625 0.8894675921875 0.28153935208333336 0.8902391968750001 0.28240740833333333 0.8908179015625001 0.28587962916666665 0.8942901234375 0.28587962916666665
0 0.83892746875 0.27546296249999996 0.8395061734375 0.27633101875 0.8396990734375 0.27980324166666665 0.8416280859375 0.28269675833333335 0.8449074078125 0.28414351875 0.853973765625 0.28472222291666666 0.8549382718749999 0.28587962916666665 0.877507715625 0.28587962916666665 0.8809799375 0.2838541666666667 0.8815586421875 0.2795138895833333 0.8834876546875 0.2734375 0.8834876546875 0.25954861041666666 0.8807870375 0.2520254625 0.8786651234375 0.25 0.8769290125 0.24681712916666668 0.8651620375 0.245949075 0.8649691359375 0.24508101875000002 0.860725309375 0.24479166666666666 0.8578317906249999 0.24508101875000002 0.8576388890625 0.245949075 0.8532021609375 0.24768518541666668 0.845100309375 0.24681712916666668 0.844328703125 0.24768518541666668 0.8435570984374999 0.2554976854166667 0.840277778125 0.2630208333333333 0.840277778125 0.27025462916666665 0.8396990734375 0.27054398125 0.8396990734375 0.27459490833333333 0.83892746875 0.27546296249999996
0 0.13888888906250002 0.19965277708333332 0.14043209843749999 0.20341435208333333 0.14737654375 0.20486111041666666 0.14834105 0.206886575 0.150848765625 0.20746527708333332 0.154899690625 0.21122685208333333 0.1614583328125 0.21527777708333332 0.16840277812499999 0.21556712916666668 0.16898148125 0.2129629625 0.17013888906250002 0.21122685208333333 0.171489196875 0.19675925833333335 0.1707175921875 0.1895254625 0.16936728437499998 0.18605324166666665 0.1687885796875 0.18142361041666666 0.17013888906250002 0.17939814791666667 0.17013888906250002 0.17795138958333334 0.17206790156250001 0.17361111041666666 0.17283950625 0.16464120416666667 0.171489196875 0.16116898124999998 0.1672453703125 0.1582754625 0.164544753125 0.15480324166666665 0.1628086421875 0.15393518541666668 0.1574074078125 0.15393518541666668 0.1521990734375 0.15914351875000002 0.15142746875 0.16145833333333334 0.14949845625 0.16348379583333333 0.14930555625 0.16550925833333335 0.14756944375 0.167824075 0.14737654375 0.1698495375 0.1462191359375 0.171875 0.1429398140625 0.17332175833333335 0.141975309375 0.175636575 0.140239196875 0.17708333333333334 0.1375385796875 0.18489583333333334 0.1363811734375 0.18576388958333334 0.1356095671875 0.18865740833333333 0.1356095671875 0.19589120416666667 0.1363811734375 0.19762731458333332 0.13888888906250002 0.19965277708333332
0 0.1359953703125 0.4001736104166667 0.14081790156250001 0.39988425833333335 0.141975309375 0.39872685208333336 0.1429398140625 0.39265046249999996 0.14544753125 0.3851273145833333 0.14544753125 0.3828125 0.1500771609375 0.3732638895833333 0.1521990734375 0.370949075 0.1539351859375 0.36631944375000003 0.150848765625 0.35474537083333335 0.1500771609375 0.3541666666666667 0.1500771609375 0.35271990833333333 0.14834105 0.3489583333333333 0.1481481484375 0.34432870416666667 0.148919753125 0.34317129583333333 0.148919753125 0.33738425833333335 0.146990740625 0.33449074166666665 0.14409722187500001 0.33275462916666665 0.1394675921875 0.33246527708333334 0.13676697499999999 0.33275462916666665 0.13348765468749998 0.33478009166666667 0.1307870375 0.34375 0.1296296296875 0.3454861104166667 0.129436728125 0.3492476854166667 0.1282793203125 0.3532986104166667 0.1280864203125 0.35821759166666667 0.12750771562500002 0.35850694375000003 0.12750771562500002 0.35995370416666667 0.1280864203125 0.36024305624999997 0.1280864203125 0.3671875 0.126350309375 0.36921296249999996 0.1261574078125 0.370949075 0.1228780859375 0.37586805624999997 0.1217206796875 0.37962962916666665 0.1217206796875 0.38425925833333335 0.1242283953125 0.38715277708333334 0.1302083328125 0.39785879583333333 0.1359953703125 0.4001736104166667
0 0.22723765468749998 0.5474537041666667 0.22723765468749998 0.5509259249999999 0.22839506250000002 0.5523726854166667 0.22858796250000002 0.5538194437499999 0.2278163578125 0.5601851854166667 0.2301311734375 0.5630787041666667 0.23186728437499998 0.5639467583333333 0.229938271875 0.5708912041666667 0.2312885796875 0.5868055562500001 0.2320601859375 0.5879629625 0.23456790156250001 0.5885416666666666 0.23572530937499997 0.5868055562500001 0.2449845671875 0.58101851875 0.24864969062500003 0.5743634249999999 0.253858025 0.5677083333333334 0.2557870375 0.5642361104166667 0.2559799375 0.5622106479166666 0.2584876546875 0.5555555562500001 0.25868055624999997 0.5503472229166667 0.260223765625 0.5465856479166666 0.2623456796875 0.5451388895833333 0.2644675921875 0.5465856479166666 0.26909722187499996 0.5477430562500001 0.27044753125 0.5462962958333333 0.27044753125 0.5428240750000001 0.27334105000000003 0.5384837958333333 0.2756558640625 0.5367476854166667 0.27854938281249997 0.5364583333333334 0.28260030937499997 0.5344328708333334 0.2868441359375 0.53414351875 0.28800154375 0.5364583333333334 0.2937885796875 0.54195601875 0.2989969140625 0.54398148125 0.2991898140625 0.5448495375 0.30169753125 0.5448495375 0.3018904328125 0.54398148125 0.305169753125 0.5431134249999999 0.3092206796875 0.5384837958333333 0.31114969062500003 0.5379050916666667 0.31327160468750004 0.5353009249999999 0.319830246875 0.5300925916666667 0.327546296875 0.527199075 0.34413580312500003 0.5269097229166666 0.344328703125 0.5260416666666666 0.3495370375 0.5231481479166666 0.3503086421875 0.5219907416666667 0.35050154375 0.5190972229166666 0.3489583328125 0.5153356479166666 0.3460648140625 0.51475694375 0.3404706796875 0.5153356479166666 0.3327546296875 0.5179398145833333 0.32889660468750004 0.5179398145833333 0.324266975 0.51475694375 0.321759259375 0.5101273145833333 0.3200231484375 0.5081018520833334 0.3177083328125 0.50694444375 0.3092206796875 0.50694444375 0.307098765625 0.5081018520833334 0.30555555624999997 0.51070601875 0.3030478390625 0.5109953708333334 0.2970679015625 0.49884259166666667 0.290509259375 0.49421296249999996 0.2864583328125 0.49276620416666667 0.2824074078125 0.48495370416666667 0.2793209875 0.48379629583333333 0.26523919687499997 0.48350694375000003 0.261766975 0.4866898145833333 0.260223765625 0.4895833333333333 0.25868055624999997 0.4904513895833333 0.25675154375 0.49508101875 0.256365740625 0.49797453750000004 0.2571373453125 0.5031828708333334 0.25790894999999997 0.504050925 0.2584876546875 0.5078125 0.2606095671875 0.511863425 0.259259259375 0.5153356479166666 0.2555941359375 0.5179398145833333 0.2521219140625 0.5173611104166667 0.24864969062500003 0.5153356479166666 0.244598765625 0.5159143520833334 0.24324845625 0.5202546291666666 0.2409336421875 0.52430555625 0.237847221875 0.52633101875 0.2363040125 0.5286458333333334 0.23456790156250001 0.5289351854166667 0.23341049374999998 0.53125 0.230516975 0.5332754625 0.22723765468749998 0.5381944437499999 0.22723765468749998 0.5402199083333333 0.22665894999999997 0.5405092583333333 0.22665894999999997 0.5471643520833334 0.22723765468749998 0.5474537041666667
0 0.707561728125 0.25028935208333336 0.7085262343750001 0.2520254625 0.7085262343750001 0.2557870375 0.70794753125 0.26070601875 0.7073688265625 0.26099537083333335 0.7071759265625001 0.26388888958333334 0.7058256171874999 0.26649305625 0.7054398140625 0.269675925 0.7038966046875 0.2734375 0.7019675921874999 0.2760416666666667 0.7019675921874999 0.277488425 0.7008101859375 0.2789351854166667 0.700617284375 0.28269675833333335 0.7000385796875 0.2829861104166667 0.7013888890625 0.28414351875 0.702739196875 0.28703703750000004 0.7064043203125 0.28703703750000004 0.7091049375 0.28877314791666664 0.710455246875 0.2907986104166667 0.7112268515625 0.29398148125 0.7100694437499999 0.30584490833333333 0.7092978390625 0.3070023145833333 0.7073688265625 0.3177083333333333 0.701774690625 0.3258101854166667 0.7011959875 0.32841435208333336 0.6988811734375 0.33304398125 0.698688271875 0.3454861104166667 0.6998456796875 0.3489583333333333 0.7019675921874999 0.35127314791666664 0.7029320984375 0.35445601875 0.7038966046875 0.355324075 0.7046682093750001 0.3616898145833333 0.7054398140625 0.363425925 0.7135416671875 0.370949075 0.7175925921874999 0.371238425 0.7206790125 0.3689236104166667 0.72550154375 0.3567708333333333 0.728009259375 0.35474537083333335 0.7307098765625 0.35040509166666667 0.731867284375 0.34230324166666665 0.731867284375 0.33796296249999996 0.7328317906249999 0.3359375 0.733989196875 0.33449074166666665 0.7351466046875 0.33449074166666665 0.73533950625 0.33535879583333333 0.7415123453125 0.33680555624999997 0.7453703703125 0.33246527708333334 0.746527778125 0.32841435208333336 0.7453703703125 0.3151041666666667 0.7467206796875 0.30584490833333333 0.7515432093750001 0.300925925 0.759259259375 0.29774305624999997 0.7619598765625 0.2916666666666667 0.7619598765625 0.28125 0.7613811734375 0.28067129583333333 0.7604166671875 0.27054398125 0.759259259375 0.26707175833333335 0.7565586421875 0.265625 0.7484567906249999 0.26388888958333334 0.7413194437499999 0.26504629583333333 0.7374614203125 0.25839120416666667 0.7399691359375 0.25665509166666667 0.7413194437499999 0.253761575 0.7418981484375 0.25173611041666666 0.7413194437499999 0.2479745375 0.7447916671875 0.24045138958333334 0.7480709875 0.23900462916666668 0.7515432093750001 0.23900462916666668 0.75675154375 0.2323495375 0.7584876546875 0.22771990833333333 0.759259259375 0.22019675833333335 0.758294753125 0.2167245375 0.7555941359375 0.21556712916666668 0.75289351875 0.21643518541666668 0.7478780859375 0.21585648124999998 0.746527778125 0.21122685208333333 0.746527778125 0.20486111041666666 0.7457561734375 0.199074075 0.7445987656249999 0.19473379583333333 0.742669753125 0.19299768541666668 0.7413194437499999 0.19212962916666668 0.7258873453125 0.19299768541666668 0.7204861109375 0.1953125 0.7185570984375 0.20254629583333333 0.7185570984375 0.206886575 0.7168209875 0.21035879583333333 0.71199845625 0.2129629625 0.7112268515625 0.21527777708333332 0.70987654375 0.2167245375 0.7029320984375 0.21614583333333334 0.7029320984375 0.22019675833333335 0.7019675921874999 0.22222222291666668 0.7013888890625 0.22685185208333333 0.7019675921874999 0.22974537083333332 0.7015817906249999 0.23987268541666668 0.702739196875 0.24710648124999998 0.707561728125 0.25028935208333336
0 0.4122299375 0.113136575 0.4133873453125 0.1151620375 0.41415895 0.1192129625 0.41608796249999996 0.12268518541666666 0.4168595671875 0.12644675833333333 0.4166666671875 0.13425925833333335 0.41608796249999996 0.13454861041666666 0.415509259375 0.13975694375 0.4158950625 0.14207175833333335 0.418016975 0.14380787083333332 0.42496142031249995 0.14033564791666667 0.4290123453125 0.14033564791666667 0.43132716093749995 0.14207175833333335 0.4357638890625 0.14207175833333335 0.43942901250000005 0.13946759166666667 0.44058642031249995 0.13773148124999998 0.441358025 0.13512731458333332 0.44328703750000004 0.13252314791666667 0.44425154375 0.12789351875 0.44521605 0.1270254625 0.446759259375 0.12239583333333333 0.446759259375 0.11255787083333332 0.4481095671875 0.109375 0.4488811734375 0.1015625 0.44695216093749995 0.0957754625 0.4446373453125 0.09375 0.4434799375 0.09143518541666666 0.4386574078125 0.08825231458333334 0.435956790625 0.08883101875 0.432098765625 0.0917245375 0.42920524687499995 0.09548611041666667 0.42206790156249996 0.09982638958333333 0.41493055625 0.10127314791666667 0.4122299375 0.105613425 0.41203703750000004 0.10850694375 0.4114583328125 0.10879629583333333 0.41203703750000004 0.10966435208333333 0.4122299375 0.113136575
0 0.19830246875 0.296875 0.19965277812499999 0.29600694375000003 0.20061728437499998 0.29745370416666667 0.2019675921875 0.30439814791666664 0.2019675921875 0.31394675833333335 0.202739196875 0.3148148145833333 0.20293209843749999 0.3179976854166667 0.2054398140625 0.32146990833333333 0.21006944375 0.32146990833333333 0.21315586406249998 0.31741898125 0.2145061734375 0.31741898125 0.21624228437499998 0.3179976854166667 0.21817129687499998 0.32146990833333333 0.22048611093749998 0.3229166666666667 0.226080246875 0.32175925833333335 0.2364969140625 0.3220486104166667 0.238233025 0.32175925833333335 0.24131944375 0.31741898125 0.24131944375 0.31568287083333335 0.24189814843750002 0.3151041666666667 0.24209105000000003 0.30497685208333336 0.242669753125 0.30439814791666664 0.242669753125 0.30266203750000004 0.24209105000000003 0.3020833333333333 0.24209105000000003 0.29658564791666664 0.242669753125 0.29600694375000003 0.24305555625 0.29195601875 0.244598765625 0.28964120416666667 0.244598765625 0.28587962916666665 0.2405478390625 0.2757523145833333 0.23996913593750002 0.27256944375000003 0.24112654375 0.26678240833333333 0.24112654375 0.26128472291666666 0.24016203749999998 0.2604166666666667 0.23919753125 0.25752314791666664 0.23533950625000002 0.25665509166666667 0.23533950625000002 0.25491898125 0.22762345625 0.2526041666666667 0.22125771562500002 0.254050925 0.2175925921875 0.25723379583333333 0.21277006250000002 0.2557870375 0.21006944375 0.25318287083333335 0.20293209843749999 0.25318287083333335 0.1994598765625 0.25491898125 0.1981095671875 0.25694444375 0.1984953703125 0.2757523145833333 0.1979166671875 0.27806712916666665 0.19618055625 0.2795138895833333 0.19521605 0.28269675833333335 0.19425154375 0.28327546249999996 0.1921296296875 0.28790509166666667 0.191936728125 0.2913773145833333 0.1927083328125 0.2942708333333333 0.19540895 0.296875 0.19830246875 0.296875
0 0.0098379625 0.6793981479166666 0.011766975 0.6822916666666666 0.0154320984375 0.6857638895833333 0.0202546296875 0.6869212958333333 0.0291280859375 0.6912615750000001 0.031635803125 0.6915509249999999 0.031828703125 0.69241898125 0.038580246875 0.6895254625 0.0422453703125 0.68258101875 0.047839506250000004 0.6762152770833333 0.049768518750000004 0.671875 0.049768518750000004 0.6675347229166667 0.0486111109375 0.6663773145833333 0.047839506250000004 0.6637731479166666 0.045331790625 0.6626157416666667 0.0437885796875 0.6600115750000001 0.034722221875 0.6568287041666667 0.0304783953125 0.6539351854166667 0.0260416671875 0.6527777770833333 0.02237654375 0.6498842583333333 0.0154320984375 0.6487268520833334 0.011959876562500001 0.6504629625 0.009452160937499999 0.6539351854166667 0.00868055625 0.6539351854166667 0.0071373453125 0.6574074083333333 0.0059799375 0.6640625 0.00675154375 0.6710069437499999 0.0084876546875 0.6741898145833333 0.0098379625 0.6793981479166666
0 0.8655478390625 0.19212962916666668 0.868634259375 0.19502314791666667 0.869598765625 0.1973379625 0.8726851859375 0.19646990833333333 0.874421296875 0.19444444375 0.877507715625 0.1932870375 0.8794367281250001 0.19097222291666668 0.8831018515625001 0.1895254625 0.8867669749999999 0.18518518541666668 0.8908179015625001 0.18518518541666668 0.8929398140625 0.18402777708333332 0.8942901234375 0.18142361041666666 0.8962191359375 0.17997685208333333 0.89834105 0.175636575 0.8981481484374999 0.17245370416666667 0.8964120375 0.16840277708333332 0.89544753125 0.15943287083333332 0.8944830250000001 0.15682870416666667 0.8902391968750001 0.15625 0.8873456796875001 0.15798611041666666 0.8834876546875 0.1582754625 0.877507715625 0.15393518541666668 0.874421296875 0.15335648124999998 0.8697916671874999 0.14988425833333335 0.8663194437499999 0.15393518541666668 0.8655478390625 0.15798611041666666 0.8624614203125001 0.16348379583333333 0.8614969140625 0.16869212916666668 0.8601466046875 0.17129629583333333 0.8589891968750001 0.171875 0.858796296875 0.17418981458333332 0.8582175921875 0.17447916666666666 0.8582175921875 0.18055555625 0.8597608031249999 0.183449075 0.8638117281250001 0.18692129583333333 0.8655478390625 0.19212962916666668
0 0 0.06278935208333333 0.0023148140625 0.06307870416666667 0.005401234374999999 0.066550925 0.00771605 0.07002314791666667 0.00790895 0.07175925833333333 0.0106095671875 0.074074075 0.010995370312499999 0.0760995375 0.015046296875 0.08333333333333333 0.0154320984375 0.08564814791666667 0.01658950625 0.0859375 0.021026234375 0.09143518541666666 0.021797839062499998 0.09403935208333333 0.024884259375000002 0.0957754625 0.025848765625 0.0995370375 0.027777778125000003 0.09693287083333332 0.0304783953125 0.09519675833333333 0.0320216046875 0.0917245375 0.031828703125 0.07349537083333332 0.031057098437500003 0.07060185208333333 0.027006173437499996 0.06568287083333334 0.013695987500000001 0.0546875 0.0129243828125 0.052951389583333335 0.010416667187500001 0.050636574999999996 0.009259259374999999 0.04774305625 0.00675154375 0.04571759166666667 0.003858025 0.03935185208333333 0.001350309375 0.0370370375 0 0.0370370375 0 0.06278935208333333
0 0 0.6215277770833333 0.001543209375 0.6215277770833333 0.003858025 0.6261574083333333 0.0065586421875 0.6276041666666666 0.0084876546875 0.6304976854166667 0.018711420312499998 0.6322337958333333 0.02256944375 0.6316550916666667 0.0231481484375 0.6304976854166667 0.0231481484375 0.6235532416666667 0.0250771609375 0.6183449083333333 0.027006173437499996 0.6166087958333333 0.027777778125000003 0.6140046291666666 0.027777778125000003 0.6050347229166667 0.0250771609375 0.5954861104166667 0.017168209375 0.5894097229166667 0.015239196875 0.5870949083333333 0.0032793203125000003 0.5868055562500001 0 0.5879629625 0 0.6215277770833333
0 0.5823688265625 0.4045138895833333 0.58294753125 0.40480324166666665 0.5831404328125 0.40827546249999996 0.5850694437499999 0.41116898125 0.591242284375 0.41290509166666667 0.5922067906249999 0.4140625 0.592399690625 0.42100694375000003 0.595100309375 0.42621527708333334 0.6022376546875 0.42650462916666665 0.603009259375 0.42534722291666666 0.603009259375 0.42332175833333335 0.6043595671875 0.41898148125 0.6091820984375 0.41435185208333336 0.6126543203125 0.41608796249999996 0.6147762343750001 0.42071759166666667 0.6163194437499999 0.421875 0.6199845671875 0.42100694375000003 0.6222993828125001 0.4166666666666667 0.6228780859375 0.4114583333333333 0.6197916671875 0.40740740833333333 0.6203703703125 0.40133101875 0.62017746875 0.3929398145833333 0.6195987656249999 0.390625 0.6163194437499999 0.386863425 0.6095679015625 0.3828125 0.6082175921874999 0.38339120416666667 0.605902778125 0.38628472291666666 0.6022376546875 0.38570601875 0.5983796296875 0.38252314791666664 0.5904706796875 0.3810763895833333 0.5850694437499999 0.37847222291666666 0.5804398140625 0.37847222291666666 0.5765817906249999 0.38165509166666667 0.5761959875 0.386863425 0.5769675921874999 0.39033564791666664 0.58294753125 0.3967013895833333 0.5823688265625 0.4045138895833333
0 0.327546296875 0.09432870416666667 0.32773919687499997 0.09809027708333334 0.32889660468750004 0.10069444375 0.32966820937499997 0.10619212916666668 0.3302469140625 0.10648148125 0.33082561718750003 0.10908564791666667 0.3333333328125 0.11082175833333333 0.3342978390625 0.11255787083333332 0.3366126546875 0.11371527708333334 0.338348765625 0.11631944375 0.34220679062500003 0.11979166666666667 0.3560956796875 0.11863425833333333 0.3562885796875 0.12586805625 0.356867284375 0.12615740833333333 0.3576388890625 0.13020833333333334 0.35898919687499997 0.13165509166666667 0.36612654375 0.13310185208333333 0.36631944375000003 0.13396990833333333 0.3688271609375 0.13454861041666666 0.3730709875 0.13396990833333333 0.37538580312500003 0.1310763895833333 0.37635030937499997 0.12847222291666666 0.3790509265625 0.12644675833333333 0.3848379625 0.12413194375 0.386188271875 0.12268518541666666 0.3873456796875 0.11979166666666667 0.388117284375 0.11255787083333332 0.388117284375 0.0957754625 0.3821373453125 0.08825231458333334 0.38368055624999997 0.08449074166666667 0.38715277812500004 0.08420138958333333 0.3875385796875 0.08564814791666667 0.39101080312500003 0.089988425 0.3966049375 0.09317129583333333 0.3967978390625 0.09403935208333333 0.4002700625 0.09403935208333333 0.40065586406250003 0.09317129583333333 0.407793209375 0.09143518541666666 0.4095293203125 0.08854166666666667 0.4095293203125 0.07870370416666667 0.40817901250000005 0.07118055625 0.4089506171875 0.06712962916666668 0.4083719140625 0.06481481458333334 0.40817901250000005 0.05758101875 0.40760030937499997 0.05700231458333334 0.4074074078125 0.05034722291666667 0.40605709843750004 0.04716435208333333 0.40489969062500003 0.04629629583333333 0.3956404328125 0.046875 0.3937114203125 0.04600694375 0.3927469140625 0.04340277708333333 0.3927469140625 0.03964120416666667 0.3908179015625 0.033854166666666664 0.38927469062500003 0.03125 0.3888888890625 0.02893518541666667 0.3821373453125 0.021412037499999998 0.3769290125 0.012731481250000001 0.37364969062500003 0.011284722916666667 0.37152777812500004 0.011574075 0.3694058640625 0.013020833333333334 0.3665123453125 0.01851851875 0.3643904328125 0.020254629166666666 0.36072530937499997 0.025173610416666665 0.3605324078125 0.02633101875 0.35783179062500003 0.028645833333333332 0.3535879625 0.03414351875 0.3528163578125 0.03761574166666667 0.353009259375 0.04253472291666667 0.3562885796875 0.048611110416666665 0.3562885796875 0.05121527708333333 0.354938271875 0.05324074166666667 0.3543595671875 0.05584490833333333 0.3547453703125 0.060763889583333335 0.3541666671875 0.06307870416666667 0.3495370375 0.06799768541666666 0.346257715625 0.06973379583333333 0.34336419687499997 0.07349537083333332 0.3416280859375 0.07378472291666666 0.33892746875 0.07552083333333333 0.3387345671875 0.07638888958333333 0.3321759265625 0.07957175833333333 0.32773919687499997 0.08420138958333333 0.327546296875 0.08680555625 0.3269675921875 0.08709490833333335 0.3269675921875 0.09403935208333333 0.327546296875 0.09432870416666667
0 0.9481095671875 0.27372685208333336 0.9494598765625 0.27459490833333333 0.9529320984374999 0.28038194375000003 0.9538966046875 0.28067129583333333 0.95601851875 0.2838541666666667 0.9606481484374999 0.28414351875 0.9670138890625 0.28182870416666667 0.9731867281250001 0.28790509166666667 0.9799382718749999 0.28819444375000003 0.98726851875 0.28587962916666665 0.9880401234375 0.28472222291666666 0.9913194437499999 0.28327546249999996 0.9930555562500001 0.28009259166666667 0.9938271609375 0.27633101875 0.9938271609375 0.269386575 0.9926697531249999 0.26649305625 0.9905478390625 0.26504629583333333 0.9888117281250001 0.26215277708333334 0.9926697531249999 0.2554976854166667 0.9932484562499999 0.25028935208333336 0.99209105 0.24768518541666668 0.9832175921875 0.25 0.9807098765625 0.24710648124999998 0.9793595671875 0.24363425833333335 0.9747299375 0.24189814791666667 0.9699074078125 0.24334490833333333 0.9689429015625001 0.245949075 0.9668209875 0.24739583333333334 0.9619984562499999 0.24160879583333333 0.9614197531249999 0.23900462916666668 0.959490740625 0.23611111041666666 0.9569830250000001 0.23466435208333333 0.9519675921875 0.23697916666666666 0.9508101859375 0.23871527708333332 0.9494598765625 0.24334490833333333 0.9494598765625 0.2554976854166667 0.9459876546875 0.261574075 0.9459876546875 0.26765046249999996 0.9481095671875 0.27372685208333336
0 0.6008873453125 0.48379629583333333 0.5997299375 0.4869791666666667 0.5970293203125 0.4904513895833333 0.5968364203125 0.49305555624999997 0.5970293203125 0.5 0.5989583328125 0.5130208333333334 0.6008873453125 0.5179398145833333 0.6008873453125 0.519386575 0.60165895 0.5202546291666666 0.60165895 0.5228587958333333 0.6035879625 0.5269097229166666 0.605516975 0.5292245375 0.608024690625 0.5300925916666667 0.6082175921874999 0.53125 0.6114969140625 0.5338541666666666 0.6143904328125 0.5503472229166667 0.6163194437499999 0.5529513895833333 0.6242283953125 0.5555555562500001 0.626350309375 0.5572916666666666 0.6334876546875 0.5552662041666667 0.6446759265625001 0.5546875 0.645061728125 0.54976851875 0.6442901234375 0.546875 0.6423611109375 0.5448495375 0.64158950625 0.5425347229166667 0.6404320984375 0.5422453708333334 0.63773148125 0.5387731479166666 0.6356095671875 0.5376157416666667 0.634259259375 0.5332754625 0.63271605 0.5315393520833334 0.6321373453125 0.5289351854166667 0.6282793203125 0.5228587958333333 0.6280864203125 0.5190972229166666 0.628472221875 0.5176504625 0.6302083328125 0.5159143520833334 0.63387345625 0.5162037041666667 0.6363811734375 0.5199652770833334 0.6379243828125001 0.52054398125 0.6404320984375 0.5234375 0.6477623453125 0.52430555625 0.64834105 0.5214120375 0.6475694437499999 0.5153356479166666 0.6462191359375 0.5133101854166667 0.6462191359375 0.5112847229166666 0.64544753125 0.51070601875 0.6448688265625 0.5083912041666667 0.641975309375 0.5052083333333334 0.641975309375 0.504050925 0.6388888890625 0.49884259166666667 0.6363811734375 0.49681712916666665 0.634259259375 0.49334490833333333 0.6321373453125 0.4921875 0.628858025 0.48755787083333335 0.628858025 0.48466435208333336 0.6234567906249999 0.4670138895833333 0.61824845625 0.4664351854166667 0.6095679015625 0.47164351875 0.605902778125 0.47193287083333335 0.6037808640625 0.47077546249999996 0.6022376546875 0.46759259166666667 0.5989583328125 0.46527777708333334 0.595100309375 0.46990740833333333 0.595100309375 0.47511574166666665 0.5958719140625 0.47685185208333336 0.5995370375 0.480613425 0.6008873453125 0.48379629583333333
0 0.9627700625 0.5506365750000001 0.965277778125 0.5532407416666667 0.9666280859375 0.5567129625 0.9666280859375 0.5587384249999999 0.9672067906249999 0.5590277770833333 0.9691358031249999 0.5648148145833333 0.969328703125 0.5677083333333334 0.97665895 0.578125 0.9791666671874999 0.5778356479166666 0.981867284375 0.5729166666666666 0.9828317906249999 0.5694444437499999 0.9845679015625001 0.56741898125 0.9861111109375 0.5607638895833333 0.9880401234375 0.5570023145833333 0.98919753125 0.5506365750000001 0.9911265437500001 0.5465856479166666 0.9913194437499999 0.5407986104166667 0.9918981484374999 0.5393518520833334 0.9905478390625 0.5364583333333334 0.9884259265625 0.5248842583333333 0.9845679015625001 0.5219907416666667 0.9797453703125001 0.5237268520833334 0.9758873453125 0.5280671291666666 0.974151234375 0.53125 0.9679783953125 0.5347222229166667 0.9664351859375 0.5367476854166667 0.9627700625 0.5387731479166666 0.9619984562499999 0.5402199083333333 0.9606481484374999 0.5428240750000001 0.9606481484374999 0.546875 0.9619984562499999 0.5483217583333333 0.9627700625 0.5506365750000001
0 0.7073688265625 0.6397569437499999 0.70794753125 0.6446759249999999 0.7073688265625 0.6449652770833333 0.7073688265625 0.6490162041666667 0.706597221875 0.6501736104166667 0.7054398140625 0.6620370375 0.702739196875 0.66695601875 0.702739196875 0.6840277770833333 0.7046682093750001 0.6889467583333333 0.7092978390625 0.6956018520833334 0.710455246875 0.7028356479166666 0.7127700625 0.70601851875 0.7137345671875 0.7063078708333334 0.7179783953125 0.703125 0.719328703125 0.6993634249999999 0.719328703125 0.6956018520833334 0.717399690625 0.69039351875 0.7160493828125001 0.6840277770833333 0.7160493828125001 0.6805555562500001 0.7154706796875 0.6799768520833334 0.7154706796875 0.6721643520833334 0.7160493828125001 0.671875 0.7160493828125001 0.6501736104166667 0.7172067906249999 0.64351851875 0.717399690625 0.6383101854166667 0.7179783953125 0.63773148125 0.7179783953125 0.6354166666666666 0.719328703125 0.6302083333333334 0.7199074078125001 0.6168981479166666 0.719135803125 0.6154513895833333 0.71199845625 0.6128472229166667 0.7106481484375 0.6105324083333333 0.706597221875 0.6096643520833334 0.7054398140625 0.6128472229166667 0.7052469140625 0.6252893520833334 0.7046682093750001 0.6255787041666667 0.7046682093750001 0.6307870375 0.7052469140625 0.6310763895833333 0.7054398140625 0.6351273145833333 0.7073688265625 0.6397569437499999
0 0.39101080312500003 0.26533564791666664 0.3929398140625 0.269386575 0.3952546296875 0.2708333333333333 0.3967978390625 0.27401620416666667 0.400848765625 0.2786458333333333 0.40277777812500004 0.277199075 0.4041280859375 0.27459490833333333 0.4079861109375 0.27459490833333333 0.41068672812499996 0.27922453750000004 0.4112654328125 0.28327546249999996 0.4095293203125 0.28964120416666667 0.408757715625 0.30410879583333333 0.40933642031249995 0.30439814791666664 0.4095293203125 0.30815972291666666 0.4114583328125 0.3151041666666667 0.4147376546875 0.31886574166666665 0.42206790156249996 0.31915509166666667 0.4245756171875 0.32060185208333336 0.42476851875 0.32146990833333333 0.432098765625 0.32378472291666666 0.435956790625 0.32175925833333335 0.4375 0.3177083333333333 0.4386574078125 0.30902777708333334 0.4386574078125 0.3023726854166667 0.43730709843750004 0.29658564791666664 0.4375 0.28993055624999997 0.43807870312499997 0.28819444375000003 0.4392361109375 0.28761574166666665 0.4407793203125 0.29108796249999996 0.4434799375 0.29340277708333334 0.44540895 0.29774305624999997 0.450617284375 0.300636575 0.45331790156249996 0.300925925 0.45447530937499997 0.29976851875 0.45659722187499996 0.29340277708333334 0.459490740625 0.28877314791666664 0.4635416671875 0.2864583333333333 0.4666280859375 0.28327546249999996 0.471257715625 0.28153935208333336 0.4714506171875 0.28067129583333333 0.4753086421875 0.27980324166666665 0.4810956796875 0.277199075 0.48128857968750005 0.27633101875 0.48398919687499997 0.2757523145833333 0.48456790156249996 0.27459490833333333 0.48476080312500003 0.265625 0.48630401250000005 0.26244212916666665 0.4890046296875 0.26099537083333335 0.490740740625 0.25810185208333336 0.49054783906250005 0.25491898125 0.4886188265625 0.24855324166666665 0.4893904328125 0.24074074166666665 0.48996913593749997 0.2401620375 0.48996913593749997 0.23697916666666666 0.4893904328125 0.2364004625 0.48919753125 0.23408564791666667 0.486882715625 0.23090277708333332 0.48206018593750005 0.22945601875000002 0.4793595671875 0.22482638958333334 0.478009259375 0.22048611041666666 0.47646605 0.21903935208333333 0.4733796296875 0.21701388958333334 0.467206790625 0.21643518541666668 0.4666280859375 0.2167245375 0.46585648125 0.22366898124999998 0.463348765625 0.22714120416666667 0.45659722187499996 0.22685185208333333 0.455632715625 0.22800925833333335 0.4519675921875 0.22887731458333332 0.44733796249999996 0.23119212916666668 0.446759259375 0.2323495375 0.4456018515625 0.2323495375 0.4434799375 0.22771990833333333 0.4434799375 0.22337962916666668 0.44058642031249995 0.22019675833333335 0.433641975 0.2167245375 0.431134259375 0.2129629625 0.42226080312500003 0.21006944375 0.42206790156249996 0.20920138958333334 0.420331790625 0.20862268541666668 0.41820987656249997 0.20370370416666667 0.4168595671875 0.20254629583333333 0.41608796249999996 0.1953125 0.4147376546875 0.19097222291666668 0.4114583328125 0.18923611041666666 0.4095293203125 0.19068287083333332 0.40682870312499997 0.19502314791666667 0.40663580312500003 0.19849537083333332 0.40547839531249996 0.20196759166666667 0.4041280859375 0.20370370416666667 0.40393518593750005 0.207175925 0.40007716093749995 0.21180555625 0.39930555624999997 0.21585648124999998 0.39756944375000003 0.21701388958333334 0.39737654375 0.22048611041666666 0.3967978390625 0.2207754625 0.3967978390625 0.230613425 0.4035493828125 0.23582175833333335 0.40393518593750005 0.23784722291666668 0.40528549375 0.23871527708333332 0.40625 0.24074074166666665 0.40625 0.24450231458333332 0.4050925921875 0.246238425 0.40258487656249997 0.24739583333333334 0.396026234375 0.24768518541666668 0.3937114203125 0.24913194375 0.39216820937499997 0.25173611041666666 0.39409722187499996 0.25607638958333334 0.394483025 0.26099537083333335 0.3937114203125 0.26099537083333335 0.39101080312500003 0.26533564791666664
0 0.2796875 0.11979166666666667 0.00078125 0.0010416666666666667
0 0.2619598765625 0.09230324166666667 0.26427469062500003 0.09317129583333333 0.2644675921875 0.09403935208333333 0.26832561718750003 0.09548611041666667 0.27854938281249997 0.09635416666666667 0.28163580312500003 0.0957754625 0.2829861109375 0.09461805625 0.2870370375 0.09432870416666667 0.2903163578125 0.09722222291666666 0.2922453703125 0.10011574166666667 0.2947530859375 0.10127314791666667 0.2957175921875 0.10271990833333335 0.3009259265625 0.105324075 0.3030478390625 0.10763888958333333 0.3063271609375 0.10850694375 0.3105709875 0.11111111041666667 0.31172839531249996 0.11284722291666666 0.3123070984375 0.11631944375 0.3142361109375 0.11689814791666667 0.32118055624999997 0.1229745375 0.3244598765625 0.12384259166666665 0.3283179015625 0.120949075 0.3283179015625 0.11371527708333334 0.327546296875 0.11255787083333332 0.3263888890625 0.10127314791666667 0.3244598765625 0.097511575 0.32040894999999997 0.09432870416666667 0.3175154328125 0.089988425 0.3165509265625 0.08767361041666667 0.3155864203125 0.08130787083333332 0.31404320937499997 0.07928240833333335 0.2966820984375 0.07928240833333335 0.2853009265625 0.07754629583333333 0.2810570984375 0.074074075 0.276813271875 0.07204861041666667 0.275848765625 0.07002314791666667 0.27256944375000003 0.06886574166666667 0.2677469140625 0.07465277708333334 0.2598379625 0.07870370416666667 0.2598379625 0.08420138958333333 0.2604166671875 0.08449074166666667 0.261188271875 0.09114583333333333 0.2619598765625 0.09230324166666667
0 0.078510803125 0.11168981458333334 0.078510803125 0.11371527708333334 0.079668209375 0.11834490833333335 0.081597221875 0.12008101875 0.086419753125 0.12008101875 0.0877700625 0.1192129625 0.0983796296875 0.11776620416666667 0.10223765468749998 0.10995370416666667 0.10551697499999999 0.105324075 0.11246142031249999 0.10040509166666665 0.1153549375 0.10127314791666667 0.11631944375 0.10243055625 0.11747685156250001 0.10677083333333333 0.11747685156250001 0.113136575 0.11612654375 0.11776620416666667 0.1149691359375 0.11950231458333334 0.11419753125000001 0.12615740833333333 0.1136188265625 0.12644675833333333 0.1136188265625 0.12818287083333332 0.112847221875 0.12905092499999998 0.1116898140625 0.13454861041666666 0.11091820937500001 0.13512731458333332 0.109375 0.13946759166666667 0.1082175921875 0.14033564791666667 0.10783179062499999 0.14409722291666668 0.108796296875 0.14554398124999998 0.108989196875 0.14756944375 0.11091820937500001 0.14959490833333333 0.1116898140625 0.15190972291666668 0.11419753125000001 0.1542245375 0.11554783906249999 0.15972222291666668 0.11882716093750001 0.16145833333333334 0.12017746874999999 0.16145833333333334 0.125578703125 0.15740740833333333 0.12982253125 0.1426504625 0.1307870375 0.14178240833333333 0.132330246875 0.13715277708333332 0.134259259375 0.13541666666666666 0.1350308640625 0.13310185208333333 0.13811728437499998 0.12991898125 0.1383101859375 0.12876157500000002 0.1442901234375 0.12615740833333333 0.1512345671875 0.12586805625 0.15470679062499998 0.12384259166666665 0.15547839531250002 0.12268518541666666 0.15547839531250002 0.11892361041666667 0.1603009265625 0.113425925 0.1614583328125 0.11689814791666667 0.16473765468749998 0.11863425833333333 0.165509259375 0.11660879583333333 0.165509259375 0.1073495375 0.1666666671875 0.10387731458333334 0.1668595671875 0.0995370375 0.167438271875 0.09895833333333333 0.165509259375 0.06944444375 0.16493055625 0.06886574166666667 0.16473765468749998 0.06452546249999999 0.163580246875 0.06134259166666667 0.1612654328125 0.057291666666666664 0.157600309375 0.057291666666666664 0.15547839531250002 0.0546875 0.15374228437499998 0.05410879583333333 0.150848765625 0.04918981458333334 0.1496913578125 0.04918981458333334 0.1481481484375 0.046875 0.145061728125 0.0448495375 0.141975309375 0.040798610416666665 0.14081790156250001 0.036458333333333336 0.14351851875 0.03211805625 0.1437114203125 0.029513889583333335 0.14351851875 0.025173610416666665 0.141975309375 0.020254629166666666 0.13888888906250002 0.015335647916666667 0.1305941359375 0.011574075 0.1261574078125 0.013020833333333334 0.121527778125 0.016782408333333332 0.119598765625 0.017361110416666665 0.11747685156250001 0.019675925 0.1136188265625 0.021701389583333335 0.10358796249999999 0.03414351875 0.10243055625 0.036458333333333336 0.10300925937500001 0.04021990833333333 0.109375 0.043113425000000004 0.109375 0.05410879583333333 0.1082175921875 0.05555555625 0.1074459875 0.05960648125 0.10165895 0.06741898125 0.098186728125 0.0760995375 0.09278549375 0.08362268541666666 0.092399690625 0.08564814791666667 0.08854166718749999 0.09143518541666666 0.08680555625 0.09056712916666668 0.0831404328125 0.09085648125 0.081597221875 0.0917245375 0.0804398140625 0.09548611041666667 0.0802469140625 0.10445601875 0.079668209375 0.10474537083333332 0.079668209375 0.10792824166666667 0.078510803125 0.11168981458333334
0 0.6043595671875 0.2601273145833333 0.60165895 0.2604166666666667 0.6008873453125 0.26244212916666665 0.6022376546875 0.26417824166666665 0.604938271875 0.261863425 0.6043595671875 0.2601273145833333
0 0.54783950625 0.2207754625 0.5499614203125 0.21875 0.5684799375 0.21817129583333333 0.5711805562500001 0.2167245375 0.574652778125 0.2167245375 0.5750385796875 0.2207754625 0.57040895 0.230613425 0.57040895 0.23784722291666668 0.5709876546875 0.23871527708333332 0.579475309375 0.23871527708333332 0.58101851875 0.23755787083333332 0.5823688265625 0.23206018541666668 0.5835262343750001 0.230324075 0.58892746875 0.22685185208333333 0.6032021609375 0.2265625 0.6066743828125001 0.2285879625 0.6082175921874999 0.230613425 0.6095679015625 0.234375 0.613233025 0.23466435208333333 0.61612654375 0.23350694375 0.617669753125 0.230613425 0.617669753125 0.22424768541666668 0.6149691359375 0.22019675833333335 0.6149691359375 0.21643518541666668 0.6159336421875 0.21412037083333332 0.6180555562500001 0.21151620416666667 0.6190200625 0.2089120375 0.6238425921874999 0.20746527708333332 0.626350309375 0.20457175833333335 0.6304012343750001 0.20283564791666667 0.6350308640625 0.19878472291666668 0.636188271875 0.19675925833333335 0.6363811734375 0.191261575 0.6388888890625 0.18605324166666665 0.6373456796875 0.18229166666666666 0.637152778125 0.17824074166666665 0.6334876546875 0.17332175833333335 0.6290509265625001 0.17129629583333333 0.6265432093750001 0.16898148124999998 0.622492284375 0.168113425 0.623649690625 0.16464120416666667 0.6300154328125 0.15769675833333335 0.6315586421875 0.15451388958333334 0.6307870375 0.14380787083333332 0.6300154328125 0.14293981458333332 0.6234567906249999 0.14322916666666666 0.6143904328125 0.14699074166666665 0.6116898140625 0.15075231458333332 0.610725309375 0.15451388958333334 0.6082175921874999 0.15798611041666666 0.6070601859375 0.16174768541666668 0.60262345625 0.16637731458333332 0.60165895 0.16550925833333335 0.5983796296875 0.1582754625 0.594135803125 0.1582754625 0.59085648125 0.160011575 0.5881558640625 0.160011575 0.584490740625 0.15885416666666666 0.581597221875 0.15653935208333333 0.5709876546875 0.15711805625 0.5709876546875 0.15914351875000002 0.57040895 0.15943287083333332 0.57040895 0.16550925833333335 0.5694444437499999 0.16724537083333332 0.5667438265625 0.17013888958333334 0.562885803125 0.171875 0.5592206796875 0.17476851875000002 0.555169753125 0.18026620416666667 0.5526620375 0.1817129625 0.55169753125 0.18489583333333334 0.5491898140625 0.18865740833333333 0.5491898140625 0.19241898124999998 0.5484182093750001 0.19299768541666668 0.546489196875 0.19878472291666668 0.546296296875 0.20167824166666665 0.5453317906249999 0.20341435208333333 0.544367284375 0.21354166666666666 0.5437885796875 0.21383101875000002 0.5437885796875 0.21556712916666668 0.542438271875 0.21846064791666667 0.542438271875 0.22366898124999998 0.5435956796875 0.22482638958333334 0.5445601859375 0.22222222291666668 0.54783950625 0.2207754625
0 0.546875 0 0.546875 0.0017361104166666666 0.5451388890625 0.002314814583333333 0.544367284375 0.005208333333333333 0.545524690625 0.008969908333333334 0.548225309375 0.011574075 0.5476466046875 0.014467591666666666 0.5441743828125001 0.019965277083333333 0.5364583328125 0.02112268541666667 0.53125 0.02575231458333333 0.5291280859375 0.030671295833333334 0.527777778125 0.040798610416666665 0.5271990734374999 0.0410879625 0.5270061734375 0.04571759166666667 0.52642746875 0.04600694375 0.52642746875 0.048611110416666665 0.5252700625 0.052083333333333336 0.5250771609375 0.0567129625 0.52449845625 0.05700231458333334 0.52334105 0.07089120416666667 0.5243055562500001 0.07378472291666666 0.52449845625 0.07928240833333335 0.5250771609375 0.07957175833333333 0.5250771609375 0.082175925 0.52642746875 0.08767361041666667 0.52642746875 0.1035879625 0.5289351859375 0.10619212916666668 0.5324074078125001 0.10590277708333334 0.5372299375 0.1035879625 0.5387731484375 0.10127314791666667 0.5461033953125 0.09548611041666667 0.5488040125 0.0917245375 0.5530478390625 0.08072916666666667 0.55362654375 0.0801504625 0.556134259375 0.08101851875 0.5582561734375 0.08449074166666667 0.5582561734375 0.09027777708333334 0.55767746875 0.09056712916666668 0.55767746875 0.09288194375 0.5565200625 0.0957754625 0.5563271609375 0.09866898125 0.55574845625 0.09895833333333333 0.55574845625 0.109375 0.5563271609375 0.10966435208333333 0.5569058640625 0.12991898125 0.5584490734374999 0.136574075 0.5603780859375 0.13975694375 0.5680941359375 0.14207175833333335 0.5690586421875 0.14351851875000002 0.5727237656249999 0.14525462916666668 0.5758101859375 0.14901620416666667 0.5792824078125001 0.15075231458333332 0.5796682093750001 0.15190972291666668 0.5823688265625 0.15393518541666668 0.5839120375 0.15856481458333332 0.5850694437499999 0.15972222291666668 0.5885416671875 0.15972222291666668 0.594135803125 0.14930555625 0.5956790125 0.14785879583333333 0.5958719140625 0.14554398124999998 0.5968364203125 0.144386575 0.597608025 0.14120370416666667 0.5991512343750001 0.13946759166666667 0.6008873453125 0.1348379625 0.6057098765625 0.1270254625 0.6076388890625 0.1192129625 0.611882715625 0.1151620375 0.617669753125 0.113136575 0.6188271609375 0.109375 0.6188271609375 0.105613425 0.617669753125 0.09866898125 0.6151620375 0.09519675833333333 0.6149691359375 0.09201388958333333 0.61419753125 0.09027777708333334 0.61419753125 0.08535879583333333 0.615740740625 0.0839120375 0.6178626546875 0.08420138958333333 0.6228780859375 0.08680555625 0.6296296296875 0.08883101875 0.6300154328125 0.089699075 0.6334876546875 0.09027777708333334 0.636188271875 0.08333333333333333 0.63773148125 0.081886575 0.638117284375 0.07465277708333334 0.640046296875 0.0682870375 0.640239196875 0.06307870416666667 0.64158950625 0.059895833333333336 0.6423611109375 0.0546875 0.6421682093750001 0.046875 0.6408179015625 0.042824074999999996 0.6388888890625 0.04021990833333333 0.638117284375 0.03472222291666667 0.6388888890625 0.029224537499999998 0.64158950625 0.024594908333333332 0.641975309375 0.021701389583333335 0.640046296875 0.015335647916666667 0.6334876546875 0.009548610416666665 0.6269290125 0.00694444375 0.61824845625 0.00694444375 0.6147762343750001 0.006076389583333333 0.6101466046875 0.0020254625 0.609760803125 0 0.546875 0
0 0.6321373453125 0.31163194375000003 0.6385030859375 0.3151041666666667 0.6404320984375 0.3179976854166667 0.6425540125 0.31915509166666667 0.6506558640625 0.33246527708333334 0.6593364203125 0.33246527708333334 0.6664737656249999 0.32725694375000003 0.6682098765625 0.32320601875 0.6682098765625 0.31047453750000004 0.6668595671875 0.30815972291666666 0.6658950625 0.30150462916666665 0.66415895 0.29658564791666664 0.6628086421875 0.28761574166666665 0.6608796296875 0.28182870416666667 0.6608796296875 0.28009259166666667 0.6595293203125 0.27690972291666666 0.6577932093750001 0.27488425833333335 0.64351851875 0.27401620416666667 0.6404320984375 0.2751736104166667 0.63290895 0.28616898125 0.6321373453125 0.29050925833333335 0.6309799375 0.292824075 0.6307870375 0.29716435208333336 0.6302083328125 0.29745370416666667 0.6300154328125 0.30555555624999997 0.6302083328125 0.308449075 0.6309799375 0.3101851854166667 0.6321373453125 0.31163194375000003
0 0.30902777812500004 0 0.30902777812500004 0.0017361104166666666 0.3065200625 0.003761575 0.3065200625 0.010706018749999999 0.3084490734375 0.015335647916666667 0.31172839531249996 0.017071758333333336 0.311921296875 0.01793981458333333 0.3180941359375 0.018807870833333334 0.32040894999999997 0.021701389583333335 0.32040894999999997 0.022858795833333334 0.3221450625 0.025173610416666665 0.3223379625 0.026909722916666667 0.3238811734375 0.028645833333333332 0.3261959875 0.030092591666666668 0.3314043203125 0.030671295833333334 0.3337191359375 0.033854166666666664 0.3342978390625 0.03587962916666666 0.336419753125 0.03819444375 0.33699845625 0.04050925833333333 0.339313271875 0.04224537083333334 0.3404706796875 0.0448495375 0.34452160468750004 0.048611110416666665 0.3489583328125 0.05526620416666667 0.3508873453125 0.05381944375 0.3533950625 0.05005787083333334 0.3535879625 0.042824074999999996 0.3522376546875 0.0390625 0.3522376546875 0.036458333333333336 0.353009259375 0.03587962916666666 0.3533950625 0.03356481458333334 0.36284722187499996 0.023148147916666664 0.36824845625 0.015335647916666667 0.3688271609375 0.012442129166666668 0.3697916671875 0.010995370833333332 0.3730709875 0.009259258333333333 0.37635030937499997 0.008969908333333334 0.377507715625 0.0057870375 0.3769290125 0.0020254625 0.37364969062500003 0.0020254625 0.37345679062500003 0 0.30902777812500004 0