0 0.0275337734375 0 0.0326678796875 0.0026610166666666667 0.037419165625 0.007766241666666667 0.0379811359375 0.009623906250000001 0.0377495734375 0.018465375 0.0349231046875 0.025354520833333335 0.0347474359375 0.03206184375 0.0385301625 0.03529047083333334 0.0398973234375 0.03749087916666667 0.0467767171875 0.05459993958333333 0.0465211984375 0.06435604375 0.0456441453125 0.06675720624999999 0.0455163859375 0.07163525833333333 0.038854965625 0.08506134791666667 0.03818120625 0.08747197708333333 0.0380294921875 0.0932646625 0.03511151875 0.09587605 0.03418655625 0.10010648125 0.0320657875 0.10336548541666667 0.029849196875 0.11028303125 0.02583490625 0.11589587083333333 0.02365824375 0.12128902291666667 0.0194965546875 0.12475825 0.019396420312500003 0.13635308958333334 0.022935284375 0.15666436458333333 0.022855434375 0.15971314583333335 0.026031953125 0.17054479791666666 0.027167550000000002 0.18158667291666666 0.0287140484375 0.18471117916666666 0.030376004687500003 0.1911988125 0.032954940625 0.19376089166666668 0.0344854703125 0.19749515416666666 0.0388062125 0.20349608125 0.040627868750000004 0.20388615000000002 0.042003014062499996 0.20578167916666665 0.0455069140625 0.20411332499999998 0.048058224999999996 0.19995861458333333 0.0505456546875 0.19824293333333334 0.052056543749999996 0.19495552916666667 0.05474726875 0.19324931458333333 0.055835601562500004 0.1905527375 0.0570793171875 0.18969489583333335 0.058881334375000004 0.18306329791666667 0.062489035937500007 0.17743152708333335 0.0643113375 0.16225387500000002 0.06492920468749999 0.16197739375 0.06521234687500001 0.158938075 0.0671537765625 0.15475497083333334 0.0696332234375 0.15334416666666667 0.079781928125 0.15442720208333333 0.08003313125 0.1526073979166667 0.0806509984375 0.1523309145833333 0.08085860624999999 0.14440408333333332 0.0800693859375 0.14345158333333333 0.0794398671875 0.13640152291666666 0.07850324843749999 0.13330541458333334 0.078459653125 0.12719838333333333 0.080839609375 0.12181469583333333 0.0818800328125 0.12094738958333333 0.08277305625 0.11793646875 0.083104109375 0.11306788333333334 0.0837219734375 0.11279140208333334 0.084045040625 0.10822769374999999 0.0846629078125 0.10795121249999999 0.0851333734375 0.10553111875 0.085536290625 0.09791862708333333 0.082423653125 0.08464795 0.0804625828125 0.08180938958333334 0.07973724374999999 0.07841786875 0.077230171875 0.07311188541666666 0.07786400624999999 0.07222564791666668 0.079973765625 0.04607237916666666 0.08059163124999999 0.045795895833333336 0.0812813609375 0.0427755125 0.085897546875 0.037495943749999996 0.09020663437500001 0.03617033125 0.0926142171875 0.03750343125 0.095300628125 0.0437335125 0.0964681640625 0.053555875 0.09795876718749999 0.058814529166666664 0.0986435375 0.07929816458333333 0.10011817187500001 0.085166575 0.10110269999999999 0.08643341458333334 0.10124211406250001 0.08888190624999999 0.10184401093749999 0.08921518125 0.10235008593749999 0.09320699375 0.106874121875 0.09921738958333333 0.11334757499999999 0.10073979999999999 0.11693499375000001 0.10365408333333333 0.1182702140625 0.10707400416666667 0.12228817343750001 0.10909258333333334 0.124647846875 0.11225495208333333 0.127908528125 0.11210152291666667 0.1304199140625 0.10947120416666666 0.13289137499999998 0.10836527916666668 0.13380036875 0.10474460208333333 0.13404790312499998 0.09529337708333332 0.13730124375 0.07987710625000001 0.13837360468749998 0.07779028541666667 0.142080796875 0.07613139791666666 0.14423350625 0.07165287916666667 0.1446284375 0.06434526666666666 0.14420221093750002 0.057304670833333335 0.1434209765625 0.05604729583333334 0.1435966453125 0.049339975 0.1489780953125 0.04592754166666667 0.1522467625 0.04546923333333333 0.154335590625 0.04342974166666667 0.15579490000000001 0.0343401875 0.1553207625 0.029128860416666666 0.1539695734375 0.026318697916666668 0.149210303125 0.021518352083333334 0.14400452187499999 0.018223464583333335 0.13896642343750001 0.008526135416666667 0.1334775 0.008270564583333332 0.131420609375 0.009090543750000001 0.12924826250000002 0.006547397916666667 0.12957132968750001 0.0019836895833333333 0.13018919375 0.0017072083333333334 0.13057905 0 0.0275337734375 0
0 0.7206818109375 0.6848781791666667 0.7204901718750001 0.69219525625 0.7285776703125 0.7020345708333333 0.7320815703125 0.7003662145833334 0.7335685046875 0.6979934479166666 0.7337042484375 0.6928105166666667 0.7303919875 0.6871617958333334 0.729650678125 0.6843800291666666 0.72338051875 0.6828670833333333 0.7213236296875001 0.6836870625 0.7206818109375 0.6848781791666667
0 0.717228846875 0.70791640625 0.715192240625 0.7001903312500001 0.7063191921875001 0.6970299416666667 0.699957528125 0.6912392354166667 0.6940620171874999 0.6909647333333333 0.6906619218750001 0.6886696729166667 0.6876088499999999 0.6808962666666667 0.687206578125 0.6729410375 0.6878244421875 0.67266455625 0.687928246875 0.6687011395833333 0.6873263515625 0.6683678625 0.6866409359375 0.66345195 0.6852817609375 0.6609466645833333 0.68286619375 0.65991844375 0.6826868546875 0.6589943437500001 0.67418046875 0.6573772770833333 0.6637406359375 0.6596384395833332 0.662692228125 0.660810625 0.6620700484375 0.6690234041666667 0.6645691359375 0.6746342666666667 0.6643615265625 0.6825610999999999 0.661551028125 0.6888404895833333 0.6612359453125001 0.6930993187500001 0.663200684375 0.7035693 0.663064940625 0.70875223125 0.6607685046875 0.7187185541666667 0.66351879375 0.7225096125 0.66461878125 0.7271395791666666 0.6668550078125 0.7272437 0.6693983343750001 0.7233938708333334 0.6730256781249999 0.7247837625 0.6743209734375 0.7297280729166666 0.6743406140625 0.7367497375000001 0.6756518796875 0.74108429375 0.6824201296875 0.7468939291666667 0.6858601484375 0.7476646 0.6914725171875 0.7509784166666668 0.6948326875 0.7547978708333333 0.70048498125 0.7565872979166667 0.7096172171874999 0.7576230020833333 0.7137389828125 0.7556781666666667 0.715429209375 0.7533148645833333 0.7178767171875 0.7531235729166668 0.727347990625 0.7489858166666666 0.72867155625 0.7450791916666667 0.728815284375 0.7395913854166667 0.7276833578125 0.7361809312500001 0.7263002281250001 0.73459028125 0.722398371875 0.7203671041666666 0.7190940968749999 0.7144135041666666 0.7189626687499999 0.7116601354166666 0.717228846875 0.70791640625
0 0.552835975 0.22346158541666666 0.55427866875 0.23054950833333335 0.5576627953125 0.23345432708333333 0.5593450375 0.2313959041666667 0.5592136078125 0.22864253333333334 0.5566506421875 0.2254707 0.5559572421875 0.2208596625 0.5551680234374999 0.21990716666666668 0.554717840625 0.21378120625000002 0.552835975 0.22346158541666666
0 0.5550611921875 0.20067144166666667 0.5547940203125 0.20310100208333332 0.5549254484375 0.20585437291666667 0.5550611921875 0.20067144166666667
0 0.608809434375 0.13021926041666668 0.6080761109374999 0.12713261875 0.6081756 0.13110549999999999 0.608809434375 0.13021926041666668
0 0.5872818984375 0.08953441666666667 0.5855161375 0.0870102 0.584806765625 0.08300892083333333 0.5840175484375 0.082056425 0.5839100734375 0.07838842083333333 0.58232365 0.07678830416666667 0.582168265625 0.07494957083333334 0.581379046875 0.07399707291666666 0.5781423203125 0.07323586875 0.5733351421874999 0.07026478958333333 0.569432640625 0.07160933541666667 0.568862684375 0.07005654791666666 0.5658372375 0.06899993125000001 0.5614605984375001 0.06513315 0.5586384437499999 0.06408599791666666 0.5514752625 0.06558397083333332 0.5473135734375 0.0690532 0.541804365625 0.07734368541666667 0.5298652984375 0.09021878958333333 0.5274454171875 0.09712686875 0.5261777453125001 0.09889934583333333 0.5218287328125 0.10174935 0.5159848015625 0.10727700208333334 0.5144419734375 0.11178391666666668 0.5123371734375 0.11443316458333334 0.511519684375 0.12233160208333334 0.5122370390625 0.12602800208333334 0.515298096875 0.13349652916666666 0.5151863078125001 0.137764825 0.5138627421875 0.14167144583333335 0.5134837796875 0.14836930208333332 0.5122001390625 0.15075153541666667 0.5112033125 0.15772587291666668 0.511007359375 0.17297925 0.5093760515625 0.19640754583333334 0.51024080625 0.20224756041666667 0.5130390046875 0.20420934583333333 0.5217965953125 0.2040066083333333 0.52839780625 0.20065096875000002 0.53383515 0.19510438749999998 0.5403804671875 0.19388289375 0.5432744859375 0.19218613958333333 0.543501734375 0.1912809708333333 0.5474202046875 0.18932667083333332 0.5507687203125 0.18581957916666667 0.5540693250000001 0.18414175833333332 0.5570192375 0.18031086041666666 0.5572508015625 0.17146939166666667 0.5587856453125 0.16726735416666666 0.5622576046875001 0.16681851458333333 0.566614603125 0.16366362916666669 0.5690381546875 0.16438697291666668 0.5698193890625001 0.16564434791666666 0.5698949234375 0.17053186458333333 0.57086348125 0.1724084625 0.5691652687500001 0.17507664166666667 0.5684116593749999 0.18053605416666668 0.5702093609375 0.18184075625 0.573705275 0.18047727916666664 0.5739325234375 0.17957211041666668 0.5751283296875 0.18054353750000002 0.5800073734375 0.18077071041666667 0.5801031937500001 0.17711217291666664 0.5824192703125 0.1741675125 0.5840179937500001 0.16752645 0.584635859375 0.16724996666666667 0.585967409375 0.1630384666666667 0.587223425 0.15393944583333333 0.5893521796875001 0.15037556249999998 0.590476765625 0.138523175 0.5910946312500001 0.13824669375 0.5923070515625 0.12304064583333334 0.5930446921875 0.11819098958333334 0.59366255625 0.11791450833333333 0.5938621796875 0.11029255208333333 0.593260284375 0.10995927708333333 0.5931448265625 0.10659614999999999 0.5920368546875 0.10227106250000001 0.5906537234375 0.1006804125 0.5887405625000001 0.09601258333333333 0.5886091328124999 0.09325921458333333 0.5872818984375 0.08953441666666667
0 0.6399428984375 0.09168111666666667 0.639341003125 0.09134784166666667 0.6373842468750001 0.08057298333333333 0.63559453125 0.07896339999999999 0.6354231765625 0.07773442291666667 0.6291689890625001 0.07561172291666667 0.6234607999999999 0.07595644166666667 0.6211606921875 0.07829134583333335 0.6122913140625 0.08276237916666668 0.610569146875 0.08634519375 0.6102780171875 0.08968938958333333 0.6089544546875 0.09359601249999999 0.60875483125 0.10121796875000001 0.6081289796875 0.10179932916666666 0.607354440625 0.13137251458333335 0.60593505625 0.13893767916666666 0.605671553125 0.14899866041666668 0.6039174468749999 0.15380098749999999 0.6035820796875 0.1666058708333333 0.60663148125 0.16674785416666668 0.6078272874999999 0.16771928541666667 0.6143044093750001 0.17687311666666666 0.6155561109375001 0.17571039791666668 0.6182069109375 0.17552857083333334 0.6258122890625 0.18046143541666665 0.629945709375 0.18584314166666666 0.63101375625 0.19169262083333333 0.6319823140625 0.19356921875 0.6355936875 0.19556886666666667 0.635773025 0.19649296666666669 0.6390097531250001 0.19725417291666666 0.6406520703125 0.19672013958333334 0.642123034375 0.19495713125 0.643917065625 0.18863041249999998 0.6470942265625 0.18389434375 0.6495300796875 0.17637650833333335 0.651850471875 0.16549554791666665 0.652042109375 0.15817847083333333 0.65110549375 0.1550823625 0.651006003125 0.15110947916666667 0.6504041078125 0.15077620416666668 0.64916470625 0.14369774583333333 0.645916325 0.13560999583333333 0.6457769109375 0.13316150416666667 0.64325386875 0.12846527916666667 0.6433576734375 0.1245018625 0.644820653125 0.12304373125 0.6461202625 0.12005174166666667 0.64629593125 0.11334442291666667 0.6455626078125001 0.11025777708333333 0.643812815625 0.10712380625 0.6425813984375 0.09974046875 0.64006634375 0.09473936458333333 0.6399428984375 0.09168111666666667
0 0.6685360609375001 0.08019194375000001 0.6683886625000001 0.07804832916666667 0.6647613203125 0.07665843541666666 0.659655028125 0.07733643333333333 0.658084575 0.07512656041666667 0.65714795625 0.07203045208333334 0.6547563453125 0.07008759375000001 0.652723409375 0.06999293958333334 0.6487889671875 0.07255699791666667 0.6474973421875 0.07524410833333332 0.64457936875 0.07785549583333333 0.6445474296875 0.07907500833333334 0.6415655765625 0.08412541875 0.64131804375 0.09357664583333333 0.64304388125 0.09762525000000001 0.6438926640625 0.10407502291666666 0.6465551203125 0.1112197375 0.64850820625 0.11436317708333334 0.648284628125 0.12289976666666667 0.6470169578125 0.12467224166666666 0.646653965625 0.13076034166666667 0.6479013515625 0.13753392291666666 0.6498464515625 0.1409822375 0.651101821875 0.14745093958333333 0.65302296875 0.15181388958333333 0.6533650296875 0.16983956875 0.6538711078125 0.17383138333333334 0.654660325 0.17478387916666666 0.6555293953125 0.17268759166666667 0.658244075 0.17006674166666666 0.65833989375 0.16640820416666668 0.659655475 0.16280645833333332 0.6599785421875 0.15824274791666668 0.6608635796875 0.15553670833333333 0.6625538078125001 0.15317340625 0.666432353125 0.15274349583333333 0.669772884375 0.14954128333333333 0.670617996875 0.14835963333333335 0.670941065625 0.143795925 0.67155893125 0.14351944374999998 0.6724679234375001 0.13989876666666667 0.674580709375 0.13694463958333333 0.6747883171875 0.12901780625 0.6740150671875 0.12745555208333334 0.6705910187499999 0.126075125 0.6684106828124999 0.12383685833333334 0.667310696875 0.11920689166666666 0.6676177937500001 0.11525293958333332 0.66976251875 0.11107929791666667 0.6724771984375 0.10845844791666666 0.6727204171875 0.10694352291666666 0.675817728125 0.10525623541666666 0.6797920953125 0.10116778750000001 0.6804339140625 0.09997667083333334 0.680545703125 0.095708375 0.6789912203124999 0.09288874791666667 0.67638034375 0.09154618125 0.6726215718749999 0.08740291875 0.671489646875 0.08399246666666667 0.6685360609375001 0.08019194375000001
0 1 0.03620720625 0.9992492500000001 0.03515078541666667 0.9978182109375 0.03538940625 0.9949002374999999 0.038000791666666665 0.994636734375 0.04806177291666667 0.9930779359375 0.05317844375 0.9922248375 0.05466497291666667 0.9859982734375 0.059259058333333336 0.9832197140625001 0.06431893541666667 0.9820595171875001 0.06975941458333333 0.9814336671874999 0.07034077708333333 0.9820711718749999 0.07708595833333334 0.9840162734375 0.080534275 0.9866431203125 0.08126708333333334 0.9904258453124999 0.08449571041666666 0.993459278125 0.08524745208333333 0.99444380625 0.08651429166666666 1 0.08807873333333333 1 0.03620720625
0 0.9283826953125001 0.05199766875 0.9337598296875 0.05652153125 0.936095546875 0.06059853541666667 0.9392763796875 0.06349388958333334 0.9432267890625001 0.06032007291666666 0.9460213187500001 0.054650439583333335 0.9483214265625 0.05231553541666667 0.9492064640625 0.049609491666666665 0.9544405171875001 0.044053445833333336 0.9576852265625 0.04450977291666667 0.9630703468749999 0.04872876041666666 0.9677301296874999 0.04955622291666666 0.9755547703125 0.05388879791666667 0.9792220390624999 0.053754300000000005 0.9804657546875 0.052896458333333334 0.9829814546875 0.042329841666666666 0.9850862546875 0.03968059375 0.9857520296875 0.03757484166666667 0.9876295796875001 0.035830762499999995 0.9902883656249999 0.03534405833333333 0.9909025625 0.027436154166666667 0.9902496734374999 0.02252175625 0.9143615671875001 0.018988327083333333 0.913966115625 0.019580416666666666 0.9132763859375 0.022600799999999997 0.911789453125 0.024973566666666665 0.9095489078125001 0.03280574583333333 0.9078666656250001 0.03486416875 0.9085600671874999 0.03947520416666667 0.9076830125 0.041876368750000004 0.9092295109374999 0.045000875 0.9105008515625 0.05085982083333333 0.9283826953125001 0.05199766875
0 0.0592415 0.0527383125 0.05656674375 0.053834775 0.05380415468750001 0.058284893750000004 0.0496664203125 0.0608394875 0.0472545234375 0.0674426875 0.046656296874999996 0.07474083333333333 0.0423588640625 0.08339299166666667 0.040784095312500004 0.08911941875 0.032017878124999996 0.10519475625 0.0319619828125 0.10732890208333333 0.027712459374999998 0.11415178958333333 0.027469240625000002 0.11566671666666667 0.026014246875 0.11681997083333333 0.023227703125 0.12218472708333333 0.020951548437500002 0.12360499583333334 0.01967589375 0.12568235208333334 0.019396420312500003 0.13635308958333334 0.0204964078125 0.14098305625000002 0.0204085734375 0.14433671666666664 0.0211738375 0.14620384791666666 0.0210620484375 0.15047214375 0.021655959375 0.15111029583333335 0.021755448437499998 0.15508317916666667 0.023425392187499998 0.16126593333333333 0.024632853125 0.16956390416666667 0.025992028125 0.17206918958333334 0.027127625 0.18311106458333332 0.031336578125 0.1933802875 0.0339155140625 0.19594236666666667 0.0383996265625 0.20347715208333333 0.040424575000000004 0.20387668541666668 0.042003014062499996 0.20578167916666665 0.0497005421875 0.19942458333333332 0.052048559375000004 0.19526040833333333 0.0555684296875 0.19298229791666666 0.05644548125 0.19058113333333332 0.057689196875 0.18972329375000002 0.059742418750000005 0.18127189166666666 0.062497021875 0.17712664791666669 0.0636455640625 0.16435962708333335 0.06521234687500001 0.158938075 0.0673570703125 0.1547644375 0.072292009375 0.15285746458333332 0.07981386875 0.15320768958333333 0.08007305625 0.15108300624999998 0.080690921875 0.150806525 0.08093845625 0.1413553 0.080336559375 0.14102202291666668 0.0794797921875 0.13487713125 0.078315925 0.13268619166666668 0.07849159375 0.12597887083333334 0.081473446875 0.12092845833333334 0.0828289515625 0.11580232083333333 0.083144034375 0.11154349375 0.08376189843750001 0.11126701041666666 0.08406899531249999 0.10731305833333334 0.0846868625 0.10703657708333333 0.08497432031249999 0.09606096041666666 0.0836391 0.09264104166666667 0.08241566875 0.08495282708333333 0.0796733640625 0.08085689375 0.0797132890625 0.07933250208333333 0.07701889375 0.07340729791666667 0.0775655390625 0.06030699791666667 0.07699191250000001 0.05112279166666667 0.07564072187500001 0.04831262708333333 0.071427453125 0.04597970416666666 0.06872874375 0.04799079791666667 0.0623787359375 0.0495266375 0.0592415 0.0527383125
0 0.8212336796875 0.2728937083333333 0.8015142109375001 0.27197554999999995 0.800262509375 0.2731382708333333 0.79637965 0.28150448125 0.7960246421875 0.28728770000000003 0.7960522671875 0.29400448749999997 0.8004166046875 0.30611244583333336 0.8002728765624999 0.31160025416666665 0.7955528859375 0.3208432375 0.7907573609375 0.32519870208333335 0.7894657359374999 0.3278858145833333 0.789393871875 0.3306297166666667 0.7878191046875 0.33635614583333334 0.7876514203125 0.3427585875 0.787017584375 0.3436448270833333 0.7876114953125 0.34428297916666667 0.788249 0.35102816249999996 0.7901861171875 0.35478135625 0.791569246875 0.3563720083333333 0.7931955937499999 0.35644773125 0.8025753640625 0.3480322125 0.807119684375 0.34549655 0.8084033249999999 0.3431143166666667 0.813003540625 0.33844450833333334 0.8143191218749999 0.3348427625 0.8193498796875 0.32927724999999997 0.8232284265625 0.3288473375 0.8258393015625 0.33018990416666666 0.8301084640624999 0.3303886791666667 0.8336283343750001 0.32811056875 0.83574111875 0.32515644375 0.8360082906249999 0.3227268833333333 0.8370646828125 0.32124981875 0.84311989375 0.31542675625 0.8452965578124999 0.3100336020833333 0.8454003625000001 0.3060701875 0.8442524656250001 0.30326948958333333 0.843746390625 0.299277675 0.844264765625 0.2950283125 0.8436991234375 0.28553922291666667 0.8424677078125 0.2781558875 0.8406700062500001 0.2768511833333333 0.8345712031250001 0.27656721666666667 0.8289348796875 0.2741680354166667 0.8212336796875 0.2728937083333333
0 0.814215515625 0.23776843333333333 0.8112097078125 0.24373348125 0.80996599375 0.24459132291666666 0.8097068046875 0.24671600416666667 0.80778134375 0.2502893541666667 0.8075141718750001 0.25271891458333334 0.8055887109375 0.2562922625 0.8054290125 0.26238982708333336 0.80802391875 0.26434214791666666 0.8157490703124999 0.2647018395833333 0.822708959375 0.2631944 0.8235460890624999 0.26231762708333334 0.8237057875 0.2562200625 0.8231038906249999 0.2558867875 0.823116190625 0.2476456104166667 0.8224467453125 0.24211993958333336 0.8212908656250001 0.23962412083333332 0.818875296875 0.2385959 0.8179067390625001 0.2367193 0.814215515625 0.23776843333333333
0 0.8742666984374999 0.051004220833333336 0.8738281734375001 0.052204802083333335 0.8695111000000001 0.05383529583333333 0.8665931265625 0.05644668333333334 0.859202696875 0.058849825 0.8568786328125 0.06209936666666667 0.85460248125 0.06351963541666666 0.8539287203124999 0.06593026458333333 0.851237996875 0.06763648125 0.8501576484375001 0.07002817916666666 0.8466537484375 0.07169653333333333 0.8442977468749999 0.0761655875 0.8403633062500001 0.07872964375 0.8354523234375 0.07972198333333333 0.8337780640625001 0.08147553125 0.8313022890624999 0.09051775416666666 0.8244099500000001 0.09721759166666667 0.8220060359374999 0.1035159125 0.8212843671875 0.1077558125 0.8232055140625001 0.1121187625 0.8266375484375 0.11319431249999999 0.8307070875000001 0.12101504375 0.836271546875 0.12615812916666666 0.83907773125 0.12781503958333335 0.8471855171874999 0.12910829583333333 0.8495691437499999 0.13135603125 0.852188003125 0.13239371875 0.8535631484374999 0.13428924583333332 0.8561224453125 0.12982965833333332 0.860666765625 0.12729399583333334 0.8615358359374999 0.1251977125 0.86208615 0.11972883541666667 0.8663952390625 0.11840322083333334 0.8682887593749999 0.11604938541666666 0.87585054375 0.11487521875 0.880231496875 0.11080570208333333 0.8913371046874999 0.10643878958333333 0.892855978125 0.10284651041666668 0.89790270625 0.09667123958333333 0.9002906484375 0.090982675 0.900354528125 0.08854365 0.9009723921875 0.08826716666666666 0.9012555359375 0.08522785000000001 0.9018734015625001 0.08495136875 0.9032368921874999 0.07952035416666667 0.9036238390625 0.07251762083333334 0.9042417031250001 0.0722411375 0.9045168609375001 0.0695067 0.9064263531250001 0.06654310833333334 0.9100057859374999 0.06976226875 0.9126565859375001 0.06958044583333334 0.9145820468749999 0.06600709583333333 0.9199954359375001 0.06137515 0.9201711046875 0.05466782708333333 0.9208288953125001 0.05286695625 0.9287733109375 0.05262635416666666 0.9335325828125001 0.057426700000000004 0.9348757875 0.06054174375 0.9395116124999999 0.062283841666666666 0.9437371812500001 0.05637558958333333 0.9450527624999999 0.05277384375 0.9475322078125 0.0513630375 0.947994690625 0.04924782291666666 0.954480440625 0.04252905416666666 0.9585463109375001 0.042718364583333335 0.9621337296875 0.045632650000000004 0.964768559375 0.04606058125 0.9679493921875 0.04895593333333333 0.9734223468750001 0.04982125833333333 0.9760332234375 0.051163825 0.98037425 0.048618695833333336 0.9822082062499999 0.0407675875 0.98368715625 0.038699700000000004 0.9832050328124999 0.03379325208333333 0.9859995625 0.028123616666666667 0.9858651609375 0.022317608333333336 0.9146104484375 0.01899991666666667 0.913966115625 0.019580416666666666 0.908588334375 0.030624270833333335 0.904849203125 0.03350267291666666 0.9044106781249999 0.03470325416666666 0.8994837234374999 0.03630535 0.8951347109375 0.03915535625 0.8848742171874999 0.042340618749999996 0.8803139249999999 0.04548603541666667 0.8773640125 0.04931693541666667 0.8742666984374999 0.051004220833333336
0 0.0736352140625 0.1559725041666667 0.0734558765625 0.15504840416666665 0.0685528765625 0.15573586458333333 0.0664161375 0.1596046270833333 0.06431069375000001 0.17782159583333332 0.0627039859375 0.18476753541666666 0.059997290625 0.18708350833333334 0.059542795312499994 0.1888938479166667 0.05640555625 0.192105525 0.0555285046875 0.19450668958333334 0.0528537484375 0.19560315 0.0515701078125 0.19798538125 0.0514343640625 0.2031683125 0.0533954359375 0.20600687083333333 0.055268671874999994 0.21219908958333333 0.058612870312499996 0.21662830208333334 0.061403085937500004 0.2188949666666667 0.0627383046875 0.22231488541666666 0.064926625 0.22424827708333334 0.06815105 0.23325066041666667 0.071307928125 0.23706064791666667 0.0731136140625 0.23806047083333332 0.07718746875 0.23794490416666667 0.080113428125 0.23502863958333334 0.0863000671875 0.23195894583333335 0.087998278125 0.22929076666666667 0.09006315468750001 0.22816591041666667 0.0907369140625 0.22575528125 0.092207878125 0.22399226875 0.09069331875 0.21964825000000002 0.09036658125 0.21658053541666666 0.086990440625 0.21337083958333333 0.0842481359375 0.20927490416666666 0.08930285 0.20279475624999999 0.08943859374999999 0.19761182708333333 0.08650097968750001 0.1932015479166667 0.0826863125 0.19119243541666667 0.08177365 0.18718168958333334 0.0853573984375 0.18246455208333331 0.0876335515625 0.18104428125000002 0.0882993265625 0.17893853125 0.0910219921875 0.1760128 0.09132908906250001 0.17205884999999999 0.089985884375 0.16894380833333333 0.08720365468749999 0.16637226458333335 0.0866416828125 0.1645146 0.0793114625 0.15684729583333334 0.0736352140625 0.1559725041666667
0 0.6127915875000001 0.22686368124999998 0.6128315125 0.22533928958333332 0.61118919375 0.22587332083333334 0.6127915875000001 0.22686368124999998
0 0.6033043421875 0.23161119375 0.60477530625 0.22984818333333334 0.6048551546875001 0.2267994 0.6046838015625 0.22557042291666668 0.6020729265625 0.22422785625000002 0.6018174078125 0.23398396041666666 0.6032644171875 0.23313558541666665 0.6033043421875 0.23161119375
0 0.6418707390625 0.12687462916666667 0.6419505890625 0.12382584791666668 0.6453390296875 0.11879436666666666 0.645442834375 0.11483095 0.6431709953125 0.10831492083333334 0.6424935640625 0.10309412916666667 0.6392212296875 0.09592101666666666 0.639121740625 0.09194813333333333 0.6366386234375 0.08572751666666667 0.6359611921874999 0.08050672291666668 0.6313732765625 0.07693535624999999 0.6271200828125 0.07612682083333334 0.6126899156250001 0.08308618958333333 0.6105451921875 0.08725982916666666 0.610473328125 0.09000373333333332 0.6089384843750001 0.09420576875 0.6087308765625 0.10213260208333333 0.608105025 0.10271396249999999 0.607442275 0.12801885625 0.6071591328125 0.13105817291666666 0.6065332828125001 0.13163953125 0.6063496296875 0.13865173125 0.6048583796875 0.14896079791666667 0.604013265625 0.15014244791666667 0.60220261875 0.17264664583333333 0.6020509046875 0.17843933125 0.6030231328125 0.18794734791666665 0.606367334375 0.19237655833333334 0.6108477765625 0.19227992291666668 0.6137737343749999 0.18936365624999998 0.6138855234375 0.1850953625 0.61527296875 0.17874971250000002 0.6175890453124999 0.17580505208333333 0.61921539375 0.17588077708333336 0.61939473125 0.17680487708333334 0.6214276671875 0.17689953333333333 0.6262268609375 0.1801754875 0.6279766546875 0.18330946041666665 0.6299696640625 0.18492850833333332 0.6316635609375 0.190196625 0.6340152484375 0.19366387499999999 0.6378458859375 0.19506323333333334 0.6400900984375 0.19486247499999998 0.64309590625 0.18889742916666666 0.64313583125 0.1873730375 0.6473374453125 0.18237941666666665 0.6475966343749999 0.18025473541666667 0.6482144984375 0.17997825416666666 0.6498691171875 0.17120304374999998 0.6511527578125 0.1688208125 0.651496109375 0.15571104791666668 0.6491407515625001 0.14461237916666667 0.6458684156250001 0.13743926666666667 0.6457290015625 0.134990775 0.6431740203125 0.1315140625 0.6418707390625 0.12687462916666667
0 0.5840298484375 0.07381524791666667 0.5818016046875 0.07340624791666667 0.5794339453124999 0.07054875625 0.5656499125 0.06838070833333335 0.5600614984375001 0.06415225625 0.5537594015625 0.063858825 0.5514992171875 0.0646693375 0.546711678125 0.06871992291666666 0.5447782328125 0.07259815208333334 0.538463834375 0.08054589583333334 0.5286535234375 0.08985711874999999 0.527019190625 0.09008627291666667 0.526939340625 0.09313505625 0.5253805421875 0.098251725 0.5230564796875 0.10150126666666666 0.515976815625 0.10758187916666667 0.5144339875 0.11208879375 0.513190271875 0.11294663541666666 0.5121019390625 0.1156432125 0.5122769640625 0.12450361041666666 0.51283095 0.12666615625 0.5140187703125 0.1279424625 0.51530608125 0.13319165 0.5142054500000001 0.14412940416666667 0.513491765625 0.148064425 0.5119808765625 0.151351825 0.5120803656249999 0.1553247083333333 0.5111633890625 0.15925026458333333 0.51142193125 0.17269330208333333 0.5098268781249999 0.18696578541666667 0.50946755625 0.20068530625 0.5100295265625 0.20254297291666665 0.5114126578125 0.20413362083333333 0.5217965953125 0.2040066083333333 0.526747503125 0.20148987708333335 0.53363185625 0.19509492083333332 0.541209609375 0.19331099791666664 0.5496963578125 0.1879064 0.5507687203125 0.18581957916666667 0.554890484375 0.18387474375 0.55760085 0.18919018958333333 0.553749928125 0.19633688749999997 0.5527211609375 0.20453073958333334 0.550747790625 0.20993335625 0.5504842890625 0.21999433750000003 0.5528077046875 0.23231251875 0.5541668796875 0.23481780416666667 0.5618760640625 0.23578725 0.563641825 0.23831146666666667 0.5645465046875 0.24262708958333334 0.56646765 0.24699003958333332 0.5672728390625 0.24733278125 0.568787396875 0.2516768020833334 0.5720161375 0.2527428854166667 0.573463146875 0.2518945083333333 0.5803831109375001 0.25191145833333334 0.5817865265625 0.2449560541666667 0.58181975625 0.21260109791666668 0.5814930171875 0.20953338541666666 0.5808911234374999 0.20920011041666667 0.58087946875 0.20187356875 0.5770850859375 0.19131839583333335 0.577188890625 0.18735498125 0.57865186875 0.18589684791666666 0.5811073609374999 0.18540067708333333 0.5844718453125 0.18128383125 0.5855921171875 0.17736774166666666 0.5863181015625 0.16519154374999998 0.5892643453125 0.15372922291666666 0.5893601640624999 0.15007068333333334 0.5899780296875 0.14979420416666667 0.5919759984375 0.12790923125 0.5929967828125 0.12002025833333334 0.593614646875 0.11974377708333334 0.5938541953125 0.11059743125 0.5932523 0.11026415416666667 0.5931448265625 0.10659614999999999 0.5924194859374999 0.10320462916666666 0.5887405625000001 0.09601258333333333 0.5886091328124999 0.09325921458333333 0.58421285625 0.08237076874999999 0.5840298484375 0.07381524791666667
0 0.7190020484375 0.04957469166666666 0.727045953125 0.05330697291666667 0.7372026453125 0.05408512916666666 0.7427794015625 0.0509870375 0.7470289250000001 0.04416415 0.7481491984375 0.04024806041666666 0.7508558921875 0.03793208541666667 0.753000615625 0.03375844791666667 0.7549064390625 0.023163435416666666 0.755209865625 0.011578060416666668 0.7210380765625 0.009986987499999999 0.7208133390625 0.011502775 0.7182700125 0.015352604166666667 0.7162051390624999 0.0164774625 0.7128486390625 0.020289429166666664 0.7124021265625 0.02179488958333333 0.712657 0.02760650625 0.7138208671874999 0.029797447916666667 0.7149048828125 0.03503717083333333 0.7154625390625 0.04483113541666666 0.7190020484375 0.04957469166666666
0 0.9318135375000001 0.6592996875 0.9309764093749999 0.6601764583333334 0.9315623343749999 0.6611194916666666 0.9324473734375 0.65841345 0.9318454765625 0.658080175 0.9317140484375 0.6553268041666667 0.9310961828125001 0.6556032854166667 0.9316741234375 0.6568511958333333 0.9310562578124999 0.6571276770833333 0.931016334375 0.6586520687499999 0.9318135375000001 0.6592996875
0 0.9689966078125 0.6540102187500001 0.9689407140625 0.6561443666666666 0.9667720328125 0.6612326416666666 0.9664968765624999 0.6639670791666668 0.9642882734375 0.6705797437500001 0.9649976421875 0.6745810250000001 0.9691550156250001 0.6790480958333334 0.9729696828125001 0.6810572104166667 0.9745321515625 0.6835719604166666 0.9777369374999999 0.6855526791666667 0.9853380015625 0.6984218416666667 0.9887221281249999 0.7013266625 0.9928279218749999 0.69999158125 0.99515996875 0.6964371625 0.9968056656250001 0.6336017625 0.9961790171875 0.6342136083333333 0.9872341015625 0.633797125 0.9805733249999999 0.6316554916666667 0.98019069375 0.630721925 0.9773046609374999 0.6321138000000001 0.975207846875 0.6344581687499999 0.974258928125 0.6396032374999999 0.97122118125 0.6467877979166666 0.9696224578124999 0.6534288583333333 0.9689966078125 0.6540102187500001
0 0.8779738921875 0.04934533125 0.876746146875 0.04959341666666666 0.872983059375 0.053386452083333334 0.870324275 0.05387315833333333 0.8676095937499999 0.05649401041666667 0.8575204546874999 0.06090825 0.85460248125 0.06351963541666666 0.8526770203125 0.06709298333333333 0.851449275 0.06734106875 0.8497510625 0.07000924791666667 0.8466537484375 0.07169653333333333 0.8442977468749999 0.0761655875 0.8403633062500001 0.07872964375 0.8360861578125001 0.07883574583333333 0.8337780640625001 0.08147553125 0.8313102734375001 0.09021287916666668 0.8250517703125 0.09602647708333333 0.822923015625 0.09959035833333334 0.8220140218750001 0.10321103541666667 0.82139615625 0.10348751666666667 0.8210730890625 0.108051225 0.8218143984375 0.11083298958333333 0.8231975296874999 0.11242363958333333 0.8262229765625 0.11348025833333333 0.8316756468750001 0.12289164166666668 0.8332940093750001 0.12327224375 0.837256075 0.12742497083333335 0.8473808249999999 0.12942263958333333 0.8535791187499999 0.13367948958333334 0.8554407015625 0.13254516666666666 0.8563017828125 0.13075375833333333 0.8614559859375 0.12824649583333333 0.86166359375 0.12031966041666667 0.8627120015624999 0.11914747499999999 0.8664112093749999 0.11779346249999999 0.8687033328125 0.11576343750000001 0.8750453546875001 0.11453247708333333 0.882742884375 0.10817538333333333 0.8911657500000001 0.10520981041666667 0.8924653609375 0.10221782083333333 0.89583783125 0.09779609791666667 0.897145425 0.09449923125 0.898819684375 0.09274568541666667 0.9013114296875001 0.08309370208333333 0.9019292968749999 0.08281722083333333 0.9036957031249999 0.06977371666666667 0.9039432359375 0.06032249166666667 0.903437159375 0.05633067708333333 0.9041508437499999 0.05239565625 0.9060683203125001 0.0491271875 0.906479221875 0.041209818749999995 0.9043068734374999 0.038666672916666665 0.9008508828125 0.038505758333333334 0.889793184375 0.041043399999999994 0.8811270984374999 0.04552389791666667 0.8779738921875 0.04934533125
0 1 0.08817932083333332 0.996664065625 0.08722816875 0.9924667656249999 0.08428548958333333 0.9896366265625 0.08354321458333333 0.98668304375 0.07974269166666666 0.9832430234375 0.07897202291666666 0.9811062859374999 0.08284078125000001 0.98037965625 0.11058470208333333 0.9773738484375001 0.11654974791666667 0.9773019843749999 0.11929365208333334 0.9806541687499999 0.12341798333333333 0.9826827890625 0.13144893958333334 0.9826029406250001 0.1344977208333333 0.983204834375 0.13483099583333333 0.9835149578125 0.15407618541666668 0.9826219343749999 0.15708710625 0.9824622359375 0.16318467083333335 0.9835499234375 0.17605581458333336 0.9842912328125 0.17883758125 0.9862602875 0.1813712625 0.9973056859374999 0.18707479791666665 1 0.19113797500000002 1 0.08817932083333332
0 0.027217195312499998 0.23409198541666668 0.029003240625 0.22807014583333332 0.03091273125 0.22510655416666667 0.032463545312499995 0.2202947625 0.034763653125 0.21795985625 0.036529415625 0.2204840729166667 0.0372707234375 0.22326583958333332 0.0378793140625 0.2544296770833333 0.041267110937500004 0.26496591666666663 0.04226329375 0.27355929999999995 0.0436464234375 0.27514995000000003 0.0457192828125 0.27372021458333334 0.0467996296875 0.27132851666666663 0.0486771796875 0.2695844375 0.05973552343750001 0.25147907291666666 0.059373175 0.24199945208333334 0.058085865625 0.2367502625 0.057727832812500005 0.21933434375 0.0564085828125 0.21530466666666664 0.0530803515625 0.21026570208333334 0.047583443749999996 0.21031501041666667 0.047495609375 0.21366867083333335 0.046008675 0.2160414375 0.041731525000000005 0.21614753958333335 0.0389413109375 0.21388087291666666 0.0384751609375 0.20836466874999998 0.0335961171875 0.20813749583333332 0.03366798125 0.2053935895833333 0.0357089015625 0.20518336666666667 0.0359840578125 0.20244893125000002 0.0316713 0.19614312291666666 0.0316952546875 0.19522848750000002 0.029108334375 0.19297128749999998 0.0265097578125 0.18338754583333333 0.025720540625 0.18243505000000002 0.025776434375 0.18030090000000001 0.023261378125000003 0.17529979583333333 0.0207789046875 0.15351146041666666 0.019702873437499997 0.14796686041666665 0.0189136546875 0.14701436041666666 0.0182442078125 0.1414886916666667 0.0159484171875 0.13588729583333334 0.0156296625 0.13251470416666666 0.011691553125 0.12744734166666666 0.0094582515625 0.12723143333333334 0.006932084375 0.22368473958333332 0.0115838796875 0.22481708333333333 0.0127717 0.22609338958333333 0.0133416578125 0.22764617708333335 0.01315001875 0.2349632541666667 0.0118344390625 0.238565 0.013990817187499999 0.24171790416666666 0.016422354687499998 0.24213636666666666 0.023422167187500002 0.23910453541666668 0.0249250703125 0.23612201458333332 0.027217195312499998 0.23409198541666668
0 0.9127977843749999 0.41390903333333334 0.9075600640625 0.4118336604166667 0.902768853125 0.408252825 0.9004171671875 0.4047855791666667 0.900481046875 0.4023465520833333 0.9017567 0.40026920000000005 0.899803615625 0.39712576041666664 0.8980138999999999 0.39551618125 0.8941593078125001 0.39503145624999997 0.892572884375 0.3934313395833334 0.8918635140625 0.38943006041666667 0.8897390749999999 0.38505764583333335 0.8869887859375 0.3812665895833333 0.883604659375 0.37836177083333333 0.879761725 0.38520358958333334 0.877884171875 0.38694766875000003 0.874184965625 0.38830168125 0.870381953125 0.39361910833333336 0.868723665625 0.3947628958333333 0.8520658984375 0.38574554375 0.8518865609375 0.38482144375 0.8484864640625001 0.38252638125 0.842427584375 0.380718025 0.8400439578125001 0.37847028958333334 0.8284801828124999 0.37701611875 0.82181940625 0.37487448749999996 0.8182675984375001 0.3783721104166667 0.815465084375 0.38434662291666666 0.81318893125 0.38576689166666667 0.8116141625 0.3914933208333334 0.8113346890625 0.40216405833333335 0.810708840625 0.4027454166666667 0.8105890656250001 0.4073185916666667 0.8111829765625 0.40795674374999996 0.8107917140625001 0.4228957770833333 0.8083957875 0.42888922083333336 0.8082919828125 0.43285263749999997 0.809790571875 0.4378064145833333 0.8107707859375 0.44700955416666666 0.810009190625 0.4527738416666667 0.8093833406250001 0.4533552041666667 0.810060771875 0.45857599583333336 0.8091437921875 0.46250155 0.811072921875 0.4665596229166667 0.8155214265625 0.46768249791666666 0.8231470890624999 0.4640693083333333 0.8248373156250001 0.46170600625 0.8268862218749999 0.4611909041666667 0.829014975 0.4576270229166666 0.8323395359375001 0.4550345666666667 0.8327860484375 0.4535291083333333 0.8380956328125 0.452860575 0.8396980265625 0.45385093750000005 0.84199381875 0.45945233124999996 0.8400444046875 0.4639403125 0.839980525 0.4663793395833334 0.836129603125 0.47352603541666666 0.836089678125 0.47505042708333334 0.8280531124999999 0.4865809875 0.824552884375 0.4958807645833333 0.8253181484375001 0.49774789583333334 0.8273191437499999 0.49906206458333335 0.8340437984375001 0.4987646708333333 0.8372645546875 0.5001356333333333 0.839871115625 0.5094144979166667 0.8431477671875 0.5086513125 0.8458943859374999 0.5048109458333333 0.8558201578125001 0.49886285 0.8560474062500001 0.49795768125 0.8624772625 0.4933730625 0.8668023203124999 0.4914376916666667 0.8715542515625 0.48097519583333337 0.872890115625 0.4688273958333333 0.8737512000000001 0.4670359875 0.8776057921874999 0.46752071041666665 0.8783710546875 0.46938784166666664 0.8784625593750001 0.47366560416666664 0.877577521875 0.4763716458333333 0.8774817031250001 0.48003018333333336 0.8801361734375 0.4874797791666667 0.8803787453125 0.5015325729166666 0.8846399234375 0.5020362291666667 0.8875339421874999 0.5003394770833334 0.8950318484374999 0.5016043375 0.8972840453125001 0.5010987020833333 0.903697934375 0.49712383958333334 0.905248746875 0.49231204791666666 0.9062891687500001 0.4914447375 0.9100080171875 0.49711239375 0.91003995625 0.4958928791666667 0.9138589390625 0.4899656958333333 0.9160276171874999 0.48487742083333335 0.91997004375 0.48200848541666663 0.92567823125 0.48166376250000004 0.9277830296875 0.47901451458333333 0.9251046046875 0.4724795541666667 0.921174478125 0.4671073145833333 0.9212223875 0.46527804375 0.9181809703124999 0.46483118333333334 0.91642319375 0.46200208958333333 0.9119826765625 0.46057433333333336 0.90819995 0.45734570416666664 0.904971209375 0.4562796229166667 0.90258758125 0.4540318875 0.9020335953125 0.45186934375000004 0.9043257171875 0.4498393166666667 0.9071957812500001 0.44905720000000005 0.9074230296874999 0.44815203125 0.9224827187500001 0.448242725 0.9257753390625 0.4468697833333334 0.9294149828125 0.44001849791666664 0.9319183828125001 0.43769305833333333 0.9336565218749999 0.4335004895833333 0.9375670062499999 0.43185106458333333 0.93760693125 0.430326675 0.9390938656250001 0.42795390833333335 0.938986390625 0.4242859041666666 0.9330908796875 0.4240114020833333 0.9246164328124999 0.4211748229166667 0.9191275078125001 0.4209192541666667 0.9141569593750001 0.41641431875 0.9127977843749999 0.41390903333333334
0 0.826602384375 0.19225242708333334 0.8262596765625 0.18979447083333334 0.8257892109375 0.19221456458333333 0.826602384375 0.19225242708333334
0 0.8224290390625001 0.1883951125 0.8226083796875001 0.1893192125 0.8254624734375 0.18914685416666668 0.8246732531250001 0.1881943541666667 0.8224290390625001 0.1883951125
0 0.83757289375 0.177500725 0.8375489390625 0.17841536041666667 0.8406063250000001 0.17825246458333333 0.8404190015624999 0.17763324166666666 0.83757289375 0.177500725
0 0.8282073562500001 0.13097190416666668 0.8275815062499999 0.13155326458333333 0.8268518531250001 0.13609804166666667 0.8240653078125 0.14146279583333332 0.822247321875 0.14870414791666667 0.82011058125 0.15257291041666668 0.819803484375 0.15652686249999997 0.8191776328125 0.15710822083333334 0.8189700249999999 0.16503505624999998 0.8172478578125 0.16861787083333332 0.8156055406249999 0.16915190208333333 0.8155496453125 0.17128605 0.8167374671875001 0.17256235625 0.8156890593749999 0.17373454166666666 0.818623003125 0.17051339791666667 0.8230794906250001 0.17133139791666666 0.8243311906249999 0.17016867708333333 0.8231832953125 0.16736797916666665 0.8232391890624999 0.16523383333333333 0.8273609531250001 0.16328899583333334 0.8297089718749999 0.15912482083333332 0.8299601734375001 0.15730501875 0.8312278453124999 0.15553254166666666 0.8317388812500001 0.13602033541666667 0.8311369859375001 0.13568706041666667 0.8311928796875 0.13355291249999998 0.8298097500000001 0.1319622625 0.8285899890625 0.13190546875 0.8282073562500001 0.13097190416666668
0 0.7962270421875 0.11635711666666666 0.7927986781249999 0.12291298958333334 0.7918337921874999 0.12866781458333335 0.7847301734375 0.1356630625 0.7814731640625 0.1434479125 0.77935239375 0.14670691666666666 0.7760118640625 0.14990912916666668 0.7734685375 0.15375895833333333 0.77079378125 0.15485541875 0.7693148328125 0.15692331041666666 0.7666320921875001 0.15832464791666664 0.7651371734375 0.16100229375000003 0.7630722999999999 0.16212715 0.759496534375 0.16653940833333333 0.7573118875 0.17223744166666669 0.7560399015625 0.18194621666666666 0.7554140515625 0.182527575 0.7552623374999999 0.1883202625 0.755856246875 0.18895841458333335 0.7570078140625001 0.19939053541666668 0.7576097109375 0.19972380833333334 0.75566029375 0.20421179374999998 0.7557438140625 0.20879443125 0.7594946015625 0.2132425708333333 0.7632932984374999 0.21586144166666665 0.7718475953125 0.21564923958333332 0.773497896875 0.21481033125 0.7758219609375 0.21156078958333333 0.7778628796875 0.21135056875 0.78018694375 0.20810102708333333 0.786030875 0.2025733770833333 0.793445259375 0.19925559791666667 0.793704446875 0.19713091666666666 0.7973041671875001 0.19180402291666668 0.799544709375 0.18397184583333334 0.8008043953125 0.18250424583333333 0.803579284375 0.16981294583333334 0.8048389703125001 0.16834535 0.8066489718750001 0.16140887499999998 0.8100773359375 0.15485300208333333 0.810400403125 0.15028929583333334 0.8110182703125 0.15001281458333335 0.811293428125 0.147278375 0.8132268734375 0.14340014791666666 0.81420773125 0.13703556875 0.8157745140625 0.13161401875 0.8163923796875 0.13133753541666668 0.8177718390625 0.12529676458333333 0.8180273578125 0.1155406625 0.8174653859375001 0.11368299583333334 0.8154484203125 0.11297858333333334 0.80529173125 0.11220042916666667 0.8010065984375 0.11261140833333334 0.7962270421875 0.11635711666666666
0 0.745718553125 0.21076964583333335 0.7463603734375 0.20957852916666667 0.745571153125 0.20862603333333332 0.7441401140624999 0.20886465 0.7437015875 0.21006523125 0.7440922046875 0.21069392083333333 0.7447499953125 0.20889304791666669 0.745718553125 0.21076964583333335
0 0.7580041953125 0.10694617083333333 0.7575656687500001 0.10814675416666668 0.7540458015625 0.11042486458333332 0.74878779375 0.11689554791666666 0.7444547515625 0.11913579791666667 0.7442275031250001 0.12004096666666667 0.7392170296875 0.11706042291666667 0.7368653421875 0.113593175 0.733002765625 0.11341333125 0.7319144343749999 0.11610990624999999 0.7311448546875 0.122179075 0.7288207921875001 0.12542861458333332 0.7271502046875 0.13481357916666664 0.7252486984375001 0.13747229375 0.7234945921875 0.14227462083333334 0.7232194328125 0.14500906041666667 0.7204488578125 0.14976406041666665 0.720408934375 0.15128845 0.7215648156250001 0.15378426875 0.7247216937500001 0.15759425624999998 0.7257418312499999 0.16527300625 0.7277188703124999 0.16750180833333334 0.7310950093749999 0.17071150625 0.735005496875 0.16906208125 0.7388600890625 0.16954680416666665 0.7410244515625 0.17239483125000002 0.7402259578125 0.20288265416666668 0.7419917203125 0.20540686875 0.745651003125 0.20557725000000002 0.7477238640625 0.20414751250000002 0.7507296718750001 0.19818246666666667 0.7519457625 0.19060783958333335 0.7521896234375001 0.17352519166666666 0.753692528125 0.17054266875 0.7543024093749999 0.17057106666666666 0.7565349671875 0.16304376458333333 0.7586317828125 0.16069939583333334 0.7591102328125 0.15797442083333332 0.7603779046875 0.15620194583333333 0.7604657390625 0.15284828749999999 0.7598638421875 0.15251501041666668 0.7589591640625 0.1481993875 0.7592902171875 0.14333080208333332 0.7601832390625 0.14031988125 0.761442925 0.13885228333333333 0.7665412328125 0.13847916666666665 0.7686779718750001 0.13461040625 0.7689814 0.12302503125 0.7676461796875 0.1196051125 0.767554675 0.11532735416666666 0.7664387171875 0.11130714166666666 0.7629071953125 0.10625871041666667 0.7580041953125 0.10694617083333333
0 0.7226237875 0.090036325 0.7191837671875 0.08926565208333333 0.718689346875 0.09260038125 0.7190799625000001 0.09322906874999999 0.7233810671875001 0.09220833333333332 0.7226237875 0.090036325
0 0.7037930265625 0.09404354583333333 0.6973594984375 0.09099674166666666 0.6897657765625 0.09339042083333333 0.6876689609375 0.09573479166666667 0.683953784375 0.09769855833333334 0.68329599375 0.09949943124999999 0.6810038703125 0.10152945833333332 0.6793652234375 0.10969491041666667 0.675749534375 0.11563156041666667 0.674174765625 0.1213579875 0.6746329328125 0.12717907083333332 0.6733013828125001 0.13139057291666667 0.673863353125 0.13324823958333334 0.6708096359375 0.14104255625 0.6672658124999999 0.14423530208333332 0.6671859640625 0.14728408541666665 0.6665441421875 0.1484752 0.6611626937499999 0.15188763541666667 0.658603396875 0.15634722083333333 0.65514740625 0.15618630625 0.654612415625 0.17661314791666666 0.6580444515625 0.17768869791666667 0.6599895515624999 0.18113701458333334 0.6628233609375 0.18951070833333333 0.672130621875 0.19940681458333334 0.676993696875 0.20024374583333332 0.67906655625 0.19881400833333332 0.681267175 0.19250622083333332 0.681394934375 0.18762816875 0.683488078125 0.17765237916666668 0.6845205156249999 0.17708995 0.68709578125 0.17202060624999999 0.69628024375 0.16329074375000002 0.697173265625 0.16027982291666668 0.7005058125 0.15738249166666665 0.700765 0.15525780833333333 0.7026505359375 0.15320885 0.7037628234375 0.14959763958333333 0.7043806874999999 0.14932115833333331 0.7046558453125 0.14658672083333332 0.7059634406249999 0.14328985208333334 0.7068767499999999 0.13173287708333334 0.7097947234374999 0.12912148958333333 0.7100539109375 0.12699680833333335 0.712848440625 0.121327175 0.7148777046875 0.11379040833333334 0.714371628125 0.10979859583333333 0.713403071875 0.10792199791666666 0.7125143625 0.10299661875 0.7093654703125 0.09888175416666667 0.7053554953125001 0.09655829583333334 0.7037930265625 0.09404354583333333
0 0.9645270781249999 0.10191008750000001 0.9625420531250001 0.09998616458333333 0.9618087281250001 0.09689951875 0.9592457609375 0.09372768541666666 0.9573884953125 0.08692570833333332 0.9513099765625 0.07809568541666666 0.936051309375 0.07005922708333333 0.9321807468750001 0.07018426041666667 0.9315868359374999 0.06954610625 0.9316347453124999 0.06771683749999999 0.9304549109375 0.06613565208333333 0.928633253125 0.06574558333333333 0.926281565625 0.0622783375 0.9228655 0.060593031250000005 0.9109670046874999 0.056376025 0.9070884578125 0.05680593541666667 0.906725465625 0.06289403541666666 0.909403890625 0.06942899583333334 0.9105996968750001 0.07040042291666666 0.9124968875 0.07567801041666668 0.9124170375 0.07872679166666667 0.9130109484375 0.07936494583333334 0.9123850984375 0.07994630416666666 0.91127648125 0.09118893541666666 0.909936946875 0.09570531666666666 0.908481953125 0.09685857083333334 0.9061179656249999 0.1016325 0.9040451062500001 0.1030622375 0.9033713453125 0.10547286666666666 0.9010712375000001 0.10780777083333333 0.8997556578125 0.11140951666666667 0.8967817890625 0.11615505 0.894525275 0.12459698333333334 0.8936801624999999 0.12577863541666667 0.892089425 0.13211481875 0.8918818171874999 0.14004165208333333 0.891255965625 0.1406230125 0.8908849875 0.1470159895833333 0.8902591390625 0.14759735 0.8901313796875 0.15247540208333332 0.8907252890624999 0.15311355416666667 0.8908088093750001 0.15769619375000002 0.8914027203125 0.15833434583333333 0.8905692609375 0.16684253958333334 0.8916932031249999 0.17055787083333335 0.8932876109375 0.17185310833333334 0.9084148484375 0.17713619791666665 0.9198232390625 0.17675163541666666 0.9270779250000001 0.17953142083333334 0.9332006859374999 0.17890075416666665 0.937330434375 0.1766510375 0.9388013984375 0.17488802708333334 0.9397103921875001 0.17126734999999998 0.9416198828125 0.16830375833333333 0.9416757765625 0.1661696125 0.9425049218750001 0.16559771666666664 0.9427641093749999 0.16347303541666666 0.9476873921875001 0.15423951875 0.9479944921874999 0.15028556666666668 0.9490269281250001 0.14972313750000002 0.9499199515625 0.14671221874999998 0.9524552937499999 0.14316726666666665 0.9551380328124999 0.14176592708333333 0.9575775546875 0.1418795125 0.9606030015625 0.14293613125 0.9613842375000001 0.14419350625000002 0.96559750625 0.14652643125 0.9731273500000001 0.14657177916666667 0.9781022140625 0.1431404125 0.979369884375 0.14136793541666667 0.9804662000000001 0.13836648333333335 0.9804465609375 0.13134481875 0.9793465734375 0.12671485 0.9740492875 0.11914220208333333 0.972518759375 0.11540793958333334 0.9666435328125 0.10658738333333333 0.9645270781249999 0.10191008750000001
0 1 0.43309998125 0.997610453125 0.4318995 0.9952427953124999 0.42904200833333334 0.992038009375 0.42706128958333334 0.9903201578124999 0.42270780625 0.988303190625 0.42200339166666667 0.9847913078125 0.42397662708333334 0.9837029749999999 0.4266732020833333 0.979720625 0.43106653125 0.9790149250000001 0.4346966729166667 0.978618703125 0.473139725 0.979212615625 0.4737778791666667 0.9791088109375 0.4777412958333333 0.97849094375 0.4780177770833333 0.9783791546874999 0.48228607291666664 0.9770555906249999 0.4861926958333333 0.975819859375 0.48674565833333333 0.9750306406249999 0.48579316250000004 0.9748832421875001 0.48364954791666664 0.9715629953124999 0.47830570624999996 0.9702677 0.4733613958333333 0.9708905250000001 0.44958089166666665 0.9681801609375 0.44426544375 0.9598494421874999 0.43594105833333335 0.956230084375 0.4342462875 0.9538544421875 0.431693675 0.94902330625 0.42963723333333337 0.9398751000000001 0.4292112833333333 0.9325602046875 0.4365019416666666 0.929554396875 0.4424669895833333 0.9280994015624999 0.44362024375 0.9274336265625 0.44572599583333333 0.9247109625000001 0.448651725 0.9242644500000001 0.45015718541666666 0.9209638453125001 0.45183500416666666 0.9180299015625 0.45505615 0.9177707140625 0.45718083125 0.9178941578125001 0.46023907708333334 0.9194885656249999 0.4615343145833333 0.9252759578124999 0.47370853333333335 0.9305892140625 0.4806714229166667 0.932183621875 0.4819666604166667 0.9358269359375001 0.4827467979166667 0.9403749265625001 0.4878425583333333 0.94265475 0.49405370833333334 0.9421762984375001 0.4967786791666667 0.9406174999999999 0.5018953520833334 0.9385127000000001 0.5045446 0.935196125 0.5068321770833334 0.92914523125 0.5047189395833334 0.9234609984375 0.5041490291666667 0.9175255625000001 0.5053989166666667 0.9146235578124999 0.5074005479166667 0.9103420953124999 0.5154429479166667 0.9086678359375 0.5171964916666666 0.9064752031250001 0.5231994041666667 0.9056460578125 0.5237712979166667 0.9018786578125001 0.5355006333333333 0.9012607921875 0.5357771145833333 0.9024007031249999 0.5388826916666667 0.9051430078125 0.542978625 0.9036757156249999 0.5523730583333334 0.901231878125 0.5601957687500001 0.9012674875 0.5666076791666667 0.9032285578125 0.5694462375 0.9039698671874999 0.5722280041666666 0.9029969953125001 0.57828770625 0.9028293109375 0.5846901479166667 0.9033593421875 0.5877673291666666 0.9047025468750001 0.59088236875 0.9075087312499999 0.5925392791666667 0.9181758125 0.5893729479166667 0.9210778171875 0.58737131875 0.924964346875 0.5866365291666666 0.9251915953125 0.5857313604166666 0.9335505828124999 0.5852048125 0.936907084375 0.58139284375 0.9399964109375001 0.5800104354166666 0.9414753609375 0.5779425479166667 0.9436600078125 0.57224451875 0.9457648093750001 0.56959526875 0.9490777140625 0.5596762708333334 0.9511665421875 0.5576367791666667 0.952800875 0.557407625 0.9551765187499999 0.5599602375 0.9566910765625 0.5643042583333333 0.9576233796875 0.5753366666666667 0.95610450625 0.5789289458333333 0.9542189703125 0.5809779041666666 0.951165253125 0.5887722208333332 0.9508661406250001 0.59242129375 0.9502402906249999 0.5930026520833334 0.9488448593750001 0.59965318125 0.9484615828124999 0.6142873354166666 0.95088880625 0.6226421 0.9534757265625 0.6248992999999999 0.9538503734375 0.62613774375 0.9576570562500001 0.6284517354166667 0.9620699484375 0.6231627062499999 0.9655978031249999 0.6205797145833334 0.9729998875 0.6255031145833333 0.975969440625 0.6286938812499999 0.9834513749999999 0.6305684979166667 0.9868434859375 0.6331684375 0.9941620500000001 0.6335091979166666 0.996242896875 0.6317745833333334 0.9964940984374999 0.6299547791666666 0.9969154265625001 0.6294108583333333 1 0.5116367020833333 1 0.43309998125
0 0.7536232421875 0.11101569166666667 0.7500394953125 0.11573282916666666 0.7433823890625 0.12122261666666666 0.7396076468749999 0.11768911041666666 0.737459253125 0.11423132708333333 0.7328314125000001 0.11218435208333334 0.73090228125 0.10812627916666666 0.730962490625 0.09805583125 0.7303605953125001 0.09772255833333333 0.73040850625 0.09589328750000001 0.72823615625 0.09335014166666666 0.7263150109375001 0.08898719166666667 0.7228989453125 0.08730188541666667 0.7192396609375 0.08713150416666667 0.7179160984374999 0.09103812916666666 0.717860203125 0.09317227708333334 0.71257025625 0.10086247083333334 0.7096762390625 0.10255922291666668 0.70983960625 0.10409307916666667 0.71179269375 0.10723651666666667 0.715021434375 0.1083026 0.71638859375 0.11050300833333333 0.7144471640625001 0.1146861125 0.714187975 0.11681079375 0.70933655625 0.12330040833333333 0.7089655796875001 0.12969338541666667 0.7083397296875 0.13027474375 0.7078453062500001 0.13360947291666667 0.7067969 0.13478165833333333 0.70666115625 0.13996458958333333 0.7086977609375 0.14769066666666666 0.7085380625 0.15378823125000002 0.707433759375 0.1570945625 0.703232146875 0.16208818125000002 0.69708543125 0.16363348333333333 0.69498861875 0.16597785416666666 0.6898184453125 0.16909487708333334 0.6891686406249999 0.17059087083333332 0.6858440796874999 0.173183325 0.682579084375 0.18127305624999998 0.681394934375 0.18762816875 0.679453503125 0.191811275 0.6793976078124999 0.19394542291666667 0.6781299375 0.1957179 0.6784247359375 0.200005125 0.68447563125 0.20211836249999998 0.6872099515625 0.2065191729166667 0.6844270765625 0.21951535 0.6839922203125 0.22834735416666666 0.6851401171875 0.23114805208333333 0.6861246453125001 0.23241489166666665 0.693630534375 0.23337487291666664 0.70141158125 0.23160041666666667 0.7048516 0.23237108958333333 0.707055890625 0.23369472291666668 0.707235228125 0.23461882291666666 0.7118950093749999 0.23544628541666668 0.715510696875 0.22950963541666666 0.7171174046875 0.22256369583333332 0.718173796875 0.22108663333333334 0.722522809375 0.21823662708333333 0.7271905765625 0.21875921458333333 0.730702459375 0.21678597916666667 0.7320579640625 0.21165984375000002 0.732516775 0.20191320625 0.733134640625 0.20163672500000002 0.73339814375 0.19157574375 0.7328042328125 0.19093759166666666 0.732696759375 0.1872695875 0.7303849953125 0.18227794791666665 0.7301860171875 0.17433218125 0.7310950093749999 0.17071150625 0.7335984125 0.16838606666666667 0.7388840437499999 0.16863217083333334 0.7410563906250001 0.17117531875 0.741884890625 0.18617114375000002 0.7412307703125001 0.1956034375 0.744331753125 0.20154757291666667 0.7457388375 0.20222358958333334 0.7491512328125001 0.19627747291666667 0.7500682109375 0.19235191875 0.750718659375 0.17528820416666668 0.7514243609375 0.17165806041666667 0.7531545125 0.16777036874999998 0.7544062140625 0.16660764791666666 0.7559570265625 0.16179585625 0.7576233 0.16034718958333333 0.758743571875 0.1564311 0.7590666390624999 0.15186739166666668 0.75795068125 0.14784718333333335 0.758760184375 0.14025362291666665 0.761921378125 0.13612731041666667 0.7658079078125 0.13539252083333334 0.76732678125 0.13180024166666668 0.7673550515625001 0.12294930833333333 0.766366853125 0.11405104791666668 0.7624846375 0.10684953541666667 0.7588173703125001 0.10698403333333334 0.7567125703124999 0.10963328333333333 0.7536232421875 0.11101569166666667
0 0.497176903125 0.04046728333333333 0.49616043750000005 0.04041995625000001 0.493489996875 0.033580116666666666 0.49168430937499996 0.03258029166666667 0.49015378125 0.02884602916666667 0.4869889203125 0.025340920833333332 0.48603633124999995 0.02285456666666667 0.48107376874999996 0.018044754166666666 0.47301389374999997 0.014922229166666667 0.4691113921875 0.016266772916666665 0.46786767500000004 0.017124616666666665 0.4663567875 0.020412016666666664 0.46388532656250003 0.02151794375 0.46259370000000005 0.024205054166666667 0.460740103125 0.02503449791666667 0.45861135 0.028598381250000002 0.456741784375 0.030037583333333333 0.454760428125 0.035745079166666666 0.4567135140625 0.03888851666666667 0.46034085625000004 0.04027840833333333 0.46391230625 0.04380245 0.4657259765625 0.044497395833333335 0.466897828125 0.04638346041666667 0.46705321250000004 0.04822219375 0.46923354687499996 0.050460462500000004 0.468543815625 0.053480847916666664 0.4668615734375 0.055539270833333335 0.4667657546875 0.05919781041666667 0.46756295937500003 0.059845429166666665 0.468108959375 0.062312852083333335 0.47351803437499995 0.06561720416666666 0.47287621562500004 0.06680831875 0.46917700625 0.06816233125 0.4636721125 0.06851651666666667 0.4601761984375 0.06987999375000001 0.4599489515625 0.0707851625 0.45485862812500005 0.07085340208333334 0.45344355781249995 0.07048226458333334 0.4532642203125 0.06955816458333333 0.4484011453125 0.06872123541666667 0.44405213281249994 0.07157124166666667 0.4429638015625 0.07426781666666667 0.44108625 0.07601189583333333 0.4409824453125 0.0799753125 0.4435853359375 0.08162275625 0.443764675 0.08254685625 0.44801786874999994 0.08335539166666667 0.4484005015625 0.08428895625 0.46339630937500004 0.086818675 0.4703961234375 0.08378684375 0.47211030468750004 0.08050890833333332 0.47714904843749995 0.07463851875000001 0.48203607656249997 0.07456081249999999 0.48463896718750005 0.07620825625 0.49233218125 0.07778746041666666 0.5001451671875 0.07479349166666666 0.502843878125 0.07278239375000001 0.5083131625 0.0660163 0.510589315625 0.06459602916666667 0.5148664625 0.06448992916666667 0.5191036875 0.06590821875 0.5214713453125001 0.06876570833333333 0.527685609375 0.07241280208333332 0.5282635499999999 0.0736607125 0.5343623546875 0.07394467916666667 0.5345896031249999 0.07303950833333334 0.5423946046875 0.07035041666666667 0.550757909375 0.06188757083333333 0.551228375 0.059467475000000006 0.5537956562499999 0.05470301041666667 0.5541107390625 0.05044418333333334 0.5547286031249999 0.0501677 0.5540910984375 0.04342251666666667 0.5501929125 0.036830764583333335 0.5502248515625 0.03561125 0.5523296515625 0.03296200208333334 0.5515803578125 0.03048511458333333 0.549806609375 0.028265777083333332 0.54989444375 0.024912114583333332 0.55600555 0.016954904166666666 0.5584849953125001 0.0155441 0.561247584375 0.011093979166666665 0.5649467921875 0.009739966666666666 0.565174040625 0.008834797916666666 0.5676534875 0.00742399375 0.5679126765625 0.0052993125 0.5685305406250001 0.005022829166666667 0.5683617421875 0.0028782208333333332 0.5406109921875 0.0015861166666666668 0.5384111640625 0.0048414416666666665 0.529079303125 0.011427691666666667 0.5284374828125 0.012618808333333334 0.5183882671875 0.01550865625 0.511089340625 0.022189560416666664 0.5084066015625 0.0235909 0.50042593125 0.0329873125 0.5001827125 0.034502237500000005 0.4982971765625 0.03655119375 0.497176903125 0.04046728333333333
0 0.91510240625 0.3026000833333333 0.9073293437500001 0.3040696625 0.903135715625 0.30875840416666667 0.9021947812500001 0.31359859375 0.8991809890625 0.31986851666666666 0.8989973359375 0.3268807166666667 0.9007311578125 0.33062444583333334 0.9006273531250001 0.3345878625 0.8986619687499999 0.33968560208333337 0.8986060734375 0.34181974791666664 0.8956401906250001 0.34626040625 0.8934395734375 0.35256819375 0.8874519125000001 0.3635836520833333 0.8874119874999999 0.36510804375 0.8852433078124999 0.3701963166666667 0.8851155484375001 0.37507436875 0.8857094609375 0.3757125208333333 0.8858488734375 0.3781610125 0.8888503671875 0.3801322666666667 0.89056821875 0.38448574999999996 0.8923579359374999 0.38609533125 0.894490359375 0.39016287083333334 0.898703628125 0.39249579375 0.90201221875 0.3905130958333333 0.9039376812500001 0.38693974791666663 0.9070829015624999 0.3834231916666667 0.9077486765625 0.3813174416666667 0.9100408 0.37928741458333337 0.913289825 0.37180744374999997 0.9144782921875001 0.35751602708333335 0.91509615625 0.35723954583333334 0.9151600359375 0.3548005208333333 0.91646763125 0.35150365208333334 0.917735303125 0.34973117708333334 0.9251337171875 0.3470231541666667 0.9266605765625 0.34312599583333336 0.927043853125 0.32849183958333333 0.9264542562500001 0.31991738750000004 0.9267374015625001 0.31687807291666664 0.9282403046875001 0.31389554791666663 0.9274670546875001 0.31233329583333336 0.9260759406249999 0.311047525 0.9219941 0.31146796875 0.9193752390625001 0.31043028333333333 0.91650150625 0.30358097708333337 0.91510240625 0.3026000833333333
0 0.8392745765624999 0.2835017125 0.8405618875 0.28875090208333337 0.8423356343749999 0.29097023958333335 0.8426107921874999 0.2882358 0.8432286578125 0.2879593166666667 0.8424873484375001 0.28517755208333334 0.8426390609375 0.27938486458333334 0.8398807875 0.27589868749999996 0.837034678125 0.27576616875 0.8335387640624999 0.2771296458333333 0.8334349609375 0.28109306458333333 0.8392745765624999 0.2835017125
0 0.9203181078125 0.25888693125 0.91991950625 0.2585631208333333 0.9197002421875 0.2591634125 0.9203181078125 0.25888693125
0 0.47072851406250005 0.33532833333333334 0.47007072499999997 0.3371292041666667 0.47149377968749995 0.3371954645833333 0.47152571875 0.33597594999999997 0.47072851406250005 0.33532833333333334
0 0.42500384531249996 0.13051333541666665 0.4256217109375 0.13023685416666667 0.4257015609375 0.12718807291666667 0.42512361875 0.1259401625 0.42500384531249996 0.13051333541666665
0 0.41765398437499995 0.11582436875 0.42042822968750004 0.11870079166666667 0.42152022968749997 0.12363563541666665 0.42297522499999995 0.12248238125 0.42333454687499994 0.10876286041666666 0.4255867453125 0.108257225 0.4252041125 0.10732365833333332 0.4206757625 0.10924956458333333 0.41782166875 0.10942192499999999 0.41696856875000005 0.11090845416666667 0.4168967046875 0.11365235833333333 0.41765398437499995 0.11582436875
0 0.46603049687500003 0.10281432708333332 0.4613823703125 0.10931340625000001 0.4603775578125 0.11659262083333334 0.4571924125 0.12163356875 0.45694919375 0.12314849375 0.4490723265625 0.12858148958333335 0.447342175 0.13246918124999998 0.4443922609375 0.13630008124999998 0.44414904374999997 0.13781500624999998 0.44099583750000004 0.14163643958333333 0.440094828125 0.1449522375 0.4375914265625 0.14727767708333334 0.436251890625 0.15179405625 0.4333099625 0.1553200770833333 0.4302605609375 0.15517809375 0.42795678437499995 0.14988157708333333 0.42614311093749996 0.14918663125 0.42596377343749997 0.14826253333333334 0.42250778437500003 0.14810161875 0.42228053593750003 0.1490067875 0.415523940625 0.15052369166666668 0.409476715625 0.15604187916666667 0.40797381250000003 0.15902439999999998 0.4072760953125 0.16234966666666667 0.40577319218749996 0.16533218749999998 0.40472047031249997 0.174440675 0.404859884375 0.17688916458333334 0.4079369125 0.18374793333333334 0.4080523703125 0.18711106041666667 0.4086462828125 0.18774921458333335 0.4083189 0.20024922083333332 0.4076930484375 0.20083058125 0.4073540109375 0.20600404583333332 0.40314009687499996 0.21923884166666668 0.400190184375 0.22306974166666665 0.3988905734375 0.22606172916666667 0.3963791890625 0.22869204791666667 0.3928789578125 0.23799182291666668 0.3925718609375 0.241945775 0.39310189218749997 0.24502295208333333 0.39672125 0.246717725 0.399403990625 0.24531638541666664 0.4011341421875 0.24142869375 0.40280839999999996 0.23967514791666666 0.4046300578125 0.24006521666666666 0.40469329218750005 0.25319391041666667 0.40541064687499995 0.2568903125 0.407762334375 0.26035755833333335 0.4080970578125 0.26312039375 0.40869895156249997 0.26345366875000004 0.40951579687499995 0.27112295416666665 0.4121702671875 0.27857254791666664 0.413206375 0.2856415395833333 0.41700874062500004 0.2958918333333333 0.42062809999999995 0.29758660416666666 0.42621284375 0.29418363541666664 0.426440090625 0.2932784666666667 0.432008865625 0.29048525416666665 0.43479540937500005 0.2851204979166667 0.440623371875 0.28020260208333336 0.4421103046875 0.27782983541666667 0.44342588593750004 0.27422808958333333 0.444737796875 0.262994925 0.44443565781250005 0.24344485625 0.4375875578125 0.24068400208333335 0.41344354218749996 0.23772833125 0.41315672968749995 0.23313622708333334 0.43775524218750006 0.23428155833333333 0.44817111875000004 0.23293503124999998 0.4496340984375 0.2314769 0.450511153125 0.22907573750000002 0.450974278125 0.2113928 0.45160012812500006 0.21081143958333334 0.45322280625 0.20325574375000002 0.45427552968749996 0.19414725833333335 0.45489339375000004 0.19387077708333333 0.4549652578125 0.19112687291666666 0.456256884375 0.1884397625 0.4565320421875 0.18570532291666667 0.4571499078125 0.18542884375 0.457425065625 0.18269440416666666 0.4618459421875 0.17710049374999998 0.464333375 0.17538481041666668 0.4664860828125 0.17090629375 0.46748291093749994 0.16393195416666667 0.46574110312499994 0.16049310416666665 0.46643881875000004 0.15716784166666667 0.4674952109375 0.15569077708333331 0.468958190625 0.15423264583333335 0.47775570468749995 0.15250551666666665 0.48066569374999996 0.15019900833333333 0.4806976328125 0.14897949583333334 0.4813154984375 0.14870301458333335 0.4824603703125 0.12830457083333333 0.4805115984375 0.11722483333333332 0.4787697921875 0.11378598333333333 0.47755434531249996 0.10579288958333333 0.4719499625 0.10217419375 0.46603049687500003 0.10281432708333332
0 0.4860682703125 0.021635054166666667 0.48406727656250004 0.020320885416666667 0.48270011718749994 0.018120477083333333 0.47586798750000003 0.01474986875 0.47568864843750003 0.01382576875 0.471622778125 0.013636456250000002 0.4713955296875 0.014541625 0.46789162968750003 0.016209979166666666 0.46638074218750003 0.019497383333333333 0.4599189453125 0.025301514583333334 0.4561239171875 0.030314062500000002 0.45456511875 0.035430735416666664 0.455697046875 0.0388411875 0.46072348906249994 0.04121197708333334 0.4636930421875 0.04440273958333333 0.46531140468750004 0.04478334375 0.46703724218750003 0.04883195208333333 0.4684363421875 0.049812843749999995 0.4683724625 0.05225187083333334 0.4669014984375 0.05401487916666667 0.46661835625 0.05705419791666667 0.467303771875 0.06197011041666667 0.46889019374999996 0.06357022708333333 0.474127915625 0.0656456 0.4743072546875 0.0665697 0.47713739374999997 0.067311975 0.48894438593749995 0.06725121875000001 0.49062662812499996 0.06519279583333333 0.49328541406250004 0.06470609375 0.49495168593749994 0.06325742708333333 0.49564940156250004 0.0599321625 0.49626726562499995 0.05965568125 0.4955738671875 0.055044645833333336 0.496152453125 0.040724833333333335 0.49602900781250003 0.037666587499999994 0.49430317031250004 0.033617979166666666 0.4917162484375 0.031360779166666665 0.49019370625 0.0273216375 0.4860682703125 0.021635054166666667
0 0.749456246875 0.62760994375 0.7481290109375001 0.6238851458333333 0.7425885078125 0.617827425 0.738155975 0.6160947916666667 0.737115553125 0.6169620979166666 0.7368403953125 0.6196965354166667 0.7342571437500001 0.6250707583333334 0.7317457562499999 0.6277010749999999 0.72824984375 0.6290645520833333 0.726982171875 0.6308370291666667 0.72663515 0.6363153708333333 0.7260092984375001 0.63689673125 0.7242748328124999 0.6487207229166666 0.744799490625 0.6499816229166666 0.750248490625 0.6517615812499999 0.755438303125 0.6556662249999999 0.75929289375 0.65615095 0.7603492859375 0.6546738854166667 0.7606563828125 0.6507199354166667 0.76007844375 0.649472025 0.7548726609374999 0.6461771375 0.7503566109375 0.6398618666666667 0.7498505328125 0.6358700520833334 0.7492486375 0.6355367791666667 0.749456246875 0.62760994375
0 0.97662415625 0.31614834999999997 0.9764687734375 0.3143096166666667 0.973531159375 0.30989933541666664 0.9703183875000001 0.3082234979166667 0.9561038125 0.30695115208333335 0.9524205765625 0.30769540624999997 0.9476090812500001 0.31266062916666665 0.9457634703125001 0.3131851958333333 0.9440253328124999 0.31737776666666667 0.9447426859375 0.32107416666666666 0.9445829874999999 0.32717173125 0.9451769000000001 0.32780988541666667 0.9456430499999999 0.3333260895833333 0.9459052640625 0.35440055000000004 0.9485277953125 0.3630696583333333 0.9540124046875 0.3712615270833333 0.9567866484374999 0.3741379479166667 0.9643840421875 0.37937568958333334 0.9663451140625 0.38221425 0.96934660625 0.3841855041666667 0.9703071796874999 0.3863669791666667 0.9739185515625 0.3883666270833333 0.9750904031250001 0.39025269166666665 0.9773505874999999 0.3894421791666666 0.9789413250000001 0.38310599375 0.979340571875 0.36786208125000003 0.9799664218749999 0.3672807229166667 0.9810750390624999 0.35603808958333333 0.9826498078125001 0.3503116625 0.983267671875 0.35003518125 0.9839893421875001 0.34579528125 0.9847988453125 0.338201725 0.9843007546875 0.33390503125 0.9831368890625001 0.3317140916666667 0.9818974875 0.32463563333333334 0.979334521875 0.3214637979166667 0.979171153125 0.3199299395833333 0.97662415625 0.31614834999999997
0 0.9378719234374999 0.28809250625 0.9371502515625 0.29233240416666667 0.9405024390625 0.2964567354166666 0.9452260984375 0.294845175 0.9488534421875 0.2962350666666667 0.951635671875 0.2988066104166667 0.9579377687499999 0.29910004375 0.9628647234375001 0.29749794583333333 0.963554453125 0.2944775625 0.9632836093750001 0.2892757 0.9583050765625 0.28507564375 0.9540598671874999 0.2839622333333333 0.9436839140625001 0.28378436875 0.9391715328125001 0.2851005166666667 0.9378719234374999 0.28809250625
0 0.9738058703125001 0.22169487499999999 0.9720880187500001 0.21734138958333335 0.9706969046875 0.21605561666666664 0.9681898328124999 0.21074963541666666 0.9647737671875 0.20906433125 0.9616764546875001 0.21075161458333333 0.9505585484375001 0.22335970416666667 0.9488124265625 0.22785715416666666 0.94671928125 0.23783294583333334 0.9460934312499999 0.23841430625 0.945909778125 0.24542650416666667 0.9445622578125 0.2502477625 0.9437331125 0.2508196583333333 0.9434659406250001 0.25324921875 0.9357604281249999 0.25991119166666665 0.933615703125 0.26408482916666665 0.9334560046875 0.27018239374999997 0.9353851359375 0.2742404666666667 0.941388121875 0.27818297291666666 0.9582295421874999 0.2801881270833333 0.9653927234375 0.27869015208333336 0.967724771875 0.2751357354166667 0.96947089375 0.2706382854166666 0.970706625 0.27008532291666665 0.9732499515624999 0.26623549166666666 0.974680990625 0.26599687083333334 0.9758012609375 0.26208078333333334 0.9770689328125 0.26030830625 0.9773281203125 0.25818362499999997 0.9800667546874999 0.2546481395833333 0.9803259421874999 0.25252345833333334 0.98452755625 0.24752983750000002 0.9866722812500001 0.24335619791666666 0.9861662046875 0.23936438541666666 0.9849863671874999 0.2377832 0.9846436609375001 0.23532524375000002 0.97995625625 0.22778099375000002 0.9758148515625 0.22270416458333334 0.9738058703125001 0.22169487499999999
0 0.9650423281249999 0.7505903583333333 0.965109878125 0.7557827541666666 0.9657836375000001 0.7533721250000001 0.9656761625 0.7497041208333334 0.9650423281249999 0.7505903583333333
0 0.9700890546875 0.7444150875 0.9695350703125 0.74225254375 0.96747019375 0.7433774020833332 0.96780491875 0.7461402375 0.9690007234375001 0.7471116645833333 0.969471190625 0.7446915708333334 0.9700890546875 0.7444150875
0 0.9618006421875 0.7733331729166667 0.9595085187500001 0.7753631979166666 0.9577943375 0.7786411354166667 0.9559726812499999 0.7782510666666667 0.9551914453125001 0.7769936916666667 0.9546853703125 0.7730018791666667 0.9540834734375 0.7726686020833333 0.9539759999999999 0.7690005979166668 0.9520308999999999 0.7655522833333334 0.9522821031250001 0.76373248125 0.9580345296875 0.75392706875 0.9585369359374999 0.7502874604166667 0.9567631890625 0.7480681229166667 0.95678714375 0.7471534875 0.9602910421875 0.7454851333333333 0.9659157109375001 0.7405577729166667 0.966848659375 0.7360224624999999 0.97061973125 0.7319245458333333 0.9775317093749999 0.732246375 0.9777669437500001 0.7310363270833334 0.979010659375 0.7301784875 0.9794811250000001 0.7277583916666667 0.97899101875 0.7231568229166666 0.9775999046875 0.7218710500000001 0.974566471875 0.7211193104166667 0.9701898343750001 0.7172525291666666 0.968344221875 0.7177770958333334 0.9681010046875 0.7192920229166667 0.9713217625 0.7206629854166666 0.9721029953125001 0.7219203604166666 0.9720550859375001 0.7237496270833332 0.9734541859375 0.7247305208333333 0.9740241421875 0.7262833083333333 0.9733743359375 0.7277793041666667 0.9698943921875 0.7285330250000001 0.96731545625 0.7259709458333333 0.962850984375 0.725457825 0.9609218531250001 0.7213997541666667 0.9585142718749999 0.7200666541666667 0.9561625843750001 0.71659940625 0.9547475140625 0.7162282708333334 0.951626246875 0.7188301895833333 0.9440484921875001 0.7206141125 0.9421310171874999 0.7238825833333333 0.939041690625 0.7252649916666667 0.9383439750000001 0.7285902541666667 0.939507840625 0.7307811958333333 0.94019325625 0.7356971083333333 0.9414210031250001 0.7354490229166667 0.9443586156249999 0.7398593041666667 0.943501525 0.7414982708333333 0.943449621875 0.7434799791666666 0.9456060015625001 0.7466328812499999 0.9410334109375 0.7580194791666667 0.9389286109375 0.7606687270833333 0.9386774078125001 0.7624885312499999 0.935882878125 0.7681581645833333 0.9356157062499999 0.7705877250000001 0.93498985625 0.7711690854166666 0.93487008125 0.7757422583333333 0.9333112828125 0.7808589291666667 0.9305327234374999 0.7859188083333333 0.929599775 0.79045411875 0.9275029609375001 0.7927984895833333 0.9274470671874999 0.7949326354166666 0.926601953125 0.7961142875 0.9264821781249999 0.8006874583333333 0.9272793828125 0.8013350791666666 0.9272234890625001 0.8034692270833333 0.9291845578125001 0.8063077854166667 0.9306352390624999 0.8130908312499999 0.9318629843749999 0.8128427479166667 0.9343743703125 0.8102124291666667 0.9380336546875 0.8103828083333333 0.9396200765625 0.811982925 0.9395881375 0.8132024375 0.9381171734375 0.8149654479166667 0.9380373234375 0.8180142312500001 0.9393885140625 0.8208243916666667 0.9392527703125 0.8260073229166667 0.9398307109375 0.82725523125 0.9368089328125 0.8338300375000001 0.936501190625 0.8533517083333333 0.937234515625 0.8564383520833334 0.939219540625 0.8583622770833333 0.9403275125 0.8626873645833334 0.9445647359375 0.8641056541666666 0.9456450828125 0.86171395625 0.9479212374999999 0.8602936875 0.948571040625 0.85879769375 0.95166036875 0.8574152854166667 0.9527487000000001 0.8547187083333333 0.9558300421875 0.8536411791666667 0.9575761640625 0.8491437291666667 0.9596649953125 0.8471042395833333 0.96149895 0.8392531291666666 0.9653099468749999 0.8336308229166666 0.9669682359375 0.8324870333333333 0.9678612578125 0.8294761125 0.968690403125 0.8289042187500001 0.969412071875 0.8246643208333333 0.9690896499999999 0.8136603083333332 0.968487753125 0.8133270333333333 0.96922539375 0.8084773791666666 0.968623496875 0.8081441041666667 0.9686634218749999 0.8066197125 0.9692812875 0.8063432291666667 0.969369121875 0.8029895708333333 0.971449965625 0.80125495625 0.9744158484375 0.7968143 0.977672859375 0.7890294499999999 0.9786973124999999 0.7887719000000001 0.98122466875 0.7855318270833334 0.98369613125 0.7844259 0.9902297921875001 0.7758778625 0.9930759015625 0.77601038125 0.9937346578125 0.7508579270833333 0.99228365625 0.7518587416666667 0.987169378125 0.7528416166666666 0.98550310625 0.7542902833333333 0.9775267515625 0.7557503958333334 0.97216925625 0.7582481958333334 0.9708856156250001 0.7606304291666667 0.9669112484375001 0.7647188770833334 0.9660182265625 0.7677297979166667 0.9631002531249999 0.7703411854166667 0.9618006421875 0.7733331729166667
0 0.9371684531250001 0.7190727708333333 0.9370886031250001 0.7221215520833333 0.9376984859374999 0.72214995 0.9379576734375 0.72002526875 0.9426813328125 0.7184137041666666 0.9423945203124999 0.7138216020833333 0.9407841421875001 0.7131361208333333 0.9405249546875 0.7152608020833333 0.938444109375 0.7169954166666667 0.938794803125 0.7191484958333334 0.9371684531250001 0.7190727708333333
0 0.9464008249999999 0.7085136395833334 0.94502568125 0.7066181104166667 0.9443998296875 0.7071994708333332 0.94428005625 0.71177264375 0.9463289609375 0.7112575416666667 0.9464008249999999 0.7085136395833334
0 0.953065915625 0.7027189729166667 0.952982396875 0.6981363333333334 0.9524363953125 0.6956689104166667 0.9503315953125 0.6983181583333333 0.9502118218750001 0.7028913312499999 0.9517583203125 0.7060158395833334 0.953065915625 0.7027189729166667
0 0.9479123578124999 0.6896585166666667 0.9483668562500001 0.6878481791666666 0.9477649593749999 0.6875149041666667 0.94491885 0.6873823854166666 0.944285015625 0.6882686229166667 0.94482303125 0.6910409249999999 0.9462460859374999 0.6911071833333333 0.9479123578124999 0.6896585166666667
0 0.9614378484375001 0.6783835270833334 0.955753615625 0.6778136124999999 0.95633155625 0.6790615229166667 0.9614378484375001 0.6783835270833334
0 0.09297389218749999 0 0.0899806765625 0.005940058333333333 0.08860920156249999 0.011675952083333333 0.0865123859375 0.014020322916666666 0.0853681609375 0.018851045833333333 0.0826215421875 0.022691410416666665 0.0803969671875 0.02991383125 0.07829216875 0.03256308125 0.0773751890625 0.036488635416666665 0.078654515625 0.042042702083333335 0.079475675 0.041775687500000006 0.07923245625 0.04329061041666667 0.079686953125 0.041480275 0.082760309375 0.040707622916666665 0.0842552296875 0.03802997708333333 0.0887755953125 0.03640895 0.09181701406250001 0.0368558125 0.0939733921875 0.04000871666666667 0.095300628125 0.0437335125 0.0964681640625 0.053555875 0.098879415625 0.06252039375 0.0980699125 0.07011395416666667 0.0986595078125 0.07868840625 0.09925341875 0.07932656041666666 0.10011817187500001 0.085166575 0.10110269999999999 0.08643341458333334 0.10196745468749999 0.09227342916666667 0.1042951875 0.0966553125 0.1070694328125 0.09953173124999999 0.11133859531250001 0.09973050833333333 0.11576314218749999 0.10176802083333333 0.1181228140625 0.10493038958333334 0.12340844531249999 0.10517649375 0.12458828125000002 0.10675767916666666 0.12474366562500001 0.10859641458333333 0.1287775953125 0.1100052375 0.12901282812499998 0.10879519166666667 0.130248559375 0.10824222708333334 0.1307349953125 0.10521237708333334 0.13240127031249999 0.10376370833333333 0.132692396875 0.10041951458333333 0.1346737515625 0.09471201666666666 0.1349728640625 0.09106294375 0.13559073125 0.09078646458333334 0.1372453484375 0.08201125416666667 0.1397966578125 0.07785654375 0.1428859859375 0.0764741375 0.1442175359375 0.07226263541666667 0.14465239218749998 0.06343063125 0.14420221093750002 0.057304670833333335 0.1434289609375 0.055742418749999995 0.143775984375 0.050264075 0.144621096875 0.049082425000000006 0.1470765890625 0.04858625625 0.1545149296875 0.04435383958333334 0.155910359375 0.037703314583333335 0.15589071875 0.03068165 0.1539855421875 0.025708941666666665 0.144614403125 0.018251860416666665 0.13896642343750001 0.008526135416666667 0.131420609375 0.009090543750000001 0.12805245468749998 0.005575968749999999 0.12968313125 0 0.09297389218749999 0
0 0.631529553125 0.24971413958333333 0.629381159375 0.24625635625 0.62600501875 0.24304666249999998 0.6201777015625 0.23239683333333333 0.6193565421875 0.23266384999999998 0.6131379640625 0.23695305625 0.6098569984375 0.24565254374999998 0.6070864234375 0.2504075416666667 0.6048458812499999 0.25823972083333335 0.603633459375 0.27344576875000004 0.604227371875 0.27408392291666667 0.6043588 0.27683729166666665 0.6083288515625 0.2806851416666667 0.6090382203125 0.28468642083333334 0.610983321875 0.2881347375 0.6163844109375 0.29174396874999997 0.618540790625 0.2948968708333333 0.6221681343750001 0.2962867645833333 0.6242729328125 0.29363751458333337 0.6269476875 0.29254105416666665 0.626353778125 0.29190290208333336 0.626222346875 0.28914953125 0.626477865625 0.27939342916666665 0.6267849640625001 0.27543947708333333 0.6274028296874999 0.27516299791666665 0.6280845734375 0.27244748958333337 0.629994065625 0.2694838958333333 0.63496094375 0.2663574083333333 0.6376356984375 0.26526094791666666 0.6414823046875 0.26605055208333334 0.64254668125 0.2642686083333333 0.6424392078125 0.2606006041666667 0.6394457 0.258324475 0.6384851265625 0.256143 0.6360775453125 0.2548099 0.6349296484375 0.25200920208333333 0.631529553125 0.24971413958333333
0 0.96002258125 0.7790501333333334 0.9593408359375 0.7817656416666666 0.9572280515625 0.7847197687499999 0.9562232390625001 0.7919989854166667 0.9568926843750001 0.7975246541666666 0.96028479375 0.80012459375 0.964171325 0.79938980625 0.9671728171874999 0.80136105625 0.9714978750000001 0.7994256875 0.9727815156249999 0.7970434541666667 0.9732599671875001 0.79431848125 0.9757474 0.7926027999999999 0.976014571875 0.7901732395833334 0.9768596859375 0.7889915875 0.9795504125000001 0.7872853708333333 0.9799889374999999 0.7860847875 0.983704115625 0.7841210208333333 0.985199034375 0.781443375 0.9887508437499999 0.7779457520833333 0.9894086328125 0.7761448791666666 0.9906443640625 0.7755919145833333 0.9930726125 0.77613591875 0.9937466359375 0.7504006104166667 0.9929015218749999 0.7515822604166666 0.9896328562500001 0.7520405687499999 0.982218471875 0.7553583479166667 0.9769168703125001 0.7557219979166666 0.9725758421874999 0.7582671270833334 0.9690080640625001 0.76237450625 0.9665961671875 0.7689777083333333 0.96471063125 0.7710266645833334 0.9629565250000001 0.7758289916666666 0.96002258125 0.7790501333333334
0 0.7360620875 0.06654727291666666 0.7358029 0.06867195625 0.733893409375 0.07163554791666667 0.7308157375000001 0.08034449791666667 0.7306720078125 0.08583230624999999 0.7324297843750001 0.08866139999999999 0.7324334546875 0.09629282291666666 0.7330273640625 0.096930975 0.7338681640625 0.10368562291666666 0.735040015625 0.10557168541666666 0.735000090625 0.10709607708333334 0.7375790265625 0.10965815416666666 0.7389142468750001 0.113078075 0.7416645374999999 0.11686913125000001 0.744486690625 0.11791628541666667 0.7488197343749999 0.11567603541666666 0.7494695390625 0.11418003958333332 0.7517377078124999 0.11306464791666666 0.7584906328125001 0.10391632083333334 0.7629471203125 0.10473431875 0.7676504937499999 0.11166881458333333 0.7677978921874999 0.11381242708333333 0.7697030703125 0.11878513541666667 0.7730951796875 0.12138507500000001 0.7787714265625 0.12225986458333334 0.7815376859375001 0.12544116666666666 0.7820517484375 0.12912810208333333 0.78397289375 0.13349105208333334 0.784582775 0.13351944791666667 0.7882899671875 0.13186056041666666 0.791427203125 0.12864888333333332 0.7936917015625 0.11990206875000001 0.7943095671875 0.1196255875 0.7952584859375 0.11448051875 0.79611956875 0.11268911250000001 0.7994361453125001 0.11040153750000001 0.7997352578125 0.1067524625 0.8016527328124999 0.10348399375 0.8019837843750001 0.09861540625 0.8043078484375 0.09536586666666666 0.8078037625000001 0.09400239166666666 0.8175937890625 0.09323722499999999 0.8215521859375 0.08975853125 0.8219035234375 0.07634388958333332 0.8193209171875001 0.06615038958333333 0.8175471703125 0.06393105208333333 0.8162598593749999 0.05868186458333333 0.8137128640625001 0.054900272916666666 0.8123856281249999 0.051175475 0.7978805703125 0.03767960416666667 0.7986741046875 0.030695802083333334 0.7980722078125 0.030362524999999998 0.7981600421875 0.02700886666666667 0.7968807171875001 0.0214548 0.793006484375 0.0139484125 0.792460978125 0.013312510416666668 0.7543894296875 0.011539860416666665 0.7528538625000001 0.0160471125 0.7525105109375 0.02915687708333333 0.7516653953125 0.030338529166666666 0.752059684375 0.038598637500000005 0.7514418171874999 0.03887511875 0.751330028125 0.0431434125 0.74685325625 0.050871470833333335 0.7403355656249999 0.05880975 0.7396538203125 0.06152525833333333 0.7360620875 0.06654727291666666
0 0.035381271874999995 0.031175606249999998 0.032949734375 0.030757141666666665 0.0317619125 0.029480835416666667 0.029689053124999996 0.03091057083333333 0.0279748703125 0.03418850625 0.026121275 0.03501795 0.025244221875 0.037419114583333336 0.022732834375 0.04004943125 0.019575314062499998 0.051807164583333336 0.018546545312500003 0.06000101458333333 0.01176168125 0.07036885625 0.011063965625 0.07369411875 0.0111554703125 0.07797187916666666 0.013004753124999999 0.08507873541666666 0.013418034374999999 0.11592822708333334 0.0140119453125 0.11656638125 0.01410345 0.12084414166666665 0.01604855 0.12429245833333334 0.016016610937500002 0.12551197083333332 0.017399740625 0.12710262083333335 0.020253834374999998 0.12693026041666666 0.02232669375 0.125500525 0.023227703125 0.12218472708333333 0.026616142187500004 0.11715324583333334 0.028565556250000002 0.1126652625 0.03045109375 0.11061630416666667 0.0319859375 0.10641426875 0.0336681796875 0.10435584583333334 0.0356734890625 0.09773371458333333 0.037786273437500004 0.0947795875 0.038053446875 0.09235002916666667 0.03954038125 0.08997726041666666 0.040473328125 0.08544194791666666 0.041748984375 0.08336459375000001 0.043435542187499995 0.07336987083333332 0.04490650625 0.0716068625 0.04644135 0.06740482499999999 0.0465211984375 0.06435604375 0.0471390640625 0.06407956249999999 0.047426521875 0.05310394583333333 0.0420137765625 0.04216817291666666 0.04031189375 0.03720493125 0.038155515625000004 0.03405202708333333 0.0359512265625 0.03272839166666667 0.035381271874999995 0.031175606249999998
0 0.9465859671875 0.5693282520833333 0.9444811671875 0.5719775020833333 0.94270310625 0.5776944625 0.9399884265624999 0.5803153145833334 0.9386808312499999 0.58361218125 0.9370145578125 0.5850608479166667 0.9377319125 0.58875725 0.9393183374999999 0.5903573666666666 0.9396370890625001 0.59372995625 0.93533965625 0.6023821145833334 0.9324057124999999 0.60560325625 0.9287740531249999 0.6121496645833333 0.9279528953125 0.6124166791666668 0.924289296875 0.6201826 0.9241775078125001 0.62445089375 0.92477141875 0.6250890479166666 0.9246516453125 0.6296622208333333 0.925767603125 0.63368243125 0.9263252578125 0.6434763979166667 0.92426836875 0.644296375 0.92235520625 0.6396285479166667 0.9197443328125001 0.63828598125 0.9171095015624999 0.6378580520833333 0.9160451234375 0.63963999375 0.9153074859375 0.6444896479166666 0.9129195421875 0.6501782125 0.9121180234375 0.65746689375 0.9132739046875 0.6599627125 0.9169012484374999 0.66135260625 0.9200458234375001 0.6734037708333334 0.92083504375 0.6743562666666667 0.92171576875 0.6795865249999999 0.9241552890625 0.6797001125000001 0.9258774578125 0.6761172979166666 0.9306809656249999 0.6714569541666666 0.9349857390625 0.6780676395833333 0.9404826484375001 0.67801833125 0.945441540625 0.6751967229166667 0.9494994265625 0.6756909104166666 0.9539602281249999 0.6685726104166666 0.9555349968750001 0.6628461833333333 0.95764778125 0.6598920562499999 0.9583105312500001 0.6345871625 0.9577086343750001 0.6342538895833333 0.9570152359374999 0.6296428520833334 0.953232509375 0.626414225 0.9489676609375 0.6182791479166667 0.9482343343749999 0.6151925041666666 0.948410003125 0.6084851833333332 0.9478081093749999 0.6081519104166666 0.9479678078125 0.6020543458333333 0.948585671875 0.6017778625 0.94893269375 0.59629951875 0.9502163343750001 0.5939172875000001 0.9504914921875001 0.5911828499999999 0.95337385625 0.5821595541666666 0.9554866421874999 0.5792054291666666 0.9563796640625 0.5761945083333334 0.9566192125 0.5670481625 0.9553079468749999 0.56271360625 0.9525177328125001 0.5604469416666666 0.949217128125 0.5621247625 0.9481687203125 0.5632969458333333 0.9465859671875 0.5693282520833333
0 0.5437544734374999 0.3448334979166667 0.542730021875 0.34509104583333333 0.5420722312499999 0.3468919208333333 0.5434314062500001 0.34939720416666664 0.5440732265625 0.34820608750000004 0.5437544734374999 0.3448334979166667
0 0.5343034828125 0.3404251979166667 0.535841996875 0.3438545833333333 0.5392820171875 0.3446252541666667 0.540744996875 0.3431671229166666 0.5414427109375 0.3398418583333333 0.5422718546875 0.3392699645833333 0.5424475234374999 0.33256264166666666 0.539274678125 0.3293624125 0.537728178125 0.32623790416666665 0.536938959375 0.32528540833333336 0.533467 0.32573425 0.5317804421875 0.3357289729166667 0.532904384375 0.33944430625 0.5343034828125 0.3404251979166667
0 0.5161743078125001 0.24770083125 0.5159949687500001 0.24677673125000002 0.5040325921875 0.24499875208333333 0.48673667500000006 0.24480393541666665 0.4842811828125 0.24530010625 0.483232775 0.2464722895833333 0.48216839843750003 0.24825423124999998 0.48122746562499996 0.25309442083333333 0.4792940203125 0.25697264791666663 0.4711899046875 0.26331081041666665 0.4701015734375 0.2660073875 0.46907712031250004 0.2662649395833333 0.4667370875 0.2701242354166667 0.464038378125 0.27213532916666666 0.463161325 0.27453649375 0.461064509375 0.27688086458333333 0.455810175 0.2909829666666666 0.4528602609375 0.2948138666666667 0.45282832187500005 0.29603337916666667 0.4494079421875 0.30228437291666665 0.44847499375 0.30681968541666665 0.4515440359375 0.31398333125 0.45297075937500003 0.3216810125 0.45377595 0.3220237541666667 0.455469846875 0.32729187083333333 0.45619087187499996 0.33861969375 0.4573148140625 0.3423350270833333 0.45722697968750003 0.3456886875 0.45838286093749997 0.34818450833333336 0.463465196875 0.34842114583333333 0.46369244531250003 0.34751597500000003 0.46720433124999994 0.34554274375 0.4691377765625 0.34166451666666664 0.47056881562499997 0.34142589791666667 0.4722670265625 0.33875771875 0.47516903125 0.3367560875 0.4764367015625 0.3349836104166667 0.47673581406250004 0.3313345375 0.478952403125 0.32441699583333333 0.48193425625 0.31936658333333334 0.4850555234375 0.3167646604166666 0.48790163125 0.31689717916666665 0.49209893125 0.3198398604166667 0.49543514687499995 0.32457394791666666 0.49558254531249996 0.32671756041666666 0.4975276453125 0.33016587708333334 0.49749570624999995 0.33138538958333336 0.49928542187499997 0.3329949708333333 0.5079951046875 0.3346215041666667 0.5122962078125 0.3336007645833333 0.5143770515625 0.3318661520833333 0.516852828125 0.32282392708333335 0.5196154187500001 0.31837380625 0.5196633281249999 0.31654453749999995 0.520930996875 0.31477206041666667 0.5220752234375 0.30994133541666663 0.522693090625 0.30966485416666667 0.5249815421874999 0.30000340625 0.5271102953125 0.2964395229166667 0.5283104171875 0.28947465208333334 0.5305110375 0.28316686458333334 0.5311289015625 0.28289038541666667 0.5327915046875 0.27381029583333333 0.53340936875 0.27353381458333337 0.5337324375 0.26897010625 0.534350303125 0.268693625 0.5349405421875 0.26170035625 0.5337766765625 0.25950941666666666 0.531353125 0.25878607291666667 0.5304324765625 0.25508020625 0.53148886875 0.25360314375 0.535610634375 0.25165830625 0.53521203125 0.2513344979166667 0.5343828875 0.2519063916666667 0.5340082390625 0.2506679479166667 0.5259084406250001 0.24906981250000002 0.5197936640624999 0.24939560208333333 0.5161743078125001 0.24770083125
0 0.5006939953125 0.20149779999999998 0.4988404 0.20232724375 0.49817462343749996 0.20443299583333333 0.495655253125 0.20736819166666667 0.49255794062499997 0.20905547708333333 0.48481681875 0.20930554166666668 0.4790527359375 0.21178441250000002 0.4689832359375 0.22322031458333333 0.4659933984375 0.22857560625 0.465734209375 0.2307002875 0.4696962765625 0.23485301666666666 0.4761697265625 0.23637542708333334 0.48755416250000005 0.23690549791666668 0.49462951093749996 0.23876118125 0.508242190625 0.23970025208333334 0.5111202390625 0.23861325833333333 0.5113038921874999 0.23160105833333333 0.5097500546875 0.21321371041666665 0.5056885 0.20508809791666666 0.5051424984375 0.20262067708333334 0.5039466906250001 0.20164924791666666 0.5006939953125 0.20149779999999998
0 0.6309101984375001 0.38216380625 0.6307628000000001 0.38002019375 0.630128965625 0.38090643124999995 0.6309101984375001 0.38216380625
0 0.6256111796875 0.3202565770833333 0.620867878125 0.314846475 0.6195805671875 0.30959728541666665 0.6189786734375 0.3092640104166666 0.6189510484375 0.302547225 0.6183571359375 0.30190906874999995 0.61428328125 0.30202463749999997 0.6132268890625 0.3035017020833333 0.608479275 0.3060278979166667 0.605537346875 0.30955391875 0.6044090890625 0.31377488541666665 0.6033606828125 0.31494707083333334 0.600673628125 0.3242847083333333 0.600553853125 0.3288578833333334 0.6012552390625 0.3331640395833333 0.6037942484375 0.33725050833333337 0.604535559375 0.34003227708333333 0.6062527671875 0.3599534833333333 0.6068466781249999 0.36059163541666667 0.6069062421875 0.36608890833333335 0.6094089984375 0.37933118958333334 0.6105568953125 0.3821318875 0.6105010015625 0.38426603541666665 0.612015559375 0.38861005416666666 0.6160814296875 0.3887993645833333 0.6228742796875 0.37812664583333333 0.6263701937499999 0.3767631708333333 0.6266300265625 0.3590707666666667 0.6273516953125 0.3548308708333333 0.6281808390625 0.354258975 0.62972366875 0.3497520604166667 0.63182048125 0.34740768958333335 0.63275343125 0.3428723791666667 0.6333712953124999 0.34259589791666667 0.63434416875 0.33653619583333333 0.6343404984375 0.32890477291666664 0.6338663609374999 0.3236934458333333 0.6332644671875001 0.32336017083333335 0.6327264515625 0.3205878729166667 0.6284333328125 0.32130372916666666 0.6256111796875 0.3202565770833333
0 0.49109699375 0.7389014770833333 0.48693962031250004 0.73443440625 0.4818972078125 0.732673375 0.47315558593749996 0.7322663562499999 0.46738351875 0.7350501041666667 0.465254765625 0.7386139875000001 0.46306213124999995 0.7446168958333333 0.4621052296875 0.7500668416666667 0.4626033203125 0.7543635333333333 0.464548421875 0.75781185 0.466194409375 0.7649092375 0.46074109375 0.7710655770833333 0.46062132031249997 0.77563875 0.46338757968750005 0.7788200520833333 0.46681162968749995 0.7802004791666667 0.47756222968750006 0.7816167875000001 0.47794486249999996 0.7825503520833333 0.48985134375 0.7864624791666667 0.49164106093750004 0.7880720625 0.4959102234375 0.7882708375 0.497006540625 0.7852693854166667 0.497086390625 0.7822206020833333 0.4969948859375 0.7779428416666666 0.49591086874999996 0.77270311875 0.4998053859375 0.77166345 0.5025440203125 0.7681279645833333 0.5058605953125 0.7658403875 0.5061038124999999 0.7643254604166666 0.5073555140625 0.7631627416666666 0.507256025 0.7591898583333333 0.5041310890624999 0.7541603583333334 0.49990983437500003 0.7521323125 0.49613509218749996 0.7485988083333334 0.4916429953125 0.7413689 0.49109699375 0.7389014770833333
0 0.5084066015625 0.0235909 0.5062938171875 0.026545025 0.5042289421875 0.027669883333333332 0.501872940625 0.03213893541666667 0.50042593125 0.0329873125 0.4982572515625 0.03807558541666667 0.49820135624999995 0.04020973333333333 0.49736422812500003 0.04108650625 0.4957575203125 0.04803244583333333 0.4955339421875 0.05656903541666667 0.4960639734375 0.05964621458333333 0.49962743749999994 0.06347513333333334 0.511637721875 0.06342384375 0.5191036875 0.06590821875 0.5214713453125001 0.06876570833333333 0.5288973859375 0.07277447291666667 0.5366464921875 0.07221952916666667 0.537280328125 0.07133329166666667 0.5428171625 0.06975959166666666 0.545938428125 0.06715767291666667 0.550148028125 0.06185917291666666 0.5504152015625 0.05942961458333333 0.5512603140625 0.0582479625 0.551356134375 0.054589425 0.5526238046875 0.05281695 0.5526796984375 0.0506828 0.5539793093750001 0.0476908125 0.552903278125 0.04214621041666667 0.54572045625 0.03662252083333333 0.5453697625 0.03446944166666666 0.5445725593749999 0.03382182291666667 0.545513490625 0.028981633333333333 0.5545824953125 0.016888645833333334 0.55767980625 0.015201360416666667 0.5602470875 0.010436895833333333 0.5647435 0.009730502083333334 0.5676534875 0.00742399375 0.5679126765625 0.0052993125 0.5685305406250001 0.005022829166666667 0.5685864359374999 0.0028886833333333336 0.5404157656249999 0.0015770270833333334 0.5399060828125 0.002163797916666667 0.5388257359375 0.0045554958333333334 0.5346480765625 0.008634479166666665 0.5305263124999999 0.010579314583333332 0.5267712109375 0.014067472916666665 0.5183882671875 0.01550865625 0.517949740625 0.016709237499999998 0.5133974343750001 0.019549777083333334 0.512747628125 0.02104577083333333 0.5084066015625 0.0235909
0 0.1785730453125 0.003960008333333333 0.1789317234375 0.005808210416666667 0.1797688515625 0.004931439583333333 0.1793942046875 0.003692995833333333 0.1785730453125 0.003960008333333333
0 0.1509397125 0 0.1491034734375 0.0022826270833333335 0.1488123453125 0.005626820833333334 0.1481864953125 0.00620818125 0.14809866249999998 0.009561841666666666 0.1486845875 0.010504872916666666 0.148066721875 0.01078135625 0.1478990390625 0.017183795833333335 0.1514305625 0.022232229166666666 0.15541658281249998 0.025470322916666666 0.1561738625 0.02764233125 0.1560940125 0.030691114583333335 0.1566879234375 0.03132926666666667 0.1566000890625 0.034682927083333336 0.15597423906250002 0.0352642875 0.1558464796875 0.04014233958333333 0.15492950156250002 0.044067895833333336 0.1527927625 0.04793665416666667 0.1456056265625 0.05034926458333333 0.14569712968749998 0.054627027083333335 0.146821071875 0.05834235833333334 0.1467172671875 0.062305775 0.1474985015625 0.06356315 0.1474505921875 0.06539241875 0.14963891093749998 0.06732580833333333 0.1533338046875 0.07390809791666667 0.1548084375 0.07977650833333333 0.1573873734375 0.08233858541666667 0.15872259375 0.08575850624999999 0.1609029265625 0.087996775 0.164968796875 0.08818608541666667 0.16933377968750002 0.084726325 0.17026672812500002 0.0801910125 0.1705382171875 0.06982515208333333 0.17115608124999998 0.06954867083333333 0.1715989234375 0.060411789583333333 0.17447330156250002 0.05169337291666667 0.1762317234375 0.038954747916666664 0.17684958906249998 0.03867826666666666 0.17691346875 0.03623923958333333 0.178189125 0.03416188541666666 0.17942118437500001 0.0259775 0.1800390515625 0.02570102083333333 0.18031420781250002 0.02296658125 0.1813865703125 0.0208797625 0.181490375 0.01691634375 0.1803664328125 0.0132010125 0.1777715265625 0.011248689583333334 0.1776800234375 0.00697093125 0.1752405 0.00685734375 0.1730362109375 0.005533710416666667 0.1685108890625 0 0.1509397125 0
0 0.4435810203125 0.08955905624999999 0.43978599531249996 0.09457160625 0.4342491609375 0.09614530624999999 0.431119909375 0.09905210416666667 0.42885972499999997 0.09986261666666667 0.42756809999999995 0.10254972916666666 0.42487737656249996 0.10425594791666667 0.42464214218749996 0.10546599375 0.42191947656249995 0.10839172291666667 0.42035269375000006 0.11381327291666667 0.4203883046875 0.12022518125 0.42146433437499997 0.12576978333333333 0.42283948125000004 0.12766531041666668 0.42682917187499997 0.138534825 0.427905203125 0.14407942708333332 0.42791685937499996 0.15140596874999998 0.42924409375000006 0.15513076666666667 0.4312371046875 0.15674981458333334 0.43472503281249997 0.15569121458333332 0.43557014687500006 0.15450956458333334 0.4358532890625 0.15147024791666666 0.4421277625 0.14504689375 0.445149540625 0.13847208958333335 0.4487253046875 0.13405983125 0.4502521625 0.13016267291666667 0.4530067671875 0.12601743125 0.45886666875 0.11988002291666668 0.46188046250000003 0.11361009791666667 0.464136975 0.10516816250000001 0.46627371406250007 0.10129940208333334 0.466505278125 0.09245793333333333 0.46594330624999997 0.09060026666666668 0.46314510625 0.08863848125 0.45139400937499996 0.0865650875 0.4464750390625 0.08786230416666667 0.4435810203125 0.08955905624999999
0 0.9363961968750001 0.21232179166666668 0.9322707625 0.20663520625 0.9255780484375 0.2057130875 0.9231944203125 0.20346535416666667 0.9185745640625 0.20111349583333332 0.9170120953125 0.19859874583333334 0.9131814593750001 0.1971993875 0.91021190625 0.19400862291666668 0.9033877625000001 0.19033313541666666 0.9032084234375001 0.18940903333333334 0.9004102234375001 0.18744724583333333 0.894969209375 0.18536240625 0.8929921671875001 0.18313360416666666 0.8881610343749999 0.18107716041666666 0.8839956750000001 0.17691496874999998 0.8785546609375 0.17483012708333331 0.873958759375 0.17156363958333334 0.872412259375 0.16843913125 0.87229313125 0.15744458333333336 0.8711691890625 0.15372925208333335 0.8694034281249999 0.15120503541666666 0.8686701015624999 0.14811839166666668 0.8659198124999999 0.14432733541666665 0.864608546875 0.13999278125 0.8620296109375 0.13743070208333333 0.8606943906250001 0.13401078333333333 0.8581670359375 0.13725085833333334 0.85405325625 0.13889081666666667 0.852526396875 0.14278797291666667 0.8515934484375001 0.14732328541666667 0.8513539 0.15646963125 0.85257733125 0.16415784583333334 0.8506438859375001 0.16803607499999998 0.8503687281250001 0.1707705104166667 0.8450628124999999 0.1790704625 0.8425833656249999 0.18048126666666667 0.8302536828125 0.1927276875 0.82675776875 0.19409116458333334 0.824449675 0.19673094583333334 0.82218150625 0.1978463375 0.8179319828124999 0.20466922708333335 0.8172182984375 0.20860424583333334 0.8172372937500001 0.23119363125 0.8178312046875 0.23183178333333335 0.8179306937499999 0.23580466666666666 0.822689965625 0.2406050125 0.825181065625 0.24652075208333332 0.8252805562500001 0.2504936333333333 0.8278035953125 0.2551898604166667 0.8279430109374999 0.25763835208333336 0.8319130609375 0.26148620208333334 0.83184918125 0.2639252270833333 0.8332003703125 0.2667353895833333 0.8351933828125 0.2683544375 0.8429424890625 0.26779949375 0.8524021093749999 0.25633519374999997 0.8587521171875 0.25479935416666666 0.8616461359375001 0.2531026041666667 0.866505540625 0.24630811041666664 0.8783118875 0.26181507708333335 0.8780447140625001 0.2642446375 0.8752501859375 0.2699142729166667 0.8749590578124999 0.27325846875 0.8743332078125 0.2738398270833333 0.8740537359375 0.2845105645833333 0.8773260703125001 0.29168367916666665 0.8772978 0.3005346125 0.8778677578125 0.30208739999999995 0.88301764375 0.3075164354166667 0.885337390625 0.31220319375 0.8881116359375 0.3150796166666667 0.8886656234375 0.3172421604166667 0.893046575 0.31317264375 0.8933616578124999 0.3089138125 0.8947171624999999 0.303787675 0.8961961109375001 0.3017197875 0.8986319625 0.29420195208333333 0.9005015296875 0.2927627520833333 0.9047467390625 0.2938761645833334 0.9068435515625 0.29153179375 0.907669025 0.28332847916666665 0.9065131453124999 0.2808326583333333 0.906054978125 0.275011575 0.90667284375 0.27473509583333333 0.9076217609375 0.2695900270833333 0.90867016875 0.26841784166666666 0.9091645890625 0.2650831125 0.9113013296875 0.26121435 0.9148531375 0.2577167270833333 0.9155109265625001 0.25591585208333334 0.9227379890625 0.2519788520833333 0.9250380968749999 0.24964394791666666 0.9311768265625 0.24840352291666665 0.9318186468749999 0.24721240625000002 0.9351192515625 0.24553458749999998 0.9383799328125001 0.24538115833333332 0.9417444187499999 0.24126431041666668 0.9412383421875001 0.23727249791666666 0.9398791671875 0.23476721458333336 0.9399749859375 0.231108675 0.9381576453125 0.22278230625 0.9375557484374999 0.22244903333333335 0.9363961968750001 0.21232179166666668
0 0.9452063078125 0.6764067708333333 0.9418338390625 0.6808284937500001 0.940561853125 0.6905372687500001 0.9399360031249999 0.69111863125 0.9406134328125001 0.6963394208333333 0.9430885640625 0.7028649166666666 0.9429927453125 0.7065234541666666 0.9389145765625001 0.7145753208333333 0.9364031890625 0.7172056395833334 0.9354782265624999 0.7214360729166667 0.9395115109375001 0.7384126166666667 0.9433857421875 0.7459190062500001 0.9445815484375 0.7468904333333334 0.9448843312499999 0.7508727812499999 0.943178134375 0.7538458375 0.9424564656250001 0.7580857375 0.9458326046875 0.7612954333333334 0.9456170109375 0.7695271479166668 0.9443333703125001 0.7719093791666667 0.9448234781249999 0.77651095 0.9431092968750001 0.7797888854166667 0.9394899375 0.7780941124999999 0.939115290625 0.77685566875 0.9356672843749999 0.7763898770833334 0.9343756609374999 0.7790769875 0.9338492984375 0.78363123125 0.9311106640625001 0.7871667166666667 0.9301457765625001 0.7929215416666667 0.9288541515625001 0.7956086520833333 0.9273991578125 0.79676190625 0.927295353125 0.8007253208333334 0.9290611140625 0.8032495374999999 0.9308385328125001 0.8131002958333333 0.934390340625 0.8096026708333334 0.9364073062499999 0.8103070854166667 0.937587140625 0.8118882708333334 0.9373795328125001 0.8198151020833334 0.9390095515624999 0.8275222479166667 0.9361910671875 0.8341065166666667 0.93630588125 0.8530373645833333 0.937031221875 0.8564288854166667 0.9392115546875001 0.85866715625 0.9403035578125 0.8636020020833333 0.9439149312499999 0.86560165 0.9464582578125 0.86175181875 0.948100575 0.8612177875 0.9491809218749999 0.8588260895833333 0.9516364140625001 0.85832991875 0.9535459046874999 0.8553663270833333 0.9560253515625 0.8539555229166667 0.9566911265625 0.8518497729166667 0.9596250703125 0.8486286291666667 0.9621487546875 0.8377571333333333 0.9651306078124999 0.8327067229166667 0.96720346875 0.8312769875 0.9672513781250001 0.8294477166666667 0.9678692421875 0.8291712354166666 0.968555946875 0.8029517083333333 0.9679540531249999 0.8026184333333333 0.9680019625 0.8007891645833334 0.9653272062499999 0.801885625 0.96024486875 0.8016489854166667 0.9572513609375 0.79937285625 0.9569086546875001 0.7969148979166667 0.9563067578125001 0.7965816229166667 0.9563190578125 0.7883404458333333 0.9571721578125001 0.7868539166666667 0.9572520062500001 0.7838051333333333 0.9585196765624999 0.7820326583333334 0.9594765796875 0.7765827104166667 0.961557425 0.7748480979166666 0.9651970671875001 0.7679968145833332 0.966851684375 0.7592216041666667 0.966947503125 0.7555630645833333 0.9693274625000001 0.7501793770833333 0.96938335625 0.74804523125 0.972121990625 0.7445097437499999 0.9753869859375 0.7364200166666667 0.9802384046875 0.7299304020833334 0.9803661640625 0.72505235 0.9784290484374999 0.72129915625 0.9712142859374999 0.71699498125 0.9702457296875 0.71511838125 0.9698318015625 0.6998366104166667 0.9708286296875 0.6928622708333333 0.9714464953125 0.6925857916666666 0.9716620875 0.6843540770833333 0.9697169875 0.6809057625 0.9639412515625001 0.6760580875 0.9549883515625 0.67594648125 0.9494195765625 0.67873969375 0.9452063078125 0.6764067708333333
0 0.028174096875 0.22864204166666668 0.031626415625 0.22117153333333334 0.0326072734375 0.21480695208333334 0.0334523890625 0.21362530208333333 0.028083237500000004 0.20879655833333333 0.027302003125 0.20753918333333335 0.027357896875 0.2054050375 0.0304711796875 0.20310799375000002 0.034732357812499996 0.20361165 0.035162900000000004 0.20271594583333333 0.03161540625 0.19827727083333332 0.029100350000000004 0.19327616666666667 0.028398965625 0.18897000833333333 0.0259078640625 0.18305427083333334 0.025776434375 0.18030090000000001 0.023261378125000003 0.17529979583333333 0.0221417515625 0.16364816666666665 0.021539854687500002 0.16331489166666666 0.0215282 0.1559883479166667 0.01788553125 0.13964048958333333 0.016534342187500002 0.13683032708333334 0.015645632812499997 0.13190494791666665 0.0125127109375 0.127180325 0.0094738765625 0.12663482708333335 0.00693535 0.22356001875 0.0119904671875 0.2248360125 0.012779685937499998 0.22578851249999998 0.013357626562499999 0.22703642083333334 0.013277778125 0.23008520208333336 0.013871687499999999 0.23072335624999998 0.0130382296875 0.23923155 0.0156171640625 0.24179362916666666 0.022389729687500002 0.23966696666666668 0.026607314062499998 0.23406358958333331 0.028174096875 0.22864204166666668