0 0.3808593609375 0.7532041166666666 0.3742622453125 0.7629022166666667 0.3730652375 0.7707465 0.370289271875 0.77873823125 0.369981703125 0.78460280625 0.3704757765625 0.7864168479166668 0.3735830859375 0.7908318333333334 0.37762596875 0.7923874249999999 0.37985921875 0.7984888958333334 0.385307428125 0.80695275 0.38985081718750003 0.8176895458333333 0.3953650109375 0.8211502895833332 0.3955143234375 0.8220481979166667 0.400549821875 0.8234016749999999 0.4052911703125 0.8191291374999999 0.4060005390625 0.816837975 0.4080780421875 0.8146743729166667 0.41119876718750004 0.807598775 0.4126130359375 0.8068466458333333 0.416814175 0.8016397541666667 0.4182264796875 0.78969026875 0.4205301859375 0.78695843125 0.425313196875 0.7856364041666667 0.426758221875 0.78429781875 0.42694276249999996 0.780779075 0.42577455000000003 0.77683954375 0.42546948906250004 0.7676765625 0.42492928281250003 0.7667422083333334 0.425561759375 0.7659171895833333 0.4280871984375 0.7664473145833333 0.431332915625 0.7682232416666667 0.431482228125 0.7691211520833333 0.4334059453125 0.7698898375 0.434126221875 0.7711356416666667 0.436111453125 0.7707314104166667 0.43586790937500003 0.7603955166666666 0.43708029374999996 0.7522580041666667 0.44078288906249996 0.7490672666666666 0.442520103125 0.7421573375 0.4440573984375 0.7390593791666666 0.4455178015625 0.7374275666666666 0.44730758593750003 0.7370051145833333 0.448181646875 0.7353186333333334 0.448519971875 0.7288676 0.445597203125 0.72093386875 0.4412864515625 0.7169960020833333 0.44113713906249996 0.71609809375 0.43575687968750004 0.7138284854166667 0.43415163593750006 0.71073219375 0.4349225203125 0.7072681166666667 0.43764787812500006 0.70398626875 0.44091791562499993 0.6978085770833334 0.4436125171875 0.6951131854166667 0.445195946875 0.6911355416666667 0.4454112453125 0.6870303395833334 0.44421227500000005 0.6836772666666667 0.43999379375 0.6779800291666667 0.4323143 0.6746120604166667 0.43187726875 0.6754553020833334 0.4255153 0.6769247770833334 0.42298539062499996 0.68022485 0.420593884375 0.6808858625 0.41929817187499996 0.68312235625 0.41828570625 0.6874478958333333 0.41706688593749996 0.6882182437500001 0.41750195312500005 0.6761776458333333 0.41825745937500003 0.6730067979166667 0.4179479265625 0.6676740124999999 0.4166765359375 0.6619568854166666 0.41487584687499995 0.6588423729166667 0.41317833125 0.6575054541666667 0.40695476875000003 0.6563358708333333 0.3912882109375 0.6554645125 0.38790409062500003 0.6563276416666667 0.3868960953125 0.6568229833333333 0.385929765625 0.6602688375 0.3886109515625 0.6690640354166667 0.3890390375 0.6758811854166668 0.38961000156250003 0.67622908125 0.389056378125 0.6867853145833334 0.38616633125 0.6894624833333334 0.3816710375 0.6890433625 0.381521725 0.6881454541666667 0.375313540625 0.6866826416666666 0.3700210796875 0.6864838583333334 0.3639423578125 0.6900423770833334 0.36240506250000004 0.6931403354166666 0.3623852125 0.6972637604166666 0.363208665625 0.7002871604166666 0.36099275625 0.7050898208333333 0.3574087171875 0.7097649229166667 0.35602073437500004 0.7137607895833333 0.355563853125 0.7187274541666666 0.35496213125 0.7189660145833333 0.3539804234375 0.7227050958333333 0.3527000890625 0.7246483625 0.3523662359375 0.7272691979166667 0.3517645140625 0.7275077604166668 0.35102635000000004 0.7415827354166667 0.3493198921875 0.7479062104166666 0.348718171875 0.74814476875 0.34936155625 0.75085671875 0.354530990625 0.7534013333333333 0.358439940625 0.7537657875 0.3666904 0.75748165 0.36923121718749996 0.7577185458333333 0.3711901625 0.754070575 0.37322153125 0.7527866583333334 0.3749388953125 0.7500001520833333 0.376337784375 0.7495412541666667 0.37969562031250004 0.7454343875 0.3821595453125 0.7471374270833333 0.3824889265625 0.7483467854166667 0.3808593609375 0.7532041166666666
0 0.672573709375 0.5087234749999999 0.6718534328125 0.5074776708333333 0.6700790265625 0.5076068958333333 0.6692511015625 0.5084136895833333 0.668794221875 0.5133803541666667 0.6668506515625 0.5167350958333333 0.6656690249999999 0.52428615 0.6635453874999999 0.5273294395833333 0.6631346421875 0.53141641875 0.664348990625 0.5344762645833333 0.6673992578125 0.5362339708333334 0.6696940203125 0.5411625270833333 0.6724917984375 0.5402447291666667 0.6788011984375 0.5322877770833333 0.67921194375 0.5282008 0.6798290421875001 0.5276690104166667 0.68005971875 0.5232705770833334 0.679354821875 0.52173154375 0.6802288812499999 0.5200450625 0.6804441796875 0.5159398625 0.6795592125 0.514089375 0.6774554265625 0.5130092395833333 0.6752484609375 0.5101515083333333 0.672573709375 0.5087234749999999
0 0.690270215625 0.4708886458333333 0.6897453875 0.4696610625 0.6925937734375001 0.4640333833333333 0.693652375 0.45882815833333335 0.6958221484375 0.45490518333333335 0.697543984375 0.44828848125 0.7011895375 0.4424404645833333 0.7021712484375 0.43870138124999997 0.7017892953125 0.4310045458333333 0.7025601796875 0.42754046875 0.704051340625 0.42532219791666664 0.7041743671875 0.4229763666666667 0.7050330484375 0.4215831145833333 0.705248346875 0.4174779125 0.7065594374999999 0.41494819166666663 0.7080287828125 0.4056559854166667 0.7086458828125 0.4051241979166667 0.7088304234375 0.4016054520833333 0.706792621875 0.39552220625 0.7055167609375 0.393635275 0.7024511140625 0.3921707979166667 0.69848065 0.3929792583333333 0.6947780546875 0.39616999583333334 0.6930145546875 0.39983618541666666 0.689779746875 0.4015972229166667 0.6875484593750001 0.40669311458333335 0.6854709578125 0.40885671458333334 0.68426304375 0.41316403333333335 0.684289328125 0.41640777083333336 0.6859208578125 0.42274780208333335 0.6851192171875 0.42679833333333334 0.68070725 0.4322802333333333 0.6785221 0.43649643541666666 0.6781421109375 0.43999695833333335 0.6775403890625 0.44023551875 0.67806521875 0.44146310208333334 0.6778653 0.4452750729166667 0.677263578125 0.44551363541666666 0.6771713078125 0.44727300833333333 0.6777422718749999 0.44762090416666667 0.677511596875 0.45201933333333333 0.6768944968749999 0.45255112291666666 0.676226790625 0.4577927958333333 0.6750188765625 0.4621001125 0.67312144375 0.4645751666666667 0.67103946875 0.4705689645833333 0.6691574140625 0.47275079166666667 0.6687620484375 0.47654454166666665 0.6681603265625 0.47678309999999996 0.6675233765625 0.48143831458333336 0.6684653859374999 0.48594608125 0.667558059375 0.503246575 0.6681136453125001 0.5038877 0.6712408062499999 0.5041792645833333 0.6722949359375 0.5028042354166666 0.6730658187499999 0.49934015833333334 0.67389374375 0.4985333625 0.6758001218749999 0.4883979166666667 0.6791733343749999 0.48399781875 0.6811431890625 0.48388681875 0.6822543609375 0.4851690708333333 0.6868989640625001 0.4864861 0.6900152187499999 0.48324069583333334 0.6906060328125 0.47946516875 0.690270215625 0.4708886458333333
0 0.6495650093750001 0.22841682083333334 0.6499187125 0.22167256041666666 0.6486473234375 0.21595543541666667 0.6468620109375001 0.21254769166666668 0.6409876796875 0.20846404375 0.6405506484375 0.20930728541666666 0.6369557015625 0.21044542083333334 0.63382406875 0.21398405208333332 0.6318388374999999 0.21438828333333332 0.6299260265625 0.21715656666666666 0.6255646671874999 0.21792858124999998 0.6204785609375 0.22128498749999997 0.6145228640625 0.22249767916666666 0.611015715625 0.2257066375 0.6105236078125 0.23508995625 0.611094571875 0.23543785208333334 0.611096534375 0.24663521041666667 0.6143377765625 0.2522413375 0.620870871875 0.25874370416666664 0.6243735484374999 0.25936494374999997 0.628420903125 0.2570903395833333 0.6311462624999999 0.25380848958333335 0.63564155625 0.25422761041666664 0.636546371875 0.25195467083333334 0.63797601875 0.2509093145833333 0.64354081875 0.2496601791666667 0.6466307875 0.24317103541666668 0.6478893078125 0.23415383750000002 0.6485064078125 0.23362204791666666 0.6495650093750001 0.22841682083333334
0 0.05965493281249999 0.12568078541666666 0.0597581109375 0.12745838125 0.0625667953125 0.13007755000000001 0.0634517625 0.13192803749999998 0.06446619218750001 0.13879985625 0.06503715624999999 0.13914775208333333 0.06503268437500001 0.14297794791666665 0.0671890421875 0.15054556041666667 0.071124275 0.15415375416666668 0.07363433750000001 0.15497710416666666 0.0737836484375 0.15587501458333333 0.082409625 0.15992055208333333 0.08614493906250001 0.16734071874999998 0.08990010468750001 0.17063745625 0.09725021874999999 0.17279606458333333 0.1056698390625 0.17328641041666665 0.1082458859375 0.16910665208333334 0.10968000468750001 0.1642311 0.1113973671875 0.16144459583333332 0.1172697375 0.15433088541666665 0.11880703125 0.15123292916666667 0.119393375 0.15128759583333334 0.1194702671875 0.14982145208333333 0.12075060156249999 0.1478781875 0.12001494531250001 0.1469256125 0.12203540625 0.14210472708333333 0.1284499453125 0.14712272916666666 0.128691528125 0.14626126458333333 0.13189557968750001 0.14508668541666667 0.132558815625 0.14367520833333333 0.13395126875000002 0.13584915 0.133944834375 0.12848198541666667 0.1304972359375 0.11932067083333334 0.1274360625 0.11402599583333334 0.12296062031249999 0.10948345 0.119941109375 0.1071392875 0.11570277656250001 0.10556547291666667 0.11447305 0.10279885416666666 0.11199374687500001 0.10138904375 0.10999760781250001 0.09825630833333333 0.10647955312499999 0.0979283 0.1049774875 0.09660960416666667 0.10391048750000001 0.08325030625 0.1017541296875 0.07568269583333334 0.099397853125 0.07192705625000001 0.09683522343749999 0.06461622708333334 0.093681778125 0.06108092291666667 0.0908115796875 0.05963466875 0.079521759375 0.057698066666666666 0.07476950624999999 0.058433637499999996 0.0725273125 0.05999256041666667 0.06952318125 0.057355166666666665 0.06792884375 0.05779584375 0.0672348515625 0.059793775 0.06557900156249999 0.06140736666666667 0.0618654984375 0.06106113541666667 0.059289453125 0.06524089375 0.055288232812500004 0.0666358125 0.050705142187499996 0.06414586666666668 0.0494600359375 0.06167247708333334 0.043014740625 0.057240933333333334 0.0350013921875 0.056493802083333336 0.033556367187500005 0.0578323875 0.0346784453125 0.06265160625 0.0344631484375 0.06675680625 0.031480828125 0.07119334791666666 0.030545254687500002 0.07405274583333334 0.0284523734375 0.07650957708333334 0.026925984375 0.0831445 0.02659213125 0.08576533541666667 0.028588270312500004 0.08889807291666667 0.0360415609375 0.09283427291666667 0.0376929390625 0.09505087708333333 0.042095960937499996 0.09722937291666667 0.04539871875 0.10166258333333333 0.0446278359375 0.10512666041666667 0.0425349546875 0.10758349166666667 0.038549112499999996 0.10868517916666667 0.0356590625 0.11136235 0.0380153390625 0.11511798958333334 0.040690090625 0.11654602291666666 0.0570154109375 0.11983609999999999 0.057900378125 0.12168658541666666 0.057808107812499995 0.12344595833333334 0.05965493281249999 0.12568078541666666
0 0.727928446875 0.02621804375 0.7285718328125 0.028929991666666665 0.729841259375 0.023449760416666666 0.729182496875 0.021031039583333334 0.7281129890625 0.02269929791666667 0.727928446875 0.02621804375
0 1 0.04539692708333333 0.8936781609375 0.035483929166666664 0.8931937078125 0.03573342291666667 0.894752815625 0.03970940208333333 0.8926138015625 0.043045918749999995 0.8888080265625 0.04445905833333333 0.8867151468750001 0.046915889583333335 0.8843082640625 0.047870133333333335 0.8825908984374999 0.050656639583333336 0.8814028359374999 0.05084053125 0.8800917453125001 0.053370254166666665 0.8742808890625 0.059311047916666665 0.8717048437500001 0.06349080625 0.87011050625 0.06393148333333333 0.86881479375 0.06616797708333334 0.8663771546874999 0.06770867708333334 0.8628809109375 0.07445460208333333 0.8623625171875 0.08059418125 0.86287196875 0.08211499583333333 0.8624106156250001 0.09091185624999999 0.8629815796875 0.09125975208333334 0.862900215625 0.09655609166666666 0.86535966875 0.102089325 0.867957528125 0.10498350208333333 0.8717742078124999 0.10710732916666667 0.8731423406250001 0.1072348875 0.8753845328125 0.10567596458333334 0.8831409203125 0.1075777875 0.88497236875 0.11010584375 0.8853389406250001 0.11809590833333333 0.88677949375 0.12058752083333334 0.8896650718749999 0.12174054583333334 0.889814384375 0.12263845625 0.8958425 0.12378981666666666 0.9064646125 0.13096809166666665 0.9077097171874999 0.13344147916666668 0.9083223453124999 0.13673988541666665 0.9109926249999999 0.1419981145833333 0.91083436875 0.14876059791666665 0.9101250000000001 0.15105175833333334 0.9111701859375 0.15733712083333332 0.913572596875 0.16021307291666667 0.9140359109375 0.16261357083333333 0.917292534375 0.16792646875 0.9190163328125 0.172507125 0.9205030203125 0.17411905 0.9224574953125 0.17430127708333334 0.925887753125 0.1725584625 0.9279960109375001 0.16980840208333334 0.9341516265625 0.1647837375 0.9379311140625 0.16012685833333334 0.9403270906250001 0.15563564791666668 0.9444974734375 0.1510152125 0.9487864125 0.14787914583333334 0.951336175 0.14045564791666668 0.9547401453125 0.13546909583333333 0.9596878453125001 0.1347517479166667 0.9633443078124999 0.1324407 0.9665022234375 0.13214580416666666 0.9694076515625 0.12917540625 0.9702817125 0.127488925 0.9705123890625 0.12309049583333334 0.971931128125 0.11850817083333333 0.9721771828125 0.11381651041666667 0.9711736609375 0.11048166041666667 0.9691467640625 0.10793537916666666 0.96865269375 0.10612133958333334 0.9654531125 0.103465725 0.963456975 0.10033298958333334 0.9700387125000001 0.09092811666666667 0.9714485078124999 0.09400618541666667 0.9758624375 0.09972164583333334 0.982261596875 0.10503287708333334 1 0.10751585 1 0.04539692708333333
0 0.78524408125 0.0792972375 0.7858150453125 0.07964513333333333 0.78552285625 0.08521647916666668 0.7865987984375 0.09091538333333334 0.7885488015625 0.09492780625000001 0.792009815625 0.09259853333333333 0.7941334515625 0.08955524583333332 0.7967204046874999 0.08891245625000001 0.8008049515625 0.09341855625 0.8027549546875001 0.09743097708333333 0.8103421781250001 0.10255831875 0.82152435 0.10654751875 0.8269968796875 0.10705775416666666 0.8292544515625 0.10520560416666667 0.8316702781249999 0.09659097083333333 0.8352850765625 0.0913294125 0.8368838843749999 0.08705853958333334 0.8385858703125001 0.0845652625 0.8404064124999999 0.08355635 0.8420205984375 0.07899225208333333 0.8421590046875 0.07635319374999999 0.8429715515625 0.07583962708333333 0.843680921875 0.07354846458333333 0.8447702796875 0.06775678125 0.844877928125 0.06570418125000001 0.84375585 0.0608849625 0.84244923125 0.0595844875 0.842315296875 0.05839335208333333 0.838019925 0.054162256250000006 0.83677481875 0.05168886875 0.8363576390624999 0.048408683333333334 0.838224315625 0.0465200875 0.8393553375 0.0436789125 0.8435520046875 0.042302218749999995 0.8448630953125 0.03977249583333333 0.8464663765625 0.03167142916666667 0.846888028125 0.03112141666666667 0.7799581171875001 0.024881156249999998 0.7835431875000001 0.029340689583333336 0.7901531734375 0.034376912499999995 0.7918308374999999 0.03983725625 0.7893073609375 0.05050449166666667 0.788705640625 0.05074305208333333 0.7883102734375 0.054536802083333336 0.787240765625 0.05620506041666666 0.786922290625 0.058532668749999996 0.78632056875 0.05877122916666667 0.78524408125 0.0792972375
0 0.6192139296875 0.3128071229166667 0.6165788796875 0.3031322416666667 0.6162430624999999 0.29455571875 0.6140559484375 0.28757456249999996 0.613983528125 0.2852105104166667 0.612496840625 0.28359858541666666 0.6086186484375 0.282647675 0.6045712921875 0.2849222791666667 0.6013275390625 0.2943437083333333 0.600115153125 0.30248122083333334 0.5995134328125 0.30271978125000004 0.599405784375 0.3047723833333333 0.597143740625 0.31045472916666667 0.5964363328125 0.32394325 0.598129375 0.3291103645833333 0.6023632343750001 0.33451437500000003 0.604895109375 0.3424116625 0.6081254453125 0.34448081875000003 0.6151154203125 0.3460165229166667 0.6162265921875 0.34729877499999995 0.6181964453125001 0.3471877708333333 0.618438028125 0.34632630833333333 0.620243190625 0.34561062708333334 0.6216926875000001 0.3404418458333333 0.6218554140625 0.32984916875 0.6212998296875 0.3292080416666667 0.6212889234375 0.325671075 0.61980670625 0.3202289541666667 0.6192139296875 0.3128071229166667
0 0.3848863359375 0.2532426125 0.3840737890625 0.25375617916666665 0.3887645296875 0.25419352291666664 0.38783342656249997 0.253222725 0.3848863359375 0.2532426125
0 0.381491309375 0.2505687729166667 0.3821237859375 0.24974375625 0.381104884375 0.24670213125 0.3808325453125 0.24815005208333335 0.3817636484375 0.24912085208333332 0.380724896875 0.25020265416666665 0.381491309375 0.2505687729166667
0 0.3955115046875 0.21916841874999998 0.3970026640625 0.21695014583333333 0.40004202656250004 0.21517088541666668 0.40377090625 0.21522388750000002 0.40640399531250004 0.21370141041666668 0.40857376875 0.20977843541666666 0.40995084375 0.20224560416666665 0.41056794375 0.20171381458333335 0.410921646875 0.19496955416666667 0.40840067968750005 0.1906092354166667 0.40024696249999997 0.18130380416666667 0.3999637171875 0.17921475833333333 0.3985077859375 0.177016375 0.398270675 0.17404764166666667 0.39853210781250004 0.16906275416666666 0.3993754109375 0.16796273125 0.39952919531250003 0.16503044375 0.396782025 0.16123835833333333 0.39500761875 0.16136758333333334 0.3911557109375 0.16366041041666665 0.38246375 0.16461798333333333 0.37640040468749997 0.16788327708333334 0.375434075 0.17132913125 0.374153740625 0.17327239375 0.3729413546875 0.18140990625 0.372021159375 0.18397607291666668 0.3707715828125 0.18533288333333334 0.3704992421875 0.18678080208333334 0.36702285 0.18940330416666665 0.366298103125 0.19198769375 0.364853078125 0.19332627916666667 0.3632850265625 0.19701069375 0.36122290156250003 0.19888106666666666 0.359670228125 0.20227225416666667 0.3575773484375 0.20472908333333334 0.356487990625 0.2105207666666667 0.3551461421875 0.21363694791666665 0.3548078171875 0.22008797916666667 0.3554512015625 0.22279992708333335 0.3572980265625 0.22503475625 0.365326753125 0.22548865625 0.3700502125 0.23653690208333333 0.374725575 0.23726747708333334 0.377554109375 0.23576322291666668 0.37984243906250004 0.2333246145833333 0.3805364296875 0.23132667916666666 0.3846145421875 0.22846561875000002 0.386028809375 0.22771349166666666 0.390930375 0.22787582916666665 0.3945451734375 0.22261427083333332 0.3955115046875 0.21916841874999998
0 0.08926892656249999 0.5309508729166666 0.0912695375 0.5302534145833333 0.092323665625 0.5288783854166667 0.0968958515625 0.5278313625 0.10043375624999999 0.5240359479166666 0.1018326453125 0.5235770479166667 0.10332380468749999 0.5213587770833333 0.1047226953125 0.5208998791666667 0.10778190624999999 0.51499719375 0.10795106875 0.5117716770833334 0.10726154843749999 0.5099394145833334 0.10167493593750002 0.5041146166666667 0.101802434375 0.49793859166666665 0.0997998609375 0.4874386916666667 0.09757751875000001 0.48487418958333334 0.0942330984375 0.47749047083333335 0.0908073125 0.4754030895833333 0.090282484375 0.47417550625 0.08614733125 0.47437928749999997 0.0839051375 0.4759382104166667 0.0719520828125 0.4754130833333334 0.0718598125 0.47717245625 0.0707903046875 0.47884071250000004 0.0688050734375 0.47924494375000004 0.0621380453125 0.47155143958333334 0.056470067187499993 0.47102298125 0.046467015625000004 0.474510275 0.0419672515625 0.47792134999999997 0.03981285625 0.4815510958333334 0.039386732812500005 0.48593130208333335 0.038769634375 0.4864630916666667 0.039340596875 0.48681098958333335 0.039320746875 0.4909344145833333 0.0411214390625 0.4940489270833333 0.0442024625 0.49522017916666666 0.0513526578125 0.50119075625 0.05271631718749999 0.5051485104166666 0.05496941875 0.50712655625 0.055823628125000004 0.5095635000000001 0.06297829218749999 0.51170388125 0.065637665625 0.51342514375 0.0746346859375 0.5216305520833333 0.07717103125 0.5256976416666667 0.08301460625 0.5303677458333333 0.08926892656249999 0.5309508729166666
0 0.1971368421875 0 0.197575653125 0.0012271916666666666 0.197926846875 0.0095104875 0.196163346875 0.013176679166666667 0.195186109375 0.013085564583333332 0.1932822421875 0.00819345625 0.18942389843750002 0.0031191208333333333 0.1891098953125 0.0016165312500000001 0.18481005156250002 0.00121563125 0.1818892453125 0.004479258333333333 0.1809382921875 0.007631883333333334 0.1766756390625 0.014011689583333332 0.1764449625 0.01841012083333333 0.17579710625 0.019528366666666668 0.17024321250000002 0.024314472916666666 0.16980618281249998 0.0251577125 0.1705264578125 0.02640351875 0.1704341875 0.028162889583333333 0.17171005 0.030049820833333334 0.17233805625 0.03305499791666667 0.1758670171875 0.036919975 0.1760009515625 0.0381111125 0.18176763437500001 0.044247360416666666 0.1867877546875 0.045894066666666664 0.187852790625 0.048056002083333334 0.187472803125 0.051556525 0.18596626562500002 0.054068022916666666 0.1834517328125 0.05707486666666666 0.178982725 0.05989948541666667 0.17660212656250002 0.06409746458333333 0.1709559609375 0.07064294166666667 0.169974253125 0.07438202291666667 0.16996978125 0.07821221875 0.1725215046875 0.08198608125 0.176667565625 0.08531926875 0.1774602625 0.08892912708333332 0.17803122656249998 0.08927702291666666 0.1780113765625 0.09340044791666666 0.17716807343750002 0.09450047291666668 0.1761049984375 0.10353589166666667 0.1778287984375 0.10811655 0.1804881703125 0.10983781249999999 0.183599953125 0.11042260208333333 0.1885784109375 0.10911879791666666 0.19203942499999999 0.106789525 0.19582981875 0.10566961458333334 0.197799671875 0.10555861041666666 0.1989262203125 0.10654763541666666 0.19994512343749998 0.10958925625 0.199786865625 0.11635173958333334 0.1988205359375 0.11979759375 0.1951903609375 0.12535238333333334 0.1948718859375 0.1276799875 0.1937869984375 0.12964147708333332 0.1933762546875 0.13372845416666665 0.1934025375 0.13697219583333334 0.1943182625 0.13823622083333334 0.1955281390625 0.1451262625 0.1966085546875 0.14699497291666666 0.197247465625 0.15353711875 0.1989296015625 0.15516726458333335 0.2026629546875 0.1513900708333333 0.20462189999999997 0.14774210208333333 0.2068794734375 0.14588995208333333 0.21009246875 0.13705497916666667 0.210426321875 0.13443414375 0.2123083765625 0.13225231875000001 0.2123698890625 0.13107940416666666 0.2152291828125 0.12898869166666665 0.2167203421875 0.12677042291666668 0.21893177812500003 0.12579795624999998 0.22311753906249998 0.12088429166666666 0.224685590625 0.11719987916666666 0.22485475312499997 0.1139743625 0.22321231875 0.10409736666666666 0.22222417499999997 0.10046928541666666 0.22076824374999998 0.09827090208333332 0.2205157546875 0.09559540000000001 0.21742829531250002 0.0870569875 0.21756669999999997 0.08441792916666667 0.2166554484375 0.07932370416666666 0.21762428906250003 0.06085029583333333 0.21971520625 0.04719610625 0.2203323046875 0.04666431666666667 0.220747521875 0.03874714166666667 0.22019193750000002 0.038106016666666666 0.21956840312499998 0.03127064166666667 0.2179939171875 0.02758789375 0.21694873124999997 0.02130253333333333 0.209144246875 0.0090830375 0.20544243281250002 0 0.1971368421875 0
0 0.8823998046874999 0.36887434375 0.8838711140625 0.37077949791666664 0.8914781875 0.3717834125 0.8916275 0.37268132083333333 0.8949193515625 0.3735775645833333 0.8975479671875 0.37588528125000004 0.8992717671875001 0.38046594166666664 0.899234028125 0.3999101479166667 0.8980082265625 0.41953824999999995 0.8969496265625001 0.424743475 0.8932733140625 0.43117795000000003 0.8927043125 0.4420274125 0.8932752781250001 0.44237530833333333 0.8931477796875 0.44855133333333336 0.8937187421875 0.44889923125000003 0.8935495796874999 0.45212474583333334 0.8947177937499999 0.45606427916666664 0.897177246875 0.46159751458333337 0.8981391078125001 0.4619818541666667 0.8989625609375 0.46500525625000005 0.9058666984375 0.47566749375 0.9090092375 0.4756658270833333 0.9125317640624999 0.4721636395833333 0.9194230343750001 0.46809155416666665 0.923213428125 0.4669716395833333 0.9275485015625 0.4629558875 0.9276407734375001 0.46119651458333333 0.9297644093749999 0.458153225 0.9329312703125 0.4501979395833333 0.9354547468750001 0.4395307041666667 0.9357930718749999 0.43307967291666666 0.9348971984375 0.42769222083333336 0.9355584703125001 0.4150833854166667 0.9363754890625 0.410739625 0.938560640625 0.4065234208333333 0.9415692453125001 0.40533061666666664 0.9464246749999999 0.40637264166666665 0.9503708156249999 0.4135178 0.9509988234375 0.41652297916666664 0.9523208203125 0.41753022291666664 0.95532048125 0.42399781249999996 0.9590448890625 0.42788101041666665 0.96605024375 0.4291234854166667 0.9663950031249999 0.4300396166666667 0.9683341000000001 0.43051507291666663 0.9726493234375001 0.43062274166666664 0.97289090625 0.4297612791666667 0.976048821875 0.42946638541666665 0.978080190625 0.42818246875 0.9801884484375 0.42543240833333335 0.9805069234375001 0.42310480208333334 0.9811240234374999 0.4225730125 0.98059919375 0.4213454291666666 0.98061904375 0.41722200625 0.9733220484375 0.3953259625 0.9720089937499999 0.38665832708333336 0.9703883718749999 0.3838552625 0.968561396875 0.37749701041666667 0.9668946390625001 0.37557363541666666 0.9667760828124999 0.3740892666666667 0.9594240078125 0.36073330416666666 0.957700209375 0.35615264583333334 0.95663964375 0.35016051249999997 0.957070240625 0.34195010833333334 0.9583659515624999 0.3397136145833333 0.95876131875 0.33591986458333334 0.959363040625 0.3356813041666667 0.9589612390625 0.33210789166666665 0.9625299015625 0.32772601875 0.9704862078125001 0.32581586875 0.9730007390625 0.32280902499999997 0.9737254875 0.3202246333333333 0.9738331359375 0.3181720333333333 0.9721291875 0.30946795 0.9704009171875001 0.30871748958333334 0.9693666375 0.3059690958333333 0.9678184359375 0.30553008541666665 0.9673243640625 0.30371604583333334 0.9692788390624999 0.30389827291666666 0.9710993796875 0.30288936041666664 0.9719888187500001 0.3009096520833333 0.9701419937500001 0.29867482291666664 0.9694678531250001 0.29654933125 0.9677549593749999 0.29550564166666665 0.964333646875 0.28958806458333336 0.9631500562499999 0.28594176250000003 0.9512277578124999 0.2848301770833333 0.940680028125 0.2912133145833333 0.9377284640625 0.29506339791666664 0.9363558609375 0.2987660354166667 0.935975871875 0.30226655625000004 0.9323456953125 0.3078213458333333 0.9322688031249999 0.30928748958333335 0.9314562562500001 0.30980105625000004 0.9298420703125 0.31436515625 0.921301384375 0.32741799791666665 0.9180819546875 0.32888580624999997 0.91331879375 0.3260844104166667 0.9117135515625 0.32298811875 0.9092342468749999 0.32157830833333334 0.9080198984375001 0.3185184625 0.9049234953124999 0.31764044166666666 0.9034675625 0.31544205833333333 0.902644109375 0.31241866041666666 0.8977316375 0.30871935208333334 0.8938073093750001 0.3086481291666667 0.8927685578125001 0.3097299291666667 0.8862265203125 0.31088795416666665 0.8784919468749999 0.31606006458333336 0.8753141796874999 0.32047838333333334 0.874558675 0.32364923125 0.8751296390625001 0.32399712708333334 0.8750636546875 0.3290002375 0.8762933796875 0.33176685624999996 0.8785311015625 0.33403812916666664 0.8786650359375001 0.33522926666666664 0.8834281953125 0.3380306645833333 0.887060334375 0.34367323333333333 0.8866143609374999 0.35217686666666664 0.8860126390625 0.352415425 0.88566340625 0.35532949166666666 0.8850616875 0.3555680520833333 0.8834474999999999 0.3601321520833333 0.8833398515625 0.3621847541666667 0.8827227499999999 0.36271654375 0.8823998046874999 0.36887434375
0 0.8974680203125001 0.41860389375 0.8980851187500001 0.4180721041666667 0.8981773890625 0.41631273333333335 0.8976064265625 0.41596483749999996 0.8976986968749999 0.41420546458333335 0.8983157953124999 0.413673675 0.8996075812500001 0.3890424625 0.89903661875 0.3886945666666667 0.8992102531249999 0.38163885625000005 0.898283621875 0.37683786041666667 0.8949193515625 0.3735775645833333 0.8815981640624999 0.37292487916666667 0.8805747921875 0.3737134520833333 0.8797423953125 0.3783504416666667 0.8791406734375 0.3785890041666667 0.8786113734375001 0.3811916166666667 0.87694014375 0.38309843541666666 0.8743596265625 0.3911083895833333 0.871649646875 0.39409701041666667 0.8713311718750001 0.3964246166666667 0.87072945 0.3966631770833333 0.8698836375000001 0.41279075625 0.8704546015625001 0.4131386541666667 0.8702194546875001 0.42136728125 0.871840075 0.4241703416666667 0.871943253125 0.4259479375 0.87368243125 0.4302353666666667 0.882488475 0.4345923541666667 0.88581108125 0.43490213958333335 0.89178215625 0.4333962208333333 0.892625459375 0.43229619583333334 0.8927023515625001 0.4308300541666667 0.8956692921875 0.4266867416666667 0.8973296156250001 0.4212429541666667 0.8974680203125001 0.41860389375
0 0.342244421875 0.3173339041666667 0.34397269375 0.3180843666666667 0.345413246875 0.32057597499999996 0.3479386859375 0.3211061 0.3480879984375 0.32200400833333337 0.352644803125 0.32125021458333336 0.3560705875 0.3233375958333333 0.3675558546875 0.32529242291666666 0.371330871875 0.3244657395833333 0.37178327968749997 0.32332926875 0.375198159375 0.32187968333333333 0.3765707625 0.31817704583333334 0.377383309375 0.31766347916666665 0.3772627921875 0.30498175208333334 0.3762900265625 0.30106044375 0.373830571875 0.2955272104166667 0.374149046875 0.2931996020833333 0.3752031765625 0.2918245729166667 0.375310825 0.28977197083333334 0.37450722187499996 0.28262514791666665 0.3737869453125 0.28137934166666667 0.37516849375 0.2700163125 0.377307509375 0.26667979583333334 0.376000890625 0.2653793208333333 0.37550681875 0.26356528125 0.37289358125 0.2609643333333333 0.371323565625 0.2534513875 0.3702431515625 0.25158268125 0.3664988921875 0.25182290625 0.3624406296875 0.25056054375 0.36093856406249997 0.24924184791666668 0.355975484375 0.250252425 0.35124308125 0.24686457083333335 0.3459659984375 0.24637255833333332 0.340401196875 0.24762169375 0.340159615625 0.24848315625 0.3375726625 0.24912594791666667 0.3349088171875 0.25123488125 0.3308569890625 0.25733968333333335 0.328177765625 0.2597418458333333 0.31993374218750004 0.26339314583333334 0.3158402515625 0.2665474375 0.314107509375 0.2696271708333333 0.3120453859375 0.27149754375 0.3104619546875 0.2754751875 0.3097679640625 0.2774731208333333 0.309521909375 0.28216478125 0.3121966609375 0.2835928125 0.3229770296875 0.2840086041666667 0.32775556875 0.2865167708333333 0.330682809375 0.29062030833333335 0.33051364687499996 0.293845825 0.32896097343749997 0.29723700833333333 0.3288533234375 0.29928961041666663 0.32825160468750003 0.2995281708333334 0.3280824421875 0.30275368541666664 0.3286534046875 0.30310158333333337 0.3297601046875 0.30821403125 0.3334845140625 0.3120972270833333 0.3400220796875 0.3147694020833333 0.342244421875 0.3173339041666667
0 0.432498515625 0.5812212166666666 0.43430815 0.5766753395833334 0.430603590625 0.5686687166666666 0.4311879703125 0.5575260270833333 0.4305445875 0.5548140770833334 0.42922259062499996 0.55380683125 0.425643021875 0.5546517375000001 0.423879521875 0.5583179291666667 0.4203416171875 0.5621133458333334 0.4173330125 0.5633061479166667 0.415435578125 0.5657812041666667 0.41164518437500003 0.5669011145833333 0.4102725796875 0.5706037520833332 0.4094619953125 0.5823146770833334 0.408860275 0.5825532395833334 0.408495665625 0.5857605312499999 0.40789394375 0.5859990916666666 0.40780167343749996 0.5877584645833333 0.4064905828125 0.5902881854166666 0.40611059374999997 0.5937887083333333 0.40550887343750003 0.5940272708333333 0.40510903593750003 0.6016512145833333 0.40924418906250004 0.6014474354166667 0.41010287187500005 0.6000541833333333 0.41694800625 0.5968617791666666 0.4184237875 0.5949367375 0.42469795781249997 0.5913964395833333 0.42716635468749997 0.5892692833333334 0.432498515625 0.5812212166666666
0 0.5167880890625 0.5319154895833333 0.516217125 0.5315675916666667 0.5164098453125 0.5307015729166666 0.51038445625 0.5304344541666667 0.5111201109375 0.53138703125 0.514278028125 0.5310921375000001 0.51771471875 0.5367164833333333 0.517997965625 0.5388055312500001 0.5175961640625 0.53523211875 0.518164053125 0.5356386604166666 0.5174622296875 0.53404098125 0.5182470968749999 0.5340552249999999 0.5184131828125 0.53088835625 0.5174115140625 0.5307949645833333 0.5167880890625 0.5319154895833333
0 0.0281009578125 0.18432329583333334 0.0373991109375 0.17929696458333336 0.0376297875 0.17489853333333333 0.0346410328125 0.1719679125 0.033215859375000004 0.16918307083333334 0.016224668749999997 0.16735473541666668 0.015335356250000001 0.18431173333333334 0.024115115625 0.18542498333333332 0.0281009578125 0.18432329583333334
0 0.071526078125 0.15772716458333333 0.066813525 0.1502158875 0.06577281093750001 0.14010032916666668 0.0641259046875 0.13405352708333332 0.061589559375000005 0.1299864375 0.0587347375 0.12824695416666668 0.057098737499999996 0.12573712083333333 0.0483804921875 0.12345095625 0.036082678125 0.12200969583333333 0.0303378078125 0.12294738125 0.028018723437499997 0.12597244791666667 0.0268306609375 0.12615633958333333 0.02469164375 0.12949285833333332 0.0216676609375 0.13097888958333334 0.0203873265625 0.13292215416666667 0.0179832390625 0.13382308333333331 0.0163578234375 0.16481578333333333 0.03527798125 0.16731269791666667 0.0435329125 0.16719836666666668 0.049745568750000003 0.16483098125 0.053459073437500004 0.1651772125 0.055547481249999996 0.16655057708333335 0.058854709375 0.16715359166666666 0.0674544 0.16795538958333334 0.0712755515625 0.16624902083333334 0.0725405078125 0.16459898541666668 0.071526078125 0.15772716458333333
0 0.46722141875 0.7317898937499999 0.463698890625 0.73529208125 0.46206932500000003 0.7401494104166667 0.46146760468750003 0.7403879708333334 0.4599412171875 0.7470228958333334 0.4588518578125 0.7528145770833333 0.45834437031249997 0.762491125 0.459960521875 0.7691243833333333 0.46143183125 0.7710295375 0.464420584375 0.7739601583333333 0.4701917390625 0.7762662124999999 0.474631953125 0.7852254125000001 0.47441665468750005 0.7893306145833333 0.47558486875000006 0.7932701458333333 0.47979244374999996 0.79543041875 0.48124837343750004 0.7976288 0.482431965625 0.8012751041666667 0.4820584109375 0.8121427874999999 0.48262937656249993 0.8124906854166666 0.4825480125 0.8177870229166667 0.4863800703125 0.8196176229166666 0.489764190625 0.81875449375 0.4928496875 0.8160955458333333 0.5045701031250001 0.8098217437499999 0.506904565625 0.8065034479166666 0.5127878421875 0.80292670625 0.516284084375 0.7961807791666666 0.5183308296875 0.7946036354166667 0.521998196875 0.7958295520833333 0.5236079124999999 0.7950956479166666 0.525068315625 0.7934638354166667 0.5273611140625001 0.7871950291666666 0.5298910265625 0.7838949583333333 0.5369425140625 0.7842577458333333 0.54056821875 0.7825331541666666 0.544363084375 0.7775830458333334 0.555292765625 0.7788967458333332 0.556316140625 0.7781081708333333 0.5585166687500001 0.7735987395833334 0.559358009375 0.7613013583333333 0.5622832875 0.7542075354166666 0.564360790625 0.75204393125 0.56426655625 0.7426059458333333 0.5653405359375 0.7371074916666667 0.5659576359375 0.7365757020833333 0.5666342859375 0.7236736374999999 0.5659755234375 0.7212549166666666 0.5663753625 0.7136309708333334 0.5702163640625 0.7078011770833333 0.5711102734375 0.7019912729166666 0.57069309375 0.6987110875 0.5682291687500001 0.6970080500000001 0.56659316875 0.6944982145833334 0.562400971875 0.6920447145833334 0.5597877359375001 0.6894437666666666 0.5497321125 0.6864435875 0.547571284375 0.68270616875 0.549499475 0.6796446583333334 0.557053978125 0.6741610958333334 0.5589514125 0.6716860416666666 0.5647424171875 0.6698686708333333 0.5670461234374999 0.66713683125 0.567261421875 0.6630316291666667 0.5657901109375 0.6611264770833334 0.56531141875 0.6590192062500001 0.5632537656250001 0.6570593854166666 0.5627904515625 0.6546588895833333 0.5607174203125 0.65299229375 0.558885971875 0.6504642374999999 0.558407278125 0.64835696875 0.55726535 0.647661175 0.5566681015625 0.6440695395833332 0.5550474796875 0.6412664770833333 0.5525835546875 0.6395634395833334 0.5478928140625 0.6391260958333334 0.5446317203125 0.63764339375 0.5417352375 0.6329534 0.5366536015625 0.6324796104166667 0.528728053125 0.6338033041666667 0.524649940625 0.6366643645833334 0.5235342953125001 0.6392123104166667 0.5221661640625 0.6390847520833333 0.521430509375 0.6381321750000001 0.5206531921875001 0.6342290875 0.5208575828125 0.62658691875 0.5192830953125 0.6229041708333334 0.5159957171875 0.61817773125 0.514678190625 0.6133402895833334 0.512949921875 0.6125898270833333 0.5101675203125 0.6132143979166667 0.509879803125 0.6149555479166666 0.50668665625 0.6196670958333333 0.5029731546875 0.6193208645833334 0.501187840625 0.6159131187500001 0.4996857765625 0.6145944249999999 0.4952058609375 0.6138820729166666 0.481612334375 0.6146773083333333 0.4741808578125 0.6178150416666667 0.4733375546875 0.6189150645833333 0.47316839218749995 0.6221405812499999 0.47606487499999994 0.626830575 0.476662125 0.6304222104166667 0.47847819375 0.6332434958333334 0.48033592656249996 0.6390152916666667 0.48218275312500003 0.6412501187499999 0.483320209375 0.6457761083333333 0.48443138125 0.6470583583333334 0.48426221875 0.650283875 0.4836143609375 0.6514021208333334 0.4799162375 0.6507626625 0.4742681109375 0.6461107791666667 0.47250908281250004 0.6459467750000001 0.47112557187500004 0.6461124458333334 0.46540698750000004 0.65029386875 0.463298728125 0.6530439291666668 0.46308343125 0.65714913125 0.4655890203125 0.6618026791666666 0.468006809375 0.6643854020833333 0.46138787968750006 0.6670095708333333 0.46105402656249994 0.66963040625 0.46045230468750004 0.6698689645833333 0.46001080468750005 0.6745424020833333 0.458653578125 0.6779518125 0.45759944687500004 0.6793268416666667 0.4543800171875 0.68079465 0.45228713593750003 0.68325148125 0.449243303125 0.6888609395833334 0.449120275 0.6912067666666667 0.44753684531250004 0.6951844104166667 0.44392204843750005 0.7004459708333334 0.443495925 0.7048261770833334 0.44913957968749996 0.71330825625 0.45193288750000005 0.7162206541666667 0.46209615625 0.7171682354166666 0.46710537187499995 0.715277975 0.4695891484375 0.7128575875000001 0.47318409531250005 0.7117194520833333 0.477483940625 0.7121203520833334 0.48015869218749996 0.7135483833333333 0.4810590375 0.7151056395833333 0.481445459375 0.71897228125 0.47990816406250003 0.7220702395833333 0.4772750765625 0.7235927145833333 0.47394799687500005 0.7271131270833333 0.46747837968750006 0.7306352020833333 0.46722141875 0.7317898937499999
0 0.36751014843749996 0.62201331875 0.37166515312500004 0.6176861145833333 0.37960608125 0.6160691916666666 0.3862666734375 0.6163955333333334 0.389125965625 0.6143048229166667 0.39290098125 0.6134781395833334 0.40106364218749996 0.6151231791666666 0.4024932875 0.6140778229166667 0.40315652343749997 0.6126663479166666 0.4036749171875 0.6065267666666667 0.404292015625 0.6059949770833334 0.4044919359375 0.6021830041666667 0.40587991875 0.5981871375 0.40632142031249996 0.5935137041666666 0.40692314218750003 0.5932751416666666 0.408917315625 0.5852105208333334 0.41019765 0.58326725625 0.411256253125 0.5780620291666666 0.411656090625 0.5704380833333332 0.408074559375 0.56008563125 0.4028019484375 0.5557634208333333 0.39933002812499996 0.5545557270833333 0.39688148125 0.5525594604166667 0.3923861890625 0.5521403374999999 0.39037467187499997 0.5493008291666667 0.389072525 0.5441701604166667 0.3879767328125 0.5425946791666667 0.3831213015625 0.5415526541666666 0.3798711140625 0.5436069208333334 0.3789970546875 0.5452934041666667 0.377815425 0.5528444583333333 0.3764889546875 0.5556674104166667 0.3760782109375 0.5597543895833332 0.37727717968749996 0.5631074645833334 0.3771233953125 0.5660397520833332 0.3776943609375 0.5663876479166666 0.3769824828125 0.5837063625 0.37515746875 0.58854546875 0.3730492109375 0.59129553125 0.3714196453125 0.5961528604166666 0.3665860265625 0.6021847708333333 0.36435921250000003 0.6034504625 0.3612275796875 0.6069890958333333 0.35865600625 0.6073386583333333 0.3555243734375 0.6108772895833333 0.3539300359375 0.6113179666666666 0.3536576984375 0.6127658895833333 0.3524081203125 0.6141226958333333 0.348180696875 0.6160858479166667 0.33998924218750004 0.6262246250000001 0.336497471875 0.6291403541666667 0.333438259375 0.6350430395833333 0.33158696249999997 0.6366384083333333 0.330605253125 0.6403774895833333 0.32781838125 0.6448322541666667 0.32739225625 0.6492124625 0.32679053593749996 0.6494510229166667 0.32631380625 0.6585411125 0.327635803125 0.6595483583333334 0.3312044640625 0.6551664833333334 0.34010725 0.6539339041666667 0.34398991562500003 0.6510546208333333 0.3469677640625 0.6504482729166666 0.34943616093749996 0.6483211166666667 0.3526402140625 0.6471465375 0.35560715468750004 0.643003225 0.35598714375 0.6395027020833334 0.3586509890625 0.6373937666666667 0.36038373125 0.6343140333333334 0.3621888921875 0.6335983520833334 0.365006521875 0.6285571291666667 0.36530961875 0.6265227520833334 0.36751014843749996 0.62201331875
0 0.27508921875 0.6428626375000001 0.2752737609375 0.6393438916666666 0.276209334375 0.6364844958333333 0.27739543437499997 0.6251032458333333 0.2780125328125 0.6245714562500001 0.27813556093749997 0.622225625 0.2796420984375 0.6197141270833334 0.28328318124999996 0.6176963041666668 0.2877784734375 0.6181154270833333 0.288801846875 0.61732685625 0.29371235625000003 0.6098288020833333 0.2939276546875 0.6057235999999999 0.295300259375 0.6020209624999999 0.29895671875 0.5997099124999999 0.29942450625 0.5982802145833334 0.30190828281250004 0.5958598291666667 0.302400390625 0.5864765104166667 0.303217409375 0.5821327479166667 0.30721666718749996 0.5695404708333334 0.3076274125 0.5654534916666666 0.3082445109375 0.5649217020833334 0.30706539374999997 0.5574452020833333 0.3048430484375 0.5548807020833333 0.30260085625 0.556439625 0.30130514375 0.5586761166666666 0.2990693859375 0.5676022020833333 0.29635940625 0.5705908229166667 0.2952437625 0.5731387666666666 0.2917519921875 0.5760544979166667 0.2891650390625 0.5766972895833333 0.2855438078125 0.5745916854166667 0.282504446875 0.5763709479166667 0.281856590625 0.5774891937500001 0.280521178125 0.5879725354166666 0.27746196562500003 0.5938752208333333 0.270761671875 0.6017957270833333 0.26421963437499996 0.60295375 0.260681728125 0.6067491666666667 0.26051256562499997 0.60997468125 0.2596692625 0.6110747062499999 0.25916177500000004 0.6207512541666667 0.2597327390625 0.6210991499999999 0.259359184375 0.6319668354166667 0.25993015 0.63231473125 0.259479703125 0.6446485604166666 0.2604524703125 0.64856986875 0.260206415625 0.6532615291666667 0.260777378125 0.6536094250000001 0.2608036640625 0.6568531624999999 0.26468185625 0.6578040729166666 0.2679166671875 0.6560430375 0.27404599531249996 0.6477746333333333 0.27447211875 0.6433944270833333 0.27508921875 0.6428626375000001
0 0.8868575812499999 0.27264066249999996 0.8881840499999999 0.26981771041666663 0.8885992671875 0.26190053541666664 0.8876726375 0.25709954166666665 0.8858411890625 0.25457148541666663 0.8845390406250001 0.2494408145833333 0.8832170453125 0.24843356875 0.8809069031250001 0.24379824375 0.8788646296874999 0.24154519375 0.8758803484375 0.23478437708333333 0.8732978671874999 0.23159697291666664 0.8718771640625 0.22498193541666664 0.8721123109375 0.21675330833333334 0.8742974640625001 0.21253710625 0.876267315625 0.21242610416666666 0.877712340625 0.21108751874999998 0.8850624546875 0.21324612708333335 0.8861319625 0.21157786666666667 0.8837449296875001 0.20840868541666666 0.8856884968750001 0.20505394375 0.885029734375 0.20263522291666666 0.8853635875 0.2000143875 0.889077090625 0.20036061875 0.8930584609375 0.203089125 0.9001977468750001 0.2055227375 0.9028154562499999 0.2042934875 0.9113119703124999 0.20331769375 0.9154515968749999 0.19928371458333333 0.9178629515625 0.1944992770833333 0.9185396015625 0.18159721666666667 0.9182762062500001 0.17538474583333336 0.9166600562499999 0.16875148541666668 0.91466391875 0.16561874791666667 0.9129708750000001 0.16045163333333334 0.9086030828125 0.15385648541666666 0.9081551453125 0.15116276041666668 0.9092906390625 0.14449138958333335 0.9091150421874999 0.14034974374999998 0.9065633171874999 0.13657588125 0.905065721875 0.13142698958333335 0.90012249375 0.12831413958333332 0.8969645765625 0.12860903333333332 0.8921508093750001 0.13051751875 0.8904642031250001 0.13271756875000001 0.887244771875 0.13418537708333333 0.8865661578124999 0.13589008125 0.8843547218750001 0.13686254791666666 0.8830590109375 0.13909903958333333 0.88272515625 0.14171987708333333 0.8814602015625 0.1433699125 0.8797845000000001 0.14910692708333334 0.8781613703125 0.16133141875 0.8768349015625001 0.16415437083333334 0.8766964953124999 0.16679342916666667 0.8760947734375 0.1670319875 0.875987125 0.16908458958333333 0.875143821875 0.17018461458333334 0.8734066078125 0.17709454375 0.8705582218749999 0.18272222291666665 0.87022436875 0.18534305833333334 0.869622646875 0.18558161875 0.8679777046874999 0.19073217708333334 0.8664404093750001 0.19383013333333335 0.86436290625 0.1959937375 0.8624411515625001 0.20642241041666667 0.8596389 0.2111704041666667 0.8577831296875 0.21659596666666667 0.8557210078124999 0.21846634166666667 0.8538806156250001 0.22359867708333334 0.8521940078125001 0.225798725 0.850939959375 0.23098572708333334 0.8503382374999999 0.23122428958333333 0.850184453125 0.234156575 0.8471713781249999 0.239179575 0.845495678125 0.24491658958333332 0.8435521093749999 0.24827132916666667 0.8421596546875 0.2560973916666667 0.8415579328125 0.2563359520833333 0.8405454671875001 0.26066149375000003 0.8392805125 0.26231152708333333 0.8367877921875 0.27239230625000005 0.8359598671875 0.27319910000000003 0.8349012640625 0.2784043270833333 0.8344706687500001 0.2866147291666667 0.8330673078125 0.290903825 0.8326565625000001 0.2949908041666667 0.8320548421874999 0.2952293645833333 0.8299133171875 0.3135934354166666 0.832223459375 0.31822876250000004 0.836112559375 0.32271664166666664 0.83945054375 0.32273319791666666 0.839692128125 0.32187173333333335 0.8422637015625 0.32152217083333334 0.8481469781250001 0.3179454291666667 0.8579020109375 0.30795243333333333 0.8636404453125 0.29964758541666664 0.8650547124999999 0.29889545625 0.8680062749999999 0.29504537291666666 0.8688079171875 0.29099483958333333 0.8717902359374999 0.28655830000000004 0.8828365109374999 0.27815900416666667 0.8848108343750001 0.27421780833333337 0.8868575812499999 0.27264066249999996
0 0.099033775 0.5769446708333333 0.0991568015625 0.5745988416666666 0.09789631875 0.5724186833333333 0.09685113281249999 0.5661333208333333 0.09506582031250001 0.5627255791666667 0.0929600703125 0.5504480833333333 0.0888864296875 0.5494789479166666 0.0862687203125 0.5507081979166667 0.08427454375 0.5587728208333334 0.0796011453125 0.5692396062499999 0.075116759375 0.57235745 0.0742426984375 0.57404393125 0.07072464375000001 0.5737159229166667 0.0682101125 0.5767227666666667 0.06583398593749999 0.5770905520833334 0.06578785000000001 0.5779702395833334 0.063725725 0.5798406125 0.0630163546875 0.582131775 0.06272863749999999 0.583872925 0.06410767656250001 0.5875374479166666 0.06778595 0.5923003333333334 0.07304765468749999 0.593085575 0.074641990625 0.5926449 0.07611777343750001 0.5907198583333333 0.0784631421875 0.59093853125 0.084023471875 0.5935195895833334 0.085499253125 0.5915945479166667 0.08829703125 0.59067675 0.091593353125 0.5877427979166666 0.0984493953125 0.5880873624999999 0.09968359375 0.5870237833333333 0.10028978749999999 0.5829550291666667 0.099769428125 0.5778972499999999 0.099033775 0.5769446708333333
0 0.4017090921875 0.8350015979166667 0.40538540312500004 0.8285671229166667 0.405585321875 0.82475515 0.40502973750000004 0.824114025 0.396790184375 0.8239351291666667 0.3903602671875 0.81921035625 0.38763938124999997 0.8186620104166666 0.3606830046875 0.8158540479166666 0.3553290296875 0.8168281812499999 0.3531746359375 0.8204579270833333 0.3526517703125 0.8304277020833334 0.3607176859375 0.8376623104166666 0.36426649843750003 0.8374038625 0.36450808125 0.8365423979166666 0.3747174859375 0.8366102916666667 0.3761471328125 0.8355649354166667 0.3791448296875 0.8308351645833334 0.380642425 0.8359840583333333 0.3821291140625 0.83759598125 0.383677315625 0.83803499375 0.38666606875 0.8409656145833334 0.39015336718750004 0.8418800791666666 0.3922110203125 0.8438399020833334 0.39568293906249996 0.8450475958333333 0.39732788281250003 0.8398970395833333 0.4017090921875 0.8350015979166667
0 0.9322420749999999 0.5382377770833333 0.9358062671875 0.5376860979166668 0.9386348015625 0.53618184375 0.9423681546875 0.5324046520833333 0.9473247984375 0.5240269125 0.9483834015625 0.5188216854166667 0.9490005 0.5182898958333333 0.9493958671874999 0.5144961458333334 0.9500129671875 0.51396435625 0.9507421859375 0.50754976875 0.95245955 0.5047632645833333 0.9530240796875 0.4977439979166667 0.9565664578125 0.4901183875 0.9578249781249999 0.4811011875 0.9584420781249999 0.4805693979166667 0.95889895625 0.4756027333333333 0.95951605625 0.47507094375 0.96115009375 0.46638341874999995 0.9613500140625 0.4625714458333333 0.9577947671875 0.4554627333333333 0.9545644296875 0.453393575 0.9496782421875001 0.45293800625 0.945677021875 0.454332925 0.943990415625 0.45653297291666667 0.9429977984375 0.4567350875 0.9424684984375 0.4593377 0.9414143671874999 0.46071272916666667 0.9323315125 0.4616338583333333 0.9276209234374999 0.4653199395833333 0.9267468609374999 0.4670064208333333 0.926382253125 0.47021371458333333 0.92578053125 0.47045227500000003 0.9253806921875001 0.47807622083333334 0.9259516578125 0.4784241166666667 0.92593180625 0.48254754166666664 0.926935328125 0.48588239375 0.9295024312500001 0.4893630270833333 0.9317356796875 0.49546449583333335 0.925931259375 0.5087724541666667 0.9255468 0.5161031729166666 0.9272552203125001 0.5209770604166667 0.9272418046875 0.5324676458333334 0.92781276875 0.5328155437500001 0.9278698109375 0.5354728249999999 0.9297320140625001 0.537414425 0.9322420749999999 0.5382377770833333
0 0.3865910375 0.6476600041666667 0.396238421875 0.6397196104166666 0.3974002 0.6362919791666666 0.40071190156250003 0.6330647979166667 0.40377111406250005 0.6271621125000001 0.40458813125 0.62281835 0.40394474843749995 0.6201064020833333 0.40112068437500004 0.6177804583333334 0.400971371875 0.61688255 0.3979211046875 0.6151248458333334 0.39088499374999996 0.6144688270833334 0.386703703125 0.61555229375 0.3864621203125 0.61641375625 0.383242690625 0.6178815666666666 0.3774715359375 0.6155755125 0.3763603640625 0.6142932625 0.3719836265625 0.61535850625 0.3684918578125 0.6182742375 0.3645739640625 0.625570175 0.3640972328125 0.6346602645833334 0.36520840468750004 0.6359425145833334 0.3665259296875 0.6407799562500001 0.358756128125 0.6503687208333333 0.35454408125 0.6520386458333333 0.3534745734375 0.6537069041666667 0.35350085781249996 0.65695064375 0.35264217656249996 0.6583438958333333 0.3516822796875 0.6691569125 0.351996284375 0.6706595020833334 0.3542032484375 0.6735172312500001 0.357613653125 0.6758978416666667 0.3586786890625 0.6780597791666667 0.3622384078125 0.6813382979166666 0.36572570625 0.6822527625 0.36993775156250003 0.6805828374999999 0.37275538125 0.6755416166666667 0.373289153125 0.66910880625 0.37390625312500003 0.6685770166666667 0.37449706875 0.6648014895833333 0.379319778125 0.6552326145833334 0.3828884421875 0.6508507395833333 0.384693603125 0.6501350583333333 0.3865910375 0.6476600041666667
0 0.0250740234375 0.43303090625 0.028416479687500003 0.42921726875000005 0.029799990625 0.4290515979166667 0.0327317046875 0.4293249375 0.0354788765625 0.4331170229166667 0.039192378124999996 0.4334632541666667 0.043779940625 0.43212300416666666 0.047317846875 0.42832758958333333 0.0495337546875 0.423524925 0.05294863281249999 0.42207534166666666 0.0531902140625 0.4212138770833333 0.057762400000000005 0.42016685625 0.059222803125 0.41853504166666666 0.0625697328125 0.4108912083333333 0.06283116562499999 0.40590631875 0.062387700000000004 0.3993823979166667 0.06163666718750001 0.39872305 0.05997438125 0.39296947708333335 0.0627240625 0.38173400625000004 0.0633411609375 0.3812022166666667 0.06377175625 0.3729918145833333 0.0608797453125 0.364471625 0.0576186515625 0.36298892499999996 0.0498667375 0.35725690625 0.04600839375 0.35218256875 0.042793434375 0.34982018333333337 0.040828053125 0.34610098958333335 0.038214815624999995 0.34350004166666664 0.037195915625 0.34045841875 0.0357246046875 0.33855326458333335 0.0340623203125 0.33279969375 0.029993151562499997 0.32800036250000003 0.0259656453125 0.32615154166666666 0.018672575 0.32665021666666666 0.0079229625 0.32564796875 0.0031864109374999997 0.41596241041666665 0.0041636484375 0.4160535229166667 0.007429215625000001 0.41370602916666666 0.0087249265625 0.4114695354166667 0.0123352515625 0.4100381708333333 0.0134310453125 0.41161365208333334 0.0147440984375 0.4202812875 0.017471421875 0.42819679791666665 0.020475553125 0.4308341895833333 0.0211804515625 0.432373225 0.0250740234375 0.43303090625
0 0.0799996703125 0.7301625 0.08431489375 0.73027016875 0.086423153125 0.7275201083333334 0.08660769375 0.7240013666666666 0.09083511875 0.7220382125 0.094050078125 0.7244005979166667 0.09880233125 0.7236650270833334 0.105847384375 0.7166606541666667 0.1080325359375 0.71244445 0.1084740390625 0.7077710125 0.10722893281250001 0.7052976270833333 0.10661630468750001 0.70199921875 0.10478485781249999 0.6994711604166667 0.10369353750000002 0.6940654875 0.1013526390625 0.6900166187500001 0.0977929203125 0.6867381 0.09498870625 0.6802887333333333 0.09395889843750001 0.6737101458333333 0.0915302015625 0.6675904520833333 0.0912975640625 0.6607915229166667 0.08936293749999999 0.6564858729166667 0.08604033125 0.6561760875 0.0843383453125 0.6586693645833334 0.08315028125 0.65885325625 0.080800440625 0.66246478125 0.07350736875 0.6629634541666667 0.06804574531249999 0.6659901854166667 0.06361839999999999 0.6717653124999999 0.0615210484375 0.6780523395833333 0.060833492187500005 0.6874174354166667 0.0614153625 0.6913023 0.062465018750000004 0.6937574666666666 0.06378701718749999 0.6947647104166667 0.0684777578125 0.6952020541666666 0.07080327812500001 0.6995441520833333 0.07264563125 0.705609175 0.0723688203125 0.71088729375 0.0717671 0.7111258520833333 0.071464003125 0.71316023125 0.068512440625 0.7170103145833333 0.0644958421875 0.7186984604166666 0.065541028125 0.7249838229166666 0.067027715625 0.72659575 0.077160228125 0.7281297875 0.0799996703125 0.7301625
0 0.5011819531249999 0.5823210437499999 0.5059233 0.5780485062499999 0.509748925 0.5725119395833332 0.512386484375 0.5671592666666666 0.5127357156250001 0.5642452041666667 0.5133374359375 0.56400664375 0.5136450046875 0.5581420687499999 0.5123998984375 0.5556686812499999 0.5122089234375 0.5518202624999999 0.51735654375 0.5472909416666667 0.5199325906250001 0.54311118125 0.5193596640625 0.5315659270833334 0.518474696875 0.5297154416666666 0.510656796875 0.5289865333333333 0.5094225984375 0.5300501125 0.5078590171874999 0.52990433125 0.501564996875 0.5375680541666666 0.49634495625 0.5397333229166666 0.49279167343749997 0.5438219666666666 0.49176382656250006 0.5484407354166667 0.49114672812500004 0.548972525 0.4908391609375 0.5548371 0.4933030859375 0.5565401375000001 0.496621221875 0.56068011875 0.4962412328125 0.5641806416666667 0.49458538281250003 0.5657942312500001 0.49219387656249997 0.56645524375 0.48969472343750003 0.5691688604166667 0.4845208171875 0.5704544416666667 0.4823818015625 0.5737909583333334 0.484228628125 0.5760257875 0.487715925 0.5769402541666667 0.49408432968750005 0.5828379416666666 0.49818872656249996 0.5832206166666667 0.5011819531249999 0.5823210437499999
0 0.895301525 0.2651773895833333 0.8958724874999999 0.26552528541666665 0.8932656859374999 0.27029150208333336 0.8894599124999999 0.2717046416666667 0.8898418625 0.27940147916666663 0.8904128281249999 0.2797493770833333 0.8903359359374999 0.28121551875 0.891550284375 0.2842753666666667 0.8935464218750001 0.2874081041666667 0.89563483125 0.28878146875 0.914336278125 0.2917037604166667 0.9208936937500001 0.2902525083333333 0.9238298781250001 0.2866956520833333 0.9250224140625001 0.2826815645833333 0.9278246640625 0.27793357083333337 0.9292895390625 0.2724715625 0.9297156624999999 0.2680913541666667 0.9303327625 0.26755956458333335 0.930866534375 0.26112675625000004 0.9294656828125 0.25038829583333333 0.930364065625 0.24074819375 0.9298699921875 0.23893415416666666 0.9264333015625 0.23330980625 0.9230075171875001 0.23122242499999998 0.920996 0.22838291666666669 0.9189075921875001 0.22700955416666665 0.917188265625 0.21859869999999998 0.9162417828124999 0.21792112708333333 0.914307159375 0.2136154770833333 0.9129697828125 0.21290146041666666 0.905512021875 0.21279545625 0.8992378515624999 0.21633575416666667 0.894336284375 0.21617341666666665 0.8935654015625 0.21963749375 0.8915801703125 0.22004172083333332 0.8894565328124999 0.22308501249999999 0.8899506046875001 0.22489905208333333 0.889719928125 0.22929748333333333 0.8893091828124999 0.23338446041666666 0.8877411328125 0.23706887499999998 0.887736659375 0.24089907291666668 0.88953735 0.24401358541666665 0.8894297015625 0.2460661875 0.890659428125 0.24883280416666667 0.8905671578125001 0.2505921770833333 0.891138121875 0.25094007291666665 0.891118271875 0.25506349791666666 0.8922140640625 0.25663897708333333 0.8935668187499999 0.25705976458333335 0.8936546171874999 0.2591305875 0.8952598609375 0.2622268791666667 0.895301525 0.2651773895833333
0 0.7101269046875001 0.25704703125 0.704669753125 0.25624356875000004 0.7014657 0.2574181479166667 0.70122411875 0.25827961250000003 0.715052871875 0.25986360833333333 0.7162120609375 0.260855675 0.7174462593750001 0.25979209583333335 0.7173277046875 0.25830772916666667 0.7146683312500001 0.25658646875 0.7101269046875001 0.25704703125
0 0.6883980937499999 0.20699113958333332 0.68767781875 0.20574533333333334 0.687076096875 0.20598389583333335 0.6866083109375001 0.20741359375 0.687087003125 0.2095208625 0.6883365796875001 0.20816405416666667 0.6883980937499999 0.20699113958333332
0 0.6847198203125 0.20222825625000002 0.6854291906250001 0.19993709375 0.6841225718749999 0.19863662083333333 0.6834285796875 0.20063455208333333 0.6839995437499999 0.20098245 0.6839380312500001 0.20215536458333333 0.6847198203125 0.20222825625000002
0 0.68267613125 0.16255293125 0.6819975171875 0.16425763541666666 0.682522346875 0.16548521875000002 0.6833041359375 0.16555811041666668 0.6845690921875 0.16390807500000001 0.6850785421875 0.1654288875 0.6858757109375 0.16520854791666664 0.6857263984374999 0.16431063958333333 0.68267613125 0.16255293125
0 0.7156768734375001 0.2298662125 0.71872266875 0.23545411249999998 0.7194538500000001 0.2402368875 0.7215377890625 0.24544044791666667 0.7221350375 0.24903208333333332 0.7244913140625 0.25278772083333334 0.7253147671875 0.25581112083333335 0.727027659375 0.25685481041666663 0.7276095296875 0.26073967708333334 0.7300734546875 0.26244271458333335 0.73495964375 0.26289828125 0.73780355625 0.2611008 0.7399733296875 0.2571778229166667 0.7404302109375 0.25221115833333335 0.7410473093750001 0.25167936874999997 0.7445396265625 0.22253872708333333 0.7460307859374999 0.22032045625 0.7501505625 0.22040990208333333 0.750993865625 0.21930987708333335 0.751630815625 0.21465466458333332 0.7509720515625 0.21223594375000002 0.7498608812499999 0.21095369375 0.74920211875 0.20853497291666667 0.746017915625 0.20558612916666666 0.7415315671875 0.19750661666666666 0.7396539859375 0.19585824375 0.738635084375 0.19281662291666668 0.7357386 0.18812662708333333 0.7344210734375001 0.18328918749999998 0.7336700421875 0.18262983958333334 0.7327434109375 0.17782884375 0.726888928125 0.16962177083333335 0.7225474203125 0.16627036250000002 0.7224134875 0.16507922291666668 0.7192139078124999 0.16242361041666667 0.71813349375 0.16055490208333334 0.7140290953124999 0.160172225 0.7137875124999999 0.1610336875 0.7097709140624999 0.16272183333333334 0.7070147984374999 0.16659014166666666 0.7038261234375 0.16747149375 0.6965945671875 0.16679725416666666 0.6952591531250001 0.17728059583333333 0.69391730625 0.180396775 0.6944882703124999 0.18074467291666665 0.6953796718749999 0.18996232083333334 0.696624778125 0.19243570833333334 0.6975623140625 0.20077367291666667 0.70002176875 0.20630690625 0.702290246875 0.20799172083333334 0.703324525 0.21074011666666664 0.7054283125 0.21182025208333333 0.7066272828125 0.21517332708333334 0.7096160375 0.21810395000000002 0.7119460281250001 0.21861585 0.7147700921875 0.22094178958333333 0.715815278125 0.22722715208333336 0.7156768734375001 0.2298662125
0 0.6821711515625 0.157201925 0.6826344671875 0.15960242291666665 0.6841980484375 0.15974820625000002 0.68435183125 0.15681591875 0.6828190078125 0.15608367916666666 0.6821711515625 0.157201925
0 0.3637544515625 0.11690625625 0.3673186421875 0.11635457708333334 0.37445149375 0.111421025 0.3761534796875 0.10892775 0.3771659453125 0.10460221041666666 0.37928958281249997 0.10155892083333334 0.38030205 0.09723337916666666 0.38161314062499996 0.09470365833333334 0.3825224296875 0.08860052291666666 0.3840135890625 0.08638225208333333 0.386209646875 0.08570301666666666 0.39134385312500003 0.09266428333333333 0.394229428125 0.09381731041666666 0.39457418906249997 0.09473344166666667 0.396528665625 0.09491566874999999 0.396770246875 0.09405420625000001 0.4007714671875 0.0926592875 0.40305979531249997 0.09022067916666666 0.40465413281249996 0.08978000208333332 0.412136215625 0.0819323875 0.4163988703125 0.07555258125 0.41808994843749997 0.06952233541666668 0.417306196875 0.0582520875 0.41982072812500004 0.05524524375 0.4238834625 0.05267741041666667 0.4252406890625 0.049268004166666664 0.4255899203125 0.046353937500000005 0.42904002812500003 0.04048769791666666 0.432650353125 0.039056335416666664 0.4347124765625 0.037185960416666664 0.4353910890625 0.035481256249999996 0.43474770625000003 0.03276930833333333 0.43312708281249995 0.02996624375 0.43206651875 0.0239741125 0.430265828125 0.020859597916666663 0.42962244375 0.01814765 0.42508548749999997 0.014778016666666668 0.42054405937499995 0.015238579166666665 0.4140699703125 0.022590852083333335 0.41126772031250003 0.027338845833333333 0.4098534515625 0.02809097291666667 0.4067262921875 0.027799410416666667 0.403383834375 0.031613047916666664 0.400111834375 0.02659338125 0.4003271328125 0.022488179166666667 0.3995299625 0.022708516666666668 0.3992313375 0.0209127 0.3962842484375 0.0209325875 0.39608432968749996 0.02474456041666667 0.39453165625 0.028135745833333333 0.386843215625 0.03242817083333333 0.386103090625 0.03530579166666667 0.3840255875 0.03746939375 0.38394869531250003 0.0389355375 0.38006155937499997 0.04564501666666666 0.37911060625 0.048797643749999994 0.3766729671875 0.05033834375 0.37453395 0.05367485833333333 0.3729396125 0.054115535416666666 0.37099604531249997 0.05747027708333333 0.370003428125 0.05767238958333333 0.367638209375 0.06157714375 0.3649743640625 0.06368607916666666 0.3644911984375 0.06540900625 0.36205355781250004 0.06694970416666667 0.360500884375 0.07034088958333333 0.3569937359375 0.07354985 0.3569476015625 0.07442953333333334 0.35488547656249997 0.07629991041666666 0.353363559375 0.07910463541666667 0.35112136718750003 0.08066355833333333 0.34898235 0.08400007708333333 0.34580207500000004 0.10344595208333333 0.34075316093749997 0.1135830625 0.3385109671875 0.11514198541666666 0.3356010671875 0.12194257916666666 0.33518585 0.12985975416666667 0.336775715625 0.13324927291666666 0.3368788921875 0.13502686875 0.34073723437500003 0.14010120416666666 0.3459989390625 0.14088644583333335 0.35019560781250003 0.13950975000000002 0.351794415625 0.1352388791666667 0.353270196875 0.1333138375 0.3548581 0.12550599791666667 0.35800510937499996 0.12167413541666666 0.3637544515625 0.11690625625
0 1 0.18865680833333334 0.999681071875 0.18857317708333332 0.995859921875 0.19027954583333334 0.9902688359375 0.18828494375 0.98819580625 0.18661835 0.98564408125 0.1828444875 0.9822029171875 0.18105033541666668 0.9801869296874999 0.18204102500000002 0.9780940484375 0.18449785416666667 0.9777755750000001 0.18682546249999998 0.9767060656250001 0.18849372083333332 0.9753552750000001 0.19927029166666665 0.9724498468749999 0.20224069166666667 0.97226530625 0.20575943333333332 0.967899475 0.21036164583333333 0.9672054843750001 0.21235957916666667 0.9667441328124999 0.22115643958333334 0.967218353125 0.22709390416666667 0.9742980890625 0.24189778958333333 0.978788909375 0.24614710833333334 0.9839737218750001 0.24839849375 0.9848740687499999 0.24995575208333334 0.9904036390625001 0.2531232666666667 0.9920396406249999 0.25563310208333334 0.9935724640625001 0.25636533958333335 0.9969783984375 0.26257614583333333 0.9974417125 0.26497664375 1 0.26784471666666665 1 0.18865680833333334
0 0.74483420625 0.5240059499999999 0.7486598296875 0.5184693833333334 0.75101414375 0.5110276666666667 0.7522726640624999 0.5020104666666667 0.751717078125 0.5013693395833333 0.7517676843750001 0.4966594604166667 0.74947739375 0.4879007083333333 0.74964655625 0.48467519375 0.74667318125 0.48145134375 0.7470531703125001 0.47795082083333335 0.74361200625 0.47615666875 0.7409481609374999 0.47826560416666664 0.7375947968750001 0.4785422770833333 0.7396306359375 0.4734281625 0.7414973125000001 0.47153956666666663 0.743934953125 0.4699988666666667 0.7478439031249999 0.4703633208333333 0.748779478125 0.46750392291666665 0.748968490625 0.4601549833333333 0.7510767484375 0.45740492499999996 0.7500886046875 0.45377684375 0.7480155749999999 0.45211025 0.745766946875 0.4463020104166667 0.746948575 0.43875095416666665 0.748290421875 0.435634775 0.745306140625 0.4288739583333333 0.7453721265625 0.4238708479166667 0.7443993609375 0.4199495375 0.7401764078124999 0.41808249375 0.7345148640625 0.4249212 0.732962190625 0.42831238541666666 0.72951655625 0.4303484291666667 0.7279485046875 0.43403284375 0.7277639640625 0.4375515875 0.7271622421874999 0.4377901479166667 0.725774259375 0.4417860125 0.7246387671875001 0.44845738333333335 0.7238108421875 0.44926417916666667 0.7235032734375 0.45512875208333337 0.7221306671875001 0.45883138958333336 0.721669315625 0.4676282520833333 0.7225959468750001 0.47242924583333334 0.7219500546875001 0.48474485208333334 0.7263639828125 0.49046031458333333 0.7255777203125 0.49421761875 0.7241326953125 0.49555620208333334 0.7227293343750001 0.49984529583333337 0.722869703125 0.5084035979166667 0.7240532953125001 0.5120499020833333 0.7299385328125 0.5196705166666666 0.7302525359375001 0.52117310625 0.734080121875 0.5268338979166667 0.7373258375 0.5286098270833334 0.7407253359375 0.5274534708333333 0.741388571875 0.5260419958333333 0.74483420625 0.5240059499999999
0 0.37173853437500004 0 0.3709247171875 0.0026563979166666666 0.3687857 0.0059929125 0.3674855171875 0.012059602083333334 0.36640063125 0.014021091666666667 0.3672042328125 0.021167916666666668 0.369514375 0.025803241666666664 0.3703070703125 0.0294131 0.374525553125 0.035110337500000005 0.378783734375 0.03256072916666666 0.380907371875 0.0295174375 0.383360390625 0.027683510416666668 0.3867643625 0.022696958333333333 0.3890065546875 0.021138035416666666 0.391145571875 0.017801516666666666 0.3927334734375 0.009993677083333334 0.39356139843750004 0.009186883333333333 0.394964759375 0.0048977875 0.3948956 0 0.37173853437500004 0
0 0.3728448171875 0.5989376979166666 0.3734157828125 0.5992855958333333 0.3734510109375 0.5948689437500001 0.3728448171875 0.5989376979166666
0 0.437172240625 0.6606265312499999 0.44072105156249997 0.66036808125 0.44573473750000003 0.6546476229166667 0.447076584375 0.6515314458333333 0.44881380000000004 0.6446215145833333 0.44940908593750006 0.6370157916666667 0.45078169062500006 0.6333131541666667 0.4513769765625 0.62570743125 0.4519940765625 0.6251756416666667 0.4525387546875 0.6222797999999999 0.45713079062500006 0.6171093541666667 0.4634292828125 0.6056154354166666 0.4652805796875 0.6040200666666667 0.4668947671875 0.5994559666666667 0.46835517031249996 0.5978241520833334 0.47060183593750005 0.5924350333333332 0.47067872812499995 0.5909688916666667 0.47468442031249997 0.5857437770833334 0.476911234375 0.58447808125 0.48221711093749997 0.57318628125 0.486521428125 0.5697569812500001 0.49149988593750005 0.5684531770833333 0.495367171875 0.5658671229166666 0.4964059234375 0.5647853208333333 0.49720756406250005 0.5607347874999999 0.494069496875 0.5569062583333333 0.48966647500000005 0.5547277625 0.482320834375 0.5487389604166667 0.4782010578125 0.5486495145833333 0.47186537343749996 0.5533627249999999 0.4630042515625 0.5575458145833333 0.45972330625 0.5601865395833333 0.44708716718749997 0.5651963125 0.4369566171875 0.5748596333333332 0.43400505312500004 0.57870971875 0.4328740328125 0.5815508916666666 0.43043639218749996 0.5830915916666667 0.4288529625 0.5870692354166667 0.42674470312499996 0.5898192958333334 0.4225019 0.5920756770833333 0.4200181234375 0.5944960625 0.418439165625 0.5946435104166666 0.41411947031249996 0.5983660333333333 0.411110865625 0.5995588395833333 0.4085655765625 0.6031521395833334 0.4082471015625 0.6054797458333333 0.40764538124999994 0.6057183062499999 0.407291678125 0.6124625666666667 0.408490646875 0.6158156395833333 0.41044064999999996 0.6198280625 0.41266299375 0.6223925645833333 0.41578120937499996 0.6303445208333333 0.41710320625 0.6313517645833334 0.41903783125 0.63565741875 0.4225360359375 0.6401088500000001 0.42314866406249996 0.6434072562500001 0.42517555781249994 0.6459535354166667 0.4261790828125 0.6492883875000001 0.431719559375 0.6559928708333334 0.4325737703125 0.6584298145833334 0.437172240625 0.6606265312499999
0 0.5628688625 0.8965841291666667 0.5662946468750001 0.8986715104166667 0.568927734375 0.89714903125 0.5790582859375 0.8874857104166666 0.5827147453125 0.8851746625000001 0.58811485625 0.8833208437500001 0.5904954546875001 0.8791228645833333 0.591714275 0.8783525124999999 0.5936732218749999 0.87470454375 0.596172375 0.8719909291666668 0.598790084375 0.87076168125 0.6034808265625 0.8711990249999999 0.605707640625 0.8699333333333333 0.607862034375 0.8663035874999999 0.60946084375 0.8620327125 0.6090923078125 0.8428452895833334 0.60564918125 0.8298537791666667 0.600128553125 0.8190258708333332 0.6000298484375 0.8134180812499999 0.600528390625 0.8114019229166666 0.60198879375 0.8097701104166667 0.6059438796875 0.8092548791666666 0.610676284375 0.8126427333333334 0.6142622875 0.8191649895833333 0.6177669265625 0.8309835854166666 0.62162526875 0.8360579229166666 0.6233535406249999 0.8368083833333333 0.6255758828125 0.8393728854166667 0.6346850234375 0.8416954958333334 0.6409393437500001 0.8422786229166667 0.6449559421875 0.8405904750000001 0.6452744171875 0.83826286875 0.6444400578125 0.8317025 0.644839896875 0.8240785541666666 0.645338440625 0.8220623979166667 0.6489686156250001 0.8165076104166666 0.6501919078125 0.8119070645833334 0.64927869375 0.7956154812499999 0.652223821875 0.7843982333333333 0.651734221875 0.7787539979166667 0.6508800109374999 0.7763170541666666 0.649002428125 0.7746686854166666 0.647397184375 0.7715723937500001 0.6421399515624999 0.7669569541666666 0.635720940625 0.76576915 0.629539040625 0.767550075 0.6274198765625 0.76676316875 0.6248527734375 0.7632825354166666 0.6244202140625 0.7602955791666666 0.6246047546875 0.7567768354166666 0.625267990625 0.7553653604166667 0.6289705859375 0.752174625 0.633573528125 0.75054114375 0.63670963125 0.7431723166666667 0.6369864421875 0.7378942 0.6356689171875 0.7330567604166667 0.6347378140625 0.7320859583333333 0.6321444281249999 0.7253615875 0.628373884375 0.7223580770833333 0.6230090015624999 0.7197952375 0.614363178125 0.7198731270833334 0.6114666921875 0.7151831333333334 0.6078915968749999 0.7121978416666667 0.6011278250000001 0.71009390625 0.5949920609375 0.7109951458333333 0.5934701453125 0.7137998729166667 0.5909953125 0.70855986875 0.5906088890625 0.7046932270833334 0.5881186781250001 0.6997464499999999 0.5877014984375 0.6964662666666667 0.5843679859375001 0.6926195125 0.5810299984375 0.6926029562499999 0.5789063609375 0.69564624375 0.5783924390624999 0.6979556291666668 0.5746283296875 0.70231928125 0.5691686687499999 0.7165433708333333 0.5684503546874999 0.7264949229166666 0.5690322265625001 0.7303797875 0.5685907234375 0.7350532229166666 0.5669150234375 0.7407902395833333 0.5663133031250001 0.7410288 0.5659134640625 0.7486527458333333 0.5664844265625 0.74900064375 0.56654146875 0.7516579229166667 0.560653721875 0.7590648645833333 0.5591491468750001 0.7727737208333333 0.5584090203125001 0.7756513416666666 0.556917859375 0.7778696125 0.5574535968750001 0.7826341604166667 0.5590434609375 0.7860236833333333 0.558643621875 0.7936476270833333 0.55427331875 0.8020800354166667 0.545983159375 0.8066110229166666 0.5418281546875 0.8109382270833334 0.540697134375 0.8137793999999999 0.5388150796875 0.8159612270833333 0.5374117171874999 0.8202503208333333 0.5365351484375 0.83696435625 0.5374771578125 0.8414721229166666 0.53879915625 0.8424793687500001 0.539833434375 0.8452277625 0.5415617046875 0.845978225 0.5430330140625 0.8478833791666667 0.5436302625 0.8514750125 0.5430305046874999 0.8629109333333334 0.5437507828125 0.8641567395833333 0.5473720140625 0.8662623416666667 0.5516892 0.8775673708333334 0.5549195375 0.8796365291666667 0.559333465625 0.8853519916666667 0.5596167125 0.8874410375 0.561777540625 0.8911784541666666 0.5628688625 0.8965841291666667
0 0.4645860578125 0.104207675 0.466962184375 0.10383989166666667 0.468870525 0.10490180416666667 0.47026494375 0.10827310208333334 0.46988495468749997 0.11177362291666666 0.4686199984375 0.11342365833333333 0.46789525000000004 0.11600805 0.46500520156249997 0.11868521875 0.4628354296875 0.12260819375000001 0.46275853749999996 0.12407433541666667 0.46323722968750003 0.12618160625 0.4645438484375 0.12748208125 0.4705412078125 0.12921989791666666 0.47431175156250005 0.13222341041666666 0.4747596890625 0.1349171375 0.4735120734375 0.14747130208333334 0.47291035312499996 0.14770986458333332 0.4724688515625 0.1523833 0.467944765625 0.16374799375 0.46785249531249995 0.16550736666666666 0.467250775 0.16574592708333336 0.46456260625 0.17580848124999998 0.46396088593749996 0.17604704375000002 0.46356551875 0.17984079375 0.4593445296875 0.18917111041666665 0.45899529843750003 0.19208517291666669 0.4583935765625 0.19232373541666667 0.456131534375 0.19800608125 0.45348950156249995 0.20718895208333335 0.4557644140625 0.21624092916666668 0.45571380625 0.22095081041666667 0.45640332812500006 0.22278307291666666 0.4573344296875 0.223753875 0.4590274703125 0.22892098958333335 0.4610389890625 0.23176049583333333 0.46097747499999997 0.2329334125 0.4622225796875 0.2354068 0.467356784375 0.24236806666666666 0.46962079062499995 0.2478830791666667 0.4728927921875 0.25290274583333333 0.4763999390625 0.24969378750000001 0.4794591515625 0.24379110416666666 0.47953604375000003 0.2423249583333333 0.48165968125 0.23928167083333335 0.4817365734375 0.23781552708333334 0.48324311093750005 0.23530402708333334 0.48511425937499997 0.22958523541666667 0.490338771875 0.22358976875 0.49277641250000004 0.22204907083333333 0.4942829515625 0.21953757083333333 0.4995952625 0.21561293125 0.50368428125 0.2162888375 0.5099495078125 0.22040892916666666 0.51262873125 0.21800676666666666 0.513939821875 0.21547704374999999 0.5143659453125 0.2110968375 0.51498304375 0.21056504791666666 0.515444396875 0.2017681875 0.510925328125 0.18307777083333335 0.5100755890625 0.17681063125 0.50983204375 0.16647473750000003 0.508648453125 0.16282843333333333 0.5086618671875 0.15133784375 0.512107503125 0.14930180208333335 0.5133372296875 0.15206841875 0.516495146875 0.151773525 0.5197607125 0.14942602916666667 0.5210256671875 0.14777599375 0.5211179390625 0.14601662083333336 0.5226552328125 0.14291866458333333 0.5235952796875 0.13622907291666667 0.525071059375 0.13430402916666667 0.5292017437500001 0.13793044583333333 0.5307871375000001 0.14515016041666667 0.5323770015625 0.1485396791666667 0.5334221875 0.15482504166666666 0.53923500625 0.16008160624999998 0.54365340625 0.16196687083333333 0.5439827875 0.16317623125 0.54760401875 0.16528183333333332 0.551965378125 0.16450981875 0.554150528125 0.16029361458333333 0.5544536250000001 0.15825923749999998 0.5557185812500001 0.15660920208333332 0.556489465625 0.153145125 0.5574692109375 0.13820868333333333 0.5565009171875 0.1304571791666667 0.5566700796874999 0.1272316625 0.55611449375 0.12659053541666668 0.556257371875 0.12012128333333334 0.5557017859375 0.11948015625000001 0.5560118625 0.09858802708333333 0.5555331703124999 0.09648076041666667 0.5542419296875 0.09488705833333334 0.5519888296875 0.0929090125 0.5477658765625 0.09104196875 0.5476319421875 0.08985083125 0.545965184375 0.08792745625000001 0.5469513671875 0.08035817708333333 0.5536561328125 0.068607475 0.5551651796875 0.05106842083333333 0.5543417265625 0.048045020833333334 0.5511421453125 0.04538940416666667 0.5466468546875001 0.04497028333333333 0.5451864515625 0.04660209583333333 0.5425841203124999 0.047538116666666665 0.5414992328125 0.04949960208333334 0.5376780812499999 0.051205975 0.53638236875 0.05344246875 0.532576596875 0.05485560833333333 0.5217014484375 0.07122674375 0.520060975 0.07254710625 0.5183282328125001 0.07562683958333333 0.5158905921875 0.07716754166666666 0.515618253125 0.07861546041666667 0.5137361968749999 0.08079728750000001 0.5116785453125 0.07883746458333334 0.5115074203125001 0.07086562083333334 0.5059560359375 0.06062417083333334 0.5044014 0.052817997916666665 0.5014786296875 0.04488426458333334 0.49940559999999995 0.043217672916666665 0.494159275 0.042139202083333334 0.4864906859375 0.04230820208333333 0.48083361562500004 0.0453167125 0.477254046875 0.04616161875 0.469405390625 0.04601916875 0.4685620859375 0.047119193749999996 0.46295115 0.04924801458333334 0.457103103125 0.04840810416666667 0.4535389140625 0.04895978333333333 0.4504687953125 0.05132550208333333 0.449230125 0.056219275 0.44957041249999996 0.060965604166666666 0.4487841515625 0.06472290833333333 0.44513859531250005 0.07057092499999999 0.4444292265625 0.07286208749999999 0.44212551875 0.07559392291666667 0.44204862812499995 0.07706006875 0.43855238593749996 0.08380599375 0.43645503281250003 0.09009302083333333 0.4345883578125 0.09198161666666667 0.43425450468750004 0.09460245208333333 0.43318499531250004 0.0962707125 0.432563425 0.10063269583333333 0.4331452953125 0.10451756041666667 0.4383563921875 0.11001268333333333 0.43818722968749996 0.11323820000000001 0.43875819375 0.11358609583333333 0.43865054531250003 0.11563869583333333 0.438048825 0.11587725833333334 0.437756634375 0.12144860416666667 0.4404160078125 0.12316986458333333 0.44432495781250003 0.12353431875 0.44715349375 0.1220300625 0.4538230296875 0.11469601666666666 0.45583901875 0.11370532708333334 0.45796265625 0.1106620375 0.4608065703125 0.10886455625 0.4645860578125 0.104207675
0 0.78465565625 0.3901113354166667 0.787510478125 0.39185082083333334 0.7889093671875 0.39139192291666663 0.7912284515625 0.38836685625 0.7937186625 0.39331363125 0.7934988921875 0.40124902916666666 0.799898053125 0.4065602625 0.8043472109375 0.40785906875 0.8071449890625001 0.4069412708333333 0.81306349375 0.398947875 0.816966009375 0.39194516458333334 0.81847701875 0.3856034708333333 0.8190460203125 0.37475400833333333 0.8199047015625001 0.37336075625000004 0.8202276484375 0.36720295208333337 0.8195073734375 0.36595714791666667 0.818626878125 0.36027646458333334 0.8187831703124999 0.3423166229166667 0.8166729484375 0.333869325 0.8160494140625 0.3270339520833333 0.814536440625 0.3221782875 0.81544573125 0.31607515416666665 0.8148901437499999 0.3154340291666667 0.814833103125 0.3127767458333333 0.8138142015625001 0.30973512499999994 0.8105838656250001 0.3076659666666667 0.8066947656250001 0.3031780875 0.7991338265625 0.3012944875 0.790165053125 0.30753017916666664 0.787151978125 0.3125531770833333 0.7842465515625 0.315523575 0.783732628125 0.31783295833333336 0.7834602890625 0.31928087916666664 0.784422146875 0.3196652229166667 0.7865675984375 0.32369586666666667 0.7886560078125 0.32506923125 0.792318903125 0.3301253458333333 0.792720703125 0.33369875624999995 0.7915961171875 0.34390709375 0.7909943953125 0.34414565416666665 0.7899992703125001 0.359375325 0.78939755 0.35961388541666667 0.7877635140625 0.36830141041666664 0.7871220921875001 0.3767868208333333 0.7865203703125 0.37702538125 0.7862743156249999 0.3817170395833333 0.784809440625 0.38717905 0.78465565625 0.3901113354166667
0 0.567309859375 0.23518616666666667 0.5690227515624999 0.23622985625 0.5712034312500001 0.23584384791666665 0.5699275687500001 0.23395691666666665 0.5677622671875 0.23404969583333332 0.567309859375 0.23518616666666667
0 0.5759403046875 0.23540150833333331 0.5747368640625 0.2358786291666667 0.5832596624999999 0.23814657083333335 0.5866130265625 0.23786989791666666 0.5874255734375 0.23735633125 0.58762549375 0.23354435833333334 0.5863034953125 0.2325371125 0.5832179984375 0.23519606041666666 0.5759403046875 0.23540150833333331
0 0.562175653125 0.22822489791666667 0.5650766093749999 0.22908469583333335 0.565344478125 0.23146697083333334 0.566666475 0.23247421666666668 0.5666094328125 0.22981693541666667 0.565050325 0.22584095833333334 0.5650086609375 0.22289044791666665 0.5635219734375 0.22127852291666666 0.562333909375 0.22146241458333332 0.5616860546875 0.2225806625 0.5615476484374999 0.22521972083333336 0.562283303125 0.22617229791666665 0.562175653125 0.22822489791666667
0 0.5841099468750001 0.21818879583333334 0.5834883750000001 0.22255078125 0.5842394093750001 0.22321012916666666 0.5856427703125 0.2189210354166667 0.5841099468750001 0.21818879583333334
0 0.5634366828124999 0.20418014375 0.5648663296875001 0.2031347875 0.563513575 0.20271400208333334 0.5634366828124999 0.20418014375
0 0.5891037828125001 0.21659176041666667 0.5905135796875001 0.21966982916666666 0.5897010328125 0.22018339791666666 0.589454978125 0.22487505625 0.590669325 0.22793490208333334 0.5916664140625 0.22390259166666665 0.591490815625 0.21976094375 0.5925295671875 0.21867914166666666 0.5943039734375 0.21854991875 0.5951626546875 0.21715666458333333 0.595408709375 0.21246500625 0.5940867140625 0.21145776041666667 0.5930370546875 0.20900259583333333 0.5930107703124999 0.20575885625 0.592156559375 0.20332191249999998 0.5886429765625001 0.19916370833333333 0.5859836031250001 0.19744244791666665 0.575985025 0.19709954791666667 0.57353200625 0.19893347708333334 0.5689751984375 0.19968726875 0.5689290640625 0.20056695624999998 0.5710020953125 0.20223354999999998 0.575106490625 0.20261622499999998 0.575543521875 0.20177298333333335 0.5786860609375 0.20177131875 0.580877646875 0.20492227916666667 0.580508565625 0.2119597666666667 0.5842791093749999 0.21496327916666666 0.585888825 0.214229375 0.5862073 0.21190176666666666 0.5874876328124999 0.20995850416666664 0.5886603187499999 0.21006783958333333 0.5893498375 0.21190010208333332 0.5891037828125001 0.21659176041666667
0 0.5653897421875 0.1669401 0.5657037453125 0.1684426875 0.565976084375 0.16699476666666666 0.5653897421875 0.1669401
0 0.5704361484375 0.17183054166666667 0.5711564250000001 0.17307634791666665 0.5711980875 0.17602685833333334 0.5699901734374999 0.180334175 0.56854515 0.18167275833333332 0.5671725453125 0.18537539583333332 0.5677544171875 0.1892602625 0.57146791875 0.18960649375 0.5752429343750001 0.18877980833333333 0.5762816859375001 0.18769800833333333 0.5810031828125 0.18754889375 0.58321461875 0.18657642916666667 0.5841501921875001 0.1837170333333333 0.5843392046875 0.17636809166666667 0.58353113125 0.1730514625 0.583597115625 0.16804835208333332 0.5813331093749999 0.16253333958333332 0.585580384375 0.1564467625 0.5879565109375 0.15607897708333332 0.5918609906250001 0.16027362708333334 0.5932201796875 0.16806157916666667 0.5947946671875 0.17174432708333331 0.5966940625 0.18046663124999998 0.60269785625 0.18957161458333335 0.6060621265624999 0.19283191041666664 0.6144971265625 0.19302902708333333 0.6179536671875 0.19452995 0.619635803125 0.19616009791666666 0.6206854609375 0.19861526458333334 0.6222029046875 0.19964073125 0.6268231890625 0.2089113833333333 0.630655246875 0.21074198125 0.6344302625 0.20991529791666666 0.6379835453125 0.2058266520833333 0.645322753125 0.20444828958333333 0.64941624375 0.201294 0.6500422859375 0.19310181875000001 0.6493681453125 0.19097632708333334 0.6468010421875 0.18749569375 0.646306971875 0.18568165416666668 0.6438584234375 0.18368538541666668 0.64373986875 0.18220102083333334 0.6411573875000001 0.17901361458333334 0.6394335875 0.17443295833333333 0.6345102093749999 0.16719668541666666 0.6344070312500001 0.16541908958333332 0.63256020625 0.1631842625 0.6313612359375 0.1598311875 0.6315457765625 0.15631244375 0.633083071875 0.1532144875 0.6344338625 0.14243791458333332 0.63652674375 0.13998108333333334 0.636799084375 0.1385331625 0.639432171875 0.13701068541666667 0.6403216109375001 0.135030975 0.642383734375 0.13316060208333333 0.6431546171875 0.129696525 0.6453090125000001 0.12606677916666667 0.6495671953125 0.12351716666666666 0.6497978703125 0.1191187375 0.6490468359375 0.11845938958333332 0.648809725 0.11549065833333333 0.6501054390625 0.11325416458333333 0.6516318265625001 0.10661923958333334 0.6512915390625 0.1018729125 0.649429334375 0.09993131250000001 0.6464296734375 0.09346372291666666 0.6430346453125 0.0907898875 0.637360234375 0.08289426666666667 0.6335435546875 0.08077043958333333 0.62943915625 0.0803877625 0.6252424890625 0.08176445833333333 0.623869884375 0.08546709583333333 0.62325921875 0.09336604791666667 0.6226574984375 0.09360460833333333 0.619953953125 0.10396039166666667 0.61846279375 0.1061786625 0.6146461140625 0.10405483541666666 0.6133504015625 0.10629132916666667 0.6130473046875 0.10832570833333333 0.611211384375 0.10962784791666666 0.6102802828125 0.10865704791666667 0.6102123359375 0.1024628 0.611198515625 0.09489352083333333 0.6118156156250001 0.09436173125 0.6123692390625 0.0838055 0.6092356421875 0.07614677291666667 0.6028672390625001 0.07024908541666666 0.59488465 0.06891549791666667 0.5887027484375 0.07069642083333334 0.5882920031250001 0.07478340208333334 0.5900728453124999 0.08202134166666666 0.585799284375 0.08486418125 0.58561474375 0.08838292291666666 0.5873231624999999 0.09325681041666667 0.587406490625 0.09915782916666666 0.5884869046875 0.1010265375 0.588363878125 0.10337236666666666 0.5915128515625 0.11073786666666667 0.5908649953125 0.11185611041666667 0.5890905890625 0.11198533749999999 0.5868176390625 0.11413071666666667 0.582353103125 0.1131251375 0.581674490625 0.11482984166666667 0.5816610734375 0.12632042916666666 0.5834463875 0.12972817083333335 0.5840128796874999 0.13390626458333335 0.58458384375 0.13425416041666666 0.583812959375 0.1377182375 0.5851919984375 0.1413827625 0.5848735234375 0.14371037083333332 0.5840302203125 0.14481039583333333 0.576783284375 0.14442938333333333 0.5758829390625 0.14287212708333333 0.5758149921875 0.13667787916666668 0.5722443671875 0.12986239166666666 0.5710498687500001 0.12267912291666666 0.569938696875 0.12139687083333334 0.5679624078125001 0.11414071041666667 0.56359014375 0.11137575833333332 0.560853878125 0.11112064166666666 0.5577991375 0.11319313125000001 0.5571686234375 0.12521550625 0.5580382125 0.12735922083333334 0.5581522953125 0.13267378333333332 0.5593820218750001 0.1354404 0.5592852796875001 0.14102996874999998 0.5597793531249999 0.14284400833333333 0.5641362390625 0.1459021875 0.5655614140624999 0.14868702916666668 0.5674389953125 0.15033539999999998 0.5660971484374999 0.15345157916666666 0.565686403125 0.15753855833333336 0.568448953125 0.16103741458333334 0.56757489375 0.16272389583333335 0.567421109375 0.16565618333333332 0.573176884375 0.16825546458333335 0.5704361484375 0.17183054166666667
0 0.1350951453125 0.6757775375 0.13449342343749998 0.6760160979166667 0.1341749484375 0.6783437041666667 0.13216986718749998 0.6828713604166666 0.1318360140625 0.6854921958333333 0.13123429375 0.68573075625 0.1310343734375 0.68954273125 0.13178540625 0.6902020791666666 0.135997453125 0.6885321520833333 0.1402863921875 0.6853960854166666 0.14287334375 0.6847532937499999 0.1451616734375 0.6823146854166667 0.14973385781249998 0.6812676625 0.14997544062499998 0.6804062 0.1509065421875 0.681377 0.1538382546875 0.6816503395833333 0.1540798375 0.6807888770833334 0.1573146453125 0.6790278395833333 0.15871800625000002 0.6747387458333333 0.1596932828125 0.6636325000000001 0.1622231921875 0.6603324270833333 0.16350800000000001 0.6545589666666667 0.1641250984375 0.6540271770833334 0.1648280328125 0.6443688541666667 0.16600519062500002 0.6406479937499999 0.1664620703125 0.6356813291666668 0.1717877984375 0.6202661 0.1729848046875 0.6124218166666666 0.17516995625 0.6082056125 0.1755960796875 0.6038254041666666 0.17550828125 0.60175458125 0.174458621875 0.5992994166666666 0.1692321484375 0.5940975208333333 0.1647522328125 0.5933851708333333 0.16154818124999998 0.59455975 0.1598352890625 0.5935160604166666 0.16060617187499998 0.5900519833333333 0.1629252578125 0.58702691875 0.163186690625 0.58204203125 0.1603408140625 0.5726421541666666 0.1602530140625 0.5705713312499999 0.158617015625 0.5680614958333333 0.156774659375 0.5619964729166667 0.1523761109375 0.55598778125 0.141626496875 0.5549855333333333 0.13783163125 0.55993564375 0.1362744859375 0.567157025 0.13566578437500001 0.5862533354166667 0.134648846875 0.5944090708333333 0.13546335625 0.6050928624999999 0.1361990109375 0.6060454395833333 0.13755820000000002 0.6138333916666666 0.13756910625000002 0.6173703562499999 0.138140071875 0.6177182541666667 0.138491265625 0.6260015479166667 0.13970561406249998 0.6290613958333334 0.1395672078125 0.6317004520833333 0.1401381703125 0.63204835 0.14080336875 0.6418342333333332 0.139079025 0.6634784875 0.13830814062500002 0.6669425645833333 0.136832359375 0.66886760625 0.1350951453125 0.6757775375
0 0.8609896906250001 0.20039383125 0.8647582734375 0.1921999875 0.8586403953125 0.17778044166666668 0.8560271578125 0.17517949583333334 0.8553376390625 0.17334723333333332 0.8504251671875 0.16964792708333334 0.8483982703124999 0.16710164791666668 0.8451525546875001 0.16532571666666668 0.8418497984375 0.16089250833333332 0.8365727156249999 0.16040049583333332 0.8343151437499999 0.16225264583333335 0.8327163343749999 0.16652351666666665 0.8299909765625 0.16980536666666665 0.829703259375 0.17154651666666665 0.8269779015625 0.17482836458333334 0.8266748046875 0.17686274583333333 0.8254252281250001 0.17821955208333332 0.8244588953124999 0.18166540625 0.8270259984375 0.18514603958333334 0.8276078703125 0.1890309020833333 0.8233804453125 0.19099405625000002 0.8214676328125 0.19376233958333333 0.8183975140624999 0.19612805625000002 0.8164693249999999 0.19918956875 0.8097273671874999 0.20415956458333331 0.80460603125 0.21193262291666667 0.8032795625 0.21475557291666666 0.8030642640625001 0.21886077708333335 0.8048341999999999 0.22256174791666666 0.8074166796875 0.22574915208333335 0.8108270859375001 0.2281297625 0.8124784640625 0.23034636666666666 0.8192576125000001 0.23215707708333333 0.8241745578125 0.23202618541666667 0.8253780000000001 0.23154906458333332 0.8262674390625 0.22956935625 0.83114271875 0.22648795416666667 0.839079175 0.22870122916666666 0.8517396359375 0.21573783541666666 0.8556882874999999 0.20785543958333333 0.8606712171875 0.20272143958333333 0.8609896906250001 0.20039383125
0 0.7182785546875 0.04918599166666667 0.7142927125 0.05028768333333333 0.709391146875 0.05012534375 0.699968003125 0.04630014375 0.6913836921875001 0.04520511666666667 0.69103893125 0.0442889875 0.688708940625 0.04377708541666667 0.68419826875 0.043651191666666665 0.6839566859375 0.04451265416666667 0.6778055421875 0.04570712291666667 0.6738965921875 0.045342670833333334 0.669895371875 0.04673758958333333 0.6694429625 0.04787405833333334 0.6656218125 0.04958042708333333 0.6641152734375 0.05209192708333333 0.663452040625 0.053503404166666664 0.6630675796875 0.06083411875 0.66480675625 0.06512154791666666 0.672620184375 0.06968065208333334 0.680993671875 0.07105068541666666 0.682331046875 0.07176470208333334 0.6832006359375 0.07390841458333333 0.6830160937499999 0.07742716041666667 0.682414371875 0.07766572291666667 0.682245209375 0.08089123749999999 0.6808110921875 0.08576678958333334 0.6793263671875 0.09535222291666666 0.6787246453125 0.09559078333333333 0.6774968828125 0.104021525 0.6761550359374999 0.10713770416666667 0.6757289109375 0.11151791250000001 0.6751271890625 0.11175647291666667 0.673723828125 0.11604556875 0.6721160765625 0.12797682916666667 0.6700341015625 0.13397062916666666 0.6696541140625001 0.13747115208333333 0.66905239375 0.13770971041666666 0.6686833109375 0.1447472 0.6692542765625 0.14509509583333333 0.669280559375 0.14833883541666668 0.6719245546875 0.150353325 0.679968659375 0.15051399791666667 0.6839852578125 0.14882585208333332 0.6876724750000001 0.14592834375 0.690566996875 0.13942097916666668 0.6955454546875 0.138117175 0.6973461453125 0.14123168958333335 0.69637534375 0.14850773958333333 0.6970341062500001 0.15092645833333332 0.701107746875 0.1518955916666667 0.709274878125 0.1497104375 0.7127929328125 0.15003844583333334 0.71611106875 0.15417842708333335 0.716723696875 0.15747683333333334 0.7204173484374999 0.16194648958333333 0.7288434046875001 0.16980399791666667 0.7315905765624999 0.17359608333333335 0.735273321875 0.17452877291666666 0.738883646875 0.1730974083333333 0.7400652765625 0.16554635208333332 0.7414071234375 0.16243017291666667 0.7445079984375 0.15947799791666667 0.7496754703125 0.15082525208333333 0.751074359375 0.15036635208333332 0.7533671578125001 0.14409755000000002 0.75417970625 0.14358398333333333 0.755798365625 0.13518968541666665 0.7580405578125 0.1336307625 0.766280109375 0.13380965833333333 0.7664998796875 0.1258742625 0.7584736624999999 0.11039280624999999 0.7562865484375 0.10341165 0.75478448125 0.10209295416666667 0.753750203125 0.09934456041666667 0.7490331765625 0.09566347708333334 0.744186690625 0.08696105833333333 0.7438508734375 0.0783845375 0.7458252 0.07444333958333332 0.7491061421875 0.07180261458333333 0.7493675765625001 0.06681772708333332 0.7488735046875 0.06500368541666666 0.7512233453125 0.0613921625 0.752591478125 0.061519722916666665 0.757308503125 0.06520080416666667 0.761336009375 0.06704962499999999 0.7695448046875 0.06781497916666666 0.77194078125 0.06332376875 0.7811927984375 0.059177125000000004 0.7851216 0.055418154166666664 0.7859847531249999 0.05019470625 0.7851811515625 0.043047879166666664 0.782721696875 0.03751464583333333 0.781584240625 0.03298865625 0.77832761875 0.027675760416666664 0.7766147265625001 0.02663206875 0.7759623015625 0.024508602083333334 0.7274207421875001 0.019982793750000002 0.7271357515625 0.022608185416666666 0.72653403125 0.022846745833333335 0.7261341921875 0.030470691666666667 0.7247923453125 0.03358687083333333 0.724366221875 0.03796707916666667 0.7237644999999999 0.038205641666666665 0.723446025 0.04053324791666667 0.7219087296875 0.043631204166666666 0.719394196875 0.04663804791666667 0.7182785546875 0.04918599166666667
0 0.17821390625 0.28053003125 0.1771860625 0.2851488 0.17658434218750002 0.2853873604166666 0.1762613953125 0.2915451625 0.176950915625 0.29337742708333336 0.18198194375 0.2985610979166667 0.185618553125 0.30037347291666666 0.18725455468750002 0.3028833083333333 0.1893429625 0.30425667083333335 0.19147750624999998 0.30475035 0.1935505375 0.30641694166666666 0.19387991875 0.30762630208333336 0.19598370625 0.3087064395833333 0.19892632500000001 0.31251674583333333 0.2034940375 0.31529992083333336 0.21210910625 0.3158084916666667 0.21848198124999998 0.3178759833333333 0.2222877546875 0.31646284166666666 0.222902890625 0.30473369375000003 0.223221365625 0.3024060854166667 0.223838465625 0.30187429583333336 0.2242844390625 0.29337066458333333 0.223728853125 0.2927295395833333 0.22373332499999998 0.28889934375 0.22277593750000002 0.28468480625 0.22242474375 0.2764015125 0.22103479843749999 0.26920001666666665 0.2210700265625 0.26478336458333335 0.22034975 0.26353755833333337 0.2197922015625 0.251699075 0.219118059375 0.24957358333333335 0.21878028125 0.2297997 0.218964821875 0.22628095625 0.2205328734375 0.22259654166666668 0.2208404421875 0.21673196875 0.21917368593750003 0.2148085916666667 0.2190551296875 0.21332422708333335 0.21585554999999998 0.21066861041666665 0.2153461 0.20914779791666666 0.2123265875 0.20680363333333332 0.21124617343750002 0.204934925 0.20089639843749998 0.19630873124999998 0.1988848828125 0.193469225 0.1942710359375 0.1915657354166667 0.188993953125 0.1910737229166667 0.185594453125 0.19223008125 0.1851990859375 0.19602383124999997 0.18884660312499998 0.20137317291666665 0.189145228125 0.2031689916666667 0.190781228125 0.205678825 0.19030896875 0.21093871875 0.1862616140625 0.21321332291666667 0.1762015203125 0.2140433375 0.175764490625 0.21488657916666665 0.1716600921875 0.21450390208333334 0.1715107796875 0.2136059916666667 0.1703380953125 0.21349665625 0.1700965125 0.21435812083333333 0.159300765625 0.21423555833333333 0.1570278140625 0.21638093749999998 0.1544056328125 0.22144038124999998 0.15464023437500002 0.23943666875 0.1552112 0.23978456666666667 0.155268240625 0.24244184791666665 0.1548837796875 0.24977256458333336 0.1525756015625 0.25633459791666663 0.15218023593750002 0.26012834791666667 0.151578515625 0.26036690833333337 0.1511940546875 0.2676976270833333 0.1530716375 0.2693459979166667 0.15520618125000002 0.269839675 0.1604832640625 0.2703316875 0.1678070921875 0.2692465541666667 0.17249783125 0.26968390000000003 0.1751725828125 0.27111193333333333 0.17821837812500002 0.27669983541666665 0.17821390625 0.28053003125
0 0.2729843390625 0.6942323291666667 0.2765619453125 0.6821900625 0.2778576578125 0.67995356875 0.27976403437499997 0.6698181229166666 0.2819799421875 0.6650154625 0.28221061718749996 0.66061703125 0.2794743546875 0.6603619145833334 0.2792327703125 0.6612233791666667 0.2780600859375 0.6611140416666667 0.27458369375 0.6637365416666667 0.27411590625 0.6651662416666666 0.2712104796875 0.6681366395833332 0.27000256562499997 0.67244395625 0.26940084531249997 0.6726825166666667 0.2690516140625 0.6755965791666667 0.2647120671875 0.68344253125 0.26271145625000003 0.6841399895833333 0.2472532171875 0.69802118125 0.2404760296875 0.7074078312500001 0.238167853125 0.7139698645833333 0.237341890625 0.7259740166666667 0.23741431093749998 0.7283380708333334 0.23867479375 0.7305182291666666 0.2436795375 0.7324581645833333 0.24515084687500002 0.73436331875 0.24562953906249999 0.7364705854166667 0.249009190625 0.7394376520833333 0.252918140625 0.73980210625 0.25642528750000004 0.7365931479166666 0.2616081359375 0.7276471729166667 0.2626821171875 0.7221487187500001 0.2648518890625 0.7182257458333333 0.26613669687499997 0.7124522833333333 0.26907735312500003 0.7050652333333333 0.2691850015625 0.7030126333333333 0.2729843390625 0.6942323291666667
0 0.30115255625000004 0.7151276895833334 0.2997735171875 0.7114631645833334 0.29792668906249997 0.7092283354166666 0.29800358125000004 0.7077621916666667 0.2967738546875 0.704995575 0.2965258375 0.698489875 0.2932538375 0.6934702083333334 0.2896479828125 0.691071375 0.2889277078125 0.68982556875 0.288901421875 0.68658183125 0.2908866546875 0.6861776 0.294523265625 0.6879899770833333 0.304475709375 0.6892125604166667 0.30838465937500004 0.6895770145833333 0.3119642265625 0.6887321083333333 0.3139474953125 0.67713051875 0.314564596875 0.6765987291666666 0.3148260296875 0.6716138416666666 0.3142704421875 0.6709727166666667 0.3144748359375 0.6633305479166667 0.311053521875 0.6574129708333333 0.30683056875000003 0.6555459270833333 0.3010485078125 0.6497029083333333 0.299680375 0.64957535 0.2955868828125 0.6527296416666667 0.2915459625 0.6623714083333333 0.290682809375 0.66759485625 0.289716478125 0.6710407104166667 0.2891147578125 0.67127926875 0.288750146875 0.6744865645833333 0.2881484265625 0.6747251229166668 0.286766878125 0.6860881541666667 0.28592357343749997 0.6871881770833334 0.28393834375 0.68759240625 0.2812854046875 0.6932383083333333 0.2809823078125 0.6952726874999999 0.28038058593750004 0.6955112479166666 0.27658768437500003 0.7116587145833333 0.275533553125 0.7130337458333333 0.2735547578125 0.7208051395833334 0.2722590453125 0.72304163125 0.27216677499999997 0.7248010041666666 0.27069099375 0.7267260458333333 0.2699354875 0.72989689375 0.2686308328125 0.7397937791666667 0.267787528125 0.7408938041666667 0.267618365625 0.74411931875 0.2659888 0.7489766479166666 0.26583054375000004 0.7557391312499999 0.27558306875 0.7607736916666668 0.281101734375 0.7604042395833334 0.28320999375 0.7576541791666667 0.28490107343750004 0.7516239333333333 0.28643836875 0.7485259770833333 0.288469734375 0.7472420625 0.2914520546875 0.74280551875 0.2937448546875 0.7365367166666666 0.2995249515625 0.7311823770833333 0.3010359625 0.72484068125 0.30115255625000004 0.7151276895833334