0 0.9007884359375 0.38255915833333337 0.9073587390625001 0.379491675 0.9260841 0.3773006125 0.9270696453125 0.3751095520833333 0.9270696453125 0.35933391666666664 0.9296977656250001 0.3531989479166667 0.9290407359374999 0.31551270833333334 0.9270696453125 0.30411919375 0.9323258875 0.2957931645833333 0.9405387640624999 0.28746713333333335 0.9471090671875 0.2830850125 0.9497371875 0.2782646791666667 0.9425098546875 0.26730937708333335 0.941524309375 0.26292725625 0.9369250984375 0.2559158625 0.9336399468750001 0.25416301458333335 0.9290407359374999 0.24671340833333336 0.9208278578125 0.2427695 0.9152431015625 0.2383873791666667 0.9132720109375001 0.23531989583333335 0.900459921875 0.23137598541666668 0.896189225 0.23181419791666666 0.89224704375 0.23444347083333333 0.8873193171875 0.23444347083333333 0.8853482265625001 0.2304995625 0.8853482265625001 0.22217353125 0.8833771359375 0.21910604791666666 0.87352168125 0.2169149875 0.8646517734374999 0.21779141041666666 0.8567674109375 0.22217353125 0.8508541390625 0.23356704583333335 0.84362680625 0.23225241041666667 0.84198423125 0.2348816833333333 0.8409986859374999 0.24496056041666667 0.8446123515625 0.24978089375 0.8449408671875 0.25241016666666666 0.8426412609374999 0.26336546875 0.8429697765625 0.2751971958333333 0.843955321875 0.2782646791666667 0.84362680625 0.2865907104166666 0.8409986859374999 0.2949167395833333 0.8383705656249999 0.29623137499999996 0.8347568984375 0.30061349791666664 0.8311432328125001 0.31507449583333336 0.8265440203125 0.3225241020833333 0.825558475 0.3260297979166667 0.8249014453125 0.33128834375 0.8265440203125 0.337861525 0.8357424437500001 0.35407537291666663 0.84034165625 0.35407537291666663 0.8446123515625 0.3510078875 0.8465834421875 0.3413672208333333 0.8511826546875 0.33347940416666666 0.8551248359375 0.33216476875 0.859724046875 0.33391761666666664 0.8626806828125 0.34005258541666666 0.8610381078125 0.3510078875 0.8620236531250001 0.3624014020833333 0.8692509859375 0.37335670416666666 0.87647831875 0.37992988541666667 0.8935611031249999 0.38036809791666665 0.9007884359375 0.38255915833333337
0 0.7232564359375 0 0.7224047312499999 0.003067485416666667 0.7233902765625 0.004820333333333333 0.7233902765625 0.01928133125 0.71780551875 0.042068360416666666 0.718134034375 0.061349693749999996 0.7207621546875 0.0674846625 0.723718790625 0.07055214791666667 0.7270039421875001 0.07186678333333334 0.7279894875 0.07405784374999999 0.7325886984375 0.07011393541666666 0.73357424375 0.06397896666666666 0.736202365625 0.05740578541666667 0.7404730625 0.053461875 0.7421156375 0.04820333125 0.7506570296875 0.03724802708333333 0.754270696875 0.03724802708333333 0.755913271875 0.039000877083333337 0.7585413921875 0.04732690625 0.762155059375 0.05127081458333334 0.766097240625 0.059158633333333335 0.7785808140625 0.0674846625 0.78383705625 0.0683610875 0.7877792375 0.07099035833333334 0.7943495406250001 0.07186678333333334 0.7992772671874999 0.07581069166666667 0.8028909328125 0.07668711666666667 0.8091327203124999 0.06923751041666668 0.8094612359375001 0.058282208333333335 0.8120893562499999 0.0539000875 0.8137319312500001 0.045135845833333334 0.8130749015625 0.028045575 0.808475690625 0.021910604166666667 0.8048620234375001 0.019719543750000002 0.7966491453125 0.017966695833333334 0.798291721875 0.015775635416666666 0.8065045984375001 0.013584575 0.8022339031250001 0.012269939583333334 0.8012483578125 0.010078879166666667 0.8022339031250001 0.00657318125 0.7966491453125 0.002629272916666667 0.797634690625 0.000876425 0.797470434375 0 0.7470433640625 0 0.7470433640625 0.0035056958333333334 0.7431011828125 0.010078879166666667 0.7394875171875 0.010078879166666667 0.7371879109374999 0.00744960625 0.7368593953125 0.004820333333333333 0.7352168203125 0.003067485416666667 0.737844940625 0.0004382125 0.7380091984375 0 0.7232564359375 0
0 0.44546649218749995 0.6709027166666667 0.4490801578125 0.6687116562500001 0.452365309375 0.6717791416666666 0.46024967187500004 0.6717791416666666 0.461892246875 0.6744084145833333 0.463534821875 0.6822962312499999 0.46846255000000003 0.6779141104166667 0.4714191859375 0.6805433833333333 0.4714191859375 0.6822962312499999 0.46977660937500004 0.6840490791666666 0.47240473125 0.6853637166666666 0.474375821875 0.689307625 0.47700394218750003 0.6906222604166667 0.47634691250000005 0.6923751104166667 0.4707621546875 0.6932515333333333 0.4707621546875 0.6954425937500001 0.47339027656250005 0.69675723125 0.4753613671875 0.6998247145833333 0.4868593953125 0.7007011395833334 0.4904730625 0.6980718666666667 0.49145860781249995 0.6901840499999999 0.494086728125 0.6862401395833333 0.49441524374999996 0.6818580187500001 0.498028909375 0.6770376854166666 0.49770039375 0.66914986875 0.49014454687500003 0.6608238395833334 0.48784494062499995 0.6599474145833334 0.4868593953125 0.6577563541666667 0.48061760781249996 0.6538124458333333 0.47601839687499997 0.6476774750000001 0.4832457296875 0.6362839604166666 0.48784494062499995 0.6244522354166667 0.4888304859375 0.6108676604166666 0.48784494062499995 0.5850131458333333 0.48587385000000005 0.5762489041666666 0.48258869843749996 0.567922875 0.4786465171875 0.5639789666666667 0.47470433593749994 0.5626643291666666 0.4707621546875 0.5574057854166666 0.4714191859375 0.5495179666666666 0.46616294375 0.5411919375 0.45959264062500005 0.5354951791666667 0.452365309375 0.5315512708333333 0.44710906718750004 0.5319894833333333 0.446123521875 0.5350569666666666 0.44710906718750004 0.5517090270833334 0.44579500625 0.5547765125 0.43791064375 0.5552147229166666 0.428055190625 0.56134969375 0.4165571609375 0.5780017520833333 0.40637319375000003 0.5867659937499999 0.40440210312499997 0.58720420625 0.3965177390625 0.5955302375 0.3945466484375 0.5990359333333333 0.398160315625 0.6056091145833334 0.39848883125 0.6099912354166667 0.3965177390625 0.6134969333333333 0.396189225 0.622261175 0.399802890625 0.6283961437500001 0.3991458609375 0.6397896583333333 0.40013140625 0.6437335666666667 0.40604467812499995 0.6498685354166667 0.4073587390625 0.6533742333333333 0.41392904062499997 0.6617002625 0.4198423125 0.66783523125 0.4227989484375 0.6687116562500001 0.4260841 0.6717791416666666 0.43725361406249996 0.66827344375 0.44546649218749995 0.6709027166666667
0 0.049605781249999994 0.1897458375 0.05420499375 0.19719544166666667 0.0574901453125 0.19938650208333333 0.064060446875 0.20990359375 0.0689881734375 0.21209465416666667 0.073587384375 0.21647677499999998 0.075886990625 0.22217353125 0.08015768749999999 0.22567922916666666 0.0926412609375 0.2287467125 0.095597896875 0.23093777291666667 0.1021682 0.23181419791666666 0.11399474375 0.23093777291666667 0.117936925 0.2287467125 0.12122207656249999 0.22567922916666666 0.12187910625000001 0.22304995625000001 0.12122207656249999 0.20990359375 0.1231931671875 0.20552147291666667 0.13699080156250001 0.20552147291666667 0.1389618921875 0.19719544166666667 0.1409329828125 0.19368974583333334 0.148160315625 0.1897458375 0.152102496875 0.18492550416666667 0.158344284375 0.18185801875 0.1672141921875 0.17046450416666667 0.1672141921875 0.16476774791666668 0.15998685937499998 0.15425065833333335 0.15341655781250002 0.13321647708333334 0.147503284375 0.12971077916666665 0.14388961875 0.12401402291666666 0.13370565 0.11744084166666666 0.12746386406250002 0.10999123541666668 0.11399474375 0.1086766 0.1084099875 0.10341805416666668 0.1084099875 0.09070990416666666 0.1093955328125 0.08457493333333334 0.112023653125 0.07800175208333333 0.112023653125 0.07230499583333333 0.110381078125 0.06923751041666668 0.09921156406250001 0.06792287500000001 0.09231274687499999 0.06485538958333333 0.08574244375 0.059596845833333335 0.0768725359375 0.04907975416666666 0.06997371875 0.04557405833333333 0.06274638593750001 0.04907975416666666 0.05584756875 0.045135845833333334 0.049934296875 0.04557405833333333 0.042049934375 0.0543383 0.0377792375 0.06310254166666666 0.0361366625 0.0674846625 0.0348226015625 0.08238387291666666 0.0305519046875 0.08983347916666666 0.029894874999999998 0.095092025 0.03153745 0.10517090208333334 0.034165571875 0.10955302291666666 0.034165571875 0.11481156875 0.035808146875 0.12138475 0.0348226015625 0.12664329583333334 0.03153745 0.13014899166666666 0.028909329687500002 0.13628396041666668 0.0269382390625 0.14986853541666667 0.027923784375 0.15863277916666665 0.029566359375 0.162138475 0.03153745 0.17265556458333334 0.0361366625 0.17879053541666667 0.0410643890625 0.17966695833333332 0.0469776609375 0.18273444374999998 0.0486202359375 0.18492550416666667 0.049605781249999994 0.1897458375
0 0.6021682 0.34794040416666666 0.6064388968750001 0.3369851 0.6064388968750001 0.32997370625 0.6093955328125 0.31858019375 0.6084099875 0.30543382916666667 0.6093955328125 0.2927256791666667 0.6064388968750001 0.2839614375 0.6028252296875001 0.2787028916666667 0.600197109375 0.2664329541666667 0.5929697765624999 0.25547765208333334 0.5798291718749999 0.25109553125 0.5739159 0.24583698541666665 0.5676741125 0.2383873791666667 0.5611038109375001 0.22392638125 0.5548620234375 0.21866783541666665 0.5538764781250001 0.21384750208333334 0.552233903125 0.21209465416666667 0.5456635999999999 0.21121822916666666 0.5440210249999999 0.21428571458333331 0.54237845 0.2651183166666667 0.5377792375 0.2664329541666667 0.5220105125 0.26380368125 0.51971090625 0.26555652916666667 0.5187253609375 0.2703768625 0.5187253609375 0.2870289229166667 0.529566359375 0.29886064791666667 0.534165571875 0.31244522291666665 0.5377792375 0.31682734375 0.540407359375 0.32690622291666666 0.540407359375 0.3369851 0.54237845 0.34487291875000003 0.545992115625 0.34531113125 0.5535479624999999 0.3396143729166667 0.56373193125 0.34312007083333335 0.57621550625 0.34224364583333333 0.588370565625 0.35363716041666665 0.593955321875 0.3558282208333334 0.5972404734375 0.35407537291666663 0.6021682 0.34794040416666666
0 0.386333771875 0.23794916666666666 0.38830486249999996 0.2546012270833333 0.391918528125 0.25898334791666666 0.39388961875 0.26380368125 0.40177398125 0.26730937708333335 0.40801576875 0.26555652916666667 0.41195795 0.2585451354166667 0.4231274640625 0.25723050000000003 0.434296978125 0.2515337416666667 0.447766096875 0.24014022708333332 0.456307490625 0.23619631875 0.4605781859375 0.229184925 0.46156373124999994 0.22085889583333335 0.45532194531250003 0.19894829166666667 0.45532194531250003 0.189307625 0.4569645203125 0.18492550416666667 0.4569645203125 0.18098159583333334 0.45170827812500003 0.1744084145833333 0.44546649218749995 0.17221735416666667 0.441524309375 0.16695880833333332 0.4434954015625 0.15907098958333332 0.44546649218749995 0.15556529375 0.43659658281249997 0.13847502291666666 0.4313403421875 0.13540753749999998 0.419513796875 0.13584575000000002 0.41064388906250004 0.13365468958333335 0.403745071875 0.13584575000000002 0.40013140625 0.14022787083333332 0.3991458609375 0.14329535416666667 0.40013140625 0.16126205 0.39848883125 0.16695880833333332 0.40013140625 0.17090271666666668 0.40013140625 0.17397020208333333 0.40473061718750003 0.176599475 0.40637319375000003 0.17966695833333332 0.40637319375000003 0.18492550416666667 0.4040735875 0.18755477708333332 0.3965177390625 0.1888694125 0.39356110312500003 0.19500438125 0.391918528125 0.2033304125 0.38403416562500003 0.21121822916666666 0.382391590625 0.21516213750000002 0.378449409375 0.2169149875 0.378449409375 0.21998247083333336 0.386333771875 0.23794916666666666
0 0.455978975 0.1630149 0.4569645203125 0.16389132291666667 0.456307490625 0.16126205 0.455978975 0.1630149
0 0.40078843593749996 0.10254162916666668 0.40013140625 0.10385626666666667 0.40111695156250005 0.10517090208333334 0.40177398125 0.10297984166666667 0.40078843593749996 0.10254162916666668
0 0.480781865625 0 0.48061760781249996 0.0004382125 0.47700394218750003 0.005258545833333334 0.47339027656250005 0.017966695833333334 0.4687910640625 0.0267309375 0.4671484890625 0.0276073625 0.46616294375 0.03593339166666667 0.4612352171875 0.04250657291666667 0.45170827812500003 0.05039439166666667 0.44973718749999997 0.05609114791666667 0.4490801578125 0.06441717708333333 0.45006570312500005 0.09246275208333334 0.4507227328125 0.09728308541666666 0.45335085468749997 0.10341805416666668 0.45433640000000003 0.11130587291666667 0.4589356109375 0.12489044791666666 0.45992115624999996 0.13234005208333333 0.46517739843749994 0.13234005208333333 0.47109067031249996 0.12839614375 0.4750328515625 0.12927256874999998 0.47766097187499995 0.13234005208333333 0.48291721406250004 0.13234005208333333 0.4927726671875 0.12708150833333334 0.49605781875000005 0.12751971875 0.5006570296875 0.13146362916666668 0.50394218125 0.13146362916666668 0.5052562421875 0.13014899166666666 0.5068988171875 0.12357581041666667 0.5095269375 0.12007011458333333 0.5114980296875 0.11218229583333333 0.522339028125 0.10035056875 0.523981603125 0.08983347916666666 0.529566359375 0.07318142083333333 0.5371222078125 0.0666082375 0.542049934375 0.05652936041666667 0.5466491453125 0.04995617916666666 0.5466491453125 0.03505696666666667 0.545992115625 0.030674845833333336 0.5430354796875 0.025416302083333335 0.54237845 0.021472391666666667 0.5384362687500001 0.01928133125 0.530223390625 0.019719543750000002 0.5269382390625 0.021472391666666667 0.5236530875 0.0276073625 0.522339028125 0.025416302083333335 0.5220105125 0.021472391666666667 0.5174113015625 0.016213847916666666 0.5111695140625 0.016652060416666666 0.5013140609375 0.02103418125 0.5003285156249999 0.017528483333333334 0.505913271875 0.00657318125 0.505913271875 0 0.480781865625 0
0 0.9326544015625 0.9750219104166666 0.9352825234375001 0.9750219104166666 0.9333114328125 0.9745836979166668 0.9326544015625 0.9750219104166666
0 1 0.4365468895833333 0.9990144546874999 0.43602103333333336 0.9894875171875 0.4347063979166667 0.9858738499999999 0.43295354999999996 0.9779894875 0.43382997291666664 0.970433640625 0.43865030624999996 0.96156373125 0.43821209375 0.9592641265624999 0.44127957916666666 0.9589356109375 0.43865030624999996 0.952365309375 0.4404031541666667 0.9540078843750001 0.42375109583333337 0.951708278125 0.4176161270833333 0.9471090671875 0.4149868541666667 0.9454664921875 0.4158632770833333 0.944480946875 0.41849254999999996 0.9431668859375 0.432077125 0.9388961890624999 0.4434706395833333 0.9379106437500001 0.45004382083333333 0.9352825234375001 0.45311130625 0.9306833109375001 0.4675723041666667 0.9306833109375001 0.4706397895833333 0.9270696453125 0.47984224375 0.9280551906250001 0.4973707270833333 0.924441525 0.5030674854166667 0.924113009375 0.50569675625 0.9254270703125 0.5109553020833333 0.9290407359374999 0.5162138479166667 0.9349540078125 0.5179666958333333 0.9533508546875 0.5319894833333333 0.966491459375 0.5324276958333333 0.9770039421875 0.5394390875 0.983902759375 0.540753725 0.9858738499999999 0.5433829979166667 0.992444153125 0.5451358458333334 1 0.5451358458333334 1 0.5218768958333333 0.9927726671875 0.5144610000000001 0.9779894875 0.5140227875 0.9770039421875 0.5131463625 0.9766754265625 0.5087642416666667 0.977660971875 0.50657318125 0.9848883046875001 0.5083260291666667 0.9931011828124999 0.5083260291666667 0.9996714843750001 0.50744960625 1 0.5072743208333333 1 0.4365468895833333
0 0.163600525 0.18098159583333334 0.1645860703125 0.1932515333333333 0.166228646875 0.19544259375 0.16984231249999998 0.19368974583333334 0.17411300937500002 0.18843120000000002 0.17838370625 0.18580192916666669 0.1849540078125 0.18448729166666666 0.19021025 0.18010517083333333 0.20269382343750003 0.1752848375 0.20827858125 0.17090271666666668 0.21156373125 0.17002629375 0.213534821875 0.17353198958333332 0.213534821875 0.17572305000000002 0.2109067015625 0.17966695833333332 0.20729303593749998 0.18185801875 0.2010512484375 0.19193689791666665 0.200065703125 0.20727432083333333 0.2007227328125 0.2195442604166667 0.20269382343750003 0.22304995625000001 0.20893561093750002 0.229184925 0.21156373125 0.23444347083333333 0.2145203671875 0.24846625833333333 0.21780551875 0.24978089375 0.2273324578125 0.26555652916666667 0.2329172140625 0.2690622270833333 0.237844940625 0.2747589833333333 0.24441524375 0.27695004375000004 0.2470433640625 0.2747589833333333 0.24802890937500002 0.27125328750000005 0.24605781875 0.2616126208333333 0.2470433640625 0.24189307708333332 0.249671484375 0.22392638125 0.25229960625 0.21384750208333334 0.25427069687500004 0.19412795833333335 0.2568988171875 0.18273444374999998 0.2572273328125 0.16783523125000002 0.2605124828125 0.15512708125 0.2614980296875 0.14417177916666668 0.2614980296875 0.12620508333333333 0.2605124828125 0.12007011458333333 0.2595269375 0.11481156875 0.25427069687500004 0.10560911458333333 0.25229960625 0.095092025 0.244086728125 0.08808063125 0.2408015765625 0.08369851041666668 0.2227332453125 0.07493426875 0.18363994687500002 0.07142857083333333 0.1770696453125 0.07405784374999999 0.1711563734375 0.07975460208333333 0.1691852828125 0.08282208541666666 0.1691852828125 0.08501314583333335 0.1645860703125 0.09202453958333333 0.1626149796875 0.09903593333333333 0.1645860703125 0.10341805416666668 0.166228646875 0.10385626666666667 0.1681997375 0.10692375208333332 0.1681997375 0.11393514375 0.163600525 0.12138475 0.16097240468750001 0.13058720416666666 0.16097240468750001 0.149430325 0.161629434375 0.15249780833333335 0.1685282515625 0.16126205 0.17049934375 0.162138475 0.1711563734375 0.16432953541666664 0.16984231249999998 0.17046450416666667 0.16754270625 0.17309377708333334 0.1672141921875 0.1752848375 0.1649145859375 0.17703768541666667 0.163600525 0.18098159583333334
0 0.4691195796875 0.75021910625 0.48127463906249995 0.74934268125 0.48423127499999996 0.7475898333333333 0.4832457296875 0.7397020166666667 0.481603153125 0.7379491666666667 0.4789750328125 0.7300613499999999 0.4707621546875 0.7177914104166666 0.46977660937500004 0.7147239270833333 0.47043364062500004 0.7068361083333333 0.4687910640625 0.7028922000000001 0.4687910640625 0.69675723125 0.46616294375 0.6901840499999999 0.463534821875 0.6884312 0.4625492765625 0.6844872916666667 0.46517739843749994 0.6805433833333333 0.464191853125 0.6752848375 0.45795006562499996 0.6717791416666666 0.455650459375 0.6687116562500001 0.44546649218749995 0.6669588083333333 0.4431668859375 0.6687116562500001 0.428055190625 0.67002629375 0.4247700390625 0.6717791416666666 0.421813403125 0.67572305 0.42148488906250003 0.6840490791666666 0.4227989484375 0.6923751104166667 0.4267411296875 0.6998247145833333 0.429697765625 0.7028922000000001 0.429697765625 0.7077125333333334 0.426412615625 0.71560035 0.4254270703125 0.7252410166666666 0.426412615625 0.7304995625 0.43002628125 0.7353198958333333 0.4431668859375 0.7449605604166667 0.447766096875 0.75065731875 0.4480946125 0.7554776520833334 0.452365309375 0.7585451354166667 0.455650459375 0.7563540750000001 0.46156373124999994 0.7554776520833334 0.4691195796875 0.75021910625
0 0 0.3729623145833333 0.00229960625 0.37204206875 0.035808146875 0.34005258541666666 0.0607752953125 0.33654688958333334 0.073587384375 0.33654688958333334 0.0765440203125 0.33567046458333333 0.08015768749999999 0.33085013125 0.080486203125 0.325153375 0.07950065625 0.32208588958333334 0.075886990625 0.31638913333333335 0.074244415625 0.3111305875 0.0666885671875 0.30017528541666666 0.0666885671875 0.2975460125 0.064060446875 0.29097283125 0.06143232656249999 0.2879053458333333 0.057818659375000005 0.2870289229166667 0.05584756875 0.2839614375 0.0489487515625 0.2804557395833333 0.047634690625 0.2782646791666667 0.040407359375 0.27607361874999997 0.032194481250000004 0.27563540833333333 0.0249671484375 0.26950043749999997 0.021681996875 0.2703768625 0.016097240625000002 0.27695004375000004 0.00229960625 0.27563540833333333 0 0.27723583333333335 0 0.3729623145833333
0 0.32654402031249996 0.39789658125000005 0.3285151109375 0.39176161249999997 0.3285151109375 0.38431200625 0.3311432328125 0.377738825 0.3311432328125 0.37379491666666664 0.33311432343749997 0.36678352291666666 0.33311432343749997 0.35801928125 0.3373850203125 0.3518843125 0.338370565625 0.34399649374999997 0.3347568984375 0.3290972833333334 0.3347568984375 0.3194566166666667 0.330486203125 0.3137598604166667 0.3173455984375 0.3023663458333333 0.31241787187500003 0.3014899208333333 0.30683311406249997 0.2966695875 0.30420499375 0.29623137499999996 0.30026281250000003 0.2997370729166667 0.29927726718750003 0.30411919375 0.2930354796875 0.31638913333333335 0.28153744999999997 0.31682734375 0.2687253609375 0.3260297979166667 0.2628120890625 0.33347940416666666 0.25131406093750003 0.3396143729166667 0.249671484375 0.34224364583333333 0.2490144546875 0.350569675 0.24868593906249997 0.36021034166666666 0.249671484375 0.3676599479166667 0.2605124828125 0.38036809791666665 0.26412615 0.3913234 0.2687253609375 0.39964943125 0.2831800265625 0.4206836104166667 0.28843626875 0.42375109583333337 0.2930354796875 0.42375109583333337 0.295992115625 0.42112182291666667 0.30026281250000003 0.42112182291666667 0.30420499375 0.4228746708333333 0.30781865937499997 0.4176161270833333 0.308475690625 0.4053461875 0.310118265625 0.40315512708333334 0.32293035468750003 0.40315512708333334 0.32654402031249996 0.39789658125000005
0 0.43725361406249996 0.43295354999999996 0.43889618906249994 0.42769500416666667 0.444480946875 0.42024539791666665 0.446123521875 0.4154250666666667 0.44185282499999995 0.4084136729166667 0.43791064375 0.40403155208333336 0.4356110375 0.40315512708333334 0.434296978125 0.40052585416666664 0.42049934375 0.39176161249999997 0.39848883125 0.39176161249999997 0.39553219375 0.3930762479166667 0.39388961875 0.39745837083333335 0.3948751640625 0.4053461875 0.398160315625 0.41191936874999996 0.39750328437500004 0.41454864166666666 0.3965177390625 0.4149868541666667 0.3932325890625 0.41235758125 0.38830486249999996 0.41235758125 0.38436268125 0.4149868541666667 0.380091984375 0.4219982479166667 0.3794349546875 0.42462751875000004 0.3810775296875 0.4351446104166667 0.3827201046875 0.43645924583333334 0.385676740625 0.4452234875 0.3892904078125 0.4496056083333333 0.3925755578125 0.45092024583333334 0.39717477031250004 0.45661700208333333 0.3991458609375 0.4649430333333333 0.40078843593749996 0.46713409375000003 0.40965834375 0.4702015770833333 0.4149145859375 0.46801051666666665 0.4306833109375 0.46801051666666665 0.4346254921875 0.46625766875 0.43692509843750005 0.45398772916666663 0.43791064375 0.44127957916666666 0.43725361406249996 0.43295354999999996
0 0.1008541390625 0.36678352291666666 0.103810775 0.3645924625 0.103810775 0.3606485541666667 0.1021682 0.35889570625 0.0985545328125 0.35801928125 0.0959264125 0.3597721291666666 0.09921156406250001 0.3702892208333333 0.1008541390625 0.36678352291666666
0 0.0371222078125 0.34224364583333333 0.0377792375 0.34531113125 0.041392904687499996 0.3483786145833333 0.0450065703125 0.35933391666666664 0.050919842187499995 0.3663453104166667 0.052233903125 0.37116564375000005 0.0568331140625 0.37642418958333335 0.0630749015625 0.3773006125 0.06833114375 0.3742331291666667 0.0712877796875 0.3702892208333333 0.07260183906249999 0.36590710000000004 0.08409986875 0.36021034166666666 0.09231274687499999 0.35889570625 0.095597896875 0.35407537291666663 0.09756898750000001 0.35363716041666665 0.09921156406250001 0.3426818583333333 0.09921156406250001 0.32471516250000004 0.0949408671875 0.31814198125 0.0949408671875 0.31551270833333334 0.0929697765625 0.3111305875 0.0867279890625 0.30105170833333333 0.083771353125 0.29360210416666666 0.0765440203125 0.283523225 0.0732588703125 0.27563540833333333 0.0660315375 0.26950043749999997 0.059789749999999996 0.26950043749999997 0.0548620234375 0.2664329541666667 0.0512483578125 0.2747589833333333 0.0512483578125 0.2787028916666667 0.053219448437500004 0.2830850125 0.0574901453125 0.28439965 0.064060446875 0.28965819375 0.065703021875 0.2931638916666667 0.06767411250000001 0.30411919375 0.073587384375 0.3076248895833333 0.075886990625 0.31682734375 0.07950065625 0.325153375 0.07950065625 0.33085013125 0.0765440203125 0.33654688958333334 0.070302234375 0.33391761666666664 0.061760840625 0.33654688958333334 0.0456636 0.33654688958333334 0.0433639953125 0.3369851 0.0371222078125 0.34224364583333333
0 0.3929040734375 0.5762489041666666 0.3945466484375 0.5762489041666666 0.39356110312500003 0.57537248125 0.3929040734375 0.5762489041666666
0 0.5384362687500001 0.567922875 0.5384362687500001 0.5696757229166667 0.5387647828125 0.5687992979166666 0.5384362687500001 0.567922875
0 0.534165571875 0.5354951791666667 0.5377792375 0.5359333916666666 0.5384362687500001 0.5376862395833334 0.5384362687500001 0.5350569666666666 0.5348226015625 0.53461875625 0.534165571875 0.5354951791666667
0 0.5062417875 0.5635407541666667 0.51971090625 0.5626643291666666 0.522339028125 0.5578439958333333 0.5233245734375 0.5416301499999999 0.522339028125 0.5350569666666666 0.5187253609375 0.5289219979166666 0.5187253609375 0.52716915 0.5229960578124999 0.52103418125 0.525624178125 0.5197195437500001 0.5305519046875 0.5113935145833334 0.531865965625 0.5113935145833334 0.535808146875 0.50613496875 0.5394218140625 0.4973707270833333 0.539750328125 0.4903593333333333 0.5384362687500001 0.48159509166666664 0.5348226015625 0.47852760833333335 0.53153745 0.47896581875 0.527923784375 0.4820333041666667 0.5252956640625001 0.4824715166666667 0.5233245734375 0.485539 0.522339028125 0.48334793958333333 0.5233245734375 0.473707275 0.518396846875 0.46669588125 0.51412615 0.45661700208333333 0.5078843625 0.44829097291666664 0.50229960625 0.4443470645833333 0.4947437578125 0.4417177916666667 0.48718791093749997 0.4447852770833334 0.48423127499999996 0.44785276041666666 0.482260184375 0.45223488125 0.47306176093749996 0.4588080625 0.46780551875 0.47589833541666665 0.46977660937500004 0.48904469791666666 0.46517739843749994 0.4973707270833333 0.46452036718749995 0.5017528479166666 0.46616294375 0.5140227875 0.47273324531250005 0.5223488166666667 0.47798948750000003 0.5258545145833333 0.482260184375 0.526292725 0.48981603125 0.5319894833333333 0.491787121875 0.5381244520833334 0.49145860781249995 0.5512708145833333 0.4904730625 0.5530236625 0.4904730625 0.5657318145833333 0.49145860781249995 0.5674846625 0.4934296984375 0.5696757229166667 0.49868593906249997 0.5696757229166667 0.5062417875 0.5635407541666667
0 0.7634691203124999 0.20815074583333332 0.7713534828124999 0.21121822916666666 0.7808804203124999 0.21121822916666666 0.792049934375 0.20420683541666668 0.79632063125 0.19982471458333334 0.798291721875 0.19588080624999998 0.8028909328125 0.18098159583333334 0.8065045984375001 0.15644171875000001 0.8091327203124999 0.15030674791666668 0.8111038109375001 0.149430325 0.8147174765624999 0.14417177916666668 0.815703021875 0.13628396041666668 0.808475690625 0.12313759791666666 0.8074901453125 0.11787905416666668 0.8048620234375001 0.11437335625 0.7992772671874999 0.1086766 0.7877792375 0.10341805416666668 0.7848226015625 0.09815950833333333 0.7805519046875 0.0955302375 0.762155059375 0.0955302375 0.755913271875 0.10122699375000001 0.75229960625 0.10648553958333333 0.751642575 0.11481156875 0.754270696875 0.1218229625 0.7552562421875 0.13146362916666668 0.7605124828125 0.13935144583333334 0.762155059375 0.14504820416666667 0.762155059375 0.14986853541666667 0.7585413921875 0.16739702083333335 0.7598554531249999 0.17309377708333334 0.7614980296875 0.1752848375 0.7647831796875 0.176599475 0.766097240625 0.17966695833333332 0.766097240625 0.18141980625 0.7595269375 0.1888694125 0.7585413921875 0.19237511041666666 0.7595269375 0.19982471458333334 0.7634691203124999 0.20815074583333332
0 0.8843626812500001 0.7116564416666668 0.8879763468749999 0.7068361083333333 0.8925755578125001 0.7059596854166668 0.8909329828124999 0.7099035937499999 0.8906044671875 0.7169149874999999 0.8919185281249999 0.7340052583333333 0.8929040734375 0.73619631875 0.896189225 0.7379491666666667 0.9034165578125 0.7388255916666666 0.9053876484375 0.7418930770833333 0.90637319375 0.7462751979166666 0.9126149796874999 0.7524101666666667 0.921813403125 0.7554776520833334 0.9329829171874999 0.7515337416666666 0.9369250984375 0.7532865916666667 0.9408672796875001 0.7528483791666667 0.9461235218749999 0.7475898333333333 0.950065703125 0.7357581062499999 0.9540078843750001 0.7340052583333333 0.9632063078125 0.7331288333333333 0.96616294375 0.7300613499999999 0.9668199734374999 0.7248028041666666 0.9641918531250001 0.7090271687499999 0.9645203671875 0.7059596854166668 0.966491459375 0.7046450479166667 0.970433640625 0.7055214729166667 0.9740473062499999 0.703768625 0.9904730624999999 0.7033304125 0.9904730624999999 0.6971954416666667 0.9888304859374999 0.6901840499999999 0.9878449406250001 0.6652059604166667 0.9862023656250001 0.6568799291666667 0.9868593953125 0.6454864145833333 0.983902759375 0.6402278708333333 0.9802890937500001 0.6371603854166668 0.9641918531250001 0.6310254166666667 0.9622207625 0.62751971875 0.9622207625 0.6248904479166666 0.96616294375 0.6196319020833333 0.9687910640625 0.6183172645833334 0.9743758218749999 0.6099912354166667 0.9750328515625 0.60210341875 0.9740473062499999 0.5990359333333333 0.970433640625 0.5968448729166667 0.9595926406249999 0.5942156 0.9477660968749999 0.60210341875 0.9438239156250001 0.6016652062500001 0.9352825234375001 0.5968448729166667 0.9326544015625 0.5968448729166667 0.9257555843749999 0.60078878125 0.9181997375 0.5981595083333333 0.9145860703125 0.5999123583333333 0.9126149796874999 0.6025416291666666 0.9126149796874999 0.6042944791666667 0.90965834375 0.6064855395833334 0.9024310124999999 0.6078001749999999 0.8837056499999999 0.6078001749999999 0.880091984375 0.6099912354166667 0.8751642578125001 0.61568799375 0.8692509859375 0.6170026291666667 0.868265440625 0.6191936895833333 0.8626806828125 0.6240140229166666 0.8564388968750001 0.6336546895833333 0.8557818656249999 0.6397896583333333 0.8607095921875001 0.6446099916666667 0.8620236531250001 0.6481156875 0.8807490140625 0.6507449604166666 0.8827201046875001 0.6538124458333333 0.881734559375 0.6568799291666667 0.8787779234374999 0.6603856270833333 0.8741787125 0.6625766875 0.8662943500000001 0.6638913229166667 0.8600525625 0.66958808125 0.8584099875 0.6739702020833334 0.8584099875 0.703768625 0.8603810781250001 0.71034180625 0.8656373187499999 0.71560035 0.8777923781249999 0.71560035 0.8843626812500001 0.7116564416666668
0 0.9858738499999999 0.8076248895833333 0.983902759375 0.80324276875 0.9668199734374999 0.8028045583333333 0.9589356109375 0.7953549520833333 0.952365309375 0.7922874666666666 0.9480946124999999 0.7940403145833332 0.9461235218749999 0.7971077999999999 0.944480946875 0.8080631020833333 0.9372536140625 0.8260297979166666 0.9369250984375 0.8334794041666667 0.9425098546875 0.8483786145833334 0.9454664921875 0.8523225249999999 0.9543364000000001 0.85714285625 0.9641918531250001 0.8593339166666667 0.9727332453124999 0.85845749375 0.976018396875 0.8536371604166667 0.9829172140625 0.8492550395833334 0.9858738499999999 0.8448729187499999 0.9878449406250001 0.8369850999999999 0.9894875171875 0.8343558291666666 0.9875164249999999 0.8260297979166666 0.977660971875 0.8150744958333332 0.9789750328125001 0.8120070104166667 0.98193166875 0.8115688 0.9858738499999999 0.8076248895833333
0 0.2361293625 0 0.236202365625 0.000876425 0.2467148484375 0.016213847916666666 0.2470433640625 0.02716915 0.251642575 0.0398773 0.2526281203125 0.04688869375 0.2552562421875 0.05039439166666667 0.26182654375 0.05039439166666667 0.2667542703125 0.053461875 0.2703679375 0.0530236625 0.272339028125 0.04864154166666667 0.2733245734375 0.0398773 0.2766097234375 0.0276073625 0.277923784375 0.015337422916666668 0.2861366625 0.005258545833333334 0.2927069640625 0.0043821208333333335 0.3019053875 0.00744960625 0.310118265625 0.013584575 0.315703021875 0.02366345208333333 0.322273325 0.01709027083333333 0.325558475 0.009202454166666667 0.32654402031249996 0.0021910604166666668 0.3277485765625 0 0.2361293625 0
0 0.4655059125 0.0398773 0.46780551875 0.0398773 0.46780551875 0.038124452083333336 0.4655059125 0.0398773
0 0.4507227328125 0.10604732708333334 0.4513797640625 0.09947414583333333 0.4480946125 0.08851884374999999 0.4480946125 0.05565293541666667 0.44973718749999997 0.04820333125 0.4490801578125 0.03637160416666666 0.44579500625 0.030674845833333336 0.439881734375 0.028045575 0.43002628125 0.029798422916666668 0.42706964531249997 0.03724802708333333 0.413600525 0.03155127083333333 0.403745071875 0.03418054375 0.40078843593749996 0.03637160416666666 0.398160315625 0.053461875 0.3929040734375 0.06573181458333334 0.3929040734375 0.07011393541666666 0.39717477031250004 0.07756354166666667 0.3948751640625 0.09158632708333332 0.39553219375 0.09991235833333333 0.4027595265625 0.11568799375 0.403745071875 0.120508325 0.4093298296875 0.12971077916666665 0.4165571609375 0.13321647708333334 0.4234559796875 0.1345311125 0.4306833109375 0.1345311125 0.43528252343749996 0.13234005208333333 0.446123521875 0.11744084166666666 0.4480946125 0.11042944791666667 0.4507227328125 0.10604732708333334
0 0.754270696875 0.5687992979166666 0.7552562421875 0.5762489041666666 0.757555846875 0.5775635416666667 0.7654402109375 0.5766871166666667 0.7680683312500001 0.5810692375 0.7729960578124999 0.5836985104166666 0.7769382390625 0.5810692375 0.7785808140625 0.5784399645833334 0.7785808140625 0.56178790625 0.7805519046875 0.5543383 0.7805519046875 0.5390008770833333 0.7749671484375 0.53286590625 0.7733245734375 0.49561787916666666 0.7713534828124999 0.4881682729166667 0.772339028125 0.47940403125 0.7720105125 0.4763365479166667 0.7693823921875 0.47151621458333337 0.7654402109375 0.4675723041666667 0.7585413921875 0.46581945625 0.7470433640625 0.4706397895833333 0.74605781875 0.47283085 0.7371879109374999 0.48028045625 0.73587385 0.48685363750000005 0.7270039421875001 0.49780893958333333 0.7253613671875 0.5021910604166666 0.7250328515625 0.5092024541666667 0.7279894875 0.5166520604166667 0.7263469125 0.5319894833333333 0.7296320625 0.5425065729166667 0.7296320625 0.54776511875 0.7306176078125 0.5499561791666667 0.7306176078125 0.5674846625 0.731603153125 0.5714285708333333 0.734231275 0.57449605625 0.7368593953125 0.5749342687500001 0.74441524375 0.5696757229166667 0.75 0.56091148125 0.75229960625 0.5600350562499999 0.75394218125 0.5574057854166666 0.7549277265625001 0.5582822083333333 0.754270696875 0.5687992979166666
0 0.126087228125 0 0.1254927734375 0.016652060416666666 0.12023653125 0.028045575 0.12023653125 0.045135845833333334 0.1248357421875 0.05609114791666667 0.13731931718749998 0.059596845833333335 0.141918528125 0.0666082375 0.14914586093749999 0.07186678333333334 0.15013140625000002 0.07405784374999999 0.16195795 0.08545135833333334 0.163600525 0.08545135833333334 0.166228646875 0.08457493333333334 0.17181340312499999 0.07449605625000001 0.1790407359375 0.06529360208333333 0.18101182656249998 0.0543383 0.1852825234375 0.04776511875 0.18725361406250002 0.04732690625 0.1885676734375 0.042944785416666666 0.19612352187499998 0.042944785416666666 0.2007227328125 0.04776511875 0.2145203671875 0.06923751041666668 0.22601839687499997 0.07142857083333333 0.2368593953125 0.07887817708333333 0.24474375781250002 0.07975460208333333 0.24802890937500002 0.07712532916666667 0.249671484375 0.061349693749999996 0.25131406093750003 0.05609114791666667 0.25065702968750003 0.045135845833333334 0.24605781875 0.030674845833333336 0.24507227343750002 0.017966695833333334 0.23521682031250002 0.0004382125 0.23517397031249998 0 0.126087228125 0
0 0 0.5106047333333333 0.0078843625 0.5021910604166666 0.0078843625 0.4995617875 0.009855453125 0.4964943041666666 0.0190538765625 0.49605609166666664 0.0246386328125 0.4912357583333333 0.0252956640625 0.4881682729166667 0.02431011875 0.47940403125 0.0203679375 0.46801051666666665 0.01412615 0.45968448749999996 0.0062417875 0.4557405791666667 0.0006570296875 0.44916739791666666 0 0.4476535729166667 0 0.5106047333333333
0 0.8689224703124999 0.8834355833333334 0.882391590625 0.88431200625 0.8846911953125 0.8865030666666667 0.8889618921875 0.8873794916666667 0.8978318 0.8873794916666667 0.899802890625 0.8865030666666667 0.904402103125 0.879491675 0.9027595265624999 0.8759859770833334 0.9030880421875 0.8733567041666667 0.90801576875 0.8729184916666667 0.9126149796874999 0.8663453104166667 0.913600525 0.8615249770833333 0.9168856765625 0.8562664333333333 0.916228646875 0.8483786145833334 0.91195795 0.8356704645833334 0.9083442843749999 0.83172655625 0.9073587390625001 0.8264680104166667 0.8991458609375 0.823400525 0.8971747703125 0.8198948291666667 0.8945466484375 0.8076248895833333 0.8945466484375 0.7992988604166666 0.899802890625 0.7922874666666666 0.8971747703125 0.7887817708333333 0.8850197109375 0.7800175291666667 0.8810775296875001 0.7804557395833334 0.8754927734375 0.7865907104166666 0.87023653125 0.7883435583333332 0.8669513796875 0.7914110437499999 0.8508541390625 0.7953549520833333 0.8432982921875001 0.8028045583333333 0.84198423125 0.8063102541666667 0.8429697765625 0.8120070104166667 0.8492115640625 0.8198948291666667 0.8521682 0.8212094645833333 0.8587385015625 0.8212094645833333 0.8600525625 0.8229623145833334 0.8511826546875 0.823400525 0.8475689875000001 0.8260297979166666 0.843955321875 0.82997370625 0.8409986859374999 0.8387379500000001 0.8413272015625 0.8435582812500001 0.850197109375 0.8527607354166666 0.850197109375 0.8663453104166667 0.853810775 0.87248028125 0.8600525625 0.8759859770833334 0.8620236531250001 0.8790534625 0.8689224703124999 0.8834355833333334
0 0.4786465171875 0.42857142916666663 0.4796320625 0.42156003541666665 0.4868593953125 0.40929009583333337 0.48718791093749997 0.40403155208333336 0.48587385000000005 0.40184049166666663 0.47996057812500004 0.39964943125 0.4753613671875 0.3957055208333333 0.464191853125 0.3957055208333333 0.45992115624999996 0.39833479375 0.45170827812500003 0.40929009583333337 0.4507227328125 0.41279579375 0.4480946125 0.4158632770833333 0.4480946125 0.4176161270833333 0.4425098546875 0.42725679166666664 0.4408672796875 0.43295354999999996 0.4408672796875 0.4425942145833333 0.4434954015625 0.4496056083333333 0.44415243125000003 0.46450482083333333 0.44710906718750004 0.4684487291666667 0.4480946125 0.4732690625 0.4507227328125 0.47546012291666667 0.45532194531250003 0.4767747583333334 0.461892246875 0.4763365479166667 0.46517739843749994 0.4732690625 0.4707621546875 0.45749342708333335 0.47339027656250005 0.45311130625 0.4753613671875 0.4474145479166667 0.4750328515625 0.43865030624999996 0.47601839687499997 0.43382997291666664 0.4786465171875 0.42857142916666663
0 0.428055190625 0.34180543333333335 0.426412615625 0.32734443541666663 0.42706964531249997 0.3194566166666667 0.4234559796875 0.30499561875 0.4234559796875 0.2992988604166667 0.422470434375 0.2966695875 0.41918528281249995 0.29447852708333333 0.40801576875 0.2957931645833333 0.4053876484375 0.29053461875 0.402102496875 0.2879053458333333 0.3948751640625 0.28965819375 0.3853482265625 0.29535495208333334 0.3794349546875 0.2957931645833333 0.37483574218750004 0.3019281333333333 0.3728646515625 0.30718667916666664 0.3728646515625 0.30981595 0.37023653125 0.3159509208333333 0.368265440625 0.3330411916666666 0.3672798953125 0.3343558291666667 0.36563731875 0.35670464583333333 0.3630091984375 0.3645924625 0.3630091984375 0.37116564375000005 0.373850196875 0.3751095520833333 0.38469119531249996 0.3751095520833333 0.391918528125 0.37379491666666664 0.39717477031250004 0.36853637083333335 0.40440210312499997 0.37642418958333335 0.40965834375 0.3768624020833334 0.41622864687499994 0.36853637083333335 0.4165571609375 0.3663453104166667 0.42082785781250004 0.3597721291666666 0.421813403125 0.3549517958333333 0.4234559796875 0.3531989479166667 0.4247700390625 0.3461875541666667 0.428055190625 0.34180543333333335
0 0.29664914531250003 0.6270815083333333 0.30026281250000003 0.62751971875 0.318002628125 0.6257668708333333 0.32654402031249996 0.6191936895833333 0.34034165625 0.6183172645833334 0.343955321875 0.6134969333333333 0.34559789687500003 0.6078001749999999 0.3465834421875 0.595092025 0.34559789687500003 0.5902716916666667 0.3386990796875 0.5766871166666667 0.3373850203125 0.5652936020833333 0.3393561109375 0.56134969375 0.3429697765625 0.5578439958333333 0.3449408671875 0.5486415416666667 0.3508541390625 0.5433829979166667 0.350197109375 0.5232252416666666 0.3472404734375 0.5157756354166667 0.350197109375 0.5087642416666667 0.35578186562499997 0.5017528479166666 0.35282522968749996 0.4973707270833333 0.3465834421875 0.49780893958333333 0.3429697765625 0.5004382125 0.34034165625 0.50569675625 0.338370565625 0.5144610000000001 0.336399475 0.5170902708333334 0.329829171875 0.5188431208333334 0.32621550625 0.5170902708333334 0.3239159 0.513584575 0.3232588703125 0.50613496875 0.3239159 0.5013146354166667 0.32950065624999997 0.4881682729166667 0.33015768749999996 0.4824715166666667 0.3285151109375 0.4732690625 0.32588699062500004 0.46888694166666667 0.3206307484375 0.46713409375000003 0.302233903125 0.46801051666666665 0.2956636 0.4706397895833333 0.286465178125 0.47852760833333335 0.2789093296875 0.4824715166666667 0.2706964515625 0.49386503125000003 0.26773981562500004 0.5052585458333333 0.26379763437500003 0.5096406666666666 0.2614980296875 0.5197195437500001 0.2578843625 0.5267309375 0.2552562421875 0.5368098166666667 0.2552562421875 0.5503943916666666 0.2614980296875 0.56047326875 0.266097240625 0.5631025416666666 0.27431011875 0.5631025416666666 0.27759526874999996 0.56091148125 0.2831800265625 0.56178790625 0.28383705625 0.5648553895833334 0.2805519046875 0.5692375104166667 0.277923784375 0.5788781770833332 0.277923784375 0.5920245395833333 0.2805519046875 0.5981595083333333 0.28383705625 0.6016652062500001 0.2861366625 0.6095530229166666 0.2913929046875 0.6183172645833334 0.2927069640625 0.6244522354166667 0.29664914531250003 0.6270815083333333
0 0.7089356109375 0.15556529375 0.7043364000000001 0.15863277916666665 0.7053219453125 0.16038562708333334 0.70992115625 0.16564417083333333 0.7125492765625 0.1665205958333333 0.7194480953125 0.16564417083333333 0.7293035484375 0.16783523125000002 0.7503285156249999 0.18711656458333334 0.7568988171875 0.18185801875 0.7588699078125 0.1744084145833333 0.7585413921875 0.1630149 0.762155059375 0.14899211250000002 0.7605124828125 0.14110429375000003 0.746386334375 0.1209465375 0.7391590015625 0.11349693333333333 0.7368593953125 0.1086766 0.7368593953125 0.10648553958333333 0.7263469125 0.0955302375 0.726018396875 0.09333917708333334 0.7240473062499999 0.09202453958333333 0.7240473062499999 0.08808063125 0.7230617609375 0.08676599375 0.7171484890625 0.08676599375 0.7125492765625 0.08939526666666667 0.7059789750000001 0.10297984166666667 0.701708278125 0.10692375208333332 0.7013797640625 0.10955302291666666 0.701708278125 0.11437335625 0.7007227328125001 0.11831726458333333 0.702365309375 0.11875547708333332 0.7072930359375 0.12489044791666666 0.707950065625 0.13146362916666668 0.706307490625 0.134969325 0.70367936875 0.13628396041666668 0.7030223390625 0.14154250625 0.6987516421875 0.14154250625 0.697766096875 0.14460999166666666 0.6987516421875 0.14680105208333333 0.7013797640625 0.147677475 0.702365309375 0.149430325 0.7059789750000001 0.14811568749999998 0.7089356109375 0.15074496041666666 0.7089356109375 0.15556529375
0 1 0.7571894166666666 0.992444153125 0.7436459249999999 0.9914586078125 0.7383873791666667 0.9914586078125 0.7269938645833334 0.9904730624999999 0.7243645916666667 0.9878449406250001 0.7212971083333334 0.9868593953125 0.7164767750000001 0.9793035484375 0.7072743208333333 0.9733902765625 0.7068361083333333 0.9707621546875 0.7099035937499999 0.9671484890625001 0.71560035 0.9668199734374999 0.7300613499999999 0.9645203671875 0.7331288333333333 0.9609067015624999 0.7348816833333333 0.9526938234375001 0.7357581062499999 0.9507227328125 0.73707274375 0.9480946124999999 0.7467134083333333 0.944480946875 0.7524101666666667 0.9365965828125 0.7607361958333333 0.9362680687499999 0.7659947416666667 0.9372536140625 0.7673093770833332 0.9480946124999999 0.770815075 0.9497371875 0.7734443479166667 0.9471090671875 0.7835232249999999 0.9471090671875 0.7892199833333333 0.9480946124999999 0.7914110437499999 0.9549934296875 0.7918492541666667 0.9641918531250001 0.7992988604166666 0.9714191859374999 0.8010517083333333 0.9786465171875 0.7988606479166667 0.983902759375 0.7914110437499999 0.9858738499999999 0.79053461875 0.9868593953125 0.7918492541666667 0.9862023656250001 0.80324276875 0.9878449406250001 0.8080631020833333 0.9967148484375 0.8089395270833334 1 0.8080631020833333 1 0.7571894166666666
0 0.55584756875 0.6165644166666666 0.55584756875 0.6191936895833333 0.5594612359375 0.6248904479166666 0.5630749015625 0.6362839604166666 0.5647174765625 0.6393514458333333 0.5732588703125 0.6454864145833333 0.5811432328125 0.6533742333333333 0.5867279890625 0.6564417187499999 0.5890275953125 0.65600350625 0.5909986859374999 0.6542506583333334 0.5909986859374999 0.6450482041666666 0.5873850203125001 0.6367221729166667 0.5847568984375 0.6240140229166666 0.5827858078125 0.6209465375 0.5818002625 0.6165644166666666 0.5831143234375 0.61393514375 0.5870565046875 0.61437335625 0.5893561109375 0.6130587208333333 0.5982260187499999 0.6042944791666667 0.603810775 0.5924627520833333 0.6054533515625 0.5845749333333334 0.6100525625000001 0.5784399645833334 0.6110381078125 0.57537248125 0.6110381078125 0.5639789666666667 0.6093955328125 0.5490797541666667 0.60446780625 0.5319894833333333 0.6047963203125 0.52716915 0.6074244421875 0.5219106041666667 0.6074244421875 0.513584575 0.6064388968750001 0.5113935145833334 0.5988830484375 0.5026292729166667 0.59034165625 0.4973707270833333 0.58574244375 0.4969325145833333 0.5811432328125 0.4995617875 0.5785151109375 0.5026292729166667 0.578186596875 0.5052585458333333 0.5801576875000001 0.5254163020833333 0.5785151109375 0.5306748458333334 0.57621550625 0.53286590625 0.5732588703125 0.5315512708333333 0.572273325 0.5289219979166666 0.5683311437499999 0.5293602104166667 0.5660315375 0.52716915 0.5647174765625 0.5245398770833334 0.565703021875 0.52059596875 0.5650459921875 0.5170902708333334 0.561760840625 0.5113935145833334 0.5574901453125001 0.5083260291666667 0.549934296875 0.50613496875 0.5430354796875 0.50657318125 0.5374507234375 0.5109553020833333 0.534165571875 0.5118317270833334 0.5269382390625 0.52015775625 0.5259526937500001 0.5227870291666666 0.5269382390625 0.5306748458333334 0.5325229953124999 0.5376862395833334 0.540407359375 0.5425065729166667 0.540407359375 0.5451358458333334 0.535808146875 0.5525854520833333 0.534165571875 0.56178790625 0.5367936921875 0.5674846625 0.5377792375 0.5749342687500001 0.540407359375 0.5793163895833333 0.5413929046875 0.5836985104166666 0.545992115625 0.5854513583333334 0.5538764781250001 0.5836985104166666 0.5512483578125 0.5942156 0.5512483578125 0.6099912354166667 0.55584756875 0.6165644166666666
0 0.9490801578125 0.5819456625 0.9513797640625 0.5644171770833334 0.9480946124999999 0.54688869375 0.9533508546875 0.5394390875 0.9533508546875 0.5350569666666666 0.9484231281250001 0.5293602104166667 0.9425098546875 0.5254163020833333 0.941524309375 0.5232252416666666 0.9323258875 0.5179666958333333 0.9254270703125 0.5162138479166667 0.9234559796875 0.5179666958333333 0.9221419187500001 0.5223488166666667 0.9181997375 0.5254163020833333 0.916228646875 0.5223488166666667 0.915571615625 0.5175284833333333 0.9168856765625 0.5131463625 0.916228646875 0.5140227875 0.9145860703125 0.5105170895833333 0.9027595265624999 0.5118317270833334 0.898160315625 0.5166520604166667 0.898160315625 0.5280455749999999 0.89388961875 0.5319894833333333 0.896189225 0.5354951791666667 0.896189225 0.5394390875 0.8919185281249999 0.5438212104166666 0.8909329828124999 0.5495179666666666 0.885676740625 0.5560911479166666 0.885676740625 0.5587204208333334 0.8889618921875 0.5600350562499999 0.8919185281249999 0.5556529354166667 0.899802890625 0.5547765125 0.9024310124999999 0.5591586333333333 0.9047306171875 0.5666082375 0.9090013140625001 0.57361963125 0.9126149796874999 0.5845749333333334 0.9132720109375001 0.5924627520833333 0.916228646875 0.5959684479166667 0.9257555843749999 0.5981595083333333 0.9293692515625 0.5959684479166667 0.937582128125 0.595092025 0.9451379765624999 0.5990359333333333 0.9487516421875 0.595092025 0.9490801578125 0.5819456625
0 0.7831800265625 0.72348816875 0.7792378453125 0.6985100791666666 0.7805519046875 0.6871165645833333 0.7844940874999999 0.6831726562499999 0.792049934375 0.6840490791666666 0.805519053125 0.6774758979166666 0.8068331140625 0.6739702020833334 0.8065045984375001 0.6608238395833334 0.808475690625 0.6538124458333333 0.79237845 0.6305872041666666 0.78219448125 0.6191936895833333 0.772339028125 0.6200701145833333 0.7693823921875 0.6183172645833334 0.765768725 0.6134969333333333 0.7611695140625 0.6126205083333333 0.75558475625 0.6187554770833333 0.7532851515625001 0.6191936895833333 0.7496714843750001 0.6226993875000001 0.7486859390625 0.62751971875 0.7486859390625 0.64241893125 0.7496714843750001 0.6476774750000001 0.75394218125 0.6551270812500001 0.754270696875 0.6634531104166667 0.75229960625 0.66958808125 0.7532851515625001 0.6919368979166667 0.7496714843750001 0.7063978958333333 0.7493429703125 0.7151621375 0.7513140609375 0.7182296229166667 0.7578843625 0.72304995625 0.7647831796875 0.7243645916666667 0.7746386328125 0.7300613499999999 0.7805519046875 0.7379491666666667 0.7831800265625 0.7322524104166667 0.7831800265625 0.72348816875
0 0.135676740625 0.6235758104166667 0.136333771875 0.6161262041666667 0.13370565 0.6051709020833334 0.132391590625 0.6038562666666666 0.130091984375 0.5964066604166667 0.128449409375 0.595092025 0.1287779234375 0.5898334791666666 0.132391590625 0.5902716916666667 0.13600525624999998 0.5985977208333334 0.1399474375 0.6016652062500001 0.14388961875 0.6038562666666666 0.15177398125 0.6047326895833333 0.1573587390625 0.5933391770833333 0.166228646875 0.5924627520833333 0.1793692515625 0.5806310250000001 0.18101182656249998 0.5727432083333334 0.1790407359375 0.5578439958333333 0.1750985546875 0.5508326020833334 0.170170828125 0.5482033312500001 0.1645860703125 0.5416301499999999 0.1626149796875 0.5363716041666666 0.163600525 0.53286590625 0.16195795 0.5249780895833334 0.1626149796875 0.52059596875 0.16590013125 0.5170902708333334 0.17279894843750002 0.5170902708333334 0.17214191875 0.5148992104166666 0.17345597968749998 0.5122699395833333 0.17181340312499999 0.5148992104166666 0.170170828125 0.5140227875 0.1711563734375 0.5122699395833333 0.1691852828125 0.5109553020833333 0.1672141921875 0.50569675625 0.165571615625 0.5043821208333333 0.158344284375 0.5043821208333333 0.1494743765625 0.5083260291666667 0.14356110312499998 0.5087642416666667 0.1392904078125 0.5113935145833334 0.13731931718749998 0.5144610000000001 0.1231931671875 0.5179666958333333 0.11465177343749999 0.5254163020833333 0.10643889687500001 0.5289219979166666 0.10118265468750001 0.5289219979166666 0.0946123515625 0.53286590625 0.082128778125 0.53286590625 0.0693166890625 0.5411919375 0.066360053125 0.5460122708333334 0.062417871874999996 0.5495179666666666 0.062089356250000005 0.5539000875000001 0.0650459921875 0.5639789666666667 0.069645203125 0.5705521479166666 0.0712877796875 0.5749342687500001 0.0712877796875 0.5920245395833333 0.07785808125 0.6016652062500001 0.080486203125 0.6038562666666666 0.087713534375 0.6047326895833333 0.093955321875 0.6126205083333333 0.099540078125 0.61524978125 0.10446780625 0.6161262041666667 0.11760840937499999 0.6218229625 0.126149803125 0.622261175 0.1310775296875 0.6248904479166666 0.135676740625 0.6235758104166667
0 0.0616693984375 0.5063834395833333 0.0630749015625 0.5052585458333333 0.06143232656249999 0.4973707270833333 0.0616693984375 0.5063834395833333
0 0.06173460468750001 0.5088623833333333 0.0630749015625 0.5083260291666667 0.06168138125 0.50683895625 0.06173460468750001 0.5088623833333333
0 0.0630749015625 0.5113935145833334 0.06175005 0.5094495479166666 0.062089356250000005 0.5223488166666667 0.0630749015625 0.5113935145833334
0 0.3630091984375 0.0043821208333333335 0.36202365312499996 0.00701139375 0.363666228125 0.009202454166666667 0.3646517734375 0.00657318125 0.3630091984375 0.0043821208333333335
0 0.330197109375 0 0.3285151109375 0.0035056958333333334 0.327529565625 0.010078879166666667 0.3239159 0.019719543750000002 0.320302234375 0.026292725 0.3160315375 0.030674845833333336 0.3153745078125 0.03330411875 0.3130749015625 0.022787029166666663 0.31044678124999997 0.016213847916666666 0.30749014531249996 0.01270815 0.29632063125 0.00744960625 0.2887647828125 0.00657318125 0.285808146875 0.007887816666666667 0.2805519046875 0.013584575 0.2785808140625 0.017966695833333334 0.27595269375 0.03418054375 0.2749671484375 0.04907975416666666 0.272339028125 0.05872042083333333 0.2713534828125 0.06923751041666668 0.26773981562500004 0.07931638958333333 0.2631406046875 0.08588957083333333 0.2614980296875 0.08632778333333334 0.2572273328125 0.09158632708333332 0.2572273328125 0.10517090208333334 0.262155059375 0.11831726458333333 0.26412615 0.13014899166666666 0.26412615 0.13978965833333332 0.2654402109375 0.14329535416666667 0.270039421875 0.14460999166666666 0.27759526874999996 0.149430325 0.2789093296875 0.15162138541666667 0.279566359375 0.15863277916666665 0.28219448125 0.16389132291666667 0.285808146875 0.1665205958333333 0.2933639953125 0.16827344375 0.3071616296875 0.18711656458333334 0.3150459921875 0.19544259375 0.3212877796875 0.19719544166666667 0.33804205 0.19588080624999998 0.3452693828125 0.18755477708333332 0.3492115640625 0.17922874583333334 0.3511826546875 0.17046450416666667 0.3554533515625 0.16345311041666666 0.35643889687499997 0.147677475 0.358081471875 0.14504820416666667 0.3630091984375 0.14373356666666667 0.36563731875 0.14110429375000003 0.36563731875 0.13891323333333333 0.3672798953125 0.13716038541666667 0.368265440625 0.13014899166666666 0.3672798953125 0.11963190208333334 0.3646517734375 0.11744084166666666 0.363666228125 0.11393514375 0.35775295625000003 0.11218229583333333 0.35578186562499997 0.11262050833333334 0.35249671562499996 0.11612620416666666 0.34855453281250004 0.11612620416666666 0.3465834421875 0.11349693333333333 0.3465834421875 0.10955302291666666 0.34559789687500003 0.107800175 0.3472404734375 0.0946538125 0.3472404734375 0.08764241875 0.34559789687500003 0.08238387291666666 0.3472404734375 0.0683610875 0.3465834421875 0.05170902708333334 0.3574244421875 0.03637160416666666 0.3574244421875 0.03155127083333333 0.3554533515625 0.02716915 0.3554533515625 0.01928133125 0.353810775 0.0131463625 0.35216820000000004 0.010955302083333333 0.353810775 0.00657318125 0.3511826546875 0.003067485416666667 0.351859009375 0 0.330197109375 0
0 0 0.13743924791666667 0.00229960625 0.13716038541666667 0 0.13668846458333334 0 0.13743924791666667
0 0 0.07945582083333333 0.00229960625 0.07931638958333333 0.007555846874999999 0.080631025 0.0088699078125 0.09114811666666665 0.012483575 0.095092025 0.012483575 0.09728308541666666 0.01412615 0.09991235833333333 0.0266097234375 0.10035056875 0.02595269375 0.09202453958333333 0.0229960578125 0.08851884374999999 0.028580814062499998 0.08808063125 0.028580814062499998 0.08632778333333334 0.032194481250000004 0.08282208541666666 0.033508540625 0.07756354166666667 0.0331800265625 0.06266432916666667 0.028580814062499998 0.05083260208333333 0.018725360937499998 0.03593339166666667 0.01412615 0.021910604166666667 0.00229960625 0.022348816666666667 0 0.021472391666666667 0 0.07945582083333333
0 0.9806176078125001 0.162138475 0.9796320625 0.1625766875 0.9816031531249999 0.16345311041666666 0.9816031531249999 0.162138475 0.9806176078125001 0.162138475
0 0.9812746390625 0.12751971875 0.9852168203125 0.12883435625 0.98981603125 0.12576687083333335 0.9888304859374999 0.12357581041666667 0.9868593953125 0.12708150833333334 0.9858738499999999 0.12357581041666667 0.978318003125 0.12489044791666666 0.9743758218749999 0.12357581041666667 0.9730617609375001 0.12489044791666666 0.9730617609375001 0.12708150833333334 0.9770039421875 0.12971077916666665 0.9789750328125001 0.12971077916666665 0.9812746390625 0.12751971875
0 0.5106274640625 0 0.5105124828125 0.003067485416666667 0.5068988171875 0.010078879166666667 0.5088699078125 0.0140227875 0.516097240625 0.011831727083333334 0.5249671484375 0.0131463625 0.5312089359375001 0.010955302083333333 0.5328515109375 0.007887816666666667 0.5344940874999999 0.00744960625 0.5367936921875 0.011831727083333334 0.5456635999999999 0.016652060416666666 0.5512483578125 0.02366345208333333 0.55584756875 0.025416302083333335 0.5630749015625 0.02366345208333333 0.5686596578125 0.016652060416666666 0.575558475 0.011831727083333334 0.5785151109375 0.005258545833333334 0.5801576875000001 0.0043821208333333335 0.5823477875 0 0.5106274640625 0
0 0.9208278578125 0.9684487291666667 0.9231274640624999 0.9688869416666667 0.9254270703125 0.971954425 0.9270696453125 0.971954425 0.9333114328125 0.9767747583333333 0.9369250984375 0.9767747583333333 0.941524309375 0.9737072750000001 0.952365309375 0.9574934270833333 0.9543364000000001 0.9526730937500001 0.952365309375 0.9307624895833333 0.9480946124999999 0.9228746708333334 0.9388961890624999 0.9154250666666666 0.938239159375 0.91104294375 0.9395532187500001 0.9084136729166666 0.9438239156250001 0.9084136729166666 0.9490801578125 0.9154250666666666 0.9589356109375 0.9202453979166666 0.9714191859374999 0.9193689749999999 0.9747043359375 0.9167397020833333 0.976018396875 0.9132340062500001 0.9750328515625 0.9066608229166667 0.9733902765625 0.9044697625 0.970433640625 0.8935144604166666 0.9668199734374999 0.8882559166666667 0.9553219453124999 0.8825591583333333 0.939881734375 0.8808063104166667 0.9296977656250001 0.8764241895833333 0.90801576875 0.8759859770833334 0.9053876484375 0.8768624020833333 0.903745071875 0.8790534625 0.9027595265624999 0.88518843125 0.900459921875 0.8873794916666667 0.890275953125 0.8873794916666667 0.8837056499999999 0.88475021875 0.87976346875 0.8882559166666667 0.8791064390625 0.8930762479166667 0.880091984375 0.8957055208333333 0.880091984375 0.9040315520833333 0.881734559375 0.9070990354166667 0.8837056499999999 0.9198071875 0.8873193171875 0.92462751875 0.8892904078124999 0.92550394375 0.899802890625 0.9250657312499999 0.9030880421875 0.9215600354166666 0.9047306171875 0.92594215625 0.9017739812500001 0.932077125 0.9017739812500001 0.9360210333333333 0.904402103125 0.9487291854166667 0.90801576875 0.95354951875 0.9106438890625 0.9544259416666667 0.9208278578125 0.9684487291666667
0 0 0.5851592166666666 0.0036136656250000004 0.5819456625 0.007555846874999999 0.5810692375 0.0193823921875 0.5666082375 0.025624178125 0.5639789666666667 0.027923784375 0.56134969375 0.022339028125 0.54688869375 0.015768725 0.540753725 0.01018396875 0.53286590625 0.0085413921875 0.5284837854166666 0.0085413921875 0.5236634520833333 0.0068988171875000006 0.5170902708333334 0.004270696875 0.5144610000000001 0 0.5148407833333334 0 0.5851592166666666
0 0.49868593906249997 0.3282208583333333 0.49967148437500003 0.30718667916666664 0.4954007890625 0.2927256791666667 0.49605781875000005 0.28220858958333334 0.4950722734375 0.2782646791666667 0.48948751718750005 0.26950043749999997 0.481603153125 0.26468010416666665 0.47109067031249996 0.26073619583333335 0.45729303593750004 0.26073619583333335 0.4513797640625 0.26336546875 0.44546649218749995 0.26774758958333333 0.4408672796875 0.2808939520833333 0.43363994687499996 0.2813321645833333 0.43002628125 0.2865907104166666 0.427726675 0.2879053458333333 0.4254270703125 0.2927256791666667 0.4254270703125 0.2949167395833333 0.42378449375000005 0.2975460125 0.42378449375000005 0.30368098125000004 0.4254270703125 0.31332164791666667 0.42706964531249997 0.31638913333333335 0.429697765625 0.33610867708333336 0.43725361406249996 0.34794040416666666 0.4425098546875 0.3510078875 0.44546649218749995 0.3558282208333334 0.4507227328125 0.35889570625 0.4589356109375 0.35889570625 0.4655059125 0.35451358541666667 0.4714191859375 0.35407537291666663 0.48061760781249996 0.350569675 0.4921156375 0.34180543333333335 0.49868593906249997 0.3282208583333333
0 0.14914586093749999 0.24145486458333335 0.14914586093749999 0.22085889583333335 0.147503284375 0.21866783541666665 0.1511169515625 0.21472392708333335 0.15341655781250002 0.21647677499999998 0.15637319375 0.21647677499999998 0.15670170781249998 0.21384750208333334 0.1547306171875 0.20639789583333332 0.147503284375 0.20420683541666668 0.14914586093749999 0.20245398750000002 0.14914586093749999 0.19631901875000002 0.14356110312499998 0.19544259375 0.1399474375 0.19982471458333334 0.1399474375 0.20420683541666668 0.13830486250000001 0.20771253333333334 0.1353482265625 0.20815074583333332 0.1291064390625 0.20552147291666667 0.12450722656249999 0.20552147291666667 0.12253613593749998 0.20683610833333335 0.12122207656249999 0.21034180625 0.12187910625000001 0.22217353125 0.12023653125 0.22830850208333334 0.11727989531250001 0.23137598541666668 0.1005256234375 0.23356704583333335 0.0893561109375 0.229184925 0.0808147171875 0.2287467125 0.07490144531250001 0.22304995625000001 0.0729303546875 0.21910604791666666 0.065703021875 0.21384750208333334 0.06143232656249999 0.21384750208333334 0.057818659375000005 0.22042068333333334 0.0568331140625 0.22830850208333334 0.06143232656249999 0.23970201666666666 0.0647174765625 0.24320771249999998 0.0729303546875 0.2598597729166667 0.0791721421875 0.26774758958333333 0.07950065625 0.27125328750000005 0.0831143234375 0.27782646875 0.087713534375 0.2830850125 0.09198423125 0.2839614375 0.10118265468750001 0.2808939520833333 0.110381078125 0.28001752916666667 0.11498028906249999 0.27607361874999997 0.12713534843750002 0.26950043749999997 0.1330486203125 0.2616126208333333 0.14388961875 0.2616126208333333 0.14914586093749999 0.24145486458333335
0 0.154402103125 0.09859772083333333 0.15341655781250002 0.09991235833333333 0.1553876484375 0.10122699375000001 0.15637319375 0.09991235833333333 0.154402103125 0.09859772083333333
0 0.15998685937499998 0.3751095520833333 0.1645860703125 0.36897458333333333 0.1754270703125 0.36152497708333337 0.1790407359375 0.35714285625000003 0.178055190625 0.34881682708333334 0.17444152500000001 0.34399649374999997 0.16951379687499998 0.34005258541666666 0.1645860703125 0.33873794999999995 0.1547306171875 0.3286590708333333 0.1465177390625 0.32471516250000004 0.1389618921875 0.3159509208333333 0.13830486250000001 0.31332164791666667 0.132063075 0.30499561875 0.12812089375 0.30411919375 0.117936925 0.30718667916666664 0.11005256249999999 0.30718667916666664 0.1028252296875 0.31726555624999997 0.10118265468750001 0.3225241020833333 0.1005256234375 0.33391761666666664 0.1021682 0.33873794999999995 0.1047963203125 0.3404907979166667 0.10643889687500001 0.34531113125 0.1084099875 0.3702892208333333 0.11563731875000001 0.379491675 0.1208935609375 0.38255915833333337 0.12812089375 0.3838737958333333 0.1327201046875 0.38781770416666667 0.135676740625 0.38869412708333334 0.1409329828125 0.3891323395833333 0.147503284375 0.3869412791666667 0.1511169515625 0.3908851875 0.1540735875 0.39000876458333333 0.1573587390625 0.38562664375 0.15998685937499998 0.3751095520833333
0 0.2151773984375 0.4496056083333333 0.2171484890625 0.43295354999999996 0.2233902765625 0.4219982479166667 0.23226018437499998 0.41235758125 0.23423127500000002 0.40666082291666666 0.23423127500000002 0.3957055208333333 0.2332457296875 0.39176161249999997 0.22536136718750002 0.37204206875 0.2207621546875 0.3694127958333333 0.2145203671875 0.36853637083333335 0.20893561093750002 0.36283961458333336 0.20039421875 0.35758106875 0.1934954015625 0.35670464583333333 0.1888961890625 0.35407537291666663 0.18363994687500002 0.35407537291666663 0.1773981609375 0.36152497708333337 0.17378449375 0.36283961458333336 0.16294349531250002 0.37116564375000005 0.158344284375 0.3790534625 0.1573587390625 0.3882559166666667 0.153745071875 0.39263803750000004 0.1527595265625 0.4035933395833334 0.1547306171875 0.4084136729166667 0.15637319375 0.40972830833333335 0.15670170781249998 0.41235758125 0.16195795 0.42112182291666667 0.16984231249999998 0.42594215625 0.17279894843750002 0.43076248958333335 0.17345597968749998 0.4351446104166667 0.17838370625 0.43821209375 0.18002628125 0.4425942145833333 0.1908672796875 0.44609991250000003 0.1954664921875 0.44609991250000003 0.20335085468749997 0.4434706395833333 0.20630749062499998 0.4447852770833334 0.2109067015625 0.45048203333333336 0.2151773984375 0.4496056083333333
0 0.765768725 0.44916739791666666 0.7667542703125 0.4469763375 0.765768725 0.4434706395833333 0.765768725 0.44916739791666666
0 0.8180026281250001 0.5411919375 0.8219448093749999 0.5438212104166666 0.8249014453125 0.5486415416666667 0.84034165625 0.5661700270833333 0.8498685937499999 0.5731814208333332 0.8547963203125001 0.5784399645833334 0.8620236531250001 0.5775635416666667 0.8653088046875 0.57361963125 0.8712220765625001 0.5696757229166667 0.8873193171875 0.54688869375 0.8889618921875 0.53286590625 0.8945466484375 0.5236634520833333 0.8945466484375 0.5166520604166667 0.8925755578125001 0.5087642416666667 0.8899474375 0.5030674854166667 0.8846911953125 0.4969325145833333 0.8883048625000001 0.4907975458333333 0.8919185281249999 0.49342681875 0.9014454671875001 0.49474145416666665 0.913600525 0.499123575 0.921813403125 0.49780893958333333 0.921813403125 0.49430324375 0.9234559796875 0.4916739708333333 0.9234559796875 0.47852760833333335 0.9208278578125 0.47151621458333337 0.9208278578125 0.46888694166666667 0.9152431015625 0.45836985 0.9126149796874999 0.4447852770833334 0.9047306171875 0.4347063979166667 0.9007884359375 0.4219982479166667 0.89553219375 0.41630148958333335 0.8883048625000001 0.41323400625 0.8814060453125 0.4158632770833333 0.8774638640625 0.4149868541666667 0.87352168125 0.40315512708333334 0.86235216875 0.3952673104166667 0.8547963203125001 0.3970201583333333 0.8472404734375001 0.40666082291666666 0.836399475 0.41235758125 0.8318002625 0.41104294375 0.8229303546875 0.4044697625 0.8193166890624999 0.4035933395833334 0.815703021875 0.40403155208333336 0.812417871875 0.40666082291666666 0.8068331140625 0.4084136729166667 0.8022339031250001 0.4075372479166666 0.7966491453125 0.40972830833333335 0.7851511171875 0.4219982479166667 0.7848226015625 0.42638036875 0.7831800265625 0.4303242770833334 0.7848226015625 0.4417177916666667 0.7831800265625 0.4443470645833333 0.7769382390625 0.4474145479166667 0.776281209375 0.45004382083333333 0.770039421875 0.4557405791666667 0.76642575625 0.45004382083333333 0.7651116953125 0.45004382083333333 0.76412615 0.45223488125 0.7634691203124999 0.46099912291666667 0.7651116953125 0.4649430333333333 0.7713534828124999 0.4684487291666667 0.775624178125 0.4763365479166667 0.775624178125 0.48115687916666666 0.77431011875 0.485539 0.7749671484375 0.50657318125 0.7759526937500001 0.51928133125 0.7785808140625 0.5249780895833334 0.784165571875 0.5297984229166667 0.7979632062500001 0.5289219979166666 0.8028909328125 0.5241016645833334 0.8065045984375001 0.5223488166666667 0.8094612359375001 0.5350569666666666 0.812417871875 0.5398773 0.8180026281250001 0.5411919375
0 0.3393561109375 0.3751095520833333 0.3409986859375 0.3768624020833334 0.34362680624999997 0.3751095520833333 0.3413272015625 0.37160385625000003 0.34034165625 0.37248028125 0.3393561109375 0.3751095520833333
0 0.3370565046875 0.36678352291666666 0.3373850203125 0.36897458333333333 0.3393561109375 0.36853637083333335 0.33804205 0.3663453104166667 0.3370565046875 0.36678352291666666
0 0.3373850203125 0.36021034166666666 0.34198423125 0.36021034166666666 0.3413272015625 0.35933391666666664 0.3373850203125 0.36021034166666666
0 0.367608409375 0.34224364583333333 0.3672798953125 0.3413672208333333 0.3672798953125 0.3518843125 0.368265440625 0.3492550395833333 0.367608409375 0.34224364583333333
0 0.3600525625 0.3426818583333333 0.3610381078125 0.3260297979166667 0.3600525625 0.32471516250000004 0.35611038125 0.3260297979166667 0.35216820000000004 0.32471516250000004 0.3492115640625 0.3216476770833333 0.34855453281250004 0.3159509208333333 0.3531537453125 0.30674846666666666 0.3626806828125 0.30105170833333333 0.3672798953125 0.2927256791666667 0.3692509859375 0.2808939520833333 0.3692509859375 0.27344434791666666 0.3672798953125 0.2664329541666667 0.36202365312499996 0.26336546875 0.3590670171875 0.25503943958333336 0.3475689875 0.24189307708333332 0.34198423125 0.229184925 0.33311432343749997 0.22787028958333336 0.30749014531249996 0.22787028958333336 0.3028909328125 0.2287467125 0.299934296875 0.23181419791666666 0.29960578125000004 0.2383873791666667 0.302233903125 0.26292725625 0.30683311406249997 0.27607361874999997 0.308475690625 0.2848378625 0.30781865937499997 0.29623137499999996 0.31044678124999997 0.2992988604166667 0.31373193125 0.2997370729166667 0.3189881734375 0.30324276875 0.33409986875 0.31726555624999997 0.3367279890625 0.3225241020833333 0.33508541406250003 0.33128834375 0.3406701703125 0.34443470625 0.3511826546875 0.35407537291666663 0.35643889687499997 0.35407537291666663 0.3574244421875 0.3483786145833333 0.3600525625 0.3426818583333333
0 0.3314717484375 0.21472392708333335 0.3373850203125 0.21472392708333335 0.3327858078125 0.21384750208333334 0.3314717484375 0.21472392708333335
0 0.3600525625 0.14680105208333333 0.35775295625000003 0.14986853541666667 0.35643889687499997 0.15425065833333335 0.35643889687499997 0.16389132291666667 0.3554533515625 0.16695880833333332 0.35216820000000004 0.17090271666666668 0.3508541390625 0.17879053541666667 0.3475689875 0.18755477708333332 0.3475689875 0.19851007916666666 0.3465834421875 0.19982471458333334 0.34559789687500003 0.20771253333333334 0.342312746875 0.21472392708333335 0.3429697765625 0.21866783541666665 0.3492115640625 0.22261174375 0.3672798953125 0.22261174375 0.3692509859375 0.21998247083333336 0.3712220765625 0.20815074583333332 0.37187910625 0.16783523125000002 0.3712220765625 0.14165206041666664 0.37023653125 0.14110429375000003 0.37089356093750003 0.13891323333333333 0.3692509859375 0.14285714375 0.36235216875 0.14680105208333333 0.3600525625 0.14680105208333333
0 0.40013140625 0.17090271666666668 0.3991458609375 0.16827344375 0.40013140625 0.15863277916666665 0.398160315625 0.14680105208333333 0.3948751640625 0.14066608333333336 0.3965177390625 0.13716038541666667 0.39717477031250004 0.12971077916666665 0.3889618921875 0.12664329583333334 0.386333771875 0.1209465375 0.378449409375 0.11437335625 0.378449409375 0.11218229583333333 0.3774638640625 0.11481156875 0.37647831875 0.11787905416666668 0.37647831875 0.14460999166666666 0.378449409375 0.162138475 0.37812089375 0.18098159583333334 0.3771353484375 0.18536371666666665 0.3771353484375 0.20595968541666665 0.378449409375 0.21866783541666665 0.382063075 0.2169149875 0.3827201046875 0.21384750208333334 0.3915900125 0.20420683541666668 0.39356110312500003 0.20026292708333332 0.3945466484375 0.1932515333333333 0.3991458609375 0.1897458375 0.399802890625 0.18799298958333335 0.398160315625 0.17703768541666667 0.40013140625 0.17090271666666668
0 0.44415243125000003 0.52716915 0.439881734375 0.5096406666666666 0.438239159375 0.5078878166666666 0.43626806875 0.50657318125 0.4188567671875 0.5078878166666666 0.41557161562499995 0.50613496875 0.39388961875 0.5153374229166666 0.3889618921875 0.5289219979166666 0.3774638640625 0.5433829979166667 0.37647831875 0.5582822083333333 0.377792378125 0.5626643291666666 0.38600525625 0.5701139354166667 0.39356110312500003 0.5801928125 0.3968462546875 0.58150745 0.3991458609375 0.5841367229166666 0.4073587390625 0.5845749333333334 0.41590013125 0.5780017520833333 0.4247700390625 0.5644171770833334 0.434296978125 0.5560911479166666 0.43955321875 0.5547765125 0.4425098546875 0.5517090270833334 0.4425098546875 0.5394390875 0.4408672796875 0.5350569666666666 0.4434954015625 0.5315512708333333 0.44415243125000003 0.52716915
0 0.5269382390625 0.2931638916666667 0.530223390625 0.2931638916666667 0.529566359375 0.2927256791666667 0.5269382390625 0.2931638916666667
0 0.5226675421875 0.2879053458333333 0.522339028125 0.28965819375 0.5249671484375 0.28965819375 0.523981603125 0.28746713333333335 0.5226675421875 0.2879053458333333
0 0.4927726671875 0.24320771249999998 0.5006570296875 0.24934268125 0.5111695140625 0.25241016666666666 0.5193823921875 0.2616126208333333 0.51971090625 0.2751971958333333 0.523981603125 0.2664329541666667 0.5384362687500001 0.26599474166666665 0.54237845 0.26380368125 0.5430354796875 0.2576687125 0.5413929046875 0.2383873791666667 0.5410643890625 0.21472392708333335 0.5384362687500001 0.21121822916666666 0.5348226015625 0.20990359375 0.5269382390625 0.21034180625 0.5210249671875 0.21297107708333335 0.5187253609375 0.21121822916666666 0.51971090625 0.19894829166666667 0.5170827859375 0.18755477708333332 0.5151116953125 0.16914986875 0.5147831796875 0.15600350624999998 0.516097240625 0.15249780833333335 0.516097240625 0.147677475 0.5114980296875 0.14460999166666666 0.5062417875 0.14329535416666667 0.4970433640625 0.13584575000000002 0.4888304859375 0.13321647708333334 0.48291721406250004 0.13540753749999998 0.4714191859375 0.1345311125 0.464191853125 0.14198071875 0.4569645203125 0.14110429375000003 0.4526938234375 0.14986853541666667 0.4526938234375 0.16345311041666666 0.4546649140625 0.16695880833333332 0.4589356109375 0.17046450416666667 0.45959264062500005 0.17353198958333332 0.45795006562499996 0.18711656458333334 0.4569645203125 0.1888694125 0.4569645203125 0.19719544166666667 0.46156373124999994 0.21078001666666665 0.4625492765625 0.2296231375 0.46616294375 0.23531989583333335 0.46780551875 0.24320771249999998 0.4714191859375 0.243645925 0.4750328515625 0.24802804583333332 0.4832457296875 0.24539877291666665 0.48587385000000005 0.24320771249999998 0.4927726671875 0.24320771249999998
0 0.2046649140625 0.3076248895833333 0.21780551875 0.30631025416666663 0.2214191859375 0.30368098125000004 0.22503285156250002 0.29798422500000005 0.23061760781250001 0.283523225 0.23061760781250001 0.27432077083333334 0.224375821875 0.26599474166666665 0.2191195796875 0.25547765208333334 0.21254927656249997 0.24890446875 0.21156373125 0.24145486458333335 0.207950065625 0.23093777291666667 0.1980946125 0.22085889583333335 0.1980946125 0.19851007916666666 0.19612352187499998 0.19193689791666665 0.1852825234375 0.18799298958333335 0.179697765625 0.19018405 0.17378449375 0.19062226041666666 0.1645860703125 0.20420683541666668 0.1645860703125 0.21078001666666665 0.170170828125 0.2169149875 0.17444152500000001 0.2195442604166667 0.175755584375 0.22304995625000001 0.1685282515625 0.22787028958333336 0.1553876484375 0.23269062291666665 0.1530880421875 0.2423312875 0.15045992187499999 0.2440841375 0.147503284375 0.2515337416666667 0.14553219374999998 0.26380368125 0.14388961875 0.26599474166666665 0.135676740625 0.26468010416666665 0.1327201046875 0.2664329541666667 0.128449409375 0.2747589833333333 0.128449409375 0.29535495208333334 0.131734559375 0.30324276875 0.13830486250000001 0.30850131458333335 0.141918528125 0.31814198125 0.1445466484375 0.3216476770833333 0.1550591328125 0.3282208583333333 0.161629434375 0.33654688958333334 0.165571615625 0.3396143729166667 0.170170828125 0.3404907979166667 0.17279894843750002 0.34312007083333335 0.1773981609375 0.34312007083333335 0.1790407359375 0.33128834375 0.18955321875 0.32471516250000004 0.1948094609375 0.31858019375 0.1997371875 0.3102541625 0.2046649140625 0.3076248895833333
0 0.0647174765625 0.46538124374999995 0.064060446875 0.4829097291666667 0.057818659375000005 0.49386503125000003 0.0574901453125 0.5 0.057818659375000005 0.5026292729166667 0.0594612359375 0.5035056958333334 0.060446781250000005 0.50657318125 0.059789749999999996 0.5170902708333334 0.062089356250000005 0.5302366354166667 0.065703021875 0.5350569666666666 0.0693166890625 0.5368098166666667 0.083771353125 0.5297984229166667 0.0972404734375 0.5284837854166666 0.104139290625 0.5236634520833333 0.112023653125 0.5219106041666667 0.122207621875 0.5113935145833334 0.128449409375 0.5087642416666667 0.132063075 0.50569675625 0.136333771875 0.4973707270833333 0.14356110312499998 0.49298860625 0.154402103125 0.48115687916666666 0.158344284375 0.47546012291666667 0.15998685937499998 0.4702015770833333 0.16097240468750001 0.4649430333333333 0.16097240468750001 0.44609991250000003 0.163600525 0.43076248958333335 0.15998685937499998 0.42156003541666665 0.15670170781249998 0.4180543375 0.1553876484375 0.41323400625 0.153745071875 0.41148115625 0.152102496875 0.4044697625 0.1478318 0.40052585416666664 0.14224704375 0.39789658125000005 0.11300919843749999 0.392199825 0.11103810781250001 0.3873794916666667 0.11070959218750001 0.3768624020833334 0.10118265468750001 0.37642418958333335 0.09362680625 0.36897458333333333 0.0854139296875 0.36327782708333334 0.07950065625 0.36327782708333334 0.07260183906249999 0.3663453104166667 0.0712877796875 0.37116564375000005 0.0673455984375 0.3768624020833334 0.06438896250000001 0.377738825 0.05880420468749999 0.38343558333333333 0.0528909328125 0.38212094583333334 0.050919842187499995 0.38036809791666665 0.0433639953125 0.379491675 0.035808146875 0.3970201583333333 0.0249671484375 0.41235758125 0.0249671484375 0.42024539791666665 0.027923784375 0.42725679166666664 0.023981603125 0.43821209375 0.02431011875 0.4452234875 0.02595269375 0.44829097291666664 0.02595269375 0.46231376041666666 0.03153745 0.4767747583333334 0.03153745 0.47940403125 0.0361366625 0.47984224375 0.040078843749999996 0.4767747583333334 0.04796320625 0.4675723041666667 0.050591326562500004 0.46231376041666666 0.055519053124999995 0.46231376041666666 0.057818659375000005 0.4640666083333333 0.06274638593750001 0.4636283958333333 0.0647174765625 0.46538124374999995
0 0.8584099875 0.21209465416666667 0.8590670171875001 0.203768625 0.8620236531250001 0.19456617083333333 0.8616951374999999 0.1888694125 0.8584099875 0.18580192916666669 0.85446780625 0.18536371666666665 0.8534822609375 0.18404907916666666 0.8528252296875 0.18098159583333334 0.853810775 0.17703768541666667 0.8528252296875 0.17353198958333332 0.8511826546875 0.17090271666666668 0.8472404734375001 0.16827344375 0.845597896875 0.16389132291666667 0.836070959375 0.15293602083333332 0.8327858078125001 0.15074496041666666 0.8291721421875 0.15030674791666668 0.8212877796875 0.15556529375 0.8150459921875 0.16520596041666666 0.8114323265625 0.17703768541666667 0.8104467812499999 0.19982471458333334 0.8120893562499999 0.21340928958333333 0.8120893562499999 0.22567922916666666 0.814060446875 0.2304995625 0.81997371875 0.23137598541666668 0.8252299609374999 0.22830850208333334 0.834428384375 0.22830850208333334 0.8390275953125 0.22611744166666667 0.8472404734375001 0.22655565208333334 0.852496715625 0.22261174375 0.8564388968750001 0.2169149875 0.8603810781250001 0.2160385625 0.8603810781250001 0.21428571458333331 0.8620236531250001 0.2160385625 0.8630091984374999 0.21516213750000002 0.8584099875 0.21209465416666667
0 0.9296977656250001 0.4675723041666667 0.9388961890624999 0.44916739791666666 0.939881734375 0.4425942145833333 0.9425098546875 0.43777388333333334 0.9461235218749999 0.42156003541666665 0.9461235218749999 0.4009640666666667 0.944480946875 0.39263803750000004 0.9425098546875 0.3908851875 0.941524309375 0.3869412791666667 0.9365965828125 0.3808063104166666 0.9296977656250001 0.37817703750000004 0.9270696453125 0.379491675 0.90801576875 0.38036809791666665 0.900459921875 0.38431200625 0.8873193171875 0.38124452291666666 0.8837056499999999 0.38255915833333337 0.880091984375 0.38606485625 0.87812089375 0.39263803750000004 0.87812089375 0.39921121875 0.8791064390625 0.40052585416666664 0.880091984375 0.40885188333333333 0.8843626812500001 0.41235758125 0.8879763468749999 0.41104294375 0.8932325890625 0.41235758125 0.9011169515624999 0.4180543375 0.904402103125 0.4219982479166667 0.9053876484375 0.4303242770833334 0.9070302234375 0.4347063979166667 0.9152431015625 0.44609991250000003 0.916228646875 0.45486415416666665 0.9181997375 0.459246275 0.9227989484375 0.4649430333333333 0.9296977656250001 0.4675723041666667
0 0.64553219375 0.33041191875000003 0.6527595265625 0.33873794999999995 0.65965834375 0.34005258541666666 0.6645860703124999 0.34794040416666666 0.6672141921875 0.3501314645833334 0.6760841 0.350569675 0.6823258875 0.34794040416666666 0.6888961890624999 0.34706397916666665 0.6948094609375 0.34312007083333335 0.706307490625 0.34224364583333333 0.7089356109375 0.3382997375 0.7115637312499999 0.33085013125 0.7125492765625 0.310692375 0.7112352171875 0.30105170833333333 0.7132063078125 0.29623137499999996 0.718134034375 0.30455740625 0.7187910640624999 0.3102541625 0.7214191859375 0.31507449583333336 0.7224047312499999 0.3212094645833333 0.736202365625 0.33347940416666666 0.7434296984375 0.33479403958333337 0.74770039375 0.33260297916666665 0.7549277265625001 0.3159509208333333 0.754270696875 0.30017528541666666 0.7568988171875 0.29360210416666666 0.755913271875 0.2870289229166667 0.755913271875 0.26993865 0.757555846875 0.26336546875 0.7493429703125 0.2462751979166667 0.74605781875 0.24320771249999998 0.7371879109374999 0.23926380416666668 0.73587385 0.23751095625 0.73587385 0.23269062291666665 0.7385019703125 0.22567922916666666 0.7437582125 0.22304995625000001 0.7565703015625 0.21297107708333335 0.7585413921875 0.21078001666666665 0.7595269375 0.20639789583333332 0.755913271875 0.19675723125 0.7503285156249999 0.18799298958333335 0.7270039421875001 0.16827344375 0.7194480953125 0.16695880833333332 0.7122207625 0.16914986875 0.706307490625 0.16739702083333335 0.7053219453125 0.15907098958333332 0.6997371875 0.15556529375 0.68955321875 0.15556529375 0.6826544015625 0.15907098958333332 0.68002628125 0.16476774791666668 0.6790407359375 0.17134092916666666 0.6708278578125 0.18010517083333333 0.6688567671875 0.1897458375 0.6573587390625 0.19193689791666665 0.6540735875 0.2015775625 0.6491458609375 0.20552147291666667 0.64553219375 0.21034180625 0.6419185281249999 0.22042068333333334 0.6225361359375 0.24671340833333336 0.62187910625 0.2519719541666667 0.62812089375 0.2567922875 0.6333771359375 0.2576687125 0.635676740625 0.2598597729166667 0.6412614984375 0.2602979833333333 0.6458607093750001 0.2559158625 0.649802890625 0.2664329541666667 0.64553219375 0.2703768625 0.6445466484375 0.2747589833333333 0.6419185281249999 0.2782646791666667 0.6366622859375 0.2957931645833333 0.6366622859375 0.30105170833333333 0.6409329828125 0.30981595 0.6419185281249999 0.32427695 0.6452036796875 0.3282208583333333 0.64553219375 0.33041191875000003
0 0.99441524375 0.43865030624999996 0.99770039375 0.43865030624999996 0.995729303125 0.43821209375 0.99441524375 0.43865030624999996
0 0.9779894875 0.4351446104166667 0.977660971875 0.43865030624999996 0.9786465171875 0.43602103333333336 0.9822601843750001 0.4351446104166667 0.9779894875 0.4351446104166667
0 0.661629434375 0.5600350562499999 0.6681997375 0.5490797541666667 0.6760841 0.5442594208333333 0.684296978125 0.5451358458333334 0.6869250984375 0.5429447854166667 0.694480946875 0.5258545145833333 0.70992115625 0.526292725 0.7145203671875 0.5249780895833334 0.715834428125 0.52059596875 0.7168199734375 0.49430324375 0.7145203671875 0.4820333041666667 0.7171484890625 0.4675723041666667 0.7151773984375 0.4618755479166667 0.7112352171875 0.45661700208333333 0.6951379765625 0.45267309375 0.69021025 0.44916739791666666 0.6872536140625 0.4452234875 0.6806833109375 0.44127957916666666 0.6734559796874999 0.44127957916666666 0.6668856765625 0.4439088520833333 0.6590013140625001 0.4425942145833333 0.649802890625 0.4443470645833333 0.644218134375 0.4474145479166667 0.6254927734375 0.4513584583333333 0.62187910625 0.45398772916666663 0.6192509859374999 0.4588080625 0.6192509859374999 0.46713409375000003 0.6169513796875 0.4732690625 0.612023653125 0.47458369791666666 0.609724046875 0.47852760833333335 0.6031537453125 0.4851007895833333 0.601839684375 0.4881682729166667 0.5982260187499999 0.4912357583333333 0.5965834421875 0.49430324375 0.5972404734375 0.49824715208333337 0.6074244421875 0.5096406666666666 0.6110381078125 0.5219106041666667 0.6172798953124999 0.52716915 0.619908015625 0.5359333916666666 0.6208935609374999 0.54688869375 0.6225361359375 0.5499561791666667 0.623850196875 0.5512708145833333 0.6366622859375 0.5525854520833333 0.6419185281249999 0.5587204208333334 0.6429040734375 0.5692375104166667 0.648160315625 0.5705521479166666 0.6517739812500001 0.5692375104166667 0.6547306171875 0.5644171770833334 0.661629434375 0.5600350562499999
0 0.24375821250000002 0.48992112083333333 0.23981603125 0.485539 0.23160315312500002 0.4829097291666667 0.2233902765625 0.48334793958333333 0.2171484890625 0.49561787916666666 0.2145203671875 0.4973707270833333 0.2046649140625 0.5096406666666666 0.2053219453125 0.53374233125 0.2043364 0.5350569666666666 0.2043364 0.5420683604166666 0.20729303593749998 0.5460122708333334 0.2266754265625 0.5451358458333334 0.2332457296875 0.54645048125 0.236202365625 0.5403155125 0.2408015765625 0.5398773 0.24474375781250002 0.5368098166666667 0.249671484375 0.52103418125 0.249671484375 0.513584575 0.2470433640625 0.5092024541666667 0.24605781875 0.5026292729166667 0.2470433640625 0.4995617875 0.24605781875 0.4907975458333333 0.24375821250000002 0.48992112083333333
0 0.0647174765625 0.2033304125 0.065703021875 0.20771253333333334 0.065703021875 0.20245398750000002 0.0647174765625 0.2033304125
0 0.036088351562499996 0 0.0361366625 0.0021910604166666668 0.0348226015625 0.00701139375 0.0348226015625 0.017528483333333334 0.033508540625 0.02453987708333333 0.0351511171875 0.03505696666666667 0.0466491453125 0.0398773 0.0611038109375 0.03724802708333333 0.06800262812499999 0.039000877083333337 0.072273325 0.045135845833333334 0.0788436265625 0.04864154166666667 0.0929697765625 0.062226116666666664 0.1084099875 0.0683610875 0.112023653125 0.06792287500000001 0.1166228640625 0.06003505625 0.1166228640625 0.053461875 0.11925098593750001 0.041630150000000005 0.11925098593750001 0.030674845833333336 0.12450722656249999 0.010078879166666667 0.12465538125 0 0.036088351562499996 0
0 0.5548620234375 0.4829097291666667 0.55584756875 0.48729185 0.5630749015625 0.49780893958333333 0.5643889625 0.5017528479166666 0.5676741125 0.5030674854166667 0.575558475 0.5026292729166667 0.5811432328125 0.499123575 0.582128778125 0.4969325145833333 0.5873850203125001 0.49561787916666666 0.59198423125 0.49298860625 0.5959264125 0.4886064854166667 0.5992115640625 0.48729185 0.6130091984375 0.4706397895833333 0.618265440625 0.46801051666666665 0.6192509859374999 0.4496056083333333 0.6172798953124999 0.4404031541666667 0.61399474375 0.4333917625 0.6087385015625 0.42813321666666665 0.60446780625 0.42024539791666665 0.605781865625 0.41630148958333335 0.6116951375 0.41323400625 0.6130091984375 0.4053461875 0.6074244421875 0.39789658125000005 0.6028252296875001 0.3865030666666666 0.6047963203125 0.38036809791666665 0.6093955328125 0.3768624020833334 0.6130091984375 0.37072743124999996 0.6146517734375 0.3606485541666667 0.6146517734375 0.3518843125 0.6126806828125 0.34794040416666666 0.6090670171875 0.3461875541666667 0.6051248359375 0.3492550395833333 0.5959264125 0.36503067499999997 0.5906701703125 0.3676599479166667 0.5867279890625 0.3676599479166667 0.5818002625 0.3645924625 0.5765440203125001 0.3501314645833334 0.5729303546875 0.3457493416666667 0.5548620234375 0.34399649374999997 0.5502628125 0.34531113125 0.547634690625 0.34881682708333334 0.5466491453125 0.35889570625 0.5446780546875 0.3637160395833333 0.545992115625 0.3751095520833333 0.5512483578125 0.38299737083333335 0.5532194484375 0.3891323395833333 0.5548620234375 0.39658194583333334 0.5548620234375 0.4084136729166667 0.5532194484375 0.4141104291666667 0.5532194484375 0.4206836104166667 0.5512483578125 0.42681857916666666 0.5413929046875 0.4351446104166667 0.539750328125 0.43865030624999996 0.5394218140625 0.44303242708333335 0.5430354796875 0.4496056083333333 0.5450065703125 0.4588080625 0.5486202359375 0.46538124374999995 0.552233903125 0.47984224375 0.5548620234375 0.4829097291666667
0 0.74770039375 0.21516213750000002 0.7513140609375 0.21472392708333335 0.7496714843750001 0.21384750208333334 0.74770039375 0.21516213750000002
0 0.5614323265625 0.2028922 0.5614323265625 0.20771253333333334 0.5594612359375 0.21078001666666665 0.5594612359375 0.21735319791666668 0.5666885671874999 0.23181419791666666 0.5666885671874999 0.23356704583333335 0.580486203125 0.24890446875 0.5850854140624999 0.24978089375 0.593955321875 0.25416301458333335 0.601839684375 0.25416301458333335 0.612023653125 0.2462751979166667 0.6153088046875 0.2423312875 0.6156373187499999 0.24014022708333332 0.6228646515625 0.22787028958333336 0.6228646515625 0.22611744166666667 0.6254927734375 0.22348816875 0.6274638640625 0.20902716875 0.63370565 0.19982471458333334 0.6327201046875001 0.18010517083333333 0.6307490140625001 0.1752848375 0.6314060453125 0.17046450416666667 0.6353482265625 0.17397020208333333 0.6409329828125 0.18185801875 0.6465177390625 0.18317265625 0.6540735875 0.18273444374999998 0.659986859375 0.18492550416666667 0.66425755625 0.18448729166666666 0.665571615625 0.18185801875 0.6645860703124999 0.17090271666666668 0.6662286468749999 0.1617002625 0.6665571609375001 0.14986853541666667 0.6652431015625 0.13584575000000002 0.6662286468749999 0.134969325 0.6672141921875 0.12883435625 0.6662286468749999 0.12401402291666666 0.6626149796874999 0.11656441666666667 0.66195795 0.11130587291666667 0.66195795 0.10736196249999999 0.6652431015625 0.09991235833333333 0.6652431015625 0.09728308541666666 0.662286465625 0.09202453958333333 0.657687253125 0.08808063125 0.6547306171875 0.08676599375 0.6438896187500001 0.08764241875 0.6353482265625 0.08588957083333333 0.631734559375 0.07975460208333333 0.6291064390625001 0.07756354166666667 0.637976346875 0.0674846625 0.6409329828125 0.06047326875 0.6419185281249999 0.0547765125 0.6373193171875 0.045135845833333334 0.6307490140625001 0.038562664583333336 0.6274638640625 0.03330411875 0.6208935609374999 0.028045575 0.6172798953124999 0.028483785416666667 0.609724046875 0.03330411875 0.6011826546875 0.03418054375 0.5972404734375 0.03637160416666666 0.5929697765624999 0.043821210416666666 0.59198423125 0.0530236625 0.5893561109375 0.061349693749999996 0.5893561109375 0.06617002708333333 0.6008541390625 0.08851884374999999 0.600197109375 0.09421560000000001 0.597897503125 0.09772129791666666 0.5946123515624999 0.09772129791666666 0.5870565046875 0.08545135833333334 0.5785151109375 0.07975460208333333 0.5768725359375 0.07537248125 0.5765440203125001 0.07011393541666666 0.572273325 0.06047326875 0.5693166890625 0.057843995833333335 0.5630749015625 0.05652936041666667 0.56208935625 0.0543383 0.5594612359375 0.0539000875 0.5548620234375 0.05872042083333333 0.5456635999999999 0.059596845833333335 0.54172141875 0.06266432916666667 0.538107753125 0.0683610875 0.5348226015625 0.07011393541666666 0.5325229953124999 0.07668711666666667 0.5331800265625 0.08194566249999999 0.5275952687500001 0.09202453958333333 0.5289093296875 0.10341805416666668 0.5312089359375001 0.10823838749999999 0.534165571875 0.11086766041666667 0.5305519046875 0.11218229583333333 0.5259526937500001 0.11656441666666667 0.5187253609375 0.12664329583333334 0.5187253609375 0.12883435625 0.516097240625 0.1345311125 0.516097240625 0.13891323333333333 0.5213534828124999 0.14504820416666667 0.5213534828124999 0.14899211250000002 0.5167542703125 0.15863277916666665 0.5167542703125 0.16695880833333332 0.5177398156249999 0.16914986875 0.5187253609375 0.1888694125 0.5213534828124999 0.19894829166666667 0.5213534828124999 0.20420683541666668 0.5226675421875 0.20639789583333332 0.5259526937500001 0.20815074583333332 0.5394218140625 0.20727432083333333 0.547634690625 0.20420683541666668 0.5532194484375 0.19938650208333333 0.5594612359375 0.19938650208333333 0.5614323265625 0.2028922
0 0.8318002625 0.6200701145833333 0.836399475 0.6218229625 0.84198423125 0.61393514375 0.843955321875 0.6016652062500001 0.85446780625 0.6016652062500001 0.8600525625 0.595092025 0.8610381078125 0.5907099041666667 0.8557818656249999 0.58150745 0.8508541390625 0.5758106916666667 0.8406701703125 0.5666082375 0.8393561109375 0.5666082375 0.8324572937499999 0.5587204208333334 0.8278580812499999 0.5556529354166667 0.825558475 0.5499561791666667 0.8212877796875 0.5442594208333333 0.8134034171875 0.5442594208333333 0.8111038109375001 0.5425065729166667 0.8094612359375001 0.5403155125 0.808475690625 0.53461875625 0.8038764781250001 0.5284837854166666 0.7887647828125 0.5319894833333333 0.7831800265625 0.53461875625 0.7812089359375001 0.5381244520833334 0.7812089359375001 0.5530236625 0.7785808140625 0.5626643291666666 0.7785808140625 0.57449605625 0.7812089359375001 0.5823838729166667 0.78153745 0.58720420625 0.7831800265625 0.58808063125 0.790407359375 0.5990359333333333 0.7950065703125 0.5999123583333333 0.7986202359375 0.6025416291666666 0.79960578125 0.6134969333333333 0.8012483578125 0.6218229625 0.8028909328125 0.6244522354166667 0.8147174765624999 0.6240140229166666 0.8219448093749999 0.622261175 0.8245729296875 0.6200701145833333 0.8318002625 0.6200701145833333
0 0.626000478125 0 0.623850196875 0.0039439083333333335 0.623850196875 0.018843120833333334 0.6307490140625001 0.028045575 0.6425755578125 0.05127081458333334 0.6471747703124999 0.05652936041666667 0.653745071875 0.059158633333333335 0.6573587390625 0.05872042083333333 0.6626149796874999 0.05609114791666667 0.6688567671875 0.04864154166666667 0.67378449375 0.0539000875 0.6816688562500001 0.05652936041666667 0.6826544015625 0.059158633333333335 0.691524309375 0.059596845833333335 0.6997371875 0.05083260208333333 0.700065703125 0.04776511875 0.7059789750000001 0.039000877083333337 0.7148488828125 0.03637160416666666 0.7168199734375 0.03286590625 0.7171484890625 0.028483785416666667 0.7194480953125 0.02453987708333333 0.72041635 0 0.626000478125 0
0 0.8209592640625001 0.3225241020833333 0.8245729296875 0.3216476770833333 0.8301576875000001 0.31332164791666667 0.833771353125 0.3023663458333333 0.8393561109375 0.29053461875 0.8383705656249999 0.2865907104166666 0.8383705656249999 0.2703768625 0.8393561109375 0.26862401458333335 0.8393561109375 0.26248904375 0.8354139296875 0.25241016666666666 0.8350854140624999 0.24890446875 0.8373850203125001 0.2423312875 0.837713534375 0.23707274375 0.8367279890624999 0.23269062291666665 0.8327858078125001 0.2287467125 0.8212877796875 0.2287467125 0.8186596578125 0.23137598541666668 0.8130749015625 0.23181419791666666 0.799934296875 0.22348816875 0.7950065703125 0.22261174375 0.79172141875 0.2195442604166667 0.7884362687500001 0.21998247083333336 0.7844940874999999 0.22304995625000001 0.7769382390625 0.22348816875 0.7759526937500001 0.22787028958333336 0.7769382390625 0.23093777291666667 0.779566359375 0.23269062291666665 0.7785808140625 0.23751095625 0.764454665625 0.25241016666666666 0.7605124828125 0.2585451354166667 0.7595269375 0.26205083333333334 0.7595269375 0.2664329541666667 0.7578843625 0.2725679229166667 0.7578843625 0.2813321645833333 0.7598554531249999 0.2918492541666666 0.762155059375 0.2966695875 0.762483575 0.30455740625 0.76412615 0.3076248895833333 0.765768725 0.31551270833333334 0.7687253609375 0.31989482916666667 0.772339028125 0.32427695 0.7775952687500001 0.32690622291666666 0.7877792375 0.32778264583333333 0.7933639953125 0.32471516250000004 0.8035479625 0.32471516250000004 0.8127463859375 0.31989482916666667 0.8209592640625001 0.3225241020833333
0 0.784165571875 0.21384750208333334 0.7844940874999999 0.21735319791666668 0.785808146875 0.21647677499999998 0.785808146875 0.21428571458333331 0.784165571875 0.21384750208333334
0 0.7867936921875 0.21165644166666667 0.7894218140625 0.21121822916666666 0.7877792375 0.21078001666666665 0.7867936921875 0.21165644166666667
0 0.7930354796875 0.20727432083333333 0.790407359375 0.20858895624999998 0.7913929046875 0.20990359375 0.7956635999999999 0.20771253333333334 0.7930354796875 0.20727432083333333
0 0.797634690625 0.20552147291666667 0.8028909328125 0.20420683541666668 0.7986202359375 0.2033304125 0.797634690625 0.20552147291666667
0 0.694480946875 0.45004382083333333 0.713534821875 0.45267309375 0.7174770046875001 0.45048203333333336 0.7253613671875 0.44127957916666666 0.7270039421875001 0.43645924583333334 0.7296320625 0.43295354999999996 0.7322601843750001 0.42462751875000004 0.7352168203125 0.42112182291666667 0.7368593953125 0.42112182291666667 0.7404730625 0.41630148958333335 0.7421156375 0.40972830833333335 0.7414586078125 0.39789658125000005 0.742444153125 0.39482909791666665 0.7506570296875 0.38299737083333335 0.7493429703125 0.377738825 0.73981603125 0.36546888749999995 0.7270039421875001 0.35626643333333335 0.723718790625 0.3531989479166667 0.7214191859375 0.34881682708333334 0.6980946125 0.34706397916666665 0.69415243125 0.34794040416666666 0.68955321875 0.3510078875 0.676412615625 0.3510078875 0.667871221875 0.35407537291666663 0.665571615625 0.3527607354166667 0.657687253125 0.34180543333333335 0.6494743765625001 0.34224364583333333 0.6458607093750001 0.33347940416666666 0.6409329828125 0.33391761666666664 0.6373193171875 0.3374233125 0.6363337718750001 0.3413672208333333 0.6346911953125 0.3426818583333333 0.6346911953125 0.34443470625 0.630091984375 0.3518843125 0.6291064390625001 0.35889570625 0.6228646515625 0.37204206875 0.6208935609374999 0.3808063104166666 0.6208935609374999 0.3865030666666666 0.62187910625 0.38869412708333334 0.6248357421875 0.3913234 0.6343626812500001 0.39263803750000004 0.6435611031249999 0.3970201583333333 0.6471747703124999 0.4027169145833333 0.6491458609375 0.4035933395833334 0.6586727984375 0.4154250666666667 0.6593298296875 0.4176161270833333 0.66590013125 0.42331288333333333 0.6698423124999999 0.4290096416666667 0.676412615625 0.43558282291666667 0.685939553125 0.44215600416666667 0.6905387640625 0.4474145479166667 0.694480946875 0.45004382083333333
0 0.20827858125 0.45311130625 0.20827858125 0.44829097291666664 0.20696452031249998 0.4443470645833333 0.20269382343750003 0.4425942145833333 0.19612352187499998 0.4469763375 0.193823915625 0.4469763375 0.18626806875 0.4434706395833333 0.1846254921875 0.43865030624999996 0.1754270703125 0.43777388333333334 0.17181340312499999 0.43908851875 0.1665571609375 0.4452234875 0.1645860703125 0.44829097291666664 0.163600525 0.45311130625 0.163600525 0.46275197291666664 0.16195795 0.4675723041666667 0.16097240468750001 0.47940403125 0.16195795 0.4829097291666667 0.1681997375 0.4907975458333333 0.1691852828125 0.4969325145833333 0.17608410000000002 0.5092024541666667 0.18166885625 0.5144610000000001 0.191852825 0.5175284833333333 0.1980946125 0.5144610000000001 0.204007884375 0.5144610000000001 0.20893561093750002 0.5092024541666667 0.20992115625 0.4964943041666666 0.207950065625 0.4903593333333333 0.2053219453125 0.46581945625 0.20827858125 0.45311130625
0 0.30781865937499997 0.28615249791666664 0.30781865937499997 0.2813321645833333 0.302233903125 0.2651183166666667 0.29927726718750003 0.24014022708333332 0.295992115625 0.22830850208333334 0.29796320625 0.22261174375 0.30026281250000003 0.22042068333333334 0.30387647812499996 0.2195442604166667 0.30584756875 0.2160385625 0.30683311406249997 0.21078001666666665 0.3114323265625 0.2033304125 0.31208935625 0.19631901875000002 0.2956636 0.17134092916666666 0.289750328125 0.16827344375 0.28416557187499997 0.16739702083333335 0.2805519046875 0.1617002625 0.2785808140625 0.15512708125 0.2746386328125 0.14986853541666667 0.270039421875 0.14680105208333333 0.2651116953125 0.14680105208333333 0.2634691203125 0.14811568749999998 0.25886990781249997 0.1617002625 0.2568988171875 0.18667835208333333 0.251642575 0.20815074583333332 0.25131406093750003 0.2160385625 0.24868593906249997 0.2287467125 0.24868593906249997 0.23751095625 0.2470433640625 0.2440841375 0.2467148484375 0.2576687125 0.2470433640625 0.26248904375 0.2490144546875 0.26687116666666666 0.249671484375 0.28965819375 0.25065702968750003 0.2957931645833333 0.25427069687500004 0.30368098125000004 0.2614980296875 0.3120070104166667 0.2667542703125 0.3207712541666667 0.26971090625 0.32208588958333334 0.27431011875 0.3212094645833333 0.2831800265625 0.31419807083333334 0.293692509375 0.31332164791666667 0.297634690625 0.30543382916666667 0.30026281250000003 0.2966695875 0.30683311406249997 0.2892199833333333 0.30781865937499997 0.28615249791666664
0 0.3413272015625 0.11875547708333332 0.34034165625 0.1218229625 0.3449408671875 0.12357581041666667 0.3449408671875 0.1209465375 0.3413272015625 0.11875547708333332
0 0.207950065625 0.65600350625 0.20992115625 0.6590709895833334 0.2151773984375 0.6608238395833334 0.218134034375 0.66827344375 0.22109067031250002 0.66914986875 0.22503285156250002 0.6735319895833333 0.22536136718750002 0.6801051708333333 0.22240473125000002 0.6844872916666667 0.22963206249999998 0.6831726562499999 0.23455978906250002 0.6783523229166666 0.2371879109375 0.6774758979166666 0.23817345625000003 0.674846625 0.25427069687500004 0.6660823833333332 0.2578843625 0.662138475 0.259855453125 0.6577563541666667 0.2667542703125 0.6533742333333333 0.2703679375 0.6485539 0.27398160312500003 0.6511831729166667 0.2792378453125 0.6516213854166666 0.2825229953125 0.6511831729166667 0.28515111718749997 0.6476774750000001 0.2805519046875 0.64241893125 0.2749671484375 0.62795793125 0.2713534828125 0.6240140229166666 0.26806833124999996 0.6178790541666667 0.26412615 0.6095530229166666 0.2605124828125 0.5959684479166667 0.2552562421875 0.58720420625 0.25558475625 0.5828220854166666 0.262155059375 0.5784399645833334 0.26412615 0.5762489041666666 0.2651116953125 0.5727432083333334 0.25427069687500004 0.5556529354166667 0.24802890937500002 0.5490797541666667 0.2434296984375 0.5482033312500001 0.2414586078125 0.5543383 0.2411300921875 0.5600350562499999 0.237844940625 0.56134969375 0.236202365625 0.56091148125 0.236202365625 0.5495179666666666 0.23423127500000002 0.54688869375 0.23028909375 0.5482033312500001 0.2145203671875 0.5473269062499999 0.1990801578125 0.5499561791666667 0.1928383703125 0.5578439958333333 0.1934954015625 0.5631025416666666 0.192181340625 0.5661700270833333 0.18363994687500002 0.57537248125 0.18166885625 0.58150745 0.18265440156249999 0.595092025 0.17838370625 0.60210341875 0.1790407359375 0.6073619625000001 0.178055190625 0.6099912354166667 0.1806833109375 0.6165644166666666 0.18101182656249998 0.6244522354166667 0.1833114328125 0.6310254166666667 0.1846254921875 0.6402278708333333 0.188239159375 0.6489921125 0.19250985468749998 0.6485539 0.201708278125 0.6371603854166668 0.20335085468749997 0.6367221729166667 0.210249671875 0.6226993875000001 0.21681997343749998 0.6257668708333333 0.213534821875 0.6345311124999999 0.2132063078125 0.6384750229166667 0.20992115625 0.6454864145833333 0.207950065625 0.65600350625
0 0.868265440625 0.7554776520833334 0.8708935609375 0.7554776520833334 0.8692509859375 0.7541630145833333 0.868265440625 0.7554776520833334
0 0.8554533515625 0.6779141104166667 0.8564388968750001 0.67002629375 0.8590670171875001 0.6630149000000001 0.8590670171875001 0.6581945666666668 0.8616951374999999 0.6511831729166667 0.8600525625 0.6459246270833333 0.8547963203125001 0.6397896583333333 0.8541392906249999 0.6362839604166666 0.8554533515625 0.62795793125 0.8593955328125 0.6174408416666667 0.8590670171875001 0.6134969333333333 0.85446780625 0.61393514375 0.851839684375 0.6121822958333334 0.8498685937499999 0.6082383875 0.846254928125 0.6078001749999999 0.8386990796875 0.6191936895833333 0.8212877796875 0.622261175 0.8170170828125001 0.6244522354166667 0.8074901453125 0.6248904479166666 0.8022339031250001 0.62795793125 0.8012483578125 0.6310254166666667 0.8012483578125 0.6406660833333333 0.8022339031250001 0.6446099916666667 0.8091327203124999 0.6507449604166666 0.8104467812499999 0.6538124458333333 0.8074901453125 0.6599474145833334 0.8078186593750001 0.6752848375 0.8147174765624999 0.689307625 0.81997371875 0.6919368979166667 0.830486203125 0.6919368979166667 0.832128778125 0.6910604729166666 0.837713534375 0.68141980625 0.8400131406250001 0.6796669583333333 0.8472404734375001 0.6858019291666667 0.851839684375 0.6853637166666666 0.8554533515625 0.6779141104166667
0 0.2825229953125 0.47721297083333336 0.2894218140625 0.473707275 0.29434954062499996 0.4684487291666667 0.299934296875 0.46538124374999995 0.30584756875 0.46450482083333333 0.30683311406249997 0.46231376041666666 0.3094612359375 0.46099912291666667 0.310118265625 0.4588080625 0.310118265625 0.45354951875 0.30683311406249997 0.4496056083333333 0.3048620234375 0.43295354999999996 0.3028909328125 0.42857142916666663 0.301576871875 0.42681857916666666 0.29664914531250003 0.42506573125 0.2890932984375 0.42594215625 0.2874507234375 0.42375109583333337 0.2844940875 0.4228746708333333 0.26806833124999996 0.4027169145833333 0.2667542703125 0.39877300625 0.26412615 0.39789658125000005 0.2628120890625 0.39482909791666665 0.2608409984375 0.3952673104166667 0.258212878125 0.39964943125 0.251642575 0.40403155208333336 0.25065702968750003 0.41148115625 0.24605781875 0.4198071875 0.2434296984375 0.42988606458333334 0.2408015765625 0.44785276041666666 0.24605781875 0.45617878958333336 0.24770039375000003 0.46231376041666666 0.24868593906249997 0.4723926375 0.25065702968750003 0.47896581875 0.250328515625 0.48773006041666667 0.24868593906249997 0.4907975458333333 0.250328515625 0.49430324375 0.249671484375 0.49868536458333335 0.251642575 0.5026292729166667 0.25886990781249997 0.5048203333333333 0.2628120890625 0.5048203333333333 0.2667542703125 0.5026292729166667 0.2706964515625 0.48904469791666666 0.2733245734375 0.4851007895833333 0.2825229953125 0.47721297083333336
0 0.36254927656249997 0 0.36202365312499996 0.008764241666666667 0.363666228125 0.010955302083333333 0.3646517734375 0.010078879166666667 0.3646517734375 0.0035056958333333334 0.3640886046875 0 0.36254927656249997 0
0 0.3794349546875 0 0.3794349546875 0.0035056958333333334 0.3774638640625 0.009202454166666667 0.3758212875 0.020595968750000002 0.3754927734375 0.02497808958333333 0.3771353484375 0.03286590625 0.3810775296875 0.03330411875 0.389618921875 0.0276073625 0.40834428437500003 0.026292725 0.41392904062499997 0.02103418125 0.41557161562499995 0.017966695833333334 0.4234559796875 0.014899210416666666 0.42706964531249997 0.010078879166666667 0.4349540078125 0.009640666666666665 0.437582128125 0.00744960625 0.439881734375 0.0035056958333333334 0.439881734375 0 0.3794349546875 0