0 0.044789528125 0.46772609374999996 0.0519697265625 0.47126558333333335 0.0599480171875 0.46904242083333336 0.0787375875 0.46899795 0.08677893125 0.4619585666666667 0.0948833234375 0.4501029583333333 0.09613090468749999 0.43760600208333333 0.0944824484375 0.4255234125 0.09782166875000001 0.41885636249999997 0.102903921875 0.41704756666666665 0.10721960781249999 0.4185933145833333 0.11216314999999999 0.4273802104166667 0.1141917375 0.43802633750000003 0.11884341875 0.44150698125 0.123900453125 0.441624675 0.13424780625 0.42404004375 0.1361484640625 0.41685774374999995 0.1355016921875 0.41106146458333337 0.13446848281249998 0.40718326666666665 0.1295186359375 0.39887799375 0.12575331875 0.3828919875 0.1218429875 0.37798329166666667 0.11897216875000001 0.37647117083333337 0.1162022328125 0.3672530958333333 0.11596081093749999 0.35809386666666665 0.1170885953125 0.35474773125 0.11762005 0.3417523375 0.115249159375 0.32965293749999997 0.11564820625000001 0.3267716083333333 0.119690946875 0.32156623958333336 0.1187523125 0.31046370833333337 0.116984059375 0.3075319395833333 0.10901837656249999 0.3087918604166667 0.102680409375 0.29611836041666667 0.0940742609375 0.29110037708333336 0.08433402031250001 0.28991015 0.0734659953125 0.2920660583333333 0.0712545609375 0.29538697291666666 0.071134765625 0.30453779583333335 0.06891072031249999 0.30882195625000003 0.06349247031250001 0.30869585416666667 0.0591957 0.3057052416666667 0.0545061890625 0.30511433125000004 0.040361993750000005 0.30912106666666667 0.0381505578125 0.31244198125 0.031946825 0.3171152875 0.0228596625 0.32123971875 0.01769544375 0.3293096020833334 0.014058056250000001 0.33115202499999996 0.00890014375 0.3387402854166667 0.007753442187499999 0.34353128541666667 0.0018593375 0.35215354583333336 0.0017643328125 0.35941071875 0.0024694265625 0.36075199166666666 0.009630709375000001 0.3657363479166667 0.0185413296875 0.3750973395833333 0.024201 0.38438267083333333 0.021869768749999997 0.39685440625 0.0206051 0.4382571020833333 0.0234065625 0.44506706875 0.0231795796875 0.46240546666666665 0.0242317046875 0.4648387958333334 0.044789528125 0.46772609374999996
0 0.238132809375 0.051159795833333334 0.23491338593750002 0.048676025 0.234539559375 0.049630860416666665 0.23663119843749997 0.05546076874999999 0.2394831015625 0.05841775625 0.237651796875 0.06030221041666666 0.23725274999999998 0.0631835375 0.234686403125 0.06601442291666666 0.2307130203125 0.06592194791666667 0.22647299687500003 0.05859673541666666 0.22652974218750002 0.05426213541666667 0.2237093640625 0.048897035416666665 0.2227265953125 0.04116586041666667 0.2184109109375 0.03962011458333334 0.216281440625 0.03667994166666667 0.186661675 0.0359905875 0.1784230484375 0.0304993875 0.1700898453125 0.032232520833333334 0.1682396265625 0.03556184375 0.16815135625 0.04230455416666667 0.1670361796875 0.04468744375 0.17204277343750002 0.04865811666666667 0.1708834625 0.054412362500000006 0.1719418921875 0.05636407083333333 0.1657444640625 0.06055575625 0.166777671875 0.06443395416666667 0.1656624984375 0.06681684375000001 0.160947765625 0.068152425 0.16994665625 0.07077070416666667 0.171721215625 0.07322085 0.1626655796875 0.07493716875 0.1586606703125 0.07725280416666667 0.153515365625 0.08387782291666666 0.15254703593750002 0.10264427500000001 0.1542270171875 0.11231875208333333 0.15705370000000002 0.11720222916666666 0.1572572890625 0.12925118958333334 0.1640132203125 0.13759849583333333 0.1679992140625 0.136727725 0.173474209375 0.13251922708333333 0.1807111515625 0.13172411666666667 0.18508358281249998 0.12893526458333335 0.190875659375 0.12810652916666668 0.20472168906250002 0.11927516458333334 0.209169778125 0.11070684375 0.21319990781249998 0.10646471875 0.21620943750000002 0.09738115208333334 0.218040740625 0.09549669583333334 0.222014125 0.09558917083333333 0.23124812968750003 0.1078483 0.23297855312500002 0.1136698 0.23761762343749998 0.1181136875 0.24041278125 0.125405275 0.2414081609375 0.13217320833333332 0.24640844843749998 0.1366255 0.2475236234375 0.13424261041666666 0.2511547046875 0.13288181041666666 0.254449790625 0.12958611458333333 0.25742779374999997 0.12291065833333333 0.2580664328125 0.10172768958333332 0.2522536125 0.07654041875 0.2524616796875 0.060646885416666664 0.2535705515625 0.05874561875 0.2501286203125 0.045657750000000004 0.24259981718749998 0.04114661041666667 0.24000824999999998 0.045903983333333336 0.2395839828125 0.0507118 0.238132809375 0.051159795833333334
0 0.558439796875 0.6728698395833334 0.5497769015625 0.6721864541666667 0.5483761703125001 0.6687814729166667 0.5496994125 0.6505050479166666 0.5486598984375 0.6471084708333333 0.5428867359375 0.64649234375 0.534883225 0.6506419916666667 0.5275769265625 0.6567349479166666 0.5216776640624999 0.6657512604166667 0.5222866046875 0.6744372750000001 0.5178763453124999 0.6801158604166667 0.5135228296875 0.6814598458333333 0.509131484375 0.6856935645833333 0.505399521875 0.69476031875 0.5031061203125 0.7043423229166667 0.501650471875 0.7327328125 0.502538665625 0.7476883208333334 0.5074254625 0.7608098145833334 0.515208296875 0.7735169395833333 0.5100629921875 0.78014195625 0.50314313125 0.7843168291666667 0.50202795625 0.78669971875 0.49948682968749997 0.7876041166666667 0.49105904999999994 0.7965615833333334 0.49058434218749997 0.8052223749999999 0.4944883703125 0.81061269375 0.49478653437500003 0.8154373229166667 0.4976195234375 0.8198391770833333 0.4985896828125 0.8285335958333333 0.5025252359375 0.83151580625 0.515180428125 0.8308467958333333 0.5173918625 0.82752588125 0.5203005109375 0.82614826875 0.5203320359375 0.8237401583333334 0.5142039640625 0.8226339979166667 0.5135067515625 0.8206906958333333 0.5164154 0.8193130833333334 0.5186394453125 0.815028925 0.52154809375 0.8136513104166667 0.51976723125 0.8116827895833333 0.5197924515625 0.8097563 0.5230812296875 0.8069422270833333 0.5284364312500001 0.8118845520833333 0.5303560046875 0.8032573854166666 0.5321999171875 0.8004096854166666 0.5408691171875 0.8006114479166667 0.5445254203125 0.7973241604166666 0.548467278125 0.79982474375 0.5575355234375 0.79714518125 0.56976645 0.8012839875 0.5734227515625 0.7979967 0.5766863125 0.7971091145833333 0.58327648125 0.7905177270833333 0.5906206125 0.7815350395833334 0.59211591875 0.7777156875000001 0.5987060890625 0.7711243 0.5998464859375 0.7668149187500001 0.5992879828125 0.7542759270833332 0.6033496359375 0.7476256916666667 0.603114521875 0.7379848416666667 0.6009976609375001 0.7340814229166667 0.6014219296875 0.7292736083333333 0.6054898890625 0.72214175 0.6033730296875001 0.7182383312499999 0.5948236265625 0.7088857458333333 0.5926626296874999 0.7083536854166667 0.581591015625 0.69846063125 0.569188025 0.6798647520833333 0.558439796875 0.6728698395833334
0 1 0.13145533125 0.992369446875 0.12267158333333333 0.9858738546874999 0.12203863958333333 0.9782315578125 0.12619669791666668 0.9703352328125 0.12215877291666667 0.9626992421875 0.12583520833333334 0.9527950703125001 0.13716715833333334 0.945495078125 0.14277848958333333 0.9378653937499999 0.1459733020833333 0.9255651109375 0.14713234166666667 0.9237148921875 0.1504616625 0.923632925 0.15672275000000002 0.9264280828125001 0.1640143375 0.9274234625 0.17078227083333333 0.9272406156249999 0.1847493125 0.9210242718749999 0.19038586458333334 0.9061954734375 0.19148605416666667 0.899225171875 0.19951390416666664 0.8879328796875001 0.20647762916666668 0.8838775296874999 0.21264624166666665 0.8773251906249999 0.21634789791666667 0.8697982140624999 0.2392976291666667 0.8617001265625 0.2506716145833333 0.8616181609375 0.25693270208333335 0.8712070781250001 0.2696818625 0.878026059375 0.27321294583333333 0.8822913031249999 0.2786116708333333 0.890181325 0.28313121875 0.892298184375 0.28703463749999997 0.8943456875000001 0.2962359 0.9095167875 0.29658898333333333 0.9116210375 0.30145564583333334 0.9107094515625 0.3158874979166667 0.9113940546875 0.31879404375 0.9149620859375001 0.32224946666666665 0.919265159375 0.32475846041666667 0.93225635 0.3260243479166667 0.9394932921875 0.32522923750000005 0.94277576875 0.32289678541666667 0.9565461359375 0.3198448875 0.9612923921875 0.3161011979166667 0.9639028765625 0.30989895624999997 0.969022959375 0.3052004291666667 0.974472734375 0.30291841875000003 0.9818483890625 0.29152762083333333 0.98549208125 0.28920357916666667 0.9906563 0.28113369583333336 0.9918093062500001 0.2758610708333334 0.9936469140625 0.27349499374999997 1 0.27036987291666664 1 0.13145533125
0 0.44491020625 0.2920389958333333 0.43767326406249996 0.29283410416666666 0.4358419609375 0.29471856041666666 0.4346889546875 0.29999118333333336 0.4277501765625 0.30561092291666664 0.4203177765625 0.32133632083333336 0.41334747343749995 0.3293641708333333 0.40676991406249996 0.33499231458333334 0.3922581984375 0.33947226666666663 0.38415380312499997 0.3513278729166667 0.381087528125 0.36474603958333335 0.3770384859375 0.37043303125 0.373661434375 0.3799898166666667 0.37456223906249997 0.39398207916666667 0.37328943593749997 0.408405525 0.37637645468750003 0.4210033645833333 0.3762755734375 0.42870931875 0.3808137625 0.4408591625 0.38614374218749997 0.447727975 0.38973068906249997 0.44973853125 0.395902896875 0.44747333333333333 0.40943184375 0.43526220833333334 0.4231454671875 0.43654490625 0.4343936234375 0.4329525375 0.442619640625 0.43940698333333333 0.44659932968750005 0.43901783541666667 0.4488801203125 0.430399075 0.4490251359375 0.41932176458333337 0.4520598859375 0.40831170833333336 0.45609632031249997 0.40358796041666667 0.461348809375 0.3887753666666667 0.47343919687499997 0.3760489895833333 0.4736787890625 0.35774734583333334 0.47266449374999997 0.35242428125 0.4701611984375 0.35043894375 0.4527849671875 0.35292515625000004 0.44774685 0.35136259375 0.4466721546875 0.2954523854166667 0.44491020625 0.2920389958333333
0 0.5717043765625001 0.21164390208333334 0.565880775 0.21488074999999998 0.555882028125 0.23343703333333332 0.5579988874999999 0.23734045208333335 0.5600526968749999 0.2460600895833333 0.5556424359375 0.2517386770833333 0.5487477937499999 0.25398705833333335 0.5428737515625001 0.26107688333333334 0.54281700625 0.26541148333333336 0.5445600390625 0.27026973958333333 0.5444213265625 0.2808654291666667 0.5372429578125 0.3047868104166667 0.5382068109375 0.31396285208333335 0.5428017484375001 0.32177809583333333 0.5521366343749999 0.32633127083333335 0.5667825859375 0.339198125 0.5789819859375 0.34574504166666664 0.5912444375 0.34747573958333333 0.59547815625 0.35528257500000004 0.602316053125 0.3573687916666667 0.61103569375 0.353717575 0.6132723484375 0.34847017291666665 0.61730878125 0.343746425 0.619715675 0.32549522291666666 0.6286433828125 0.30595047291666666 0.6286875171874999 0.30257911875 0.6243781375 0.30055174791666667 0.6226288 0.2961751145833333 0.614073090625 0.28730415416666666 0.6123868031249999 0.2781112958333333 0.609224125 0.271292925 0.6009350578125 0.26965470208333336 0.5984443703125 0.2667061229166666 0.59852003125 0.26092665833333334 0.60037025 0.2575973354166667 0.6054651140625 0.25482529583333335 0.6055092484375 0.2514539416666667 0.6073720765624999 0.24716137500000002 0.6056479609375 0.2408582520833333 0.60699011875 0.2211369625 0.6059506031249999 0.21774038750000002 0.6020402703125 0.21283168958333334 0.5944862468750001 0.21024703749999998 0.584701871875 0.21242816666666667 0.5717043765625001 0.21164390208333334
0 0.544215909375 0.24135559583333333 0.5438799125 0.23942069791666667 0.5431196484374999 0.24229361875000002 0.544215909375 0.24135559583333333
0 0.60468045 0.17676046666666664 0.6053713578125001 0.17918538958333335 0.6064739234375 0.17776574375 0.6057704046875 0.17630406458333334 0.60468045 0.17676046666666664
0 0.532089334375 0.091243225 0.5271584015624999 0.08149308749999999 0.523367865625 0.06743356875 0.5194638375 0.062043252083333326 0.5156291656249999 0.05135508958333333 0.5156733015625 0.04798373125 0.5056159796874999 0.043413745833333336 0.4962180421875 0.043676789583333334 0.49180778125 0.04935537708333334 0.491561884375 0.06813864166666667 0.497544940625 0.0803221125 0.49641085 0.08414987083333333 0.48563740156249996 0.07908144583333333 0.4787805890625 0.07844009375000001 0.4736478953125 0.08410186666666666 0.47322993437500005 0.08842805833333332 0.4717535421875 0.09080254374999999 0.46822964687499996 0.08397576666666667 0.4646427 0.08196520833333333 0.45561858906249997 0.08127341666666667 0.4512524640625 0.08358065 0.450473284375 0.08789843333333333 0.44714667343750003 0.09360223958333333 0.44636119062499996 0.09840165000000001 0.44614681875000006 0.11477680208333334 0.45110927656250005 0.12211883124999999 0.456382509375 0.13332224375 0.464595915625 0.14073993125 0.47049700781250003 0.15918448958333334 0.47215176875 0.17078545625 0.48390168125 0.18406667708333335 0.485955490625 0.19278631875 0.4887947828125 0.19670655 0.49050629062500006 0.20397291666666667 0.4919322421875 0.20545141041666665 0.495544409375 0.20553547916666667 0.5006581875 0.20131857291666666 0.504276659375 0.20092101874999999 0.5150374984375 0.20695268541666667 0.5208169640625 0.20708719375 0.5237508328125 0.20378309374999998 0.5280980421875 0.20292073124999999 0.534543196875 0.20740665 0.5403226640625001 0.20754115833333334 0.5415135 0.19937880208333333 0.5467659890625 0.18456620833333334 0.54796313125 0.1759222291666667 0.5509411359375 0.16924677291666665 0.5517329234374999 0.1639657416666667 0.553220096875 0.13316713958333332 0.5526174593750001 0.12399950624999999 0.5505321265625 0.117687975 0.5401703343750001 0.10877498125 0.5348466609375 0.10142454583333334 0.5338828062500001 0.09224850416666668 0.532089334375 0.091243225
0 0.0588244890625 0 0.06301656562499999 0.013842185416666668 0.07256135 0.029962697916666666 0.0832213078125 0.043700322916666666 0.08829095 0.042854772916666665 0.09350560937499999 0.0309319125 0.10161630625 0.018594685416666666 0.1038655734375 0.012384035416666666 0.11144481875000001 0.0130422 0.1125032484375 0.014993908333333333 0.1211409234375 0.01760378125 0.1247152578125 0.020577581249999997 0.132674634375 0.019799285416666666 0.1345374640625 0.015506720833333333 0.1347404671875 0 0.0588244890625 0
0 0.17260110625 0 0.1735047265625 0.019786004166666666 0.17740245 0.025657943750000002 0.18245317656249999 0.026257260416666664 0.189994590625 0.029805158333333335 0.20227595781250002 0.0300909875 0.20811847499999997 0.025409272916666666 0.2151644375 0.011601958333333332 0.2191378203125 0.01169443125 0.2223572453125 0.014178204166666668 0.2292329734375 0.013374687500000001 0.2354281875 0 0.17260110625 0
0 0.852168775 0.15072361458333333 0.844982271875 0.14766574583333333 0.8019470500000001 0.15051832083333333 0.7819540328125 0.15968839583333333 0.778278815625 0.16442054791666666 0.76914751875 0.17191633541666668 0.766828896875 0.18342482708333332 0.760917025 0.19340438750000002 0.7597577140625 0.19915863333333333 0.7585857921875 0.20587612291666665 0.758327284375 0.22562263333333332 0.759253309375 0.23768841041666666 0.7626826296875 0.25173952083333334 0.7628294734375001 0.26812308333333335 0.765555275 0.28071251458333335 0.767438846875 0.3024359541666667 0.7701835640625 0.31358051875000004 0.772814790625 0.3333942833333333 0.7736147109375 0.3550925020833333 0.7713087 0.36563775000000004 0.7723419109375 0.3695159479166667 0.7752001187500001 0.37199131249999995 0.7824559765625 0.36975133541666666 0.7879561921875 0.36361635 0.794147315625 0.35990628750000003 0.8048495796875 0.34281168125 0.8084806625000001 0.34145088333333334 0.8119333734374999 0.3261146333333333 0.81489876875 0.3204024208333333 0.82185015625 0.3138194375 0.8240678953125 0.3100169 0.824966871875 0.29654829374999997 0.8241038984375001 0.27966629583333336 0.8173857968749999 0.26842925625 0.8134439406249999 0.26592867291666666 0.8106109531250001 0.26152681875 0.810642478125 0.25911870625 0.8128602171875 0.2553161708333333 0.816459775 0.25636348125 0.8225374078125001 0.26132261875 0.8361942843750001 0.26693991875 0.8419107 0.2718906479166667 0.8491161171874999 0.27350365000000004 0.8537741046875 0.27650267083333335 0.858394259375 0.28239142708333337 0.862342421875 0.28441038750000003 0.8641800312499999 0.2820443125 0.865440221875 0.2685841083333333 0.8640521015625 0.26421588125 0.8615488062500001 0.26223054583333333 0.8612191140625001 0.2598140291666667 0.8587284281249999 0.25686544791666666 0.85737183125 0.25008911041666665 0.858125790625 0.24769781249999998 0.8603057 0.24678500833333333 0.8680173515625 0.23732910833333334 0.8687839203125 0.23397456458333332 0.8690550375000001 0.21326481041666667 0.8662977109375 0.20308348958333333 0.8613478640625001 0.19477821874999998 0.8614487437499999 0.1870722625 0.8636601796875001 0.18375134791666667 0.8654725687499999 0.18331176041666666 0.86770291875 0.17854597708333333 0.8656364999999999 0.17078958125000002 0.8606803484375 0.16296593125 0.8607118734375 0.1605578208333333 0.8585887078125 0.15713602499999998 0.852168775 0.15072361458333333
0 0.5373010875 0.7971560249999999 0.5347284343750001 0.8004685333333333 0.5278148781249999 0.8041617833333333 0.5266555671875001 0.8099160270833334 0.5294885546875 0.81431788125 0.528348159375 0.8186272625 0.52543320625 0.8204864979166667 0.5224488968750001 0.8276435770833334 0.5223606265625 0.8343862875 0.520497796875 0.8386788541666667 0.5211067390624999 0.8473648645833334 0.5199789531250001 0.8507110020833333 0.510771996875 0.8639862541666666 0.507768771875 0.8725881999999999 0.5059374671875 0.8744726541666666 0.504740328125 0.8831166354166666 0.50796605625 0.8851187833333333 0.5213184625 0.8863930770833334 0.529550784375 0.8923658999999999 0.5360400750000001 0.8934804645833334 0.539620715625 0.89597264375 0.54436066875 0.8927105770833333 0.5447912390625 0.8874211375000001 0.5499302390625 0.8812777458333334 0.5645176171874999 0.871018325 0.5685603546875 0.86581295625 0.569719665625 0.8600587083333333 0.5687747265625 0.8494378 0.5652760515625 0.8406845333333333 0.56534540625 0.8353866895833334 0.5686404921875 0.8320909958333333 0.573082278125 0.8240042979166666 0.574646940625 0.8148871020833333 0.5744055203125 0.805727875 0.5712113171875 0.8013176145833333 0.5676243703125 0.7993070562500001 0.5510273203125 0.79747548125 0.5485240234375001 0.7954901437499999 0.5373010875 0.7971560249999999
0 1 0.3762344875 0.9995282703124999 0.3762486583333333 0.991549978125 0.3784718208333333 0.9900735859375001 0.3808463041666667 0.9824375968749999 0.3845227395833334 0.9802261609375 0.38784365625 0.9762401671875001 0.388714425 0.9733062984374999 0.39201852708333335 0.9703219890625 0.39917560625 0.970284159375 0.40206533958333335 0.9618185499999999 0.41391253958333335 0.9599368046875 0.41964997083333333 0.95588145625 0.4258185854166667 0.9547536703124999 0.42916472083333335 0.9550329218750001 0.43543421666666665 0.95893695 0.44082453541666666 0.9621752906250001 0.4418634395833333 0.9762627390624999 0.44219130416666663 1 0.44608244583333334 1 0.3762344875
0 0.733808875 0.4148689708333333 0.7211725984374999 0.41409311249999997 0.7144860234375 0.40044796250000003 0.7134654234375 0.39560652083333336 0.7091812640625 0.3916526625 0.7062852265624999 0.39206703125 0.7000751875 0.39722195833333335 0.694644328125 0.39805910208333334 0.6800317296875 0.41024501041666667 0.6752539484375 0.4163968104166667 0.6751152375 0.42699249791666666 0.67092748125 0.44327517916666664 0.671897640625 0.45196959999999997 0.6765051859375 0.45882159791666666 0.6763790843749999 0.4684540416666667 0.6784455031250001 0.4762104375 0.6783887578125001 0.4805450375 0.6811839140625 0.48783662499999997 0.6810767281250001 0.49602420208333337 0.6831557593750001 0.5028173541666666 0.6870534796875 0.5086892958333333 0.7011409296875 0.5090171583333334 0.7029154890625 0.5114673020833334 0.7034613796875 0.5249695375 0.707359103125 0.5308414791666667 0.711718921875 0.5290158708333333 0.7164147390625 0.5291251583333333 0.719627859375 0.5320905520833333 0.7246848921875 0.5322082479166667 0.73050849375 0.5289714 0.74670466875 0.50622343125 0.751881496875 0.4971903020833333 0.7560125078125 0.48524222083333335 0.7681155046875 0.4715526 0.7693063390625 0.46339024375 0.7690838359375001 0.4527861479166667 0.7684811984375 0.44361851458333335 0.76671294375 0.44068674583333334 0.7541586328125 0.4336497979166667 0.74776391875 0.42531090000000005 0.733808875 0.4148689708333333
0 0.60489336875 0.5193031416666667 0.6042087656249999 0.51639659375 0.6079155078125 0.5092563270833333 0.6091126499999999 0.50061235 0.6073696156249999 0.49575409374999996 0.60413758125 0.49423356458333334 0.5799360671875 0.4936703125 0.564638865625 0.502949675 0.56315616875 0.50580578125 0.5606150421875 0.5067101791666667 0.556217390625 0.51142551875 0.55142069375 0.5190221854166667 0.553157421875 0.5243620645833333 0.5591909187499999 0.53269255625 0.560921340625 0.5385140562499999 0.5600791125 0.5476480645833333 0.5609799140625 0.5616403291666666 0.5633318890625 0.5751846 0.5676412703125 0.5772119687499999 0.58497966875 0.5776154916666666 0.5907276109375 0.5801581104166667 0.6005245953125 0.5770137375 0.6023622046875 0.5746476604166666 0.6046493 0.5655472770833333 0.6097882984375 0.5594038854166666 0.6134193812500001 0.5580430854166667 0.6174558140624999 0.5533193375 0.6208328640625 0.5437625541666667 0.6226578640625 0.5423597229166667 0.6246152687500001 0.5308428229166666 0.623930665625 0.527936275 0.6193357296875 0.52012103125 0.615038959375 0.51713041875 0.609620709375 0.5170043166666667 0.6059707140625 0.51980998125 0.60489336875 0.5193031416666667
0 0.9317592578125 0.4743976125 0.9335149015624999 0.47829262291666663 0.9372783890624999 0.46681775833333333 0.9344138750000001 0.4648240166666667 0.9304278828125 0.46569478750000004 0.9285965781250001 0.4675792416666667 0.9285398328125 0.47191384166666667 0.9317592578125 0.4743976125
0 1 0.44714279583333333 0.9954009171875 0.44311848333333337 0.9928787046875 0.4425780145833333 0.9751790890625 0.44216608333333335 0.9658252859375 0.43905777500000004 0.9589243390625001 0.44178777916666667 0.9557553562500001 0.43545103125 0.955837321875 0.42918994166666663 0.9599304999999999 0.42013159375 0.9625914234374999 0.410076375 0.9691437625000001 0.40637471875000003 0.971468690625 0.39438460416666665 0.9733252140624999 0.3905736604166667 0.98062520625 0.3849623291666667 0.9853399390625001 0.38362675 0.9875702890625 0.37886096874999997 0.9876270359375001 0.37452636875 0.983773446875 0.3652830729166666 0.9783110625000001 0.36852832708333333 0.9714479468749999 0.3683686 0.9634129078125 0.37492636041666666 0.9596872515625 0.38351149375000004 0.9515954703125 0.39440385625 0.9482373328125 0.40251577083333334 0.9412292000000001 0.41343335625 0.9389988499999999 0.41819913541666665 0.9389610203125001 0.42108887083333335 0.934170628125 0.42820391458333334 0.9339121203125 0.447950425 0.9355605765625 0.4600330125 0.9377215703124999 0.46056507708333333 0.9412643828125 0.4659469895833333 0.950275884375 0.4676020229166667 0.9628365000000001 0.47415735 0.9642183171875001 0.47900719583333334 0.9674125218749999 0.4834174583333333 0.973147853125 0.48692332083333334 0.9800235781250001 0.48611980624999995 0.985156271875 0.4804580333333333 0.9866704937499999 0.47519381666666666 0.993273275 0.4676391833333333 0.9974042843750001 0.45569110208333335 1 0.45357262083333333 1 0.44714279583333333
0 0.607623834375 0.6971394291666667 0.6069140109375 0.6961593708333333 0.6058177515625001 0.6970973958333333 0.607623834375 0.6971394291666667
0 0.44772465468749995 0.6842644166666666 0.447350828125 0.68521925625 0.44769943437500004 0.68619090625 0.44772465468749995 0.6842644166666666
0 0.452177221875 0.6477536041666667 0.44819753437500004 0.6481427520833333 0.448159703125 0.6510324854166666 0.44890735625 0.6491228083333334 0.4528870453125 0.6487336604166667 0.452177221875 0.6477536041666667
0 0.4975823265625 0.5466753208333334 0.48923651250000005 0.5493716979166667 0.483039084375 0.5535633833333333 0.476056171875 0.5625544770833333 0.47121533906249996 0.5735224999999999 0.4656962078125 0.5811023541666667 0.4666411453125 0.5917232625000001 0.465525971875 0.5941061541666667 0.46340280624999997 0.5906843583333334 0.460519378125 0.59013548125 0.45659013125000003 0.5866716520833334 0.45298426875000003 0.5861059625 0.44896675156250004 0.58938484375 0.44739578281250003 0.5989836604166666 0.44765611875 0.6066980229166667 0.4515034015625 0.6164229416666667 0.4557623390625 0.6223032875 0.45720720468750004 0.6223369145833334 0.4625056609375 0.6316138375 0.46537647812499994 0.6331259604166667 0.4699840234375 0.6399779583333333 0.46995880312500005 0.6419044458333333 0.46589714843749996 0.6485546833333333 0.46471892343750004 0.6557537958333334 0.46556928593749997 0.6735990375 0.4683896625 0.6789641354166667 0.4831869359375 0.6802720562500001 0.4914066484375 0.6872081229166667 0.4971861140625 0.6873426312500001 0.4993849390625 0.6849849604166667 0.5004938109375 0.6830836916666667 0.5006766578125 0.6691166458333334 0.49961822656250005 0.6671649395833333 0.49944616249999996 0.6527078666666667 0.501701734375 0.6460155937500001 0.5100916828125001 0.6399478625 0.514793803125 0.6395755270833334 0.5206237109375 0.63585705625 0.527967840625 0.6268743708333333 0.5299504640625 0.61343098125 0.52929108125 0.6085979479166667 0.5243538453125 0.59932943125 0.5267102968749999 0.58493120625 0.5211767265625 0.5660134312499999 0.5111572375 0.5585537104166666 0.5090529890625 0.5536870479166667 0.5058461734375 0.55024003125 0.4975823265625 0.5466753208333334
0 0.180244578125 0.16736416041666666 0.167526334375 0.17284938958333335 0.1613036859375 0.17896756458333335 0.1583635125 0.18275328958333334 0.15720420156249998 0.18850753541666665 0.1490682828125 0.20277125208333333 0.150038440625 0.21146567291666668 0.1539361640625 0.2173376125 0.15609085312499998 0.21835129791666666 0.158892315625 0.2251612625 0.1625126171875 0.2522245791666667 0.1673552765625 0.26871742916666663 0.16946583125 0.27310247083333333 0.1740985984375 0.27802798125 0.1862790828125 0.28601976458333334 0.19675436562499998 0.2862635604166667 0.2054677015625 0.2830939645833333 0.20992209687500002 0.274044025 0.21111293281250001 0.26588166874999997 0.21007972343749998 0.26200347083333336 0.2029625765625 0.2536477583333333 0.20298779687500002 0.25172127083333334 0.2044767984375 0.24838354166666668 0.20810788125 0.24702274166666666 0.20994548906250002 0.24465666458333332 0.211472321875 0.23842920208333332 0.20775114062500002 0.21907183958333334 0.20782049531250002 0.21377399583333334 0.2097085453125 0.20755493958333335 0.2156015015625 0.19902024999999998 0.21682386406249998 0.18844977916666666 0.219814478125 0.18081108125 0.21921184062500002 0.17164344374999999 0.21531411875 0.16577150208333336 0.20853296718749997 0.1593506875 0.188304834375 0.15887990833333332 0.1835711890625 0.16166035416666666 0.180244578125 0.16736416041666666
0 0 0.8745423770833334 0.00257351875 0.8772107208333334 0.0069018140625 0.877793225 0.0112616328125 0.87596761875 0.0234862546875 0.8805880479166667 0.0336444546875 0.8774520812500001 0.04059584375 0.8708690979166666 0.04174254375 0.8660780979166667 0.0439539796875 0.86275718125 0.0519133546875 0.8619788854166667 0.0555507421875 0.8601364625 0.056665917187500005 0.8577535729166667 0.05835668125 0.8390039354166666 0.0580963453125 0.8312895729166667 0.0563470078125 0.8269129395833333 0.061391431249999996 0.8279938770833334 0.0652954578125 0.8333841958333333 0.072463046875 0.83788693125 0.0858280625 0.8381979791666667 0.0916831890625 0.8325530229166667 0.0939450640625 0.8253791291666667 0.09437380937499999 0.79262881875 0.09263077656249999 0.7877705645833333 0.085849625 0.7813497458333334 0.07719934218749999 0.77970311875 0.0721738328125 0.7771773125 0.0689733234375 0.7732486729166667 0.067933809375 0.7698520979166666 0.07014524531250001 0.7665311833333334 0.090772425 0.7641206354166666 0.09226773125 0.7603012854166666 0.09775533593749999 0.7551295416666667 0.097121175 0.7483700166666666 0.0903967703125 0.7376146 0.0843254421875 0.7321738416666667 0.08327331875 0.7297405104166667 0.0767903328125 0.7281443208333334 0.07145405 0.7217571333333334 0.067512190625 0.7192565458333333 0.046922840625000004 0.7187773624999999 0.038994990624999996 0.7171475479166667 0.035775565625 0.714663775 0.0358007859375 0.7127372875 0.0336713171875 0.7097971145833333 0.029723154687499996 0.70777815 0.0213773390625 0.7104745291666668 0.0138485359375 0.7059633875000001 0.010958803125 0.7058961333333333 0.0014978140625 0.7109754 0 0.7111067729166667 0 0.8745423770833334
0 0.6955510609375 0.02519104375 0.6947907984375 0.028063962499999998 0.692243365625 0.02944998125 0.688194321875 0.035136975 0.688061915625 0.04525103958333333 0.6869530453125 0.04715231041666667 0.6847794406250001 0.047583491666666665 0.68581265 0.05146168958333333 0.6849704203125 0.06059569583333334 0.6888492281249999 0.06791250416666667 0.689831996875 0.07564367916666666 0.693330671875 0.08439694583333333 0.700460428125 0.09178941458333334 0.706746128125 0.08085501875 0.715864815625 0.07432247708333332 0.7260230171875001 0.07118651041666667 0.733234740625 0.07231788958333334 0.742120140625 0.08360536875 0.743388465625 0.09712441666666667 0.746824090625 0.11069390625 0.7477816390625 0.12035157083333334 0.7498858890625 0.12521823333333332 0.7538529656249999 0.12579232916666666 0.75931535 0.12254707499999999 0.766539684375 0.12271521041666666 0.7694798578125 0.11892948541666667 0.770664390625 0.11124875208333333 0.77590426875 0.09739940208333334 0.7764231125000001 0.08536725416666666 0.7882027234375 0.06877949374999999 0.7894566078125 0.0558009125 0.79278321875 0.050097108333333334 0.792516578125 0.04286436666666667 0.7904123296875001 0.03799770625 0.7908807328125 0.029818535416666667 0.7938713468749999 0.022179833333333333 0.7929264078125 0.011558925 0.7918805890625 0.008643970833333332 0.7882936421875 0.006633414583333333 0.75889060625 0.00594910625 0.7564876609375 0.007338489583333333 0.7185599125000001 0.00645578125 0.7156512640625 0.007833391666666667 0.7145045640625 0.012624393749999999 0.7098465765624999 0.009625372916666668 0.708445846875 0.006220391666666667 0.7044724625 0.006127916666666666 0.699289328125 0.015642666666666666 0.6992199734375 0.020940510416666665 0.6955510609375 0.02519104375
0 0.5355123484375001 0.10577595833333334 0.5330090515625 0.103790625 0.5329838312499999 0.1057171125 0.5355123484375001 0.10577595833333334
0 0.5638574828125 0.0934278875 0.5573177546875 0.09616629791666667 0.553623621875 0.10234331875 0.5527309515625001 0.11533030625 0.55442985 0.12355991666666667 0.5539569703125 0.15968158125 0.5501871765625 0.17163806875 0.550815034375 0.17887921666666667 0.5536417171875 0.18376269166666667 0.5557081359375 0.19151908750000002 0.5674139125 0.20817166458333333 0.5724394203125 0.21069747083333334 0.5803861859375 0.21088241875 0.5879906515625 0.20961409375 0.595987859375 0.20594606458333334 0.602260946875 0.19597491458333333 0.603413953125 0.19070228958333332 0.6115877015625 0.17354883958333334 0.61242993125 0.16441482916666667 0.6101031765625 0.14894407083333333 0.6149061796875 0.14086578333333336 0.6149692296875 0.13604956041666666 0.6093663046875 0.12242963124999999 0.60672246875 0.10357911041666666 0.60350304375 0.10109533958333333 0.5927043750000001 0.09795340416666667 0.5778125265625 0.10386981666666667 0.5746687640625 0.09560657708333334 0.5638574828125 0.0934278875
0 0.21975180156250002 0.5720060041666667 0.207178575 0.5664139250000001 0.1995678046875 0.5681638708333333 0.195176459375 0.5723975895833333 0.19221737187500001 0.57762818125 0.19181201875 0.5809911291666666 0.19276956875 0.5906487916666666 0.19049508125 0.5987859291666666 0.18815306874999999 0.6396817833333334 0.1819241140625 0.6462815791666666 0.1817034375 0.6631383562500001 0.1837635515625 0.6713763749999999 0.183523959375 0.68967801875 0.1852922125 0.6926097854166666 0.18958898125 0.6956003979166667 0.19504506093750001 0.6928367666666666 0.1979978453125 0.6880877979166667 0.206654434375 0.68925280625 0.209201865625 0.6878667875000001 0.210392703125 0.6797044291666666 0.209821590625 0.6681286833333334 0.2109178515625 0.6671906583333332 0.21268610312499997 0.6701224250000001 0.215202009375 0.6711445166666666 0.2212165921875 0.6809198770833333 0.2294489140625 0.6868926979166667 0.2323449515625 0.6864783291666666 0.23527882031249997 0.6831742270833333 0.2364192171875 0.6788648479166667 0.23667141875 0.6595999604166667 0.23778659531250002 0.6572170687500001 0.23786225625 0.6514376020833333 0.24162574218750002 0.6399627375 0.24004033749999998 0.6230639270833334 0.2433984734375 0.6149520104166667 0.2431381375 0.6072376479166667 0.24139510468749997 0.6023793916666667 0.23179988125 0.59011185625 0.230449590625 0.5828538937500001 0.2208039265625 0.5744393354166667 0.21975180156250002 0.5720060041666667
0 0.776937478125 0.1012776 0.771672378125 0.11705343958333334 0.7707923171875 0.12907718125 0.7725227421875001 0.13489867916666667 0.7741018421875 0.1522791125 0.777676178125 0.15525291458333335 0.7863579890625 0.15449143125 0.798385325 0.14658127708333335 0.81105943125 0.14446740208333333 0.8265394796875001 0.12122099791666667 0.83166586875 0.11604084583333334 0.8399738515624999 0.11623420208333334 0.8413556671875 0.12108405208333334 0.8435166625000001 0.12161611458333334 0.8481179015625001 0.12894973541666668 0.8501275749999999 0.14104073125 0.8579419359375 0.15133974583333334 0.8639376015625 0.16255997083333332 0.866814725 0.16359046875 0.8686208093750001 0.16363250208333333 0.8817885406249999 0.15141296666666668 0.8829037156249999 0.14903007708333332 0.8909261421875 0.14343556041666666 0.89608405625 0.1358473 0.9098607296875001 0.13231377916666667 0.915075390625 0.12039091666666667 0.9153212875 0.10160765208333333 0.909705753125 0.08895096666666666 0.9090193203125001 0.058583545833333334 0.9080050265624999 0.053260481250000005 0.9051657328125 0.049340249999999995 0.904848653125 0.0459604875 0.9051386859375 0.023805866666666668 0.9034334828125001 0.01605787708333333 0.901322928125 0.0116728375 0.89952945625 0.010667560416666666 0.8818298390624999 0.010255629166666667 0.8700754500000001 0.024916902083333334 0.8657408500000001 0.024816020833333334 0.864327509375 0.022374281250000003 0.8636807359375 0.016578002083333335 0.860885578125 0.009286416666666667 0.8608981890624999 0.008323170833333332 0.802019875 0.006952870833333334 0.7976600546875 0.008778479166666665 0.7960449515625 0.021748652083333334 0.791913940625 0.03369673333333333 0.792915625 0.03998304166666666 0.79572339375 0.04631138541666667 0.7953306515625 0.0487110875 0.7905213437499999 0.057271002083333335 0.7892926765625 0.06832309166666667 0.778203975 0.08733577708333334 0.776937478125 0.1012776
0 0.10238829062499999 0.9532444020833334 0.10936489687499999 0.9447349291666666 0.1105305140625 0.9384990625 0.10913608906250001 0.9346124583333334 0.100935290625 0.926231525 0.0832924203125 0.9214849937499999 0.0797243890625 0.9180295708333334 0.0739701421875 0.9159685750000001 0.0679177296875 0.9090829479166668 0.06358943593750001 0.9085004458333333 0.0500983171875 0.9178218416666667 0.04715814375 0.9216075645833333 0.05283672968749999 0.9294480270833334 0.05271693281249999 0.9385988479166667 0.0496506578125 0.9520170166666666 0.047432918750000004 0.9558195541666666 0.0383583671875 0.9589807416666667 0.03719905625 0.9647349854166667 0.033168928125000004 0.9689771125 0.028290264062499997 0.98283486875 0.027686540625 0.9890838145833333 0.10081284531250001 0.9907857145833333 0.10083176093749999 0.9893408458333333 0.1107170171875 0.9794537625 0.1111475890625 0.974164325 0.10802274062499999 0.9644562208333334 0.10410610312499999 0.9600291458333333 0.10017055 0.9570469395833333 0.09042400625 0.9563383354166667 0.09189409375 0.954445475 0.099118425 0.9546136083333334 0.10238829062499999 0.9532444020833334
0 0.5364954921875 0.4998858375 0.53183750625 0.4968868166666667 0.5195561390625001 0.4966009875 0.5144423609375 0.5008178916666667 0.5079089359375 0.50307468125 0.50643254375 0.5054491666666666 0.5067181 0.5112370395833333 0.5144883250000001 0.5249074104166667 0.51547109375 0.5326385833333334 0.518285165625 0.5384853041666666 0.5192994609375 0.5438083708333333 0.5188121421874999 0.55343240625 0.5208974765625001 0.5597439354166667 0.523724159375 0.5646274125 0.529637859375 0.5821087270833334 0.5332058921875 0.58556415 0.54042391875 0.5862139041666666 0.54549986875 0.5848867333333333 0.5484211265625001 0.5825458770833334 0.54957413125 0.5772732520833334 0.5528818265625 0.5730143125 0.5538186328125 0.5566559708333333 0.556809246875 0.5490172708333334 0.5569479578125 0.5384215812500001 0.555223840625 0.5321184604166667 0.5492218703125 0.5213798583333333 0.5492470890625001 0.51945336875 0.5464014921875 0.5160147583333333 0.54536828125 0.5121365604166667 0.5364954921875 0.4998858375
0 0.63143771875 0.39610629999999997 0.62646895625 0.38924589375 0.6199733609375 0.38861294999999996 0.6095800437500001 0.38210806666666663 0.6016584984375 0.37999662916666666 0.5980085015625 0.38280229583333336 0.5950431078125 0.38851450833333334 0.58278065625 0.38678381041666665 0.5791369656249999 0.38910785625 0.578015484375 0.39197236875 0.57793351875 0.39823345625 0.5737520671875 0.41403451458333335 0.574361009375 0.4227205291666667 0.5723468609375 0.43857202708333337 0.5758959765625 0.4434723166666667 0.5772399609375001 0.4512118979166667 0.5790208234375 0.4531804208333333 0.5800351187499999 0.45850348541666663 0.5846363593749999 0.4658371083333333 0.58496605 0.468253625 0.5920705890625 0.47757258124999996 0.5978563593749999 0.47722546875000005 0.6059166171875 0.4687412166666666 0.6116204234375 0.47465518958333336 0.6195482734375 0.47628500625000003 0.6314684234375 0.47656242708333335 0.64344531875 0.47250525 0.6435398953125 0.4652809166666667 0.6407636531249999 0.4565444625 0.6392791265625 0.43193969791666664 0.6382143921875 0.4304696104166667 0.6362929890625 0.4116359041666667 0.6334915265625 0.40482593958333335 0.6335293562500001 0.40193620625000004 0.63143771875 0.39610629999999997
0 0.74318178125 0.6097217645833334 0.734315296875 0.59698941875 0.726064059375 0.5924614625 0.716063484375 0.5835568729166667 0.70887698125 0.58049900625 0.6886614578125 0.5790649833333333 0.6828567718749999 0.5808569645833334 0.6799039875 0.5856059333333333 0.6779654984375 0.5956779645833333 0.6786059671875 0.6019558666666666 0.6845574984375 0.6165474479166666 0.6852105749999999 0.6218621062499999 0.68438095625 0.6300328708333333 0.6818019984375 0.633827 0.6778033953125 0.6356610145833332 0.6706042812499999 0.6335663916666667 0.6684748125 0.63062621875 0.6664336140625 0.6209433333333333 0.6636195421875 0.6150966125 0.6596839875 0.6121144041666666 0.652827178125 0.61147305625 0.6495131765625 0.6162136145833333 0.6555529796874999 0.6240624854166666 0.6587030484375 0.6318441020833333 0.6553449125 0.6399560187500001 0.6543324453125 0.6620938270833334 0.6607586859375 0.6680246145833333 0.662793578125 0.6781891208333334 0.6667165203125001 0.6821345729166667 0.6688270765625 0.6865196145833333 0.6672182765625 0.6990081625 0.6594372703125 0.7137619104166667 0.6582842656250001 0.7190345333333333 0.65918506875 0.7330267979166667 0.6609091859375 0.7393299208333333 0.6648132140625 0.7447202374999999 0.679971703125 0.7460365666666667 0.689268759375 0.753479475 0.7087492390625 0.7558599291666667 0.7127289265625001 0.75547078125 0.7171013562499999 0.7526819291666667 0.7186344953125 0.74597284375 0.7245400625 0.7364749083333333 0.7271820703125 0.7278645562499999 0.730844678125 0.7240956458333333 0.73382268125 0.7174201895833333 0.7340118328125 0.7029715229166666 0.7312608109375 0.6923085812499999 0.7277116953125 0.6874082916666667 0.7284782640625 0.68405375 0.7346315578125 0.68323341875 0.7382121984375 0.6857255958333333 0.7472426140625 0.6859357645833334 0.7523374781250001 0.6831637270833333 0.7593456109375001 0.67224614375 0.7595410671875 0.65731585625 0.7567963515625 0.6461712916666666 0.7529238484375 0.6383728625 0.7505403484375 0.6272367041666667 0.7462688 0.6223196020833334 0.74318178125 0.6097217645833334
0 0.228125 0.19166666666666668 0.0015625 0.0020833333333333333
0 0.2516438515625 0.15071864583333333 0.250541284375 0.15213829166666668 0.2504845390625 0.15647289166666667 0.24829832500000001 0.15786731875 0.2479055828125 0.16026702291666667 0.2361890234375 0.1720385625 0.23615749843749997 0.17444667291666666 0.2335596265625 0.17968567083333334 0.2255056734375 0.1876883 0.209683325 0.20948143125 0.20776374999999997 0.21810859583333334 0.211535371875 0.23361298125 0.21101022343750003 0.24612675 0.21307033749999998 0.25436476875 0.22021901093750001 0.26031237083333336 0.2436142984375 0.239659025 0.2544823234375 0.23750311666666668 0.2620552625 0.23864290416666664 0.26495760625 0.2377469125 0.2700903 0.23208513958333335 0.27119917031249996 0.23018387291666667 0.2661862734375 0.22669482291666665 0.26625562812500003 0.22139697708333334 0.2695444078125 0.21858290625 0.2734988765625 0.22012024583333334 0.274607746875 0.21821897708333332 0.277510090625 0.21732298749999998 0.2786252640625 0.21494009583333332 0.2775857515625 0.21154352083333333 0.27288993437500003 0.21143423333333333 0.2722431625 0.20563795208333333 0.26937234375 0.20412583333333334 0.2676167 0.20023082083333332 0.268433709375 0.19302330208333332 0.27394023125 0.18640669166666665 0.27575261875 0.18596710416666667 0.274725715625 0.18160728333333334 0.2751562875 0.17631784583333332 0.2748329015625 0.17341970625 0.2701938296875 0.16897581875 0.263164953125 0.15387739583333332 0.25814575156249997 0.15086996875 0.2516438515625 0.15071864583333333
0 0.4276315765625 0.61827620625 0.422891625 0.6215382729166666 0.4191974921875 0.6277152958333333 0.4184246171875 0.6315514604166667 0.41945152343750003 0.63591128125 0.417968825 0.6387673854166667 0.41540878281250004 0.6411166500000001 0.41108048906250005 0.6405341458333333 0.4099590078125 0.6433986604166667 0.40668914375 0.6447678645833333 0.4041921515625 0.64230090625 0.40246172968750005 0.63647940625 0.4049190625 0.614375225 0.4045956765625 0.6114770854166667 0.40175007812499997 0.6080384770833334 0.396730875 0.6050310499999999 0.3916675375 0.6053949770833333 0.38220024375 0.6109558666666667 0.373766159375 0.62039495625 0.372650984375 0.6227778479166666 0.3725311875 0.63192866875 0.375345259375 0.6377753895833334 0.375637121875 0.6430816395833333 0.369972975 0.66173880625 0.3679525203125 0.6780719270833334 0.3677885875 0.6905941041666667 0.3688281015625 0.6939906791666667 0.3737968640625 0.7008510833333333 0.37548945625 0.7095623187500001 0.381459903125 0.72270903125 0.3910866515625 0.7325684583333333 0.3935962515625 0.7340721729166667 0.3979371578125 0.73369143125 0.39934419375 0.7366147916666667 0.39819749375 0.7414057937499999 0.39598605781249996 0.7447267083333333 0.39291347656250003 0.7586264979166667 0.3888202984375 0.7676848458333333 0.3886878921875 0.7777989125 0.390829971875 0.7797758395833333 0.3933521828125 0.7803163104166667 0.3995370015625 0.77708786875 0.4083196921875 0.7686204333333334 0.417799596875 0.7620962958333333 0.419649815625 0.758766975 0.42378713125 0.7463372729166667 0.427842478125 0.7401686583333333 0.427880309375 0.737278925 0.43303191874999997 0.7301722854166666 0.4332589015625 0.7128338854166666 0.4305204890625 0.7012076979166667 0.4391644671875 0.7033359499999999 0.44424672187500003 0.7015271541666667 0.445393421875 0.6967361541666667 0.44834620625 0.6919871854166666 0.4495370421875 0.6838248291666668 0.452508740625 0.67763099375 0.4508350640625 0.66747489375 0.44588521718749996 0.6591696229166666 0.44592304687500006 0.6562798875 0.4546616015625 0.6511838062499999 0.4609031671875 0.6436207666666667 0.4621003078125 0.6349767875 0.46105448750000005 0.6320618333333333 0.45322751875 0.6227260625 0.44962796093749996 0.6216787520833333 0.443550328125 0.6167196145833334 0.43597108437500004 0.61606145 0.4276315765625 0.61827620625
0 0 0.7079494333333333 0.00009077812499999999 0.7080520416666667 0.00845550625 0.7039107958333334 0.017473312499999998 0.7050842104166667 0.021415170312500002 0.7075847937499999 0.031921979687500004 0.7054204791666667 0.0352233703125 0.7016431625 0.03605929375 0.6929907770833333 0.040190303125 0.6810426958333333 0.044987 0.6734460270833333 0.047622703125 0.6653172979166667 0.0505754859375 0.6605683291666666 0.0592320765625 0.6617333375 0.0624199765625 0.6666252187499999 0.06605105781250001 0.6652644208333334 0.0660888890625 0.6623746854166667 0.060403998437499995 0.65501584375 0.0594023125 0.6487295375 0.054769546875 0.6438040270833334 0.05482629375 0.6394694270833334 0.05740525 0.6356752958333334 0.052766179687500005 0.6312314104166667 0.0529301109375 0.61870923125 0.047942434374999995 0.6132936916666666 0.0349575484375 0.6115461833333333 0.033101025 0.6153571291666666 0.0323912015625 0.6143770687500001 0.03377301875 0.61922691875 0.0329812296875 0.6245079479166668 0.030769795312499997 0.6278288624999999 0.026479329687499997 0.6243566270833333 0.0250975140625 0.6195067791666666 0.022955432812500003 0.61752985 0.0153446640625 0.6192797979166667 0.0051549375 0.624823875 0.004039760937499999 0.6272067645833334 0 0.62978343125 0 0.7079494333333333
0 0.193064265625 0.7337410270833333 0.18978809531250002 0.73559185625 0.17896420468750002 0.7343764083333333 0.1676025578125 0.7466379770833333 0.1495687734375 0.7717520229166667 0.1516351921875 0.77950841875 0.15108482343750002 0.7939486770833334 0.15247925 0.7978352833333333 0.1671945578125 0.8054042916666667 0.17551515 0.8046344041666667 0.179793003125 0.8090698833333333 0.1810739390625 0.8216256875 0.17637995 0.8489772729166667 0.17625385 0.8586097166666666 0.1790616171875 0.8649380604166667 0.18567700781250002 0.85642018125 0.1965954734375 0.8504112958333334 0.2041999375 0.8491429708333332 0.21149362656249998 0.8440132604166667 0.21370506250000001 0.8406923458333334 0.213469946875 0.8310514958333334 0.20970463125 0.8150654895833332 0.2111098375 0.7905279770833334 0.20903080937500002 0.783734825 0.209511821875 0.7745924104166666 0.214314825 0.7665141208333334 0.2154741359375 0.7607598729166667 0.2156885078125 0.74438471875 0.2146742125 0.7390616541666667 0.21075127187499998 0.7351162020833333 0.20822905937499997 0.7345757333333334 0.202176646875 0.7276901083333333 0.1971070046875 0.7285356583333333 0.193064265625 0.7337410270833333
0 0.9232857015624999 0.6524549125 0.914305728125 0.6483917666666666 0.9050212796875 0.6399856145833334 0.8895394031249999 0.6357711479166667 0.8874162390624999 0.63234935 0.8827582546875 0.6293503291666667 0.8762626593749999 0.6287173854166667 0.8665665546874999 0.6241558020833333 0.8586197875 0.6239708541666666 0.856794790625 0.6253736875 0.8545518296875001 0.6311027145833333 0.8523656140625 0.6324971395833334 0.8534240437499999 0.63444885 0.8516053515625 0.6353700583333333 0.8498370968750001 0.63243829375 0.851244134375 0.6353616520833333 0.850490175 0.6377529520833334 0.858075725 0.6379294937500001 0.8616374515624999 0.6418665375 0.8622968343749999 0.646699575 0.860377259375 0.6553267395833333 0.8614104687499999 0.6592049375 0.8591675078125001 0.6649339645833333 0.85293225 0.67201538125 0.8474761687499999 0.6747790125 0.8430406874999999 0.6823840874999999 0.8406590156249999 0.6987088020833333 0.8423516093750001 0.7074200354166666 0.8566300375000001 0.7207601041666667 0.866370278125 0.72195033125 0.8723470296875 0.7346154229166667 0.8810288390625001 0.7338539416666666 0.8853949640625001 0.7315467104166667 0.8897736999999999 0.7282762354166666 0.893866878125 0.7192178895833333 0.8978465671875 0.7188287416666667 0.8981321234375 0.7246166145833333 0.8963071234375001 0.7260194479166666 0.8936714218749999 0.7341481770833334 0.8922076406249999 0.7355594166666666 0.8891602796875 0.7475327187499999 0.8897755281249999 0.7557371083333333 0.8948136453125001 0.7572996708333334 0.900269725 0.7545360375 0.9096676640625001 0.7542729895833333 0.924198296875 0.7483481729166667 0.9296291562500001 0.7475110291666667 0.9358076687500001 0.7447642104166667 0.9427842765625 0.7362547374999999 0.9507436531250001 0.73547644375 0.9536649109375 0.7331355854166667 0.96102795625 0.7227080333333333 0.961273853125 0.7039247666666667 0.9631429875 0.6991505770833334 0.9682945953125 0.6920439395833333 0.9716905625000001 0.6810422895833333 0.9713923953125001 0.6762176604166666 0.9671082375 0.6722638020833334 0.9639266421875 0.6668902979166667 0.9499589890625 0.6574116125 0.9362327562500001 0.6570921562500001 0.92906516875 0.6525894208333334 0.9232857015624999 0.6524549125
0 0.9728360015625 0.6288293020833333 0.9732263484375 0.6189298395833334 0.9713067750000001 0.6275570041666667 0.9728360015625 0.6288293020833333
0 0.9727286359375 0.63155214375 0.9728162703125 0.6293296354166666 0.9712626390624999 0.6309283604166667 0.9727286359375 0.63155214375
0 0.9712185046874999 0.6342997145833333 0.9721445265625 0.6463654895833333 0.9727032046874999 0.6321970791666666 0.9712185046874999 0.6342997145833333
0 0.6468850453125 0.07175354375000001 0.647930865625 0.07466849583333332 0.6497684734375 0.07230242083333334 0.6487226546875 0.06938746666666668 0.6468850453125 0.07175354375000001
0 0.7476366234375 0.13142888125000002 0.7448856015625 0.12076593958333333 0.7440163234375 0.10436556458333333 0.7413598765625 0.08647828958333334 0.739255628125 0.08161162500000001 0.7335581265625 0.07521602916666666 0.7303260921875 0.07369550208333334 0.7220054984375001 0.07446539166666667 0.709648471875 0.07995902708333333 0.70634708125 0.08373634375 0.703362771875 0.09089342291666667 0.700682934375 0.10239351041666667 0.69999833125 0.09948696250000001 0.695365565625 0.09456145208333333 0.691486759375 0.08724464583333333 0.6876520859374999 0.07655648333333334 0.6866630125000001 0.06930693125000001 0.681041171875 0.05713186666666667 0.6763516609375 0.05654095625 0.6727079687499999 0.05886500208333333 0.669856065625 0.0559080125 0.6669663328125 0.05584075833333334 0.660046471875 0.06001563125 0.66174536875 0.06824524166666666 0.6588051953125 0.07203096666666667 0.6605482265625 0.07688922291666667 0.65871061875 0.0792553 0.6568162656250001 0.085955975 0.6567027734375 0.094625175 0.654472421875 0.09939095833333332 0.6544030671875001 0.1046888 0.6661025390625 0.12182300208333333 0.665140515625 0.14010783125 0.6667448359375 0.15556177708333332 0.6648630921875001 0.16129920833333333 0.6647622109375 0.1690051625 0.6663791421874999 0.1834958645833333 0.665270271875 0.18539713124999999 0.6652135265625 0.18973173333333332 0.6630083953125 0.192571025 0.6586737968749999 0.19247014375 0.6551120703125 0.18853309791666667 0.6529510765625 0.18800103541666668 0.64642395625 0.18977620416666668 0.6452898640625 0.19360396041666667 0.64236860625 0.19594481666666666 0.6411336359375001 0.20747853125000001 0.642116403125 0.21520970625 0.6438972671875 0.21717822916666665 0.6438657421875 0.21958633958333335 0.6467176453125 0.22254332708333333 0.6521169796875 0.22411429583333334 0.6538852312500001 0.2270460625 0.6547419 0.24440968125 0.6593368359375 0.2522249229166667 0.661378034375 0.2619078083333333 0.6655928375 0.2711595104166667 0.6734198078125 0.28049528125 0.691822940625 0.28236889375 0.698711278125 0.28060213125 0.707500275 0.2716530729166667 0.7229424921875001 0.2512964 0.7312756953124999 0.24956326874999998 0.7352869078125 0.24676600833333331 0.7382523015625 0.24105379583333333 0.7390756171875 0.23336465416666666 0.740552009375 0.23099016875 0.7489293484374999 0.22588568125 0.7540052953124999 0.22455850833333332 0.7555006015625 0.22073915625 0.7556393140625 0.21014346875 0.7579768515625 0.19719011041666665 0.763584253125 0.18286754375 0.763779709375 0.16793725625 0.759159553125 0.16204850416666666 0.7573597750000001 0.16152484791666666 0.75239731875 0.15418282083333334 0.74856895 0.14301303541666668 0.7476366234375 0.13142888125000002
0 0.3743727109375 0.022052043750000003 0.374341184375 0.02446015625 0.37866948125 0.025042660416666664 0.3794108296875 0.02361460625 0.3743727109375 0.022052043750000003
0 0.40657695625 0 0.4064561140625 0.00015559375 0.40959357343749997 0.008900454166666665 0.40951160781249996 0.015161543750000001 0.40436630312500005 0.021786560416666666 0.4018314828125 0.022209335416666667 0.3996263515625 0.025048629166666666 0.398504871875 0.027913141666666665 0.398403990625 0.035619095833333336 0.4010982671875 0.0506166375 0.40714437343750004 0.057983885416666665 0.409958446875 0.06383060833333333 0.41175191875 0.06483588333333333 0.41490829375000005 0.07213587708333334 0.4224244875 0.07761026458333334 0.4284642890625 0.08545913333333334 0.43638583437499995 0.08757057083333333 0.4414680890625 0.08576177708333334 0.447709653125 0.07819873749999999 0.45753185781249994 0.07312787291666667 0.46012342500000003 0.06837049999999999 0.461923203125 0.06889415625 0.46368515156249995 0.07230754583333333 0.4705167421875 0.07487538333333334 0.4802885078125 0.07365749791666666 0.48820374843750003 0.07625056041666665 0.49042779375 0.0719664 0.48655529218750004 0.06416797083333334 0.48608506093750004 0.04488626875 0.48891622031250004 0.021827250000000003 0.48825053125 0.017475835416666665 0.4861210625 0.0145356625 0.487255153125 0.010707906250000001 0.48620933437499997 0.007792952083333333 0.48477077343749997 0.007277702083333334 0.4840798640625 0.004852779166666666 0.48119643593749994 0.004303902083333333 0.479428184375 0.0013721333333333334 0.4768231328125 0 0.40657695625 0
0 0.5542679328125 0.35673231666666666 0.547829084375 0.3517647729166667 0.5413650140625 0.34872371874999997 0.5261939140624999 0.3483706354166667 0.5145782375 0.35243621875000003 0.50583968125 0.35753230208333336 0.499572896875 0.36702183125 0.4984325015625 0.37133121041666667 0.49900361249999997 0.3829069583333334 0.49409972968750004 0.39869120208333336 0.49488073593750004 0.4218342895833333 0.5019096140625 0.4369327125 0.51442609375 0.44685939166666666 0.5244897203125001 0.45094775833333334 0.5309853140625 0.45158070208333334 0.5381465984375 0.45656506041666667 0.5471770140625 0.45677522916666663 0.553000615625 0.45353838124999996 0.5563209203125 0.4483161958333334 0.562144521875 0.44507935000000004 0.5706227421875 0.43226890416666663 0.573796203125 0.4106631604166667 0.5756464218749999 0.4073338375 0.5775912171875001 0.3967801833333333 0.5776794875 0.3900374729166666 0.575911234375 0.3871057041666666 0.5759427609375 0.38469759375 0.5734836 0.3793409020833333 0.5709739984375 0.37783718958333334 0.567076275 0.3719652479166667 0.5591358140625 0.37129867708333336 0.5542679328125 0.35673231666666666
0 0.9557795671875 0.32319942916666666 0.9463816296875001 0.3234624770833333 0.9340372125 0.32799286875 0.9156466890624999 0.3251560145833333 0.9124398749999999 0.321709 0.9107220609375 0.31492425208333336 0.91161473125 0.30193726875 0.9102203062499999 0.29805066249999995 0.9080719203125 0.29655535625 0.9030148875 0.29643766041666664 0.8961139421875 0.2991676645833333 0.8928692968749999 0.2986103854166667 0.8911136531249999 0.29471537291666666 0.891176703125 0.28989915 0.8872663718749999 0.2849904541666667 0.8811130781250001 0.2858107833333333 0.8810248078124999 0.29255349375 0.8828056703125 0.29452201875 0.8748273781250001 0.2967451791666667 0.87255289375 0.30488231666666665 0.8728762796874999 0.30778045625 0.8761272296874999 0.3078561166666667 0.8786809671875 0.3059884770833333 0.882597603125 0.31041554791666665 0.8807599953125 0.3127816270833333 0.8804636578125 0.3354178708333333 0.885953090625 0.35770700000000005 0.897873240625 0.3579844229166667 0.9042616484374999 0.36680494375 0.9175320906250001 0.3743403270833333 0.9225323765625 0.3787926208333333 0.9326338328125001 0.3799912541666667 0.9427037640625 0.38359799791666666 0.9474121906249999 0.38274404166666665 0.9525448843750001 0.37708226875 0.95661284375 0.3699504104166667 0.9570245015625 0.36610583958333337 0.9640011078124999 0.35759636666666667 0.9732711171874999 0.33950489375 0.9769337234375 0.3357359833333333 0.9821546874999999 0.32333150208333333 0.9811845296874999 0.31463708125 0.9773057218750001 0.3073202729166667 0.97260990625 0.3072109854166667 0.9645874781250001 0.3128055020833333 0.9623634328125 0.3170896625 0.9557795671875 0.32319942916666666
0 0.8745534265625 0.17966895 0.875618159375 0.18113903541666668 0.8778043765625 0.17974461041666664 0.8767396406250001 0.17827452291666665 0.8745534265625 0.17966895
0 0.8983326890625 0.40569023958333333 0.8913497781249999 0.4146813354166667 0.8905895140625001 0.41755425416666664 0.8821554296875 0.42699334375000003 0.8730682671875 0.4311177729166667 0.8620867515624999 0.44194288333333337 0.8566495859375 0.44326164791666667 0.8511745921875 0.44747014583333333 0.8471318515625 0.45267551666666667 0.8459284046875 0.46180111875 0.8498387390625 0.4667098145833333 0.8616517015625 0.4751748145833333 0.8666204640625 0.48203522083333333 0.8693588765625 0.49366140625 0.8729079921875 0.49856169791666666 0.8761463328125 0.4996006 0.8801764593750001 0.4953584770833333 0.88736926875 0.4979347229166667 0.8931550406250001 0.4975876083333333 0.8964185984374999 0.49670002291666665 0.901532378125 0.49248311666666666 0.909498059375 0.4912232 0.9153216625 0.4879863541666667 0.923400834375 0.47805723333333333 0.925927521875 0.4506552104166667 0.9278029625 0.4453994 0.930717915625 0.44354016458333334 0.9325933546874999 0.43828435416666667 0.9320348515625 0.4257453625 0.9303044296874999 0.41992386458333336 0.9225026796875 0.40866160416666664 0.91383348125 0.40845984166666666 0.9026799000000001 0.4048278791666667 0.8983326890625 0.40569023958333333
0 0.8476714390625 0.466659375 0.8409155078125 0.45831206874999997 0.835136040625 0.4581775604166667 0.830041178125 0.4609495979166667 0.8224430187499999 0.4617363020833333 0.812975725 0.46729719375 0.8067530749999999 0.47341536666666667 0.79987735 0.47421888333333334 0.7947824859375 0.47699092291666667 0.7858295578125001 0.4984621583333333 0.7846891625 0.5027715395833333 0.7845315375 0.51481209375 0.7866168703125 0.5211236229166667 0.796231009375 0.53194629375 0.8029364984375 0.5441465770833334 0.8048642062500001 0.5624986604166666 0.8095474125000001 0.5635711937500001 0.8146864125000001 0.5574277999999999 0.8179562765625 0.55605859375 0.826587646875 0.5591500875000001 0.8316446796875001 0.55926778125 0.8436152703124999 0.5556922270833333 0.845484403125 0.5509180395833333 0.8509467875000001 0.5476727854166668 0.851732271875 0.5428733770833334 0.855052578125 0.5376511937499999 0.8637911328125 0.5325551125 0.8696967015625001 0.523057175 0.8700957484374999 0.5201758479166666 0.871920746875 0.5187730145833334 0.8741574015625 0.5135256125 0.873231378125 0.5014598375 0.8693210453125 0.49655113958333336 0.8683698015625 0.48641185416666666 0.863426259375 0.47762495833333335 0.85162590625 0.4681967166666666 0.8476714390625 0.466659375
0 0.1994714015625 0.5479273333333333 0.1995533671875 0.5416662416666667 0.1984192765625 0.545494 0.1994714015625 0.5479273333333333
0 0.18721525625 0.5457150125 0.1803962734375 0.5421839291666667 0.178628021875 0.5392521625000001 0.18059803593749998 0.52677201875 0.1788486984375 0.5223953854166666 0.1785505328125 0.51757075625 0.16608449218750002 0.5037910979166667 0.159975334375 0.501240075 0.1549056890625 0.5020856229166667 0.148790228125 0.5000162208333333 0.145215890625 0.49704241875000005 0.14124881250000001 0.4964683229166667 0.13726282031249998 0.4973390916666667 0.12741539375 0.50433644375 0.12233944687500001 0.5056636145833333 0.1105012625 0.49912510416666667 0.10233199062500001 0.4883360625 0.094049228125 0.48621621666666665 0.0816543703125 0.4945995875 0.077149534375 0.5075025041666666 0.07280232343750001 0.50836486875 0.0652546046875 0.50529859375 0.057263703124999996 0.508485 0.0514022703125 0.51461158125 0.0468848234375 0.5284777458333333 0.038070607812500004 0.5393532937500001 0.0349854171875 0.5542163291666667 0.0286934140625 0.5656323458333333 0.028655584374999998 0.5685220791666666 0.02566496875 0.5761607812499999 0.0254758171875 0.5906094458333333 0.0272440703125 0.5935412125 0.0271936296875 0.5973941895833333 0.03620513125 0.5990492270833333 0.049633196875 0.5945440541666667 0.0601273953125 0.5933429833333334 0.064138609375 0.5905457229166667 0.068023721875 0.5973809104166666 0.062155984374999994 0.6039891125000001 0.059184285937500004 0.6101829458333333 0.05690349375 0.61880170625 0.0568026125 0.6265076625 0.0628108890625 0.6367646416666666 0.0644152125 0.6522185854166668 0.0817869640625 0.6776748729166666 0.08823211875 0.6821607916666667 0.0917875390625 0.6865794604166666 0.0997216953125 0.6877276520833333 0.10521560625 0.6820742895833334 0.11579176875 0.6746121291666667 0.1330211546875 0.6557423583333333 0.1363414609375 0.6505201729166666 0.140713890625 0.6477313208333333 0.1468734890625 0.64642936875 0.15019379375 0.6412071874999999 0.153627590625 0.6273158020833333 0.1575757546875 0.6293347666666667 0.1629246484375 0.6347587104166668 0.1780831375 0.6360750395833333 0.1842931765625 0.6309201104166667 0.187264875 0.624726275 0.188531371875 0.6107844520833333 0.1895564484375 0.5876834 0.18817463125 0.58283355 0.1882439875 0.57753570625 0.19305329531249998 0.5689757937500001 0.1999668515625 0.56528254375 0.20182968125 0.5609899770833333 0.20123335 0.5513407208333334 0.2001812234375 0.5489073895833333 0.19873635781250001 0.5488737625 0.1946810078125 0.5550423770833334 0.187899859375 0.5486215583333334 0.18721525625 0.5457150125
0 0.668350353125 0.4745301833333333 0.6672793125 0.47354171875 0.6647003546875 0.47733584791666667 0.66756486875 0.4793295895833333 0.6693961703125 0.47744513541666667 0.668350353125 0.4745301833333333
0 0.6709671390625 0.46784632083333333 0.669490746875 0.4702208041666667 0.67165174375 0.47075286666666666 0.6720444859375 0.4683531604166667 0.6709671390625 0.46784632083333333
0 0.6717778437499999 0.4611204208333334 0.667455853125 0.46005629791666663 0.6667208109375 0.46100272708333334 0.6717778437499999 0.4611204208333334
0 0.6379811046875 0.44828963125 0.6390269234375 0.45120458750000003 0.6391782453125 0.4396456541666666 0.63880441875 0.44060049166666665 0.6379811046875 0.44828963125
0 0.66228249375 0.33082181875 0.649450759375 0.34497624791666665 0.6460800124999999 0.3540514083333333 0.6402564109375 0.35728825625000005 0.6379882296875 0.36494377083333335 0.63788104375 0.3731313479166667 0.6398781078125 0.3861855895833333 0.6448153453125001 0.39545410416666665 0.6552086625 0.4019589895833333 0.6601332890625 0.41219075 0.6593288890625 0.41843502708333336 0.6560338031249999 0.42173072083333335 0.6516802890625 0.4230747041666667 0.647364603125 0.4215289583333333 0.6462620390625 0.4229486041666667 0.647106096875 0.4412754666666666 0.6499138640625 0.4476038104166667 0.6509155484375 0.45389011875 0.656695015625 0.45402462708333335 0.668392659375 0.44369795625 0.6747224953125001 0.4293922041666667 0.6730425109375 0.419717725 0.67600790625 0.41400551458333334 0.692825634375 0.3989803125 0.6986555421875 0.39526184375 0.7022740125 0.39486428958333336 0.70520788125 0.3915601875 0.7046493796875 0.3790211958333333 0.7065815640625 0.36943078749999997 0.7118277484375 0.35509981458333334 0.715070565625 0.328196225 0.714803925 0.3209634854166667 0.711597109375 0.31751646875 0.7065526875 0.31643553125 0.6783777890625 0.3157798041666667 0.668606025 0.3169976875 0.66228249375 0.33082181875
0 0.6803730234375001 0.30137317291666665 0.6789407671875 0.3003763 0.6738711234375 0.30122185208333335 0.6803730234375001 0.30137317291666665
0 0.65379065625 0.23427039375 0.6524088406249999 0.22942054583333332 0.6499244578125001 0.22599034166666668 0.6473959421875 0.22593149583333333 0.6398671375 0.22142035416666667 0.6381178015625 0.21704372083333334 0.6388087078125 0.21946864583333334 0.6377171781250001 0.22004545208333331 0.6366180171875 0.24880556666666667 0.636760384375 0.29313162083333333 0.6387574468749999 0.30618586249999996 0.6408869171875 0.30912603541666667 0.6607538328125 0.30958840625 0.6676736953125 0.30541353541666666 0.6684528750000001 0.30109575 0.6649415890625 0.2933057270833333 0.6639714296875 0.28461130625000003 0.6629066953125 0.28314121875 0.6630643218750001 0.27110066250000003 0.65957825625 0.2613841520833333 0.6582468796875001 0.252681325 0.6546914593750001 0.24826265833333333 0.6536519453125 0.24486608333333332 0.65379065625 0.23427039375
0 0.609352875 0.20625711458333335 0.6099681218749999 0.21446150625000002 0.6117237640625001 0.21835651666666667 0.6080233265625 0.22501516041666667 0.605685790625 0.23796852083333334 0.6066307296875 0.24858942916666665 0.6055092484375 0.2514539416666667 0.6075882781249999 0.25824709166666665 0.6056245687499999 0.2702456125 0.6063217828125 0.27218891666666667 0.611328375 0.2761595895833333 0.6123111421874999 0.28389076458333334 0.6144216984375 0.2882758041666667 0.6240358359375 0.29909847500000003 0.624714134375 0.30248664375 0.628662296875 0.30450560625 0.630290009375 0.2905721895833333 0.630586346875 0.2679359458333333 0.6295657484375 0.2630945041666667 0.62947565 0.24237634375 0.6318951515625 0.22316189583333335 0.6322797609374999 0.19378294166666665 0.6312402453125 0.19038636458333333 0.6301944265625 0.18747141041666668 0.6301629015625 0.18987952291666668 0.6213991265625001 0.19690209375 0.6184274265624999 0.20309592708333335 0.609352875 0.20625711458333335
0 0.560945740625 0.6194518083333332 0.5587595265624999 0.6208462333333333 0.556928221875 0.6227306875 0.5519802031250001 0.6418862895833333 0.5526395875000001 0.646719325 0.5554788796875 0.65063955625 0.5536097453125 0.6554137437499999 0.553433203125 0.6688991666666666 0.5566400171875 0.6723461833333333 0.56240056875 0.67392555625 0.57275605625 0.683320175 0.5823134484375 0.6984774437500001 0.59161050625 0.7059203520833334 0.6006472281249999 0.7056488979166667 0.6032135750000001 0.7028180125 0.6068446546875 0.7014572124999999 0.61529765625 0.6905732583333334 0.6244352578125001 0.6825958520833333 0.625943175 0.67781325625 0.625073896875 0.6614128791666667 0.61263938125 0.6452251104166666 0.6074165890625001 0.6301687208333333 0.5837086953124999 0.6194998104166667 0.5800713078124999 0.6213422312500001 0.560945740625 0.6194518083333332
0 0.46432050937499997 0.38258153125 0.46143708125 0.38203265625 0.4607083421875 0.38249746458333334 0.46432050937499997 0.38258153125
0 0.46765342499999996 0.37639610208333335 0.46653824843749997 0.37877899583333335 0.46942798281250003 0.37884625 0.46909198593749996 0.3769113520833333 0.46765342499999996 0.37639610208333335
0 0.5085229874999999 0.20776461041666666 0.49945474218749997 0.21044417291666667 0.4892334890625 0.2183963625 0.4834351078125 0.21970672291666665 0.4783339390625 0.22296038333333332 0.4782645828125 0.22825822708333332 0.479659009375 0.23214483333333333 0.4791086421875 0.24658509166666667 0.47667652812499994 0.26676278124999997 0.47362286249999996 0.27921770625 0.474529971875 0.29272834999999997 0.47197623593750004 0.29459598958333333 0.46551216562500003 0.29155493541666666 0.4568492703125 0.2908715520833333 0.4528569734375 0.29222394375 0.4499168 0.29600966875 0.44921510937500003 0.3220088604166667 0.447131603125 0.3431582020833333 0.447765765625 0.34991772708333335 0.45206884062499997 0.35242671875000003 0.46795606718749994 0.3532782395833333 0.47252578281249996 0.3630199708333333 0.47308245624999995 0.34809808750000004 0.4822452796875 0.3381941916666667 0.49384834843750003 0.33509185 0.50260581875 0.3285509020833333 0.5101913671875 0.32872744375 0.5130495749999999 0.33120281041666666 0.5220421609375 0.3343027104166667 0.5260785953125 0.3295789625 0.5300582828125 0.32918981458333335 0.531977859375 0.32056265 0.5360332062500001 0.3143940333333333 0.537387975 0.2937095 0.5426404640625 0.27889690625 0.5427602609375 0.26974608333333333 0.5417018296875 0.26779437708333337 0.5400912046874999 0.25282205208333336 0.5408577734375 0.24946751041666668 0.5456040296875 0.24572382083333333 0.5478217703125 0.24192128333333332 0.5480172265625 0.22699099583333335 0.5434475125 0.21724926458333332 0.5354881359375 0.21802756041666665 0.52764855625 0.20965503541666666 0.5149933625 0.21032404375 0.5085229874999999 0.20776461041666666
0 0.8821247234375 0.3465372145833333 0.878980959375 0.33827397708333334 0.876116446875 0.3362802354166667 0.8737266421875001 0.3256256979166666 0.8593473312500001 0.31999158541666667 0.8514699203125 0.3145087916666667 0.852965228125 0.31068943958333334 0.857698875 0.30790899583333337 0.8639278296875 0.3013092 0.8640224046875 0.2940848666666667 0.8541037953125 0.27891918958333334 0.8476082015624999 0.27828624583333333 0.8414990437500001 0.27573521875 0.829522146875 0.2797923958333334 0.8272602718750001 0.2869662895833333 0.8269387140625 0.3115290229166667 0.8159571984375 0.32235413125 0.8118324937500001 0.3338205895833333 0.81064165625 0.34198294583333333 0.8033227484375001 0.34903914375 0.7973919609375 0.36046356875 0.790409046875 0.3694546625 0.7902766406249999 0.3795687291666667 0.7962092578125 0.395605175 0.800100675 0.40195873958333334 0.8040362265625 0.40494094583333334 0.818465978125 0.4067220833333333 0.823846396875 0.40973791875000004 0.829144853125 0.41901483958333335 0.834836046875 0.42589206041666666 0.846300403125 0.43338540833333333 0.8479362515625001 0.44643124166666664 0.852993284375 0.4465489354166667 0.8559208484375 0.44372645625 0.860990490625 0.44288090625 0.8653692265625 0.43961043125 0.8727133546875001 0.4306277458333333 0.8843668640625 0.42367242916666664 0.8873070375 0.41988670624999996 0.8914191328125 0.4093834895833333 0.8987191265625001 0.4037721583333333 0.902444784375 0.39518702708333336 0.902741121875 0.37255078333333336 0.8981650999999999 0.363290675 0.8949393718750001 0.36128852291666663 0.8858900406249999 0.36252322291666667 0.88411548125 0.36007307708333336 0.8821247234375 0.3465372145833333
0 1 0.5024219020833333 0.994789325 0.48983583750000004 0.9864687328124999 0.490605725 0.9842762125 0.492481775 0.977755396875 0.49377532083333336 0.9716966796875001 0.48737131666666667 0.968458340625 0.4863324104166667 0.9642057062499999 0.47997044166666664 0.9628301953125 0.47463897083333334 0.9552887812499999 0.4710910729166667 0.94878688125 0.47093975208333333 0.9396744984375 0.4769906729166667 0.9312593296875 0.4849848958333334 0.9207777421875001 0.48522272083333334 0.920265203125 0.4967732458333333 0.9180285484375 0.50202065 0.8857983 0.5075335375 0.8796197859375001 0.5102803583333333 0.874867225 0.5145056687499999 0.8729602609375 0.5221695895833334 0.87112895625 0.5240540458333334 0.8696147359375 0.5293182645833333 0.8659521281250001 0.533087175 0.8618463375 0.5431087666666666 0.86451539375 0.5600327958333333 0.8642442765625 0.5807425520833333 0.8652522656249999 0.5865472374999999 0.8669826875 0.5923687395833334 0.8712353234375 0.5987307083333333 0.8829852359375 0.6120119312500001 0.8908689515624999 0.6170131020833334 0.895444971875 0.6262732104166666 0.8993742203125 0.6297370395833333 0.9061995046875 0.6327865 0.9172459 0.6446060416666667 0.9258898796875 0.64673429375 0.9334060750000001 0.6522086791666666 0.9481970421874999 0.6539982229166666 0.96398969375 0.6620740749999999 0.967988296875 0.6602400625 0.9720310359375001 0.6550346916666666 0.974748703125 0.6406448729166667 0.9741775921875 0.6290691249999999 0.9753053765624999 0.6257229916666667 0.977124071875 0.6248017791666667 0.9775231171875 0.6219204541666666 0.9772501734375 0.6151693374999999 0.9705446828125 0.6029690520833333 0.9700744515625 0.5836873520833333 0.9722669703125 0.5818113020833333 0.9776789171875 0.582419025 0.980232653125 0.5805513854166667 0.985650903125 0.5806774854166666 0.988464975 0.5865242062499999 0.99700176875 0.5968400333333334 0.9987894624999999 0.5982867979166666 1 0.5058179020833333 1 0.5024219020833333
0 0.1264332578125 0.22055167708333334 0.1158003484375 0.23234843749999998 0.1139312140625 0.237122625 0.10955878593749999 0.23991147708333335 0.1077148703125 0.24275917708333333 0.10658078124999999 0.24658693333333334 0.10760768437499998 0.2509467541666667 0.1068411171875 0.25430129583333333 0.1057385515625 0.25572094375 0.10139764531249999 0.25610168541666667 0.0977413453125 0.2593889729166667 0.0972981625 0.2656416541666667 0.10041670625000002 0.27583138125 0.1010193421875 0.28499901666666666 0.0959181734375 0.28825267708333335 0.0969892140625 0.28924114166666665 0.0988205171875 0.2873566875 0.09879529687500001 0.28928317499999995 0.1031172875 0.2903473020833333 0.10736992031249999 0.2967092708333333 0.1130926421875 0.3011783791666666 0.1221293640625 0.300906925 0.1271548703125 0.30343273125 0.1372689375 0.30366812083333333 0.14300426875 0.30717398333333334 0.149518778125 0.30636206041666664 0.15175543281249998 0.30111465625 0.151931975 0.2876292354166667 0.153933515625 0.2727409791666667 0.153177728125 0.24767140416666666 0.1493745828125 0.23457513125 0.1426501765625 0.22381971458333333 0.13405663750000002 0.21783848541666667 0.13007695 0.21822763333333334 0.1264332578125 0.22055167708333334
0 0.0231165296875 0.4672216895833333 0.0202457109375 0.4657095666666667 0.012622331249999999 0.46842275833333336 0.0071158109375 0.47503936875 0.005975415625 0.47934874791666665 0.0037828953125000004 0.48122479791666667 0.0018570156250000002 0.4903335833333333 0.0015606765625 0.5129698291666667 0.0053007734375 0.530882325 0.0081211515625 0.5362474208333333 0.0091102265625 0.5434969770833333 0.0189594796875 0.5639604979166666 0.0265828578125 0.56124730625 0.031721859375 0.5551039125 0.033952209375 0.55033813125 0.035161959375 0.54073090625 0.0443563078125 0.5284188979166667 0.0462254421875 0.5236447083333333 0.0474288875 0.51451910625 0.051097800000000006 0.5102685770833334 0.05984896562499999 0.5042092479166667 0.065647346875 0.5028988916666667 0.0696018140625 0.50443623125 0.074348071875 0.5006925395833333 0.0755515171875 0.49156693958333336 0.0766540828125 0.49014729166666665 0.076748659375 0.48292296041666666 0.074675934375 0.4756481875 0.0707529921875 0.4717027354166667 0.066798525 0.47016539375 0.05230572343749999 0.4732004791666667 0.0440544859375 0.46867252291666667 0.0231165296875 0.4672216895833333
0 0.3223739671875 0.26798932291666666 0.309762909375 0.2652869770833333 0.307734321875 0.2546408479166667 0.29883000625 0.24479823541666665 0.29784093125 0.23754868124999998 0.2950331640625 0.23122033958333335 0.2874980546875 0.22719082083333333 0.2763003390625 0.2269302125 0.270109215625 0.23064027499999998 0.2689057703125 0.239765875 0.26237865 0.24154104375 0.254463409375 0.23894798333333334 0.2461365109375 0.24019949583333336 0.2202064 0.2612756145833333 0.21393961562500002 0.2707651458333334 0.20982752031250002 0.28126835833333336 0.21084812031250003 0.28610980208333336 0.2129838953125 0.28856835208333337 0.22692632812500002 0.299973525 0.2326679640625 0.30299776666666667 0.2354568171875 0.31077097499999995 0.23538746093750001 0.3160688208333333 0.23391737343750002 0.31796168125 0.224107778125 0.3220693 0.2204514765625 0.3253565875 0.2111751625 0.3439296854166667 0.2128866703125 0.35119605416666666 0.21264077343749999 0.36997931874999995 0.211462546875 0.37717843125 0.2142577046875 0.38447001875000003 0.2133082890625 0.40179160416666665 0.2210154640625 0.4202781958333333 0.2256797546875 0.42279559583333337 0.23364543593749998 0.4215356770833333 0.248993078125 0.40840333958333336 0.250164996875 0.4016858479166666 0.2531240859375 0.3964552583333333 0.2539284859375 0.39021098125000003 0.25946653125 0.3811862625 0.261564475 0.38653454583333335 0.2599808984375 0.3970966083333333 0.260774515625 0.41927644999999997 0.2635570625 0.42753128125 0.2663900515625 0.4319331354166666 0.2790200234375 0.43319061458333336 0.285465178125 0.4376765354166666 0.2926769 0.4388079166666667 0.2995021859375 0.44185737708333334 0.309261340625 0.4416027375 0.3121825984375 0.43926188125 0.3177143390625 0.43071878125 0.3253188046875 0.42945045833333334 0.3333853671875 0.4204845833333334 0.33377810937499997 0.4180848791666667 0.337447021875 0.4138343479166667 0.3387387375 0.39796603541666664 0.34356065625 0.38844287708333336 0.3436363171875 0.3826634125 0.338109053125 0.36326401458333335 0.3352697609375 0.35934378333333333 0.3342491609375 0.35450234166666666 0.329610090625 0.35005845416666664 0.3340960109375 0.3386004020833333 0.33908999375 0.34353431874999996 0.34523698125 0.34319561041666663 0.34779702343749996 0.3408463479166667 0.3535891 0.34001761041666667 0.360521571875 0.3348794958333333 0.3598748 0.32908321458333334 0.33894132187500003 0.2996898854166667 0.3351129546875 0.2885201 0.3312089265625 0.28312978125000005 0.325847421875 0.27866907916666667 0.3223739671875 0.26798932291666666
0 0.3627557671875 0.5782248104166666 0.360315521875 0.57142325 0.3604353171875 0.5622724291666666 0.35761493906249997 0.55690733125 0.3536793859375 0.5539251229166666 0.3331467828125 0.5491113395833334 0.3270502359375 0.54559706875 0.3169613890625 0.5434351895833333 0.3082732734375 0.5446782958333334 0.301086771875 0.5416204270833334 0.29314000625 0.5414354791666667 0.2858589265625 0.54560194375 0.28255123125 0.5498608833333333 0.27708254062500004 0.5535877583333334 0.2593261796875 0.5575104270833333 0.25491591874999997 0.5631890145833334 0.25266665312500003 0.5693996625000001 0.2553483203125 0.5853604499999999 0.2526432625 0.5987870229166667 0.2533486078125 0.6277095770833333 0.25473042343749996 0.6325594270833333 0.2597685421875 0.6341219854166666 0.2767520296875 0.6340354812500001 0.28481411562500003 0.6530121020833334 0.2876723234375 0.65548746875 0.29671535000000004 0.6547343916666667 0.30531519375 0.6602339979166667 0.3123819 0.6724426875 0.31990440000000003 0.6774354520833333 0.3230859921875 0.6828089562499999 0.3270404609375 0.6843462958333333 0.33283884218750004 0.6830359395833334 0.334073815625 0.6715022270833334 0.3399415515625 0.6648940229166667 0.3540479171875 0.6637770187500001 0.3555116984375 0.6623657791666666 0.35736191562499997 0.6590364583333332 0.35860319375 0.6470211229166666 0.361619028125 0.6374559333333334 0.3685578046875 0.63183619375 0.3727077296875 0.6184432479166666 0.3840693765625 0.6061816791666667 0.38484855625000003 0.6018638916666668 0.383086609375 0.5984505041666667 0.37915736093749997 0.5949866729166666 0.3777566296875 0.5915816916666666 0.370626871875 0.5841892229166666 0.36815510156250003 0.5797957770833333 0.3627557671875 0.5782248104166666
0 0.7772559421875 0.6013611770833334 0.772858290625 0.6060765166666666 0.7703171640625001 0.6069809125 0.7691074140625 0.6165881375000001 0.770146928125 0.6199847145833334 0.768968703125 0.6271838270833333 0.76601591875 0.6319327958333333 0.7659087328124999 0.6401203729166667 0.7711000015625 0.6575848729166667 0.7753904640625 0.6610571083333333 0.78044119375 0.661656425 0.783603871875 0.6684747958333334 0.7908471203125 0.6671980666666666 0.8121462921875 0.66865730625 0.8154539875 0.6643983708333334 0.8155548687499999 0.6566924145833333 0.814490134375 0.6552223270833333 0.8155593453125001 0.62874991875 0.8048993875000001 0.6150122958333333 0.802034875 0.6130185520833333 0.7953483015625 0.5993734041666666 0.7863241890625 0.5986816125 0.7772559421875 0.6013611770833334
0 0.9738448765625 0.2956772729166667 0.9727738374999999 0.29468880833333333 0.972698178125 0.300468275 0.9738448765625 0.2956772729166667
0 1 0.012627664583333333 0.9953911890624999 0.011453283333333333 0.90973468125 0.0094597625 0.908553565625 0.011359349999999999 0.9092003390625001 0.01715563125 0.9063061296875 0.045030870833333334 0.91084431875 0.0571807125 0.910883978125 0.08175185208333334 0.9163671062500001 0.10452260416666667 0.9162094796875 0.11656316041666666 0.9189289765625 0.12963421249999998 0.9188344 0.13685854583333334 0.9237779421875001 0.14564543958333334 0.9277450203125 0.1462195375 0.944810475 0.13987194374999998 0.9605382484374999 0.12530314583333332 0.9678130203125 0.12161830208333332 0.9725971078125 0.11498487916666668 0.980207878125 0.11323493125 0.9960635796874999 0.11649456041666667 1 0.11494512708333333 1 0.012627664583333333
0 0.41299357031249995 0.4391992520833333 0.40895713593750005 0.4439229979166667 0.402969603125 0.459682025 0.3975072171875 0.46292727916666665 0.39317261875 0.46282639791666663 0.3874309828125 0.45980215625000004 0.3775438984375 0.4422283666666667 0.37325343437499997 0.43875613125 0.3692548296875 0.44059014583333334 0.367030784375 0.44487430625 0.366904684375 0.45450675 0.36856575 0.46562609375 0.3724508625 0.4724612791666667 0.37745745468749997 0.47643195 0.379536484375 0.48322510416666664 0.37431552031250004 0.49562958541666663 0.36806765 0.5036742479166667 0.3693990265625 0.5123770750000001 0.375856790625 0.5158997520833333 0.3772449109375 0.5202679791666667 0.37243560468750003 0.5288278916666667 0.366580478125 0.5344728479166666 0.36286742968749996 0.5420947374999999 0.3605677234375 0.5521583625 0.36138655937499997 0.5724117145833334 0.367128196875 0.57543595625 0.3820597046875 0.5940906833333333 0.38565295625 0.5956196166666667 0.3899245046875 0.6005367208333333 0.39494370624999997 0.6035441479166667 0.40070425781249996 0.6051235229166667 0.4017563828125 0.6075568541666667 0.4078466265625 0.6115527458333333 0.41650952031250005 0.61223613125 0.420140603125 0.61087533125 0.4216422140625 0.6065743583333333 0.4297403015625 0.5952003729166666 0.43088700312499995 0.5904093729166667 0.43382087187499996 0.5871052729166667 0.43800232031249997 0.5713042125 0.44207028125000003 0.5641723541666667 0.4443699859375 0.5541087270833334 0.44843794531250003 0.5469768687500001 0.4481397796875 0.5421522416666666 0.44638413750000006 0.5382572291666666 0.435667434375 0.5288542041666667 0.4335884046875 0.5220610541666667 0.43368297968749997 0.5148367208333333 0.4319588625 0.5085335979166666 0.43212910000000004 0.4955297979166666 0.43404236875 0.4873842541666667 0.436297940625 0.4806919854166667 0.442190896875 0.4721572916666667 0.4437996953125 0.45966874166666666 0.4417017515625 0.45432045833333334 0.4407631171875 0.44321792708333335 0.43792382500000004 0.43929769583333333 0.43288570625 0.43773513333333336 0.41299357031249995 0.4391992520833333
0 0.2227052203125 0.29120344374999996 0.220556834375 0.28970813958333336 0.21873814062500002 0.29062934999999995 0.2227052203125 0.29120344374999996
0 0.4589966484375 0.18204174791666666 0.46228542812500006 0.1792276729166667 0.4648833 0.17398867708333335 0.46649209843749995 0.16150012708333333 0.46049643281249997 0.15027990208333333 0.461294525 0.14451724999999999 0.458860584375 0.13723406875000002 0.4552736390625 0.1352235125 0.451382221875 0.12886995 0.44709175625 0.1253977125 0.43699030156249996 0.12419907916666667 0.43200262343749996 0.11878353958333333 0.4291065859375 0.11919790833333334 0.427991409375 0.12158079791666668 0.42110937968749995 0.12286593750000001 0.4178205984375 0.12568001041666668 0.4129860703125 0.1361664125 0.41254919218749997 0.14193747083333333 0.410680059375 0.14671166041666667 0.401206459375 0.15275417291666665 0.3927219359375 0.1660462375 0.3891097703125 0.1659621708333333 0.38663169218750004 0.16205034791666667 0.38599122656249996 0.15577244375000002 0.398955365625 0.13150395 0.399024721875 0.12620610416666667 0.396254784375 0.11698802708333332 0.3953035421875 0.10684874166666666 0.3907149109375 0.09855187500000001 0.3864118359375 0.09604288541666667 0.3770328125 0.09486106458333333 0.3687941859375 0.08936986666666667 0.3648271078125 0.08879576875 0.3575271140625 0.0944071 0.3538392859375 0.1001025 0.34652037812500003 0.10715869791666667 0.341324634375 0.11763669166666667 0.3423263171875 0.123923 0.34547638593749996 0.13170461666666666 0.35508422031250003 0.14300890833333335 0.3521629625 0.14534976666666666 0.34810130781250004 0.15200000208333334 0.338684453125 0.15370791458333333 0.326776915625 0.15246725 0.32350705 0.15383645416666666 0.3183932703125 0.15805336041666665 0.3150666609375 0.16375716666666668 0.31502883125 0.1666469 0.318533809375 0.17491854583333336 0.3184770640625 0.17925314583333335 0.317678971875 0.18501579791666664 0.3135984015625 0.1931109 0.31244539531250004 0.19838352291666667 0.313440775 0.20515145625 0.314511815625 0.20613991874999998 0.3128651859375 0.22151820208333334 0.31305616718749996 0.23453041041666667 0.3147298421875 0.24468651041666664 0.31348856718749996 0.25670184375 0.314895603125 0.2596252041666667 0.31958511562499997 0.2602161145833333 0.3261185390625 0.257959325 0.33442021718750004 0.25863430416666666 0.340579815625 0.25733235 0.34683399062500003 0.24880606458333335 0.35121903125 0.24505396875000002 0.3518721078125 0.25036862708333335 0.349635453125 0.25561603125 0.348268075 0.27726381041666665 0.354998784375 0.2875376041666666 0.35695801718750003 0.30348157708333334 0.3598099203125 0.3064385645833333 0.35978469999999996 0.3083650541666667 0.367554925 0.32203542291666665 0.367884615625 0.32445194166666663 0.3714400375 0.3288706083333333 0.3825242625 0.3378004166666667 0.39119346250000003 0.3380021791666667 0.4010093640625 0.3334129395833333 0.40607900625 0.3325673895833334 0.42147078125000004 0.3160636958333333 0.42149600156249994 0.31413720833333336 0.42965083593750003 0.29842862291666666 0.4297454125 0.2912042895833334 0.42762224687500006 0.28778249375 0.427691603125 0.28248465 0.42990934375 0.2786821125 0.43677245937500003 0.27884183958333336 0.44284378750000003 0.2842826 0.45183006875 0.28786412499999997 0.466627340625 0.28917204375 0.4702647265625 0.28732962291666664 0.4717411203125 0.28495513958333335 0.4718167796875 0.2791756729166667 0.47485152968750005 0.26816561666666666 0.4762189078125 0.2465178375 0.4773340828125 0.24413494583333334 0.47745387812500006 0.234984125 0.4725355578125 0.22427074166666666 0.472592303125 0.21993614166666667 0.478460040625 0.21332793958333335 0.478523090625 0.20851171666666665 0.4757153234375 0.20218337291666666 0.4757468484375 0.19977526250000002 0.46794509843750004 0.18851300416666666 0.462951115625 0.18357908750000002 0.4589966484375 0.18204174791666666
0 0.1501181328125 0.6469866520833333 0.148280525 0.6493527291666666 0.1457267890625 0.6512203708333334 0.1370575890625 0.6510186104166666 0.13227980781249998 0.6571704104166667 0.129669325 0.6633726520833334 0.1245681546875 0.6666263125 0.11686911562499999 0.6751189708333333 0.11542424843750002 0.6750853437500001 0.104094125 0.6849388020833334 0.098593909375 0.6910737875 0.09268203750000001 0.7010533458333333 0.09370263749999999 0.7058947895833333 0.09974874375000001 0.7132620354166667 0.1113076765625 0.7135310520833333 0.113298434375 0.7270669145833334 0.119325628125 0.7358790291666666 0.1244078796875 0.7340702354166667 0.132354646875 0.7342551833333334 0.1352128546875 0.7367305479166667 0.1431344 0.7388419854166667 0.1561318953125 0.7396262520833333 0.157975809375 0.73677855 0.1599016890625 0.7276697624999999 0.1611429640625 0.7156544270833333 0.165154178125 0.71285716875 0.17022382187500001 0.71201161875 0.1783282140625 0.7001560125 0.1801469078125 0.6992347999999999 0.18057748125 0.6939453645833333 0.1835807046875 0.6853434187499999 0.18375094218750002 0.6723396208333334 0.1809999203125 0.661676675 0.18121429218750001 0.6453015229166666 0.17909743125 0.6413981041666666 0.17299457812500002 0.6383654541666667 0.156429053125 0.6341257666666666 0.15128375 0.6407507854166667 0.1501181328125 0.6469866520833333
0 0.2855776609375 0 0.28894721093750003 0.006092602083333333 0.293643028125 0.006201889583333333 0.295037453125 0.01008849375 0.28842836875 0.018124750000000002 0.28376407656249997 0.015607352083333333 0.27545609375 0.015413997916666667 0.26818132031249997 0.019098839583333336 0.265976190625 0.02193813125 0.2630044921875 0.028131966666666668 0.26183887499999997 0.034367833333333334 0.2555468703125 0.04578385208333333 0.256512553125 0.08242076875 0.2589843234375 0.08681421458333333 0.25928249062500003 0.09163884166666666 0.26139935 0.09554226041666666 0.2711143671875 0.09865897708333334 0.27749016718749997 0.10844274166666666 0.2778072484375 0.11182250416666667 0.2867115640625 0.12166511875 0.2964707171875 0.12141047708333333 0.2975921984375 0.1185459625 0.306299228125 0.11585799166666666 0.3117931390625 0.11020462708333333 0.3185490703125 0.11855193333333333 0.32429070625 0.121576175 0.3282577828125 0.12215027083333332 0.335519946875 0.11942867083333333 0.340652640625 0.11376689999999999 0.3539906078125 0.08854356666666667 0.361708565625 0.07860604166666667 0.36192293750000004 0.062230887500000005 0.359102559375 0.0568657875 0.359153 0.05301281041666666 0.36135182499999996 0.05065514166666667 0.3660602515625 0.04980118333333334 0.3700903796875 0.04555905833333333 0.37027953125 0.031110391666666667 0.367814065625 0.026235322916666668 0.366514215625 0.015124385416666667 0.36110227031250003 0.014516660416666667 0.356799196875 0.012007670833333334 0.3495370328125 0.014729266666666666 0.3495811671875 0.011357912500000001 0.3517673828125 0.009963485416666668 0.3547327765625 0.004251275 0.35478843125 0 0.2855776609375 0
0 0.1903299546875 0.30779364583333335 0.19145773906250002 0.3044475104166667 0.190437140625 0.29960606666666667 0.1821354640625 0.2989310895833333 0.17784499843749998 0.2954588541666666 0.1742391375 0.29489316250000003 0.1705828359375 0.29818045000000004 0.165151975 0.29901759375000003 0.1505835125 0.3078321479166667 0.144449134375 0.30720761041666667 0.1415972328125 0.3042506208333334 0.12895464843749999 0.3039563854166667 0.12456330468750001 0.3081901041666667 0.123416603125 0.31298110625 0.123702159375 0.31876898124999997 0.1261361 0.3260521604166666 0.12572444375 0.32989673333333336 0.12124482656249999 0.3408731625 0.12115655624999999 0.3476158729166666 0.12221498593749999 0.34956758125 0.1219816984375 0.36738760416666666 0.12084130312500001 0.3716969833333333 0.12681175 0.38484369583333333 0.1306275046875 0.396976725 0.1366483921875 0.40627046250000004 0.140609165625 0.40732618125000003 0.1496774125 0.4046466166666667 0.1597221234375 0.41017984999999996 0.1709198390625 0.4104404604166667 0.17701638749999998 0.4139547291666667 0.1882267140625 0.41325209375 0.1940440109375 0.41049686875 0.1980804453125 0.40577312083333333 0.2013944453125 0.40103255833333334 0.20331401875 0.39240539375 0.2051642375 0.38907607083333334 0.2056389453125 0.3804152791666667 0.20823681718749998 0.37517628125 0.2105554375 0.36366778958333335 0.2106815390625 0.35403534583333335 0.208963728125 0.3472506020833333 0.209026778125 0.3424343791666667 0.2079935703125 0.33855618125000003 0.2037472390625 0.3317125895833334 0.188429296875 0.31497594375000004 0.1874150015625 0.3096528791666667 0.1903299546875 0.30779364583333335
0 0.180816696875 0.28926501875 0.180785171875 0.2916731291666667 0.18221742968750002 0.2926700020833334 0.1826290859375 0.28882543125000004 0.180816696875 0.28926501875
0 0.179770878125 0.2863500645833333 0.17869983750000001 0.28536160208333333 0.17688745 0.28580118958333334 0.179770878125 0.2863500645833333
0 0.1700747734375 0.28178848333333334 0.1747390640625 0.28430588125 0.1758416296875 0.2828862354166667 0.1729708125 0.28137411458333333 0.1700747734375 0.28178848333333334
0 0.167939 0.27932993125 0.166886875 0.2768966 0.1621784484375 0.27775055833333334 0.167939 0.27932993125
0 0.34334180625 0.43276052708333335 0.342314903125 0.4284007083333333 0.338391959375 0.42445525624999997 0.332980015625 0.42384753124999996 0.32888053125 0.4333875020833334 0.3198564203125 0.4326957125 0.31102959375 0.4445345041666667 0.3084821625 0.4459205229166667 0.2991346640625 0.44233059375 0.2846859984375 0.4419943229166667 0.2796731 0.43850527291666663 0.27535111093750003 0.4374411479166667 0.24967950781249998 0.4387707583333333 0.247087940625 0.44352813125 0.24343163906249998 0.44681541874999997 0.22921178437499998 0.45660162291666667 0.2185599578125 0.46984325 0.21703943125 0.4755890895833333 0.22589961249999999 0.48880305625 0.226939125 0.49219963125 0.2260464546875 0.50518661875 0.22775796406249998 0.5124529854166666 0.231661990625 0.5178433041666667 0.233468075 0.5178853375 0.236668584375 0.5218139770833333 0.23943852031250001 0.5310320520833334 0.2422778140625 0.5349522833333332 0.244014540625 0.5402921625 0.252551334375 0.5506079895833333 0.2568544078125 0.55311698125 0.2778428046875 0.5507148395833333 0.282215234375 0.5479259875 0.2873479296875 0.5422642166666667 0.2979177875 0.5352836770833334 0.3052366953125 0.5282274791666667 0.3096532625 0.5220672729166667 0.3169595609375 0.51597431875 0.3177135203125 0.5135830208333333 0.3283590390625 0.50082301875 0.33053895 0.4999102125 0.3345942984375 0.4937416 0.344771415625 0.4891607666666667 0.3552656140625 0.48795969375 0.35855439375 0.4851456229166667 0.35966956875 0.48276273125 0.359751534375 0.47650164166666664 0.3577103359375 0.4668187583333333 0.351036371875 0.45221036458333336 0.3500536015625 0.4444791895833333 0.3451037546875 0.43617391666666666 0.345128975 0.4342474270833333 0.34334180625 0.43276052708333335
0 0.8386149828124999 0.5512399354166667 0.8367395421875001 0.55649574375 0.82838111875 0.5601553666666667 0.825852603125 0.5600965187500001 0.8186913203125 0.5551121625000001 0.8139702828125 0.5569293645833333 0.812468671875 0.5612303375 0.812399315625 0.5665281791666666 0.81546741875 0.5805708854166666 0.812224603125 0.607474475 0.80996903125 0.6141667458333333 0.8108698343749999 0.6281590083333334 0.8162124234375 0.6340645770833333 0.8227143234375 0.6342158999999999 0.829533303125 0.6377469833333334 0.8407751546875 0.6346362375 0.8469915 0.6289996833333333 0.8547535921874999 0.6156908041666667 0.8559255125 0.6089733125 0.8629021203124999 0.6004638416666667 0.8640362093749999 0.5966360854166666 0.863122796875 0.5836070645833333 0.8613860687500001 0.5782671875 0.8615247796875 0.5676714979166667 0.8605104859375 0.5623484333333334 0.858387321875 0.5589266375 0.8526961265624999 0.55204941875 0.8487416578125 0.5505120791666667 0.8386149828124999 0.5512399354166667
0 0.7627727281250001 0.2724576833333333 0.760964815625 0.24495477708333332 0.7561032390625 0.22990679375 0.754316071875 0.22841989166666668 0.748897821875 0.22829379166666666 0.743796653125 0.23154745208333333 0.7393863921875 0.23722603750000001 0.7371245171874999 0.24439993124999998 0.7330691671875 0.25056854375 0.726915875 0.251388875 0.720369840625 0.25460890833333333 0.70194961875 0.2816410375 0.7025711718750001 0.28936380625 0.70752101875 0.2976690791666667 0.7085290078125001 0.3034737645833333 0.7106458671875 0.3073771833333333 0.7146066390625 0.30843290208333335 0.7171036296875 0.31089985833333333 0.719188965625 0.31721138958333334 0.7154065625 0.33013112083333335 0.7117962234374999 0.357507925 0.705422253125 0.37518503125 0.705352896875 0.38048287708333334 0.7063924125 0.38387945208333335 0.713509559375 0.3922351645833333 0.7162731906250001 0.4019348625 0.7204943 0.41070494375 0.7320406234375 0.4119372041666667 0.741692590625 0.41987014166666664 0.7467370156250001 0.4209510791666667 0.7500068796875 0.41958187500000005 0.755912446875 0.4100839375 0.7639790109375 0.4011180645833334 0.768065884375 0.3925413395833333 0.7692378046874999 0.3858238479166667 0.7702881015624999 0.36079630625000003 0.7725184515625 0.3560305270833333 0.772949025 0.3507410875 0.7727832640625001 0.33580239375 0.77107175625 0.32853602708333335 0.7711978578124999 0.31890358125 0.7684909703125 0.30486928333333335 0.768243246875 0.2961916770833334 0.7627727281250001 0.2724576833333333
0 0.6669124234375 0.19796134375 0.66687459375 0.20085107708333333 0.671956846875 0.19904228125 0.67091733125 0.19564570625 0.6669124234375 0.19796134375
0 0.8270714953124999 0.68779365625 0.8278695890625001 0.6820310041666667 0.8211199640625001 0.6732020750000001 0.8041806109375 0.6699172270833333 0.7868296015625 0.6704769479166667 0.7825139171875 0.6689311979166667 0.7803087875 0.6717704916666667 0.78014485625 0.68429266875 0.7783324671875 0.6847322583333334 0.774739215625 0.6832033229166666 0.774459965625 0.6769338291666667 0.7723809359375 0.6701406770833334 0.7673112921875 0.6709862270833333 0.7603536015625 0.6780508333333334 0.748187553125 0.696556675 0.7492207625 0.7004348729166666 0.7513565375 0.702893425 0.7585178203125 0.70787778125 0.7588159859375 0.7127024083333333 0.75291041875 0.7222003458333333 0.748741578125 0.7370381604166667 0.7442871828125 0.7460881020833334 0.7405867453125 0.7527467458333333 0.7365566171875 0.7569888708333333 0.7302078671875 0.7727394875000001 0.7250751734375 0.7784012604166667 0.7279144640624999 0.7823214916666666 0.7315203265625 0.78288718125 0.737306096875 0.7825400666666666 0.7413173125 0.7797428083333333 0.7452213390625 0.7851331270833334 0.7527438390625 0.7901258895833333 0.7548480875 0.7949925541666667 0.758764725 0.7994196270833334 0.7763382390625 0.8094640020833332 0.777384059375 0.8123789541666666 0.7802611828125 0.8134094541666667 0.7856100765625 0.8188334 0.793537928125 0.8204632145833333 0.790350028125 0.81557133125 0.7908058203125 0.8083554041666667 0.7952034718750001 0.8036400645833334 0.7984670328125001 0.80275248125 0.8018251671875 0.7946405625 0.807629853125 0.7928485833333333 0.8098412906249999 0.7895276666666666 0.8078253109375 0.7779182958333333 0.8043140265625001 0.7701282729166666 0.8040095546874999 0.7657852666666667 0.8005234890624999 0.7560687520833334 0.8077919578125 0.7528655333333333 0.8151757453125 0.7684539854166667 0.8169755234375 0.7689776416666666 0.8269256593750001 0.7817352083333333 0.8316151703125 0.78232611875 0.8357146546875001 0.7727861479166667 0.8372919265625001 0.7627057083333334 0.83991501875 0.7555402229166667 0.8403897265625 0.7468794291666666 0.8433740359374999 0.73972235 0.842328215625 0.7368073979166667 0.8431263109374999 0.73104474375 0.838531375 0.7232295000000001 0.83981048125 0.7083244333333333 0.8377314531250001 0.70153128125 0.8284722265625 0.6911986416666667 0.8270714953124999 0.68779365625
0 0.08236456875 0.8819583479166667 0.081299834375 0.8804882604166667 0.079474834375 0.88189109375 0.08236456875 0.8819583479166667
0 0.108690890625 0.7202149145833334 0.1047112015625 0.7206040625 0.10248715625 0.7248882229166667 0.09957220312500001 0.7267474583333333 0.094521475 0.7261481416666666 0.0941035125 0.7304743354166666 0.098286790625 0.74213415 0.09961186093749999 0.7513185979166667 0.0988389875 0.7551547604166667 0.09297125 0.7617629645833334 0.09108950625 0.7675003979166667 0.093878359375 0.77527360625 0.093809003125 0.7805714500000001 0.0965978546875 0.7883446583333333 0.0975680125 0.7970390791666666 0.1014342109375 0.80531913125 0.1064849390625 0.8059184479166667 0.114519975 0.7993606875 0.11702327187499999 0.8013460208333334 0.12302524374999999 0.812084625 0.1248187171875 0.8130899020833334 0.13637765156249998 0.81335891875 0.142194946875 0.81060369375 0.149982259375 0.795368325 0.150564153125 0.7785199541666666 0.1474014734375 0.7717015833333334 0.14889047500000002 0.7683638541666666 0.156564296875 0.7617976854166667 0.157704690625 0.75748830625 0.157843403125 0.74689261875 0.1568038890625 0.7434960416666667 0.1510685578125 0.7399901791666667 0.14059957812499999 0.7392647604166667 0.1359352875 0.7367473604166667 0.116834940625 0.7329304479166667 0.108690890625 0.7202149145833334
0 0.75543691875 0.5016089708333333 0.753275925 0.50107690625 0.751786921875 0.5044146354166666 0.748884578125 0.5053106270833333 0.7473829671875001 0.5096115999999999 0.7290321015625 0.5313458833333333 0.7257685406250001 0.5322334666666666 0.7239309328125 0.53459954375 0.715635559375 0.53344294375 0.710192090625 0.53524333125 0.708722003125 0.53713619375 0.7064916515624999 0.541901975 0.7040847609374999 0.5601531770833332 0.7004158484375 0.5644037104166666 0.7003401874999999 0.5701831791666667 0.7010310953125 0.5726081020833333 0.7039019140625 0.5741202229166666 0.7049540390625 0.5765535541666666 0.711443328125 0.5776681208333333 0.717539875 0.5811823895833333 0.7228824640625 0.58708795625 0.7304175734375 0.5911174770833333 0.7404181484375 0.6000220645833333 0.7432511374999999 0.60442391875 0.7473902796874999 0.6194550895833333 0.7516933546875 0.6219640791666666 0.756027953125 0.6220649604166667 0.764006246875 0.6198418 0.7662302921874999 0.6155576395833333 0.7655709078124999 0.6107246041666666 0.76742743125 0.6069136583333333 0.765665484375 0.6035002708333334 0.7654303687499999 0.5938594208333333 0.76769224375 0.5866855291666667 0.7689209109374999 0.5756334375000001 0.7708152640625 0.5689327583333333 0.7767145265625001 0.5599164458333333 0.7740833015625 0.5401026812499999 0.771338584375 0.5289581166666667 0.7664013484375001 0.5196896 0.765424884375 0.5114768041666667 0.7582636015625 0.5064924458333333 0.75543691875 0.5016089708333333
0 0.649743253125 0.07422890833333334 0.6491784468749999 0.06217153958333333 0.6481011015625 0.061664697916666664 0.6469291796875 0.0683821875 0.6468346046875 0.07560652083333334 0.6479056453125 0.07659498541666668 0.649743253125 0.07422890833333334
0 0.665996175 0.047146339583333335 0.665311571875 0.04423979166666667 0.6609706656250001 0.04462053333333334 0.659855490625 0.047003425 0.660907615625 0.04943675625 0.6648873046875 0.04904760833333333 0.665996175 0.047146339583333335
0 0.67265625 0.03958333333333333 0.0015625 0.0020833333333333333
0 0.6393859375 0.03737341875 0.6390058062499999 0.038809879166666665 0.6404380625 0.03980675 0.6408245 0.03788866875 0.6393859375 0.03737341875
0 0.5618567640625 0.025451902083333332 0.5597335984375 0.02203010625 0.5586625609375 0.021041641666666666 0.55791490625 0.022951316666666666 0.5585742890625001 0.027784352083333335 0.56074789375 0.027353170833333332 0.5618567640625 0.025451902083333332
0 0.660353590625 0.008955270833333334 0.6603283703125 0.010881760416666667 0.661399409375 0.011870225000000002 0.6614435453125 0.00849886875 0.660353590625 0.008955270833333334
0 0.56641386875 0.03615687916666666 0.5663445140625 0.04145472083333333 0.5637277265625 0.04813858541666667 0.5632908484375 0.05390964583333333 0.564349278125 0.05586135416666667 0.5642105671875 0.06645704375 0.5666823390625 0.07085049166666665 0.5695405453125 0.07332585416666666 0.5782034406250001 0.07400923958333333 0.5821074687500001 0.07939955833333333 0.5907325328125 0.082972675 0.5924944796875 0.08638606458333334 0.5985595015625 0.09230844375 0.6191299375 0.09423249583333333 0.6284396046875 0.10071216041666667 0.6327805078125001 0.10033141875 0.6347000828125 0.09170425416666667 0.6344019171874999 0.08687962499999999 0.632759765625 0.07431541250000001 0.63067443125 0.06800388541666667 0.630958159375 0.04633088541666666 0.629557428125 0.042925902083333335 0.63033660625 0.038608116666666664 0.6275099234375 0.033724641666666666 0.6259623484375 0.013936095833333334 0.626773053125 0.0072102 0.625720928125 0.004776866666666667 0.6233380359375 0.0027943333333333336 0.580026440625 0.0017863249999999998 0.5740606406250001 0.004056325 0.5717924609375 0.011711839583333333 0.5688396765625 0.016460808333333334 0.569853971875 0.021783872916666665 0.5675984 0.028476143750000002 0.5664958359375001 0.0298957875 0.561812628125 0.028823258333333334 0.5614198874999999 0.031222960416666667 0.561743271875 0.0341211 0.56641386875 0.03615687916666666
0 0.6318111703125 0.008772758333333333 0.6337451828125 0.026643222916666667 0.6361791234374999 0.033926402083333335 0.6384094734375 0.02916062083333333 0.64045515 0.010901010416666666 0.642672890625 0.007098472916666667 0.642704415625 0.004690362500000001 0.6417600859375 0.0032230770833333333 0.6342949421874999 0.0030493395833333333 0.6318111703125 0.008772758333333333
0 0.651162665625 0.003441908333333333 0.6560252953125 0.00837276875 0.6596374625 0.008456835416666668 0.6596815984375 0.00508548125 0.65873726875 0.003618195833333333 0.651162665625 0.003441908333333333