0 0.21966911718749998 0.39950980416666665 0.221813725 0.40400326875000003 0.23069852968750001 0.40931372499999996 0.2493872546875 0.40890522916666666 0.252757353125 0.4076797395833333 0.2545955875 0.40073529375 0.251225490625 0.39338235208333333 0.24601715624999998 0.3860294125 0.24019607812500002 0.37009803958333337 0.24019607812500002 0.36151960833333335 0.241727940625 0.3549836604166667 0.24448529375 0.3488562083333333 0.24479166718749998 0.3439542479166667 0.241727940625 0.3427287583333333 0.23590686249999998 0.3435457520833333 0.22395833281250002 0.35212418333333334 0.22150735312499997 0.3545751625 0.219056371875 0.36764705833333333 0.219056371875 0.3766339875 0.217524509375 0.38316993541666666 0.21966911718749998 0.38684640625 0.21966911718749998 0.39950980416666665
0 0.7729779406249999 0 0.7729779406249999 0.010620914583333333 0.7745098046875001 0.015114379166666667 0.7778799015625 0.03553921666666667 0.778186275 0.04901960833333333 0.7806372546875 0.0547385625 0.782475490625 0.07393790833333333 0.7858455875 0.07924836666666667 0.7950367640625 0.07638888958333333 0.8140318625 0.06658496666666666 0.8204656859374999 0.06576797291666667 0.8262867640625 0.06045751666666667 0.828125 0.05228758125 0.8262867640625 0.03553921666666667 0.8296568625 0.027777777083333333 0.8302696078125 0.020016339583333334 0.8296568625 0.016748366666666667 0.8262867640625 0.01021241875 0.81801470625 0 0.7729779406249999 0
0 0.6155024515624999 0.4056372541666667 0.62898284375 0.40359477083333334 0.640931371875 0.40441176458333333 0.6473651953124999 0.3974673208333333 0.6547181375 0.37867647083333333 0.657475490625 0.37622548958333335 0.656556371875 0.37622548958333335 0.655943628125 0.3733660125 0.657475490625 0.37254901875 0.6544117640625 0.3733660125 0.653186275 0.37091503333333337 0.650428921875 0.37091503333333337 0.6467524515624999 0.37377451041666665 0.64460784375 0.37785947708333334 0.640625 0.3815359479166667 0.6344975484375001 0.384395425 0.623774509375 0.38684640625 0.6234681375 0.39011437916666664 0.6197916671875 0.3925653604166667 0.6161151953124999 0.3925653604166667 0.6142769609375 0.3888888895833333 0.61488970625 0.38357843125 0.61335784375 0.38194444375000003 0.6115196078125 0.38316993541666666 0.6109068625 0.39011437916666664 0.6118259796875 0.39215686250000004 0.6118259796875 0.39787581666666666 0.6155024515624999 0.4056372541666667
0 0.6596200984375 0.4227941166666667 0.66482843125 0.4252450979166667 0.6743259796875 0.4260620916666667 0.6979166671875 0.4252450979166667 0.703125 0.42238562083333336 0.71476715625 0.41094771249999995 0.71476715625 0.40931372499999996 0.7166053921875 0.4076797395833333 0.717524509375 0.39705882291666666 0.71323529375 0.39297385625000003 0.7095588234375 0.3958333333333333 0.706188725 0.3950163395833333 0.701899509375 0.39133986875000004 0.7012867640625 0.39011437916666664 0.7022058828125 0.38684640625 0.6963848046875001 0.38112745000000003 0.6920955875 0.37418300625 0.688725490625 0.37254901875 0.6927083328125 0.359477125 0.6927083328125 0.35661764791666667 0.6951593140625 0.3517156854166667 0.69454656875 0.34926470625 0.6924019609375 0.34558823541666667 0.6884191171875 0.34558823541666667 0.6856617640625 0.34722222291666666 0.68198529375 0.34640522916666666 0.6786151953124999 0.3500817 0.674632353125 0.3582516333333333 0.672181371875 0.36070261458333336 0.6672794125 0.3627450979166667 0.667585784375 0.3696895416666666 0.66482843125 0.37418300625 0.6642156859375 0.37826797291666664 0.6608455875 0.3848039208333333 0.6599264703125 0.3897058833333333 0.6498161765625 0.40931372499999996 0.6488970593750001 0.41789215625 0.6516544125 0.4215686270833333 0.6541053921875 0.42238562083333336 0.6596200984375 0.4227941166666667
0 0.6329656859375 0.3574346395833333 0.639399509375 0.35620915 0.640318628125 0.3549836604166667 0.640318628125 0.35212418333333334 0.6421568625 0.3500817 0.6479779406249999 0.3488562083333333 0.6455269609375 0.34803921666666665 0.6439950984375 0.34558823541666667 0.640318628125 0.34558823541666667 0.6369485296875 0.3435457520833333 0.63357843125 0.3439542479166667 0.6329656859375 0.3451797395833333 0.63204656875 0.3500817 0.6302083328125 0.35212418333333334 0.63051470625 0.3549836604166667 0.6329656859375 0.3574346395833333
0 0.659313725 0.3255718958333333 0.659007353125 0.3316993458333333 0.6611519609375 0.33537581666666666 0.6614583328125 0.32434640625 0.659313725 0.3255718958333333
0 0.5459558828125 0.19607843125000002 0.565257353125 0.21037581666666666 0.5735294125 0.2234477125 0.5762867640625 0.23284313750000002 0.577818628125 0.25081699375 0.5805759796875 0.2651143791666667 0.59926470625 0.28594771249999995 0.6127450984375 0.2908496729166667 0.6161151953124999 0.2900326791666667 0.61948529375 0.28308823541666667 0.62101715625 0.2732843145833333 0.6243872546875 0.26307189583333335 0.6234681375 0.2214052291666667 0.625 0.21691176458333333 0.627757353125 0.21323529375 0.627757353125 0.21160130625 0.6302083328125 0.20996732083333333 0.6302083328125 0.19403594791666665 0.626225490625 0.19117647083333333 0.61948529375 0.19240196041666666 0.6170343140625 0.19444444375 0.6139705875 0.19975490208333332 0.609068628125 0.20220588333333334 0.605085784375 0.18995098125 0.6032475484375001 0.178104575 0.5986519609375 0.16748366041666665 0.5955882359375 0.16421568541666665 0.590992646875 0.16380718958333332 0.58823529375 0.16217320208333333 0.5845588234375 0.16421568541666665 0.5814950984375 0.17075163333333335 0.5744485296875 0.17034313750000002 0.572303921875 0.16952614375000002 0.565257353125 0.15931372500000002 0.5618872546875 0.15686274583333332 0.55698529375 0.15686274583333332 0.5542279406249999 0.1589052291666667 0.5520833328125 0.1589052291666667 0.547181371875 0.15522875833333333 0.542585784375 0.15604575208333332 0.5392156859375 0.1625817 0.53982843125 0.17401960833333333 0.5416666671875 0.17892156874999998 0.5431985296875 0.18872548958333332 0.5459558828125 0.19607843125000002
0 0 0.35661764791666667 0.0049019609375 0.35784313749999996 0.0064338234375 0.35988562083333336 0.015318628125 0.36478758125 0.0220588234375 0.365604575 0.02573529375 0.3684640520833333 0.030637254687499997 0.3619281041666667 0.034313725 0.34722222291666666 0.037377451562500004 0.34191176458333333 0.037377451562500004 0.33374182916666667 0.032475490625 0.32434640625 0.0349264703125 0.32107843125 0.0416666671875 0.31862745000000003 0.0444240203125 0.31617647083333333 0.045649509375 0.31372548958333335 0.045649509375 0.3067810458333333 0.0474877453125 0.30228758125 0.048406862499999995 0.29534313749999996 0.0502450984375 0.29289215625 0.05392156875 0.2924836604166667 0.0591299015625 0.296977125 0.0674019609375 0.29901960833333335 0.0704656859375 0.3026960791666667 0.07291666718749999 0.3002450979166667 0.07291666718749999 0.296977125 0.0713848046875 0.2924836604166667 0.0686274515625 0.2892156854166667 0.06770833281250001 0.28349673124999997 0.061887254687500004 0.27573529375 0.0603553921875 0.2708333333333333 0.0545343140625 0.2651143791666667 0.045649509375 0.259395425 0.0333946078125 0.24591503333333334 0.030637254687499997 0.23856209166666667 0.022977940625000002 0.22671568541666665 0.019914215625000002 0.22385620833333333 0.0171568625 0.20874182916666667 0.0140931375 0.20547385624999998 0.0024509796875 0.19975490208333332 0 0.19975490208333332 0 0.35661764791666667
0 0.5306372546875 0.24632352916666667 0.534007353125 0.2540849666666667 0.53829656875 0.259395425 0.5493259796875 0.2642973854166667 0.5640318625 0.2642973854166667 0.57107843125 0.2610294125 0.5759803921875 0.25694444375 0.5787377453125 0.25122548958333335 0.5772058828125 0.24550653541666667 0.5762867640625 0.234477125 0.5735294125 0.22385620833333333 0.56954656875 0.2160947708333333 0.562806371875 0.20874182916666667 0.5600490203125 0.20751633958333335 0.5551470593750001 0.20261437916666666 0.5484068625 0.19934640625 0.546568628125 0.196895425 0.542585784375 0.1956699354166667 0.53829656875 0.19771241875 0.53676470625 0.19975490208333332 0.5358455875 0.2250817 0.5349264703125 0.22834967291666666 0.5306372546875 0.23406862708333334 0.5306372546875 0.24632352916666667
0 0.0435049015625 0.20506536041666665 0.0450367640625 0.2079248375 0.0459558828125 0.21323529375 0.0490196078125 0.21895424791666668 0.0493259796875 0.22181372500000002 0.053615195312499996 0.22875817083333333 0.059436275000000004 0.22712418333333334 0.0744485296875 0.22589869375 0.0802696078125 0.22303921666666668 0.0848651953125 0.21772875833333333 0.0848651953125 0.20955882291666666 0.0814950984375 0.20588235208333333 0.0790441171875 0.20506536041666665 0.077818628125 0.20098039166666667 0.0845588234375 0.18790849583333333 0.085477940625 0.18259803958333334 0.08823529375 0.17769607916666666 0.08823529375 0.1670751625 0.07107843124999999 0.16584967291666666 0.0661764703125 0.1609477125 0.063725490625 0.1535947708333333 0.059436275000000004 0.15686274583333332 0.055147059374999995 0.16789215625 0.05208333281250001 0.17156862708333334 0.051776960937500005 0.17442810416666665 0.0502450984375 0.17687908541666666 0.045343137500000005 0.17401960833333333 0.042585784375000005 0.17401960833333333 0.040747548437499996 0.17687908541666666 0.0401348046875 0.18341503333333334 0.040747548437499996 0.18831699375 0.0422794125 0.19158496666666666 0.0435049015625 0.20506536041666665
0 0.8802083328125001 0 0.87101715625 0.015114379166666667 0.86948529375 0.031045752083333333 0.8691789218749999 0.05351307291666666 0.86948529375 0.05718954166666667 0.871936275 0.061274510416666664 0.8759191171875 0.06372548958333334 0.8854166671874999 0.06658496666666666 0.8897058828125 0.07557189583333333 0.89460784375 0.08169934583333333 0.8995098046875001 0.08251633958333333 0.9099264703125 0.08823529375 0.921568628125 0.0890522875 0.9325980390625 0.09272875833333334 0.937806371875 0.08782679791666667 0.9393382359375 0.08333333333333333 0.9506740203125 0.06617647083333333 0.9607843140625001 0.055964052083333334 0.967524509375 0.05228758125 0.969056371875 0.04942810416666667 0.9696691171875 0.04452614375 0.969056371875 0.036764706249999994 0.9733455875000001 0.02900326875 0.9681372546875 0.019607843750000003 0.9662990203125 0.013480391666666668 0.965992646875 0.0110294125 0.9681372546875 0.00612745 0.9681372546875 0 0.8802083328125001 0
0 0.5119485296875 0.39133986875000004 0.52726715625 0.39950980416666665 0.5306372546875 0.39950980416666665 0.5364583328125 0.3950163395833333 0.5373774515624999 0.39297385625000003 0.5395220593750001 0.39215686250000004 0.5450367640625 0.38357843125 0.5450367640625 0.37704248333333334 0.542585784375 0.37295751666666666 0.5373774515624999 0.35702614374999997 0.531556371875 0.3488562083333333 0.5260416671875 0.3439542479166667 0.5223651953124999 0.3443627458333333 0.5162377453125 0.34803921666666665 0.5061274515624999 0.35988562083333336 0.501225490625 0.36887254999999997 0.501225490625 0.3766339875 0.5036764703125 0.38357843125 0.5064338234375 0.3848039208333333 0.5119485296875 0.39133986875000004
0 0.85539215625 0.5996732020833334 0.8651960781250001 0.6098856208333333 0.86948529375 0.6119281041666667 0.8728553921875 0.6115196083333333 0.8869485296875 0.6045751625 0.8912377453125 0.5992647062500001 0.894914215625 0.5894607833333333 0.9013480390625 0.5853758166666666 0.9013480390625 0.57883986875 0.8998161765624999 0.5739379083333334 0.8979779406249999 0.56004901875 0.890625 0.55065359375 0.887867646875 0.5400326791666666 0.8820465687500001 0.5363562083333334 0.876225490625 0.5363562083333334 0.8728553921875 0.5400326791666666 0.86948529375 0.5392156854166666 0.8682598046875001 0.52900326875 0.8658088234375001 0.5261437916666667 0.8575367640625 0.5265522875 0.8483455875000001 0.5314542479166666 0.8348651953124999 0.55065359375 0.8305759796875 0.5661764708333333 0.830882353125 0.5849673208333334 0.8339460781250001 0.5878267979166666 0.8443627453125 0.5910947708333333 0.85539215625 0.5996732020833334
0 0.8667279406249999 0.29738562083333336 0.8716299015625 0.3059640520833333 0.8728553921875 0.3108660125 0.8799019609375 0.31372548958333335 0.8844975484375001 0.31699346458333333 0.8854166671874999 0.3190359479166667 0.8964460781250001 0.3263888895833333 0.906556371875 0.33088235208333333 0.9139093140625001 0.33088235208333333 0.9181985296875 0.3292483666666667 0.9283088234375001 0.31740196041666663 0.9393382359375 0.31372548958333335 0.952818628125 0.3002450979166667 0.9537377453125 0.2957516333333333 0.9589460781250001 0.2875817 0.9724264703125 0.27818627500000004 0.9748774515624999 0.27573529375 0.9757965687500001 0.27287581666666666 0.9748774515624999 0.26838235208333333 0.9724264703125 0.26633986875 0.969975490625 0.2589869270833333 0.971507353125 0.25285947708333334 0.9739583328125001 0.2295751625 0.973039215625 0.22753267916666667 0.9696691171875 0.22630718958333332 0.96875 0.2201797395833333 0.9662990203125 0.21650326875 0.965686275 0.21282679791666667 0.9638480390625 0.21078431458333335 0.9598651953124999 0.21078431458333335 0.9546568625 0.21486928125 0.9497549015625 0.2160947708333333 0.941789215625 0.22385620833333333 0.9353553921875 0.22753267916666667 0.9322916671874999 0.22630718958333332 0.9194240203125 0.21486928125 0.9108455875000001 0.20261437916666666 0.9080882359375 0.20179738541666667 0.8943014703125 0.21037581666666666 0.887561275 0.21323529375 0.8700980390625 0.21200980416666668 0.8642769609375 0.21323529375 0.8544730390625 0.2234477125 0.8523284312499999 0.22712418333333334 0.8514093140625001 0.23978758125 0.8498774515624999 0.24468954166666668 0.846813725 0.24918300625 0.8455882359375 0.25612745 0.844975490625 0.27777777708333334 0.84773284375 0.28594771249999995 0.856311275 0.2900326791666667 0.8667279406249999 0.29738562083333336
0 0.3103553921875 0.3897058833333333 0.31617647031249996 0.4011437916666667 0.32444852968750004 0.4113562083333333 0.33517156875 0.4142156854166667 0.3419117640625 0.41176470625 0.3455882359375 0.40890522916666666 0.35232843125 0.40808823541666667 0.3532475484375 0.40441176458333333 0.3517156859375 0.40155228750000005 0.35232843125 0.3966503270833333 0.35569852968750004 0.3954248375 0.359068628125 0.3999183 0.36274509843749997 0.39297385625000003 0.3642769609375 0.3864379083333333 0.3685661765625 0.37949346458333333 0.367647059375 0.37295751666666666 0.36335784375 0.3619281041666667 0.36335784375 0.35988562083333336 0.3584558828125 0.3517156854166667 0.35079656875 0.34640522916666666 0.3489583328125 0.3435457520833333 0.3431372546875 0.34027777708333334 0.34068627500000004 0.34109477083333334 0.3385416671875 0.35049019583333335 0.336397059375 0.3488562083333333 0.3345588234375 0.34150326875000003 0.33149509843749997 0.33619281041666665 0.322303921875 0.33823529375 0.31954656875 0.3435457520833333 0.31954656875 0.34599673124999997 0.31617647031249996 0.3517156854166667 0.312806371875 0.3549836604166667 0.3109681375 0.35988562083333336 0.3103553921875 0.3635620916666667 0.3118872546875 0.37581699375 0.3103553921875 0.3815359479166667 0.3103553921875 0.3897058833333333
0 0.6381740203125 0.2589869270833333 0.6458333328125 0.26184640625 0.6547181375 0.2675653604166667 0.668811275 0.2675653604166667 0.6838235296875 0.2651143791666667 0.6893382359375 0.25857843125 0.6936274515624999 0.24877451041666668 0.693321078125 0.24754901875 0.687193628125 0.24428104583333335 0.683210784375 0.23733660208333335 0.6752450984375 0.23243463958333335 0.671875 0.23161764791666667 0.6672794125 0.2250817 0.6611519609375 0.2234477125 0.659007353125 0.2214052291666667 0.6510416671875 0.21813725416666668 0.6415441171875 0.21854575208333332 0.634803921875 0.2214052291666667 0.6295955875 0.22467320208333333 0.6243872546875 0.23202614375000002 0.623774509375 0.2422385625 0.6243872546875 0.24673202708333333 0.626225490625 0.25 0.6381740203125 0.2589869270833333
0 0.059436275000000004 0.3435457520833333 0.061274509374999994 0.34844771249999995 0.0609681375 0.35294117708333334 0.062806371875 0.36315359375 0.062806371875 0.37050653541666667 0.0643382359375 0.37540849583333336 0.0643382359375 0.384395425 0.0661764703125 0.38684640625 0.06770833281250001 0.39297385625000003 0.06801470625 0.3880718958333333 0.07107843124999999 0.384395425 0.0719975484375 0.37459150416666664 0.0744485296875 0.37091503333333337 0.076899509375 0.3627450979166667 0.07965686250000001 0.3423202604166667 0.0830269609375 0.33455882291666666 0.0830269609375 0.32761437916666664 0.07965686250000001 0.31944444375000003 0.0747549015625 0.31209150416666664 0.065257353125 0.3026960791666667 0.053615195312499996 0.29411764791666667 0.0502450984375 0.29370915 0.0490196078125 0.29616013124999996 0.048406862499999995 0.30065359375 0.0493259796875 0.31004901875 0.0591299015625 0.33619281041666665 0.059436275000000004 0.3435457520833333
0 0.26807597968749997 0.3941993458333333 0.26899509843749997 0.3950163395833333 0.26868872499999996 0.3917483666666667 0.26807597968749997 0.3941993458333333
0 0.2552083328125 0.3292483666666667 0.2561274515625 0.32761437916666664 0.2552083328125 0.32434640625 0.2552083328125 0.3292483666666667
0 0.2637867640625 0.3316993458333333 0.265318628125 0.33782679791666664 0.2671568625 0.35661764791666667 0.2671568625 0.36805555624999997 0.26960784375 0.37295751666666666 0.280024509375 0.384395425 0.2827818625 0.3848039208333333 0.292585784375 0.3917483666666667 0.30392156875 0.3839869270833333 0.305147059375 0.38112745000000003 0.304227940625 0.36805555624999997 0.30085784375 0.35702614374999997 0.2959558828125 0.34558823541666667 0.2922794125 0.33047385625000003 0.28676470625 0.32434640625 0.2830882359375 0.31699346458333333 0.27757352968750004 0.31372548958333335 0.26960784375 0.31372548958333335 0.2677696078125 0.31576797291666664 0.26317402031250003 0.31699346458333333 0.261335784375 0.3202614375 0.261335784375 0.32434640625 0.26256127500000004 0.32434640625 0.2637867640625 0.3263888895833333 0.2637867640625 0.3316993458333333
0 0.20036764687500003 0 0.1979166671875 0.004493464583333333 0.1979166671875 0.014705883333333334 0.2006740203125 0.022058822916666665 0.203125 0.02410130625 0.20465686249999998 0.028186275 0.219975490625 0.04452614375 0.22732843125 0.0547385625 0.237438725 0.06290849583333333 0.24142156875 0.06372548958333334 0.242647059375 0.06535947708333333 0.24662990156250003 0.06617647083333333 0.251225490625 0.06903594791666667 0.258272059375 0.06944444375 0.265625 0.071895425 0.27236519531250003 0.071895425 0.275428921875 0.06985294166666667 0.282475490625 0.06821895416666666 0.28492647031249996 0.05433006458333333 0.2907475484375 0.046568627083333335 0.29319852968750004 0.04084967291666666 0.29442402031250003 0.028594770833333335 0.2974877453125 0.020016339583333334 0.2977941171875 0.006535947916666667 0.296568628125 0 0.20036764687500003 0
0 0.3483455875 0.4599673208333333 0.35079656875 0.46119281041666665 0.3541666671875 0.47222222291666666 0.3532475484375 0.4783496729166667 0.348039215625 0.490604575 0.3532475484375 0.5012254895833334 0.358149509375 0.5073529416666667 0.3584558828125 0.5220588229166666 0.36335784375 0.5245098041666666 0.36611519531250003 0.5228758166666666 0.367647059375 0.51797385625 0.37101715625 0.5138888895833333 0.3743872546875 0.50694444375 0.3768382359375 0.49877451041666665 0.3768382359375 0.490604575 0.375 0.48161764791666667 0.375306371875 0.47099673124999997 0.377757353125 0.4505718958333333 0.3811274515625 0.43872548958333335 0.3795955875 0.4358660125 0.377757353125 0.43545751666666666 0.3685661765625 0.43627451041666665 0.366727940625 0.4317810458333333 0.366727940625 0.4276960791666667 0.36243872499999996 0.4268790854166667 0.3547794125 0.43137254999999997 0.3501838234375 0.43790849583333336 0.348039215625 0.43872548958333335 0.34773284375 0.44076797291666664 0.3416053921875 0.44240196041666663 0.34068627500000004 0.4505718958333333 0.3416053921875 0.45710784375 0.34742647031249996 0.4579248375 0.3483455875 0.4599673208333333
0 0.160539215625 0.38194444375000003 0.1642156859375 0.38929738541666664 0.1657475484375 0.39011437916666664 0.1666666671875 0.39338235208333333 0.1672794125 0.41870915 0.1666666671875 0.4215686270833333 0.1642156859375 0.4244281041666667 0.16482843125 0.4309640520833333 0.17493872500000002 0.43627451041666665 0.177696078125 0.44035947708333334 0.1825980390625 0.44035947708333334 0.18504902031249998 0.43872548958333335 0.187806371875 0.43137254999999997 0.1994485296875 0.4207516333333333 0.202818628125 0.40890522916666666 0.203125 0.39705882291666666 0.20220588281250002 0.39338235208333333 0.1985294125 0.390522875 0.19301470625 0.3897058833333333 0.1920955875 0.38848039166666665 0.1939338234375 0.37785947708333334 0.19607843125 0.3733660125 0.19454656875 0.3651960791666667 0.18841911718749998 0.35702614374999997 0.1783088234375 0.34681372499999996 0.176164215625 0.34640522916666666 0.17432597968750002 0.3443627458333333 0.17003676406249998 0.3435457520833333 0.1681985296875 0.34150326875000003 0.1642156859375 0.3435457520833333 0.1626838234375 0.34926470625 0.1623774515625 0.35661764791666667 0.1608455875 0.35988562083333336 0.157475490625 0.35988562083333336 0.1541053921875 0.3574346395833333 0.1513480390625 0.35702614374999997 0.1482843140625 0.3590686270833333 0.1482843140625 0.365604575 0.1541053921875 0.37173202708333336 0.157475490625 0.37867647083333333 0.160539215625 0.38194444375000003
0 0.8419117640625 0.48488562083333336 0.8483455875000001 0.4901960791666667 0.8572303921875 0.49305555624999997 0.8584558828125 0.4946895416666666 0.8639705875000001 0.49591503333333337 0.8658088234375001 0.49754901875 0.86948529375 0.49754901875 0.8697916671874999 0.49305555624999997 0.856617646875 0.48488562083333336 0.8523284312499999 0.4799836604166667 0.842524509375 0.47467320208333336 0.8373161765624999 0.47099673124999997 0.8363970593750001 0.4689542479166667 0.8330269609375 0.4685457520833333 0.8314950984375 0.46691176458333333 0.8290441171875 0.4693627458333333 0.827818628125 0.47140522916666666 0.827818628125 0.47712418333333334 0.830882353125 0.484477125 0.8419117640625 0.48488562083333336
0 0.823835784375 0.4497549020833333 0.826899509375 0.4542483666666667 0.8305759796875 0.4575163395833333 0.8342524515624999 0.4583333333333333 0.8388480390625 0.46568627500000004 0.846813725 0.47140522916666666 0.8498774515624999 0.47181372499999996 0.855085784375 0.47630718958333335 0.859068628125 0.47712418333333334 0.871936275 0.4877450979166667 0.876225490625 0.4893790854166667 0.88051470625 0.4889705875 0.8854166671874999 0.47222222291666666 0.8921568625 0.46323529375 0.8921568625 0.45588235208333333 0.8939950984375 0.44607843125 0.8912377453125 0.44035947708333334 0.8915441171875 0.428104575 0.8897058828125 0.4142156854166667 0.8820465687500001 0.4072712416666667 0.8802083328125001 0.40400326875000003 0.8795955875000001 0.39950980416666665 0.876225490625 0.40318627500000004 0.86948529375 0.4064542479166667 0.8685661765624999 0.40849673124999997 0.86488970625 0.4113562083333333 0.86488970625 0.4215686270833333 0.862132353125 0.4268790854166667 0.859375 0.42892156875 0.855085784375 0.4264705875 0.8501838234375001 0.41789215625 0.8498774515624999 0.4142156854166667 0.8412990203125 0.4142156854166667 0.8354779406249999 0.41952614374999997 0.8287377453125 0.4207516333333333 0.823835784375 0.42565359375 0.8229166671874999 0.43055555624999997 0.8229166671874999 0.43627451041666665 0.8244485296875 0.44199346458333333 0.823835784375 0.4497549020833333
0 0.416053921875 0.08741829999999999 0.42555147031249996 0.096813725 0.4286151953125 0.10498366041666667 0.4356617640625 0.1045751625 0.44454656875 0.10825163333333333 0.4479166671875 0.11274509791666666 0.44699754843750006 0.12009803958333333 0.4479166671875 0.125 0.452818628125 0.12540849583333333 0.45863970624999995 0.1233660125 0.4598651953125 0.12091503333333334 0.46047794062499997 0.11274509791666666 0.4546568625 0.09558823541666667 0.44699754843750006 0.08333333333333333 0.44454656875 0.08251633958333333 0.4420955875 0.07965686250000001 0.4368872546875 0.06903594791666667 0.4310661765625 0.06168300625 0.43014705937500003 0.05841503333333333 0.4286151953125 0.05759803958333333 0.42677696093749995 0.053921568749999996 0.421875 0.05106209166666666 0.41819852968750004 0.0453431375 0.4126838234375 0.04820261458333333 0.40992647031249996 0.052696079166666666 0.40931372499999996 0.06372548958333334 0.41053921562499995 0.06699346458333334 0.4108455875 0.07271241875 0.416053921875 0.08741829999999999
0 0.5162377453125 0.2994281041666667 0.5171568625 0.3125 0.51960784375 0.31699346458333333 0.5205269609375 0.32516339791666665 0.52726715625 0.3427287583333333 0.532475490625 0.3488562083333333 0.5337009796875 0.3488562083333333 0.5373774515624999 0.3545751625 0.5450367640625 0.3545751625 0.549938725 0.35130718958333335 0.5533088234375 0.34640522916666666 0.556678921875 0.3443627458333333 0.5640318625 0.3439542479166667 0.5704656859375 0.34681372499999996 0.578125 0.35661764791666667 0.581188725 0.35702614374999997 0.5922181375 0.36805555624999997 0.5989583328125 0.3696895416666666 0.6026348046875001 0.36764705833333333 0.606617646875 0.35988562083333336 0.6075367640625 0.35049019583333335 0.612438725 0.33455882291666666 0.6127450984375 0.30882352916666667 0.609375 0.303104575 0.6056985296875 0.3026960791666667 0.60232843125 0.29983660208333335 0.599571078125 0.28799019583333335 0.5916053921875 0.27818627500000004 0.582414215625 0.2700163395833333 0.5814950984375 0.2675653604166667 0.5735294125 0.26633986875 0.57107843125 0.26470588333333334 0.5640318625 0.26715686250000004 0.5450367640625 0.26470588333333334 0.5389093140625 0.2610294125 0.532475490625 0.25367647083333333 0.5263480390625 0.25367647083333333 0.5205269609375 0.2565359479166667 0.509803921875 0.2700163395833333 0.50857843125 0.2732843145833333 0.5079656859375 0.28390522916666666 0.5104166671875 0.2892156854166667 0.5137867640625 0.29289215625 0.5162377453125 0.2994281041666667
0 0.05729166718749999 0.08169934583333333 0.0600490203125 0.08374182916666667 0.05851715625 0.09109477083333334 0.055147059374999995 0.10008170000000001 0.055147059374999995 0.10539215625 0.059436275000000004 0.11233660208333333 0.0603553921875 0.12908496666666666 0.062806371875 0.13643790833333333 0.0661764703125 0.15849673125 0.06770833281250001 0.16135620833333333 0.0713848046875 0.16421568541666665 0.078431371875 0.16503267916666667 0.0919117640625 0.16380718958333332 0.0974264703125 0.1589052291666667 0.0998774515625 0.15522875833333333 0.1017156859375 0.14624182916666667 0.1041666671875 0.14256536041666665 0.11060049062499999 0.13684640625 0.1127450984375 0.13316993541666666 0.11488970624999999 0.1233660125 0.11519607812499999 0.11315359374999999 0.116727940625 0.10866013125 0.127757353125 0.09272875833333334 0.127757353125 0.08823529375 0.121936275 0.07271241875 0.12009803906250001 0.060866012500000004 0.117647059375 0.053104575 0.1161151953125 0.051879085416666665 0.1127450984375 0.05228758125 0.109375 0.05718954166666667 0.10814950937500001 0.053104575 0.10753676406249998 0.039624183333333333 0.101102940625 0.027777777083333333 0.0955882359375 0.024509804166666666 0.083946078125 0.024509804166666666 0.0787377453125 0.02614379166666667 0.0661764703125 0.04003267916666667 0.065257353125 0.046568627083333335 0.0609681375 0.06004901875 0.05851715625 0.061274510416666664 0.05238970625 0.06903594791666667 0.0431985296875 0.07516339791666667 0.0416666671875 0.07761437916666666 0.044117646875 0.08088235208333333 0.049938725 0.08210784375 0.05729166718749999 0.08169934583333333
0 0.7689950984375 0.3897058833333333 0.7705269609375 0.39705882291666666 0.7689950984375 0.4252450979166667 0.7723651953124999 0.4297385625 0.7821691171875 0.43341503333333337 0.7931985296875 0.43300653541666667 0.8118872546875 0.4113562083333333 0.815257353125 0.39624182916666667 0.812806371875 0.3925653604166667 0.80698529375 0.3925653604166667 0.8042279406249999 0.39011437916666664 0.8042279406249999 0.3864379083333333 0.8075980390625 0.37949346458333333 0.8075980390625 0.36887254999999997 0.8057598046875001 0.3651960791666667 0.796568628125 0.35988562083333336 0.78982843125 0.3590686270833333 0.785539215625 0.36070261458333336 0.782475490625 0.36478758125 0.775428921875 0.36805555624999997 0.7705269609375 0.37622548958333335 0.76960784375 0.3807189541666667 0.7671568625 0.38357843125 0.7671568625 0.38684640625 0.7689950984375 0.3897058833333333
0 0.0814950984375 0.7283496729166666 0.0842524515625 0.7340686270833333 0.094975490625 0.7426470583333333 0.10232843124999999 0.7422385625000001 0.109068628125 0.7377450979166666 0.1127450984375 0.73202614375 0.1197916671875 0.73202614375 0.12254902031249999 0.7299836604166666 0.12377450937500001 0.7271241833333334 0.1234681375 0.7234477125000001 0.116727940625 0.7075163395833334 0.1102941171875 0.70383986875 0.105085784375 0.6977124187499999 0.0958946078125 0.6936274499999999 0.094056371875 0.6911764708333333 0.08363970625 0.6907679729166667 0.0790441171875 0.6919934645833333 0.0756740203125 0.6968954249999999 0.0713848046875 0.7136437916666666 0.0704656859375 0.7238562083333334 0.0744485296875 0.7250817 0.0814950984375 0.7230392166666667 0.0814950984375 0.7283496729166666
0 0.2791053921875 0.27287581666666666 0.2803308828125 0.27287581666666666 0.2818627453125 0.2761437916666667 0.2858455875 0.27900326875000003 0.28982843125 0.27777777708333334 0.28982843125 0.28308823541666667 0.29319852968750004 0.28513071874999996 0.2950367640625 0.2916666666666667 0.2974877453125 0.29452614374999997 0.29932597968749997 0.3002450979166667 0.3060661765625 0.30759803958333337 0.30698529375 0.3108660125 0.3103553921875 0.31454248333333334 0.3103553921875 0.31699346458333333 0.3177083328125 0.31699346458333333 0.3186274515625 0.31372548958333335 0.323835784375 0.3125 0.32567402031250003 0.3108660125 0.326899509375 0.3035130729166667 0.3262867640625 0.2994281041666667 0.328125 0.2957516333333333 0.327818628125 0.29452614374999997 0.32261029375 0.29452614374999997 0.3219975484375 0.29289215625 0.32444852968750004 0.2875817 0.327818628125 0.2863562083333333 0.327818628125 0.27696078333333335 0.3296568625 0.2708333333333333 0.3333333328125 0.26633986875 0.33700980468749997 0.25612745 0.33700980468749997 0.24877451041666668 0.33486519531250003 0.24387255 0.33210784375 0.24264705833333336 0.33149509843749997 0.24101307291666665 0.3272058828125 0.24101307291666665 0.3201593140625 0.24673202708333333 0.3174019609375 0.24673202708333333 0.3115808828125 0.24346405208333335 0.30361519531250003 0.24387255 0.296875 0.25122548958333335 0.292585784375 0.2540849666666667 0.2889093140625 0.2589869270833333 0.284007353125 0.26184640625 0.284007353125 0.265522875 0.282475490625 0.2691993458333333 0.2791053921875 0.26797385625000003 0.2791053921875 0.27287581666666666
0 0.41452205937500003 0.39215686250000004 0.421568628125 0.3958333333333333 0.42585784374999996 0.40318627500000004 0.43259803906250005 0.4064542479166667 0.437806371875 0.41094771249999995 0.4420955875 0.4309640520833333 0.44362745156249994 0.43300653541666667 0.4598651953125 0.43954248333333334 0.46537990156250003 0.4391339875 0.4666053921875 0.44035947708333334 0.4705882359375 0.44035947708333334 0.4733455875 0.43872548958333335 0.4767156859375 0.4321895416666666 0.4767156859375 0.42933006458333334 0.47824754843750006 0.4260620916666667 0.478553921875 0.41870915 0.484068628125 0.41094771249999995 0.484375 0.40890522916666666 0.4825367640625 0.38684640625 0.47702205937500003 0.37990196041666663 0.47610294062499997 0.37704248333333334 0.47303921562499995 0.37418300625 0.465992646875 0.37132352916666667 0.4540441171875 0.37009803958333337 0.4522058828125 0.3672385625 0.451899509375 0.3635620916666667 0.44883578437500005 0.3590686270833333 0.4479166671875 0.3549836604166667 0.4466911765625 0.3541666666666667 0.44362745156249994 0.3545751625 0.4381127453125 0.3627450979166667 0.4329044125 0.365604575 0.43198529375000005 0.3672385625 0.43014705937500003 0.3651960791666667 0.427696078125 0.3651960791666667 0.42432597968749997 0.36887254999999997 0.41850490156250003 0.38357843125 0.41329656875 0.38684640625 0.41329656875 0.3897058833333333 0.41452205937500003 0.39215686250000004
0 0.45618872499999996 0.3435457520833333 0.46047794062499997 0.3431372541666667 0.4635416671875 0.34109477083333334 0.4640899125 0.33853629166666666 0.46047794062499997 0.33823529375 0.4577205875 0.34068627500000004 0.452818628125 0.34109477083333334 0.452818628125 0.3427287583333333 0.4537377453125 0.3431372541666667 0.4549632359375 0.34109477083333334 0.45618872499999996 0.3435457520833333
0 0.0533088234375 0.22385620833333333 0.053615195312499996 0.22467320208333333 0.0548406859375 0.2234477125 0.0533088234375 0.22385620833333333
0 0.046568628125 0.20424836666666665 0.0459558828125 0.20588235208333333 0.046875 0.2079248375 0.0474877453125 0.20588235208333333 0.046568628125 0.20424836666666665
0 0 0.19199346458333333 0.001225490625 0.19199346458333333 0.0045955875 0.196895425 0.0091911765625 0.196895425 0.011948529687499999 0.19607843125000002 0.0189950984375 0.19035947708333334 0.0245098046875 0.18872548958333332 0.032781862499999995 0.18872548958333332 0.039828431250000004 0.18218954166666668 0.0431985296875 0.18341503333333334 0.0444240203125 0.18218954166666668 0.046875 0.178104575 0.045649509375 0.17156862708333334 0.0487132359375 0.16748366041666665 0.05085784375 0.16666666666666666 0.0591299015625 0.15808823541666667 0.059436275000000004 0.15400326875 0.061887254687500004 0.14787581666666666 0.061887254687500004 0.13929738541666667 0.0591299015625 0.13153594791666667 0.059436275000000004 0.11846405208333333 0.05851715625 0.11601307291666667 0.05238970625 0.10906862708333334 0.0493259796875 0.10294117708333334 0.0450367640625 0.0984477125 0.044117646875 0.09436274583333333 0.0392156859375 0.08537581666666667 0.0392156859375 0.08374182916666667 0.0416666671875 0.08088235208333333 0.042585784375000005 0.07761437916666666 0.038296568749999996 0.07393790833333333 0.035539215624999995 0.06658496666666666 0.0248161765625 0.06658496666666666 0.0180759796875 0.06944444375 0.015318628125 0.07230392083333334 0.0079656859375 0.06699346458333334 0.0036764703125 0.06658496666666666 0 0.06740196041666667 0 0.19199346458333333
0 0.890625 0.43790849583333336 0.893688725 0.44566993541666666 0.8921568625 0.45465686250000004 0.8921568625 0.46323529375 0.894914215625 0.47140522916666666 0.9037990203125 0.47875817083333333 0.909313725 0.4795751625 0.9181985296875 0.48488562083333336 0.9292279406249999 0.484477125 0.9301470593750001 0.4767156854166667 0.9286151953124999 0.47426470625 0.924938725 0.47549019583333335 0.9243259796875 0.47467320208333336 0.9252450984375 0.4701797395833333 0.9292279406249999 0.4685457520833333 0.9301470593750001 0.46037581666666666 0.9286151953124999 0.44362745000000003 0.9267769609375 0.43709150416666664 0.92585784375 0.4260620916666667 0.9243259796875 0.4227941166666667 0.919117646875 0.4174836604166667 0.9142156859374999 0.4166666666666667 0.9080882359375 0.40890522916666666 0.9047181375 0.4064542479166667 0.8979779406249999 0.40931372499999996 0.890625 0.4150326791666667 0.8887867640625 0.4215686270833333 0.8887867640625 0.4260620916666667 0.890318628125 0.43137254999999997 0.890625 0.43790849583333336
0 0.677696078125 0.23039215625 0.6807598046875001 0.23039215625 0.6783088234375 0.22875817083333333 0.677696078125 0.23039215625
0 0.691789215625 0.17769607916666666 0.6911764703125 0.17851307291666665 0.6924019609375 0.18014705833333336 0.6927083328125 0.17769607916666666 0.691789215625 0.17769607916666666
0 0.6893382359375 0.15073529375 0.6893382359375 0.15604575208333332 0.691789215625 0.1625817 0.69607843125 0.16503267916666667 0.6994485296875 0.16421568541666665 0.700367646875 0.16135620833333333 0.6997549015625 0.15686274583333332 0.7012867640625 0.15277777708333332 0.7040441171875 0.15073529375 0.7098651953124999 0.15032679791666667 0.715686275 0.14787581666666666 0.7239583328125 0.13684640625 0.72579656875 0.12990196041666666 0.7334558828125 0.12295751666666667 0.733149509375 0.11805555625 0.7349877453125 0.11274509791666666 0.7349877453125 0.10661764791666667 0.7282475484375001 0.096813725 0.7248774515624999 0.09640522916666666 0.72273284375 0.0984477125 0.7172181375 0.10008170000000001 0.70863970625 0.1045751625 0.706188725 0.10702614375 0.7037377453125 0.10743463958333334 0.702818628125 0.109477125 0.700367646875 0.10988562083333334 0.6979166671875 0.11274509791666666 0.6954656859375 0.12009803958333333 0.6954656859375 0.13480392083333334 0.6936274515624999 0.14133986875 0.690563725 0.14624182916666667 0.6893382359375 0.15073529375
0 0.77573529375 0.061274510416666664 0.7745098046875001 0.0625 0.7738970593750001 0.06658496666666666 0.7760416671875 0.06903594791666667 0.7763480390625 0.0625 0.77573529375 0.061274510416666664
0 0.5349264703125 0.4440359479166667 0.5395220593750001 0.44362745000000003 0.544117646875 0.43627451041666665 0.549938725 0.43055555624999997 0.5575980390625 0.43014705833333333 0.5618872546875 0.4252450979166667 0.565257353125 0.41911764791666667 0.5661764703125 0.4150326791666667 0.5661764703125 0.40890522916666666 0.565257353125 0.4060457520833333 0.5618872546875 0.40032679791666664 0.5563725484375001 0.3950163395833333 0.5502450984375 0.3925653604166667 0.5416666671875 0.3925653604166667 0.531556371875 0.40032679791666664 0.5306372546875 0.40277777708333334 0.5306372546875 0.43545751666666666 0.531556371875 0.43954248333333334 0.5349264703125 0.4440359479166667
0 0.8820465687500001 0.37622548958333335 0.8854166671874999 0.3897058833333333 0.8897058828125 0.39460784375 0.8979779406249999 0.39460784375 0.90073529375 0.3925653604166667 0.906556371875 0.39133986875000004 0.919117646875 0.384395425 0.924938725 0.359477125 0.9240196078125 0.35539215625 0.922181371875 0.35049019583333335 0.9172794124999999 0.3439542479166667 0.9111519609375 0.34068627500000004 0.9056372546875 0.33986928125000004 0.9044117640625 0.3341503270833333 0.9013480390625 0.33088235208333333 0.893688725 0.33047385625000003 0.886335784375 0.33374182916666667 0.879289215625 0.34191176458333333 0.877757353125 0.34844771249999995 0.875306371875 0.3517156854166667 0.8743872546875 0.3545751625 0.8743872546875 0.36478758125 0.875306371875 0.36805555624999997 0.8820465687500001 0.37622548958333335
0 0.2561274515625 0.40359477083333334 0.25704656875 0.4076797395833333 0.261335784375 0.40972222291666666 0.2665441171875 0.40890522916666666 0.2677696078125 0.4064542479166667 0.26807597968749997 0.40196078333333335 0.27113970625 0.3950163395833333 0.2705269609375 0.3766339875 0.2671568625 0.36887254999999997 0.2671568625 0.3488562083333333 0.265625 0.33782679791666664 0.2662377453125 0.32679738541666664 0.26807597968749997 0.32434640625 0.26960784375 0.3190359479166667 0.26899509843749997 0.31372548958333335 0.265318628125 0.3141339875 0.2610294125 0.31699346458333333 0.2545955875 0.3235294125 0.252757353125 0.33088235208333333 0.2438725484375 0.3447712416666667 0.2435661765625 0.34844771249999995 0.2411151953125 0.3525326791666667 0.2392769609375 0.3590686270833333 0.2392769609375 0.37091503333333337 0.2435661765625 0.3839869270833333 0.25306372499999996 0.40032679791666664 0.2561274515625 0.40359477083333334
0 0.515318628125 0.6090686270833333 0.51960784375 0.6123366020833333 0.5349264703125 0.6172385625000001 0.5401348046875001 0.6172385625000001 0.548100490625 0.6102941166666667 0.5557598046875001 0.6066176479166666 0.5609681375 0.6021241833333334 0.5643382359375 0.5980392166666667 0.565257353125 0.5939542479166667 0.56954656875 0.5886437916666666 0.57107843125 0.5882352937499999 0.5677083328125 0.5767973854166667 0.562806371875 0.5772058833333333 0.5600490203125 0.5792483666666667 0.5536151953124999 0.5792483666666667 0.5459558828125 0.5735294125 0.545649509375 0.5694444437499999 0.546875 0.5625 0.5502450984375 0.5571895416666667 0.547181371875 0.5535130729166667 0.5376838234375 0.56004901875 0.5306372546875 0.5584150333333333 0.525428921875 0.5526960791666667 0.5180759796875 0.5535130729166667 0.5147058828125 0.5612745104166666 0.515625 0.5669934645833333 0.5147058828125 0.5710784312499999 0.5079656859375 0.5808823520833334 0.5079656859375 0.5902777770833333 0.5104166671875 0.5943627458333334 0.5104166671875 0.6025326791666666 0.515318628125 0.6090686270833333
0 0.5474877453125 0.5490196083333333 0.5474877453125 0.5571895416666667 0.5444240203125 0.5608660125 0.544117646875 0.5637254895833334 0.542585784375 0.5661764708333333 0.542585784375 0.5698529416666667 0.545649509375 0.57434640625 0.55238970625 0.57883986875 0.5643382359375 0.5796568625 0.56801470625 0.5829248375 0.5704656859375 0.5870098041666666 0.578431371875 0.5853758166666666 0.58363970625 0.5816993458333334 0.5873161765625 0.5767973854166667 0.58976715625 0.5706699354166667 0.58976715625 0.56168300625 0.590686275 0.5588235291666667 0.5922181375 0.5575980395833333 0.5922181375 0.5531045750000001 0.5891544125 0.54616013125 0.58976715625 0.5347222229166667 0.58823529375 0.52900326875 0.5814950984375 0.5191993458333334 0.582414215625 0.51184640625 0.5818014703125 0.5065359479166667 0.578431371875 0.5044934645833333 0.573835784375 0.5065359479166667 0.5704656859375 0.5138888895833333 0.56954656875 0.5191993458333334 0.5658700984375 0.5228758166666666 0.563725490625 0.5232843145833334 0.5603553921875 0.5175653604166667 0.5545343140625 0.5171568625 0.5407475484375001 0.5212418291666666 0.53829656875 0.5245098041666666 0.53829656875 0.5339052291666667 0.5435049015625 0.54289215625 0.545649509375 0.54452614375 0.5474877453125 0.5490196083333333
0 0.1614583328125 0.7700163395833334 0.1657475484375 0.7691993458333334 0.1666666671875 0.7675653604166667 0.1681985296875 0.7675653604166667 0.176164215625 0.76184640625 0.1822916671875 0.76184640625 0.198835784375 0.7581699354166667 0.202818628125 0.7528594770833333 0.2037377453125 0.7487745104166666 0.20649509843749997 0.7438725500000001 0.211397059375 0.73815359375 0.21660539218750002 0.7348856208333333 0.2205882359375 0.7283496729166666 0.221813725 0.7201797395833334 0.223039215625 0.7185457520833333 0.22732843125 0.7177287583333333 0.2276348046875 0.7160947708333333 0.226102940625 0.7128267979166666 0.2212009796875 0.7083333333333334 0.2138480390625 0.7050653604166667 0.186274509375 0.70383986875 0.1825980390625 0.7022058833333333 0.174632353125 0.7017973854166667 0.1608455875 0.6960784312499999 0.1599264703125 0.7026143791666667 0.157475490625 0.7075163395833334 0.14920343125 0.7148692812499999 0.1455269609375 0.7218137250000001 0.146446078125 0.7357026145833333 0.144914215625 0.7446895416666667 0.15716911718749998 0.7667483666666667 0.1614583328125 0.7700163395833334
0 0.2368259796875 0.15563725416666668 0.2392769609375 0.15563725416666668 0.2420343140625 0.15318627499999998 0.2450980390625 0.15236928125 0.24908088281250002 0.15277777708333332 0.2552083328125 0.16135620833333333 0.25857843125 0.15931372500000002 0.261335784375 0.16135620833333333 0.2708333328125 0.16421568541666665 0.281556371875 0.17401960833333333 0.28982843125 0.1797385625 0.2947303921875 0.18055555625 0.296568628125 0.18259803958333334 0.299632353125 0.18259803958333334 0.3118872546875 0.17687908541666666 0.3186274515625 0.17238562083333334 0.323835784375 0.1670751625 0.3296568625 0.16421568541666665 0.33823529375 0.1515522875 0.344056371875 0.14950980416666668 0.35569852968750004 0.15114379166666667 0.3575367640625 0.14787581666666666 0.3584558828125 0.13357843125000002 0.3575367640625 0.12581699375 0.3575367640625 0.10784313749999999 0.35569852968750004 0.09354575208333334 0.3498774515625 0.07434640625000001 0.3458946078125 0.07066993541666666 0.346507353125 0.06617647083333333 0.3455882359375 0.06372548958333334 0.3489583328125 0.05351307291666666 0.3489583328125 0.046568627083333335 0.3458946078125 0.0420751625 0.3455882359375 0.0359477125 0.34742647031249996 0.03308823541666667 0.34742647031249996 0.0265522875 0.344975490625 0.01756536041666667 0.33486519531250003 0.01633986875 0.3262867640625 0.02573529375 0.3204656859375 0.03553921666666667 0.3170955875 0.036356208333333334 0.3106617640625 0.03390522916666667 0.30698529375 0.03472222291666667 0.302696078125 0.0375817 0.2959558828125 0.04493463958333333 0.29319852968750004 0.051879085416666665 0.28829656875 0.05718954166666667 0.28982843125 0.06004901875 0.29319852968750004 0.06045751666666667 0.29442402031250003 0.06617647083333333 0.296875 0.06944444375 0.296875 0.07271241875 0.2947303921875 0.07516339791666667 0.29319852968750004 0.07557189583333333 0.29013480468749997 0.071895425 0.2552083328125 0.071895425 0.2423406859375 0.06617647083333333 0.23590686249999998 0.06658496666666666 0.23345588281250002 0.07352941249999999 0.234068628125 0.08823529375 0.2319240203125 0.09640522916666666 0.23100490156250003 0.1233660125 0.2325367640625 0.13153594791666667 0.23345588281250002 0.1454248375 0.2368259796875 0.15563725416666668
0 0.2671568625 0.259395425 0.2760416671875 0.25285947708333334 0.27726715625 0.25449346458333333 0.2791053921875 0.26715686250000004 0.2830882359375 0.2675653604166667 0.2864583328125 0.2667483666666667 0.28829656875 0.26470588333333334 0.299632353125 0.24795751666666668 0.3063725484375 0.24387255 0.3106617640625 0.24387255 0.3134191171875 0.24591503333333334 0.32107843125 0.24754901875 0.32475490156250003 0.24305555625 0.327818628125 0.24142156874999998 0.33118872499999996 0.24142156874999998 0.3373161765625 0.24591503333333334 0.33976715625 0.24509803958333334 0.3416053921875 0.24305555625 0.3431372546875 0.23856209166666667 0.342524509375 0.23366013125 0.344056371875 0.22671568541666665 0.3498774515625 0.2214052291666667 0.3532475484375 0.21486928125 0.353553921875 0.20996732083333333 0.3514093140625 0.20547385624999998 0.34620097968749997 0.20138888958333334 0.344056371875 0.19648692708333335 0.3431372546875 0.19281045833333332 0.344056371875 0.17769607916666666 0.3431372546875 0.17524509791666668 0.335477940625 0.16625817083333333 0.3287377453125 0.1670751625 0.3174019609375 0.17565359375 0.3118872546875 0.17769607916666666 0.3048406859375 0.18300653541666667 0.2959558828125 0.18423202708333333 0.29381127500000004 0.1858660125 0.29013480468749997 0.18504901875 0.28462009843749997 0.178104575 0.27573529375 0.17075163333333335 0.26868872499999996 0.16870915 0.2665441171875 0.16952614375000002 0.26194852968750004 0.17769607916666666 0.2576593140625 0.18259803958333334 0.25551470625 0.18341503333333334 0.248774509375 0.19199346458333333 0.24662990156250003 0.203022875 0.242647059375 0.21200980416666668 0.2408088234375 0.22671568541666665 0.24019607812500002 0.25122548958333335 0.2435661765625 0.2589869270833333 0.2634803921875 0.26021241875 0.2671568625 0.259395425
0 0.2080269609375 0.68831699375 0.2123161765625 0.6924019604166667 0.21323529375 0.69934640625 0.21660539218750002 0.7022058833333333 0.227022059375 0.7005718958333333 0.234375 0.7026143791666667 0.24417892187499998 0.69934640625 0.25245097968749997 0.68668300625 0.25704656875 0.6821895416666667 0.25888480468749997 0.6781045750000001 0.25857843125 0.6691176479166666 0.2561274515625 0.6613562083333334 0.2521446078125 0.6552287583333333 0.2518382359375 0.6531862749999999 0.246936275 0.6478758166666666 0.234681371875 0.6397058833333333 0.219975490625 0.6388888895833333 0.217524509375 0.640522875 0.2107843140625 0.6478758166666666 0.20680147031249999 0.6568627458333334 0.20220588281250002 0.66339869375 0.201899509375 0.6691176479166666 0.20465686249999998 0.6772875812500001 0.2055759796875 0.6834150333333333 0.2080269609375 0.68831699375
0 0.140318628125 0.5012254895833334 0.14154411718749998 0.5012254895833334 0.140931371875 0.50081699375 0.140318628125 0.5012254895833334
0 0.1161151953125 0.4432189541666667 0.1216299015625 0.446895425 0.12806372500000002 0.4542483666666667 0.1354166671875 0.4579248375 0.1498161765625 0.47140522916666666 0.15073529375 0.47344771249999995 0.15471813750000002 0.47140522916666666 0.15471813750000002 0.46446078333333335 0.1556372546875 0.46282679791666664 0.157475490625 0.46119281041666665 0.1614583328125 0.46119281041666665 0.16482843125 0.45955882291666666 0.16482843125 0.45588235208333333 0.1623774515625 0.4513888895833333 0.1614583328125 0.4464869270833333 0.1614583328125 0.44199346458333333 0.16329656875 0.4358660125 0.16329656875 0.4227941166666667 0.16482843125 0.41217320208333336 0.16482843125 0.4068627458333333 0.163602940625 0.4060457520833333 0.1541053921875 0.40400326875000003 0.146446078125 0.4064542479166667 0.144914215625 0.40890522916666666 0.1427696078125 0.40972222291666666 0.1326593140625 0.4068627458333333 0.126225490625 0.41217320208333336 0.11856617656249999 0.4227941166666667 0.11856617656249999 0.42483660208333335 0.1161151953125 0.4285130729166667 0.1161151953125 0.43137254999999997 0.11427696093749999 0.43504901875 0.11427696093749999 0.43872548958333335 0.1161151953125 0.4432189541666667
0 0.4114583328125 0.4795751625 0.4166666671875 0.484477125 0.422181371875 0.4852941166666667 0.42800245156249994 0.4901960791666667 0.43198529375000005 0.49632352916666667 0.43198529375000005 0.49918300625 0.43014705937500003 0.5028594770833333 0.42493872499999996 0.5049019604166667 0.42493872499999996 0.509395425 0.427696078125 0.51184640625 0.4322916671875 0.51184640625 0.4353553921875 0.51633986875 0.438725490625 0.51797385625 0.44975490156250003 0.5175653604166667 0.4537377453125 0.5138888895833333 0.45649509843749997 0.50857843125 0.45618872499999996 0.5040849666666667 0.4546568625 0.50081699375 0.45618872499999996 0.49877451041666665 0.46323529375000005 0.49795751666666666 0.4666053921875 0.49509803958333337 0.4705882359375 0.48651960833333335 0.47181372499999996 0.4738562083333333 0.469975490625 0.4681372541666667 0.4696691171875 0.4579248375 0.4672181375 0.44934640625 0.46446078437500005 0.44444444375000003 0.4623161765625 0.44362745000000003 0.46017156875 0.44076797291666664 0.450367646875 0.4375 0.44362745156249994 0.43341503333333337 0.41819852968750004 0.43014705833333333 0.4166666671875 0.43055555624999997 0.41482843125 0.43464052291666666 0.41329656875 0.44934640625 0.40992647031249996 0.46119281041666665 0.40992647031249996 0.47467320208333336 0.4114583328125 0.4795751625
0 0.9791666671874999 0.18259803958333334 0.984375 0.18872548958333332 0.9993872546875 0.1858660125 0.9993872546875 0.09558823541666667 0.9966299015625 0.09354575208333334 0.9935661765624999 0.09436274583333333 0.9932598046875001 0.09640522916666666 0.9834558828125 0.10988562083333334 0.9791666671874999 0.12050653541666666 0.9724264703125 0.13194444375 0.9724264703125 0.16053921666666668 0.9757965687500001 0.16993463958333335 0.9757965687500001 0.17483660208333335 0.9791666671874999 0.18259803958333334
0 0.9950980390625 0.046977124999999995 0.99601715625 0.04289215625 0.99448529375 0.0420751625 0.9941789218749999 0.04452614375 0.9954044124999999 0.04493463958333333 0.9941789218749999 0.046568627083333335 0.9950980390625 0.046977124999999995
0 0.9984375 0.03333333333333333 0.0015625 0.004166666666666667
0 0.0805759796875 0.19934640625 0.086397059375 0.20669934583333335 0.1004901953125 0.21364379166666667 0.106617646875 0.21854575208333332 0.1109068625 0.22426470625 0.1109068625 0.23120915 0.1084558828125 0.23692810416666665 0.10814950937500001 0.24591503333333334 0.11519607812499999 0.26797385625000003 0.11519607812499999 0.2724673208333333 0.121936275 0.2810457520833333 0.12316176406249998 0.28553921666666665 0.1286764703125 0.29534313749999996 0.1295955875 0.2994281041666667 0.1338848046875 0.3047385625 0.139399509375 0.3071895416666666 0.148897059375 0.3071895416666666 0.15441176406249998 0.30514705833333333 0.1838235296875 0.30514705833333333 0.1896446078125 0.3010620916666667 0.19914215625 0.29820261458333336 0.201899509375 0.29411764791666667 0.2037377453125 0.28839869375 0.206188725 0.28594771249999995 0.230085784375 0.2875817 0.23774509843749997 0.2863562083333333 0.23774509843749997 0.2589869270833333 0.2349877453125 0.25081699375 0.234375 0.240604575 0.230085784375 0.22385620833333333 0.23100490156250003 0.21813725416666668 0.23069852968750001 0.20874182916666667 0.2282475484375 0.20261437916666666 0.2267156859375 0.19240196041666666 0.2267156859375 0.18096405208333335 0.2248774515625 0.17565359375 0.2248774515625 0.16789215625 0.22732843125 0.16135620833333333 0.22732843125 0.15604575208333332 0.22395833281250002 0.1499183 0.2162990203125 0.14011437916666666 0.21415441249999997 0.13929738541666667 0.210477940625 0.13521241875 0.207414215625 0.134395425 0.202818628125 0.12990196041666666 0.195772059375 0.12867647083333333 0.1829044125 0.12254901875 0.1822916671875 0.12132352916666668 0.17738970625 0.12009803958333333 0.1740196078125 0.11601307291666667 0.16942402031249998 0.11437908541666666 0.1666666671875 0.11192810416666667 0.16482843125 0.109477125 0.16482843125 0.10784313749999999 0.1623774515625 0.10906862708333334 0.1623774515625 0.11315359374999999 0.1614583328125 0.11478758125 0.1541053921875 0.115604575 0.15073529375 0.11070261458333334 0.1482843140625 0.11274509791666666 0.1470588234375 0.115604575 0.1443014703125 0.1172385625 0.140318628125 0.1172385625 0.13878676406249998 0.115604575 0.1344975484375 0.11437908541666666 0.1243872546875 0.11519607916666666 0.12009803906250001 0.12009803958333333 0.1170343140625 0.13112745 0.11519607812499999 0.13194444375 0.1099877453125 0.13929738541666667 0.10539215625000001 0.14338235208333333 0.10324754843749999 0.14910130625 0.10324754843749999 0.15236928125 0.10079656875000001 0.15808823541666667 0.0916053921875 0.1670751625 0.09068627500000001 0.17524509791666668 0.0873161765625 0.18218954166666668 0.083946078125 0.19362745 0.0805759796875 0.19934640625
0 0.1614583328125 0.10620915 0.1608455875 0.10498366041666667 0.157475490625 0.1045751625 0.156556371875 0.10539215625 0.156556371875 0.10784313749999999 0.157475490625 0.10825163333333333 0.1614583328125 0.10620915
0 0 0.46323529375 0.0061274515625 0.46486928125000004 0.0180759796875 0.46037581666666666 0.02113970625 0.4579248375 0.026348039062500002 0.44934640625 0.026654412500000002 0.44485294166666667 0.0248161765625 0.4391339875 0.0045955875 0.40890522916666666 0 0.40890522916666666 0 0.46323529375
0 0.026348039062500002 0.4252450979166667 0.029718137500000002 0.42565359375 0.03125 0.4215686270833333 0.031556371875 0.41339869375 0.026348039062500002 0.40318627500000004 0.021446078125 0.39624182916666667 0.0174632359375 0.39297385625000003 0.010416667187500001 0.3925653604166667 0.008884804687500001 0.3941993458333333 0.0079656859375 0.39624182916666667 0.008884804687500001 0.3999183 0.015318628125 0.41053921666666665 0.026348039062500002 0.4252450979166667
0 0.42585784374999996 0.19199346458333333 0.42524509843749997 0.20465686249999998 0.42616421562499995 0.20955882291666666 0.42616421562499995 0.2214052291666667 0.43198529375000005 0.23570261458333333 0.43351715625000004 0.24877451041666668 0.43443627500000004 0.25122548958333335 0.4368872546875 0.2532679729166667 0.44117647031249996 0.25285947708333334 0.44454656875 0.25040849583333336 0.4454656859375 0.2483660125 0.4512867640625 0.24673202708333333 0.45802696093749995 0.24918300625 0.46476715625000004 0.25367647083333333 0.4889705875 0.25285947708333334 0.49387254843750006 0.25367647083333333 0.49754902031250003 0.2565359479166667 0.502757353125 0.25816993541666666 0.50857843125 0.25816993541666666 0.5122549015625 0.25449346458333333 0.515318628125 0.2532679729166667 0.52573529375 0.240604575 0.5291053921875 0.23243463958333335 0.534007353125 0.22426470625 0.5349264703125 0.21895424791666668 0.5349264703125 0.1891339875 0.531556371875 0.18096405208333335 0.52267156875 0.16952614375000002 0.5177696078125 0.16625817083333333 0.5137867640625 0.16176470625 0.5052083328125 0.15604575208333332 0.49754902031250003 0.15604575208333332 0.4947916671875 0.15277777708333332 0.490196078125 0.14256536041666665 0.4834558828125 0.13807189583333335 0.4705882359375 0.13357843125000002 0.46262254843750006 0.134395425 0.45649509843749997 0.13194444375 0.44944852968750004 0.13480392083333334 0.4420955875 0.14624182916666667 0.43382352968750004 0.15400326875 0.42892156875 0.1625817 0.421875 0.16993463958333335 0.416053921875 0.17851307291666665 0.41574754843750006 0.18218954166666668 0.41758578437500005 0.18545751666666668 0.4234068625 0.18872548958333332 0.42585784374999996 0.19199346458333333
0 0.5830269609375 0.10089869375 0.590686275 0.11151960833333334 0.5931372546875 0.11968954166666666 0.5974264703125 0.12663398750000002 0.5989583328125 0.13153594791666667 0.5989583328125 0.14256536041666665 0.594975490625 0.14297385624999998 0.593443628125 0.14460784375 0.5922181375 0.14746732083333333 0.592524509375 0.15073529375 0.6014093140625 0.16748366041666665 0.6041666671875 0.17483660208333335 0.6078431375 0.17892156874999998 0.6112132359375 0.18545751666666668 0.615196078125 0.18872548958333332 0.61948529375 0.18831699375 0.624693628125 0.18545751666666668 0.627757353125 0.17851307291666665 0.6302083328125 0.17606209166666667 0.643688725 0.17524509791666668 0.6473651953124999 0.16217320208333333 0.6473651953124999 0.1589052291666667 0.646446078125 0.15318627499999998 0.64460784375 0.14828431458333335 0.6430759796875 0.14705882291666666 0.6397058828125 0.13766339791666665 0.639399509375 0.1327614375 0.6427696078125 0.12540849583333333 0.64460784375 0.11519607916666666 0.6421568625 0.10743463958333334 0.6412377453125 0.09885620833333333 0.637867646875 0.09272875833333334 0.63357843125 0.07761437916666666 0.630821078125 0.07434640625000001 0.6268382359375 0.07271241875 0.6127450984375 0.07230392083333334 0.60232843125 0.07434640625000001 0.598039215625 0.07679738541666666 0.590686275 0.07720588333333334 0.58363970625 0.08006536041666666 0.5772058828125 0.08047385625 0.5762867640625 0.08088235208333333 0.5787377453125 0.08741829999999999 0.5796568625 0.09395424791666666 0.5830269609375 0.10089869375
0 0.6102941171875 0.06372548958333334 0.6118259796875 0.0625 0.6127450984375 0.060866012500000004 0.6127450984375 0.05228758125 0.6109068625 0.049836602083333334 0.609068628125 0.04289215625 0.6056985296875 0.038398693750000004 0.603553921875 0.039624183333333333 0.6032475484375001 0.043709149999999995 0.6017156859375 0.04575163333333333 0.6017156859375 0.05351307291666666 0.6041666671875 0.0625 0.605085784375 0.06372548958333334 0.6102941171875 0.06372548958333334
0 0.5670955875 0.08006536041666666 0.568321078125 0.08006536041666666 0.572303921875 0.07557189583333333 0.582414215625 0.071895425 0.589460784375 0.07148692708333333 0.596507353125 0.06821895416666666 0.598039215625 0.06617647083333333 0.596507353125 0.052696079166666666 0.5922181375 0.031045752083333333 0.5790441171875 0.031454247916666664 0.5772058828125 0.03472222291666667 0.5762867640625 0.04125817083333334 0.565257353125 0.05637255 0.563725490625 0.06004901875 0.563725490625 0.06576797291666667 0.565257353125 0.06944444375 0.5670955875 0.08006536041666666
0 0.5603553921875 0.13888888958333334 0.5643382359375 0.1454248375 0.565257353125 0.15604575208333332 0.5670955875 0.16053921666666668 0.573835784375 0.16870915 0.578125 0.16870915 0.5796568625 0.16666666666666666 0.5787377453125 0.14787581666666666 0.5762867640625 0.14419934583333335 0.575367646875 0.13970588333333334 0.5719975484375001 0.13562091458333334 0.56954656875 0.12745098125 0.56954656875 0.12254901875 0.57107843125 0.12091503333333334 0.5756740203125 0.12132352916666668 0.583946078125 0.13112745 0.5854779406249999 0.13153594791666667 0.594975490625 0.14501633958333335 0.5983455875 0.14460784375 0.5998774515624999 0.14174836666666665 0.5989583328125 0.12908496666666666 0.594056371875 0.12009803958333333 0.5888480390625 0.10702614375 0.582414215625 0.09967320208333333 0.5787377453125 0.09232026041666666 0.576899509375 0.08537581666666667 0.5744485296875 0.08251633958333333 0.5686274515624999 0.08251633958333333 0.566789215625 0.08496732083333333 0.559436275 0.0890522875 0.552696078125 0.096813725 0.5517769609375 0.10171568541666667 0.552696078125 0.11601307291666667 0.559436275 0.12949346458333333 0.5603553921875 0.13888888958333334
0 0.626225490625 0.24387255 0.626225490625 0.24795751666666668 0.6268382359375 0.24509803958333334 0.626225490625 0.24387255
0 0.63204656875 0.20833333333333334 0.626225490625 0.21772875833333333 0.626225490625 0.22467320208333333 0.6271446078125 0.22589869375 0.6302083328125 0.22671568541666665 0.63664215625 0.2214052291666667 0.64460784375 0.21854575208333332 0.6510416671875 0.21895424791666668 0.6541053921875 0.2214052291666667 0.6583946078125 0.22099673125 0.660539215625 0.21691176458333333 0.6626838234375 0.20833333333333334 0.6657475484375001 0.20261437916666666 0.666053921875 0.19199346458333333 0.6623774515624999 0.17687908541666666 0.6577818625 0.16952614375000002 0.650428921875 0.16421568541666665 0.6473651953124999 0.16666666666666666 0.643688725 0.18055555625 0.6397058828125 0.18055555625 0.637561275 0.17769607916666666 0.63051470625 0.17769607916666666 0.626225490625 0.18382352916666667 0.627757353125 0.18872548958333332 0.6311274515624999 0.19240196041666666 0.6326593140625 0.19975490208333332 0.63204656875 0.20833333333333334
0 0.34375 0.2949346395833333 0.344975490625 0.29738562083333336 0.35232843125 0.3010620916666667 0.3602941171875 0.3108660125 0.37101715625 0.33047385625000003 0.37193627500000004 0.33823529375 0.375 0.34599673124999997 0.38174019531250003 0.3558006541666667 0.386335784375 0.35988562083333336 0.3897058828125 0.365604575 0.390625 0.37050653541666667 0.39307597968749997 0.37540849583333336 0.39736519531250003 0.37826797291666664 0.4047181375 0.37867647083333333 0.41237745156249994 0.37581699375 0.4172794125 0.37254901875 0.42432597968749997 0.3639705875 0.42922794062499997 0.35620915 0.43014705937500003 0.35212418333333334 0.43351715625000004 0.34558823541666667 0.438725490625 0.3386437916666667 0.44240196093749995 0.33619281041666665 0.4598651953125 0.3349673208333333 0.46537990156250003 0.3300653604166667 0.4672181375 0.3247549020833333 0.4672181375 0.30841503333333337 0.465992646875 0.29983660208333335 0.4666053921875 0.29534313749999996 0.46323529375000005 0.2802287583333333 0.46384803906250005 0.26838235208333333 0.4607843140625 0.2614379083333333 0.46047794062499997 0.2565359479166667 0.4595588234375 0.25449346458333333 0.453431371875 0.25040849583333336 0.44944852968750004 0.25040849583333336 0.44240196093749995 0.25449346458333333 0.43412990156250003 0.25367647083333333 0.43198529375000005 0.25040849583333336 0.43198529375000005 0.24019607916666666 0.4307598046875 0.23529411666666666 0.4234068625 0.21691176458333333 0.4240196078125 0.2079248375 0.4224877453125 0.20547385624999998 0.41850490156250003 0.20424836666666665 0.4114583328125 0.19934640625 0.4041053921875 0.1985294125 0.390931371875 0.19199346458333333 0.3802083328125 0.18954248333333332 0.36825980468749997 0.18954248333333332 0.36243872499999996 0.19117647083333333 0.3609068625 0.19362745 0.359375 0.19403594791666665 0.358149509375 0.19812091458333334 0.3584558828125 0.20710784375 0.3575367640625 0.21119281041666668 0.3486519609375 0.22630718958333332 0.344975490625 0.22998366041666665 0.344975490625 0.23406862708333334 0.348039215625 0.23774509791666668 0.34068627500000004 0.24795751666666668 0.33976715625 0.2589869270833333 0.33486519531250003 0.2724673208333333 0.333946078125 0.28472222291666666 0.335477940625 0.28839869375 0.33823529375 0.2920751625 0.34375 0.2949346395833333
0 0.6642156859375 0.07883986875 0.669117646875 0.08823529375 0.6734068625 0.10702614375 0.6767769609375 0.11519607916666666 0.676164215625 0.11968954166666666 0.671875 0.12622548958333332 0.671875 0.13357843125000002 0.6734068625 0.13888888958333334 0.6786151953124999 0.14419934583333335 0.6825980390625 0.14460784375 0.688725490625 0.14256536041666665 0.6936274515624999 0.1360294125 0.6939338234375 0.12622548958333332 0.6911764703125 0.09967320208333333 0.6868872546875 0.08619281041666667 0.6853553921875 0.07066993541666666 0.6859681375 0.06985294166666667 0.684436275 0.06740196041666667 0.6859681375 0.06699346458333334 0.6875 0.05841503333333333 0.6868872546875 0.052696079166666666 0.6853553921875 0.04901960833333333 0.6829044125 0.053104575 0.6829044125 0.0641339875 0.6850490203125 0.07107843124999999 0.68198529375 0.07352941249999999 0.6801470593750001 0.06862744999999999 0.677696078125 0.06576797291666667 0.6767769609375 0.05841503333333333 0.6724877453125 0.05106209166666666 0.669117646875 0.04820261458333333 0.6556372546875 0.0420751625 0.653186275 0.04289215625 0.653186275 0.0547385625 0.6541053921875 0.05841503333333333 0.66329656875 0.07475490208333334 0.6642156859375 0.07883986875
0 0.775428921875 0 0.7763480390625 0.0028594770833333333 0.77573529375 0.004493464583333333 0.77726715625 0.0020424833333333335 0.7797181375 0.0012254895833333332 0.7797181375 0 0.7778799015625 0.0016339875 0.7775735296875 0 0.775428921875 0
0 0.2435661765625 0.33088235208333333 0.2392769609375 0.3300653604166667 0.23713235312499997 0.3325163395833333 0.234068628125 0.33047385625000003 0.233149509375 0.33210784375 0.230085784375 0.3329248375 0.22916666718749998 0.3349673208333333 0.23805147031249999 0.3357843145833333 0.241727940625 0.33455882291666666 0.2435661765625 0.33088235208333333
0 0.242647059375 0.31699346458333333 0.241727940625 0.31658496666666663 0.2368259796875 0.31576797291666664 0.235600490625 0.3182189541666667 0.234375 0.31617647083333333 0.2325367640625 0.31699346458333333 0.2411151953125 0.32066993541666666 0.242647059375 0.3190359479166667 0.242647059375 0.31699346458333333
0 0.23069852968750001 0.3214869270833333 0.22977941249999997 0.31617647083333333 0.227022059375 0.31617647083333333 0.22395833281250002 0.31372548958333335 0.2212009796875 0.31617647083333333 0.215686275 0.31740196041666663 0.2138480390625 0.31944444375000003 0.21323529375 0.32107843125 0.21660539218750002 0.32516339791666665 0.22732843125 0.32107843125 0.23069852968750001 0.3214869270833333
0 0.2435661765625 0.30514705833333333 0.24601715624999998 0.30637254999999997 0.24846813750000002 0.31004901875 0.2509191171875 0.31004901875 0.2521446078125 0.31209150416666664 0.2509191171875 0.31372548958333335 0.2521446078125 0.31372548958333335 0.252757353125 0.31127451041666665 0.2662377453125 0.3108660125 0.2708333328125 0.30882352916666667 0.2760416671875 0.30882352916666667 0.2803308828125 0.3108660125 0.282475490625 0.31372548958333335 0.2864583328125 0.31617647083333333 0.28982843125 0.31699346458333333 0.2907475484375 0.31576797291666664 0.2907475484375 0.2900326791666667 0.2873774515625 0.28472222291666666 0.28431372499999996 0.28390522916666666 0.281556371875 0.2802287583333333 0.280024509375 0.2749183 0.2797181375 0.26838235208333333 0.27818627500000004 0.265522875 0.2760416671875 0.2557189541666667 0.269914215625 0.2565359479166667 0.266850490625 0.259395425 0.2576593140625 0.2610294125 0.248774509375 0.2589869270833333 0.24540441249999997 0.2557189541666667 0.24448529375 0.2532679729166667 0.2411151953125 0.25694444375 0.24019607812500002 0.2598039208333333 0.24019607812500002 0.2863562083333333 0.2411151953125 0.28962418333333334 0.2411151953125 0.2965686270833333 0.2435661765625 0.30514705833333333
0 0.2916666671875 0.25122548958333335 0.291053921875 0.25449346458333333 0.29319852968750004 0.25449346458333333 0.29350490156250003 0.25122548958333335 0.2916666671875 0.25122548958333335
0 0.2423406859375 0.24632352916666667 0.2411151953125 0.24632352916666667 0.2411151953125 0.25081699375 0.2432598046875 0.2483660125 0.2423406859375 0.24632352916666667
0 0.30703125 0.24479166666666666 0.00859375 0.0010416666666666667
0 0.24540441249999997 0.23039215625 0.2432598046875 0.22998366041666665 0.2420343140625 0.23243463958333335 0.2420343140625 0.23774509791666668 0.24448529375 0.23978758125 0.24601715624999998 0.23774509791666668 0.24540441249999997 0.23039215625
0 0.2435661765625 0.21486928125 0.24448529375 0.22385620833333333 0.24448529375 0.21119281041666668 0.2435661765625 0.21486928125
0 0.176164215625 0.34599673124999997 0.1822916671875 0.34926470625 0.1853553921875 0.3533496729166667 0.187193628125 0.3541666666666667 0.19454656875 0.36315359375 0.1954656859375 0.3672385625 0.1994485296875 0.3733660125 0.202818628125 0.37581699375 0.20772058750000003 0.37581699375 0.21323529375 0.375 0.21660539218750002 0.37295751666666666 0.2181372546875 0.36887254999999997 0.219056371875 0.3558006541666667 0.2205882359375 0.3517156854166667 0.2205882359375 0.33782679791666664 0.21660539218750002 0.33047385625000003 0.2107843140625 0.32679738541666664 0.20649509843749997 0.32107843125 0.20588235312499997 0.31699346458333333 0.19914215625 0.31658496666666663 0.1927083328125 0.31454248333333334 0.1752450984375 0.31454248333333334 0.17095588281250002 0.31617647083333333 0.167585784375 0.31985294166666667 0.1626838234375 0.3329248375 0.16329656875 0.33823529375 0.16482843125 0.34027777708333334 0.1712622546875 0.34150326875000003 0.176164215625 0.34599673124999997
0 0.0830269609375 0.33537581666666666 0.0805759796875 0.33823529375 0.0787377453125 0.3443627458333333 0.0762867640625 0.36478758125 0.07291666718749999 0.3733660125 0.07291666718749999 0.3766339875 0.0689338234375 0.39215686250000004 0.0689338234375 0.4011437916666667 0.0704656859375 0.41217320208333336 0.07291666718749999 0.4166666666666667 0.073835784375 0.42238562083333336 0.077818628125 0.4252450979166667 0.07965686250000001 0.42238562083333336 0.08118872499999999 0.42238562083333336 0.082414215625 0.41870915 0.08823529375 0.41053921666666665 0.0912990203125 0.40400326875000003 0.0916053921875 0.39297385625000003 0.094056371875 0.3897058833333333 0.096507353125 0.39011437916666664 0.0998774515625 0.3954248375 0.11121323593750002 0.41911764791666667 0.11427696093749999 0.4215686270833333 0.116727940625 0.4215686270833333 0.12009803906250001 0.41952614374999997 0.1271446078125 0.41053921666666665 0.1311274515625 0.4011437916666667 0.13878676406249998 0.3917483666666667 0.1412377453125 0.38684640625 0.14215686249999998 0.38357843125 0.14215686249999998 0.3733660125 0.14460784375 0.36642156875 0.14215686249999998 0.35539215625 0.1314338234375 0.34150326875000003 0.12806372500000002 0.33374182916666667 0.125306371875 0.32271241875 0.117647059375 0.31127451041666665 0.11488970624999999 0.3026960791666667 0.106617646875 0.2949346395833333 0.10232843124999999 0.2924836604166667 0.09895833281250001 0.2924836604166667 0.0962009796875 0.29452614374999997 0.09068627500000001 0.2957516333333333 0.0756740203125 0.30555555624999997 0.0735294125 0.31045751666666666 0.0744485296875 0.31372548958333335 0.080882353125 0.3231209145833333 0.08363970625 0.33088235208333333 0.0830269609375 0.33537581666666666
0 0 0.05759803958333333 0.001225490625 0.05759803958333333 0.0033700984375 0.062091504166666665 0.0052083328125 0.06331699375000001 0.011948529687499999 0.06576797291666667 0.015931371875 0.06576797291666667 0.02573529375 0.06168300625 0.0404411765625 0.060866012500000004 0.0435049015625 0.058823529166666666 0.049632353125 0.058006535416666664 0.0545343140625 0.05433006458333333 0.05698529375 0.04820261458333333 0.0625 0.039624183333333333 0.061887254687500004 0.026960783333333335 0.062806371875 0.01879085 0.0643382359375 0.014705883333333334 0.061274509374999994 0.013071895833333335 0.0603553921875 0.008578431249999999 0.0563725484375 0.0036764708333333336 0.046568628125 0.0020424833333333335 0.025428921875 0.0036764708333333336 0.0165441171875 0.0016339875 0.0064338234375 0.004901960416666667 0.002757353125 0.010620914583333333 0.002757353125 0.025326797916666664 0.0021446078125 0.029411764583333333 0 0.030228758333333335 0 0.05759803958333333
0 0.6228553921875 0.38521241875 0.63511029375 0.384395425 0.6421568625 0.3815359479166667 0.6479779406249999 0.3733660125 0.6541053921875 0.36805555624999997 0.657475490625 0.3672385625 0.6599264703125 0.3635620916666667 0.6636029406249999 0.36070261458333336 0.6681985296875 0.35988562083333336 0.671875 0.35702614374999997 0.6734068625 0.3541666666666667 0.6734068625 0.3517156854166667 0.66789215625 0.34681372499999996 0.6608455875 0.34640522916666666 0.6467524515624999 0.35212418333333334 0.6372549015625 0.35375817083333333 0.6354166671875 0.35620915 0.63204656875 0.35620915 0.6302083328125 0.3533496729166667 0.628063725 0.3590686270833333 0.6240808828125 0.36151960833333335 0.6084558828125 0.3619281041666667 0.6056985296875 0.3651960791666667 0.605085784375 0.3696895416666666 0.6099877453125 0.37704248333333334 0.61488970625 0.38112745000000003 0.6228553921875 0.38521241875
0 0.8036151953124999 0.23120915 0.80238970625 0.23774509791666668 0.80085784375 0.24019607916666666 0.7990196078125 0.24877451041666668 0.797181371875 0.25040849583333336 0.78982843125 0.25 0.7858455875 0.25449346458333333 0.7858455875 0.2691993458333333 0.7907475484375001 0.2814542479166667 0.7916666671875 0.28880718958333335 0.7962622546875 0.30228758125 0.7993259796875 0.30555555624999997 0.8115808828125 0.30555555624999997 0.813725490625 0.30759803958333337 0.8174019609375 0.30759803958333337 0.823835784375 0.30555555624999997 0.8262867640625 0.3026960791666667 0.828431371875 0.30228758125 0.8357843140625001 0.29534313749999996 0.8385416671874999 0.29452614374999997 0.8422181375 0.28880718958333335 0.84375 0.27900326875000003 0.844056371875 0.25694444375 0.8474264703125 0.2422385625 0.84926470625 0.22712418333333334 0.8609068625 0.21037581666666666 0.8627450984375 0.20996732083333333 0.8642769609375 0.20751633958333335 0.8667279406249999 0.1985294125 0.8670343140625001 0.1875 0.863664215625 0.18178104583333335 0.862438725 0.17606209166666667 0.856617646875 0.16462418333333334 0.8507965687500001 0.15972222291666668 0.844975490625 0.15686274583333332 0.8416053921875 0.15686274583333332 0.83823529375 0.1589052291666667 0.8314950984375 0.16870915 0.8275122546875 0.16911764791666667 0.823835784375 0.16748366041666665 0.8170955875000001 0.17034313750000002 0.809436275 0.178104575 0.80851715625 0.18055555625 0.8091299015625 0.203022875 0.8036151953124999 0.21078431458333335 0.8026960781250001 0.21813725416666668 0.8036151953124999 0.23120915
0 0.3489583328125 0.004084966666666667 0.344975490625 0.004493464583333333 0.3489583328125 0.006535947916666667 0.3498774515625 0.004901960416666667 0.3489583328125 0.004084966666666667
0 0.2990196078125 0 0.2984068625 0.007352941666666667 0.301164215625 0.015522875 0.3170955875 0.03267973958333333 0.3216911765625 0.03063725416666667 0.3275122546875 0.01879085 0.336397059375 0.004493464583333333 0.336397059375 0 0.2990196078125 0
0 0.690257353125 0.22753267916666667 0.687806371875 0.23202614375000002 0.687806371875 0.23815359375 0.688725490625 0.240604575 0.6920955875 0.2422385625 0.7052696078125 0.24305555625 0.7095588234375 0.24754901875 0.7120098046875001 0.2516339875 0.71323529375 0.25694444375 0.715686275 0.26184640625 0.715686275 0.26470588333333334 0.71875 0.2704248375 0.719056371875 0.2732843145833333 0.7239583328125 0.28390522916666666 0.7251838234375 0.28880718958333335 0.7306985296875 0.2957516333333333 0.7411151953124999 0.29452614374999997 0.7450980390625 0.2908496729166667 0.7493872546875 0.28308823541666667 0.7536764703125 0.27900326875000003 0.7607230390625 0.2606209145833333 0.762867646875 0.2589869270833333 0.7665441171875 0.25122548958333335 0.77113970625 0.24632352916666667 0.7931985296875 0.24754901875 0.7974877453125 0.24468954166666668 0.8017769609375 0.21691176458333333 0.80085784375 0.19240196041666666 0.794117646875 0.17279411666666666 0.7892156859375 0.16748366041666665 0.780024509375 0.16217320208333333 0.7766544125 0.1576797395833333 0.7806372546875 0.14133986875 0.78125 0.12377451041666668 0.778186275 0.11887255000000001 0.7732843140625 0.1172385625 0.7689950984375 0.11356209166666667 0.7619485296875 0.115604575 0.76011029375 0.11805555625 0.7521446078125 0.1233660125 0.750306371875 0.12704248333333334 0.75 0.13398692708333335 0.7481617640625 0.13643790833333333 0.734681371875 0.12867647083333333 0.728553921875 0.12908496666666666 0.7270220593750001 0.13031045833333332 0.7251838234375 0.13643790833333333 0.721813725 0.14174836666666665 0.719975490625 0.14256536041666665 0.719056371875 0.14501633958333335 0.714460784375 0.1499183 0.7064950984375 0.15114379166666667 0.702818628125 0.15318627499999998 0.7012867640625 0.15604575208333332 0.7012867640625 0.16421568541666665 0.6994485296875 0.1670751625 0.6969975484375001 0.17524509791666668 0.69454656875 0.17851307291666665 0.6920955875 0.18954248333333332 0.6920955875 0.196895425 0.6911764703125 0.19975490208333332 0.6911764703125 0.22303921666666668 0.690257353125 0.22753267916666667
0 0.0189950984375 0.6613562083333334 0.026348039062500002 0.6642156854166666 0.030637254687499997 0.66339869375 0.0364583328125 0.6584967312500001 0.040747548437499996 0.64133986875 0.0459558828125 0.6352124187499999 0.05085784375 0.6331699354166667 0.053615195312499996 0.6282679729166667 0.053615195312499996 0.6229575166666667 0.0459558828125 0.60702614375 0.042585784375000005 0.6045751625 0.037377451562500004 0.6045751625 0.03125 0.60702614375 0.02573529375 0.6074346395833333 0.0232843140625 0.609477125 0.021446078125 0.61315359375 0.020526960937499998 0.6205065354166667 0.0180759796875 0.62581699375 0.0171568625 0.64133986875 0.015318628125 0.6466503270833334 0.014705882812500001 0.6540032687499999 0.0189950984375 0.6613562083333334
0 0.43443627500000004 0 0.43412990156250003 0.0016339875 0.4310661765625 0.0028594770833333333 0.42432597968749997 0.0020424833333333335 0.4209558828125 0.0036764708333333336 0.41819852968750004 0.007352941666666667 0.41758578437500005 0.025326797916666664 0.4200367640625 0.036764706249999994 0.4209558828125 0.04901960833333333 0.4227941171875 0.053104575 0.42892156875 0.056781045833333335 0.440257353125 0.07557189583333333 0.44117647031249996 0.07883986875 0.4485294125 0.08578431458333333 0.45710784374999996 0.09926470625 0.45802696093749995 0.10416666666666667 0.46047794062499997 0.109477125 0.46139705937500003 0.12418300625 0.46323529375000005 0.12867647083333333 0.47273284374999996 0.12622548958333332 0.478553921875 0.12091503333333334 0.49509803906250005 0.12091503333333334 0.500306371875 0.11846405208333333 0.5131740203125 0.1172385625 0.51960784375 0.11437908541666666 0.5287990203125 0.10539215625 0.5205269609375 0.08496732083333333 0.5162377453125 0.06290849583333333 0.5162377453125 0.05106209166666666 0.5104166671875 0.03472222291666667 0.5094975484375001 0.02900326875 0.5064338234375 0.022467320833333335 0.5061274515624999 0.015114379166666667 0.50857843125 0.006535947916666667 0.50857843125 0.0036764708333333336 0.5064338234375 0 0.43443627500000004 0
0 0.9754901953124999 0.23243463958333335 0.9739583328125001 0.23611111041666666 0.9724264703125 0.2622549020833333 0.9767156859374999 0.2704248375 0.9767156859374999 0.27573529375 0.971813725 0.2810457520833333 0.9623161765624999 0.2875817 0.957414215625 0.29452614374999997 0.9546568625 0.3035130729166667 0.9555759796875 0.3071895416666666 0.95710784375 0.30800653541666667 0.9638480390625 0.3182189541666667 0.9666053921875 0.31985294166666667 0.9767156859374999 0.3316993458333333 0.9822303921875 0.3325163395833333 0.9859068625 0.32883986875000004 0.9917279406249999 0.3190359479166667 0.9920343140625001 0.31699346458333333 0.9978553921875 0.30923202708333336 0.9993872546875 0.30923202708333336 0.9993872546875 0.19117647083333333 0.9950980390625 0.1891339875 0.9877450984375 0.19117647083333333 0.9757965687500001 0.21078431458333335 0.9757965687500001 0.2160947708333333 0.9797794124999999 0.22712418333333334 0.9776348046875001 0.23120915 0.9754901953124999 0.23243463958333335
0 0.45557597968749997 0.115604575 0.45649509843749997 0.11601307291666667 0.45618872499999996 0.10825163333333333 0.45557597968749997 0.115604575
0 0.4200367640625 0.15604575208333332 0.4209558828125 0.16135620833333333 0.42585784374999996 0.16339869375 0.4286151953125 0.16217320208333333 0.4359681375 0.15114379166666667 0.43995097968749997 0.14787581666666666 0.44454656875 0.14133986875 0.4479166671875 0.13071895416666665 0.4479166671875 0.12459150416666667 0.450367646875 0.11478758125 0.4485294125 0.10906862708333334 0.44699754843750006 0.10743463958333334 0.431678921875 0.10334967291666668 0.4209558828125 0.11070261458333334 0.41452205937500003 0.11887255000000001 0.41053921562499995 0.12949346458333333 0.4108455875 0.13684640625 0.4166666671875 0.14705882291666666 0.4200367640625 0.15604575208333332
0 0.202818628125 0.44076797291666664 0.1994485296875 0.44607843125 0.202818628125 0.4522058833333333 0.20649509843749997 0.4522058833333333 0.2080269609375 0.4485294125 0.21415441249999997 0.44362745000000003 0.2181372546875 0.4375 0.219056371875 0.43423202708333336 0.2205882359375 0.43300653541666667 0.22089460781249998 0.4309640520833333 0.22732843125 0.4244281041666667 0.23069852968750001 0.4170751625 0.23069852968750001 0.4113562083333333 0.22977941249999997 0.40972222291666666 0.22334558750000003 0.4056372541666667 0.2205882359375 0.40155228750000005 0.21966911718749998 0.384395425 0.2169117640625 0.37949346458333333 0.20894607812500002 0.38521241875 0.2055759796875 0.3897058833333333 0.20465686249999998 0.39338235208333333 0.20465686249999998 0.40277777708333334 0.202818628125 0.41176470625 0.202818628125 0.42238562083333336 0.2037377453125 0.42401960833333335 0.20465686249999998 0.43545751666666666 0.202818628125 0.44076797291666664
0 0.734068628125 0.052696079166666666 0.7334558828125 0.053921568749999996 0.734375 0.05718954166666667 0.7349877453125 0.053104575 0.734068628125 0.052696079166666666
0 0.6608455875 0.03921568541666667 0.6626838234375 0.03921568541666667 0.6614583328125 0.03717320208333333 0.6608455875 0.03921568541666667
0 0.6865808828125 0.036764706249999994 0.688725490625 0.036356208333333334 0.6896446078125 0.034313724999999996 0.6954656859375 0.03267973958333333 0.702818628125 0.02736928125 0.7040441171875 0.022058822916666665 0.703431371875 0.0204248375 0.7009803921875 0.019607843750000003 0.6994485296875 0.01756536041666667 0.6954656859375 0.01756536041666667 0.6927083328125 0.018382352083333334 0.6896446078125 0.022058822916666665 0.6853553921875 0.022875816666666667 0.68198529375 0.02614379166666667 0.6792279406249999 0.029411764583333333 0.68351715625 0.032271241666666665 0.68351715625 0.036356208333333334 0.6865808828125 0.036764706249999994
0 0.7677696078125 0.009803920833333334 0.76960784375 0.008169935416666666 0.769914215625 0.004493464583333333 0.7689950984375 0.0028594770833333333 0.7665441171875 0.0036764708333333336 0.7662377453125 0.006535947916666667 0.7689950984375 0.013888889583333335 0.7689950984375 0.011437908333333333 0.7677696078125 0.009803920833333334
0 0.6234681375 0 0.6231617640625 0.0016339875 0.6161151953124999 0.004901960416666667 0.615196078125 0.009395425 0.6200980390625 0.01633986875 0.621936275 0.028594770833333335 0.6243872546875 0.031454247916666664 0.627757353125 0.03921568541666667 0.63204656875 0.04411764791666666 0.6412377453125 0.0453431375 0.6473651953124999 0.04411764791666666 0.6488970593750001 0.039624183333333333 0.6479779406249999 0.03799019583333333 0.6479779406249999 0.02900326875 0.646446078125 0.02573529375 0.6470588234375 0.02410130625 0.65625 0.023692810416666665 0.657475490625 0.022058822916666665 0.6580882359375 0.01756536041666667 0.6626838234375 0.013071895833333335 0.666053921875 0.013071895833333335 0.671568628125 0.019607843750000003 0.6752450984375 0.019607843750000003 0.677696078125 0.019199345833333333 0.68198529375 0.015522875 0.6936274515624999 0.012254902083333333 0.69607843125 0.009395425 0.69761029375 0.009395425 0.6979166671875 0.01184640625 0.6994485296875 0.012663397916666668 0.7022058828125 0.01184640625 0.702818628125 0.009395425 0.702818628125 0.004084966666666667 0.697303921875 0.0016339875 0.6969975484375001 0 0.6234681375 0
0 0.7172181375 0.4852941166666667 0.7212009796875 0.48488562083333336 0.7233455875 0.4824346395833333 0.72732843125 0.4832516333333333 0.733149509375 0.48978758125 0.73835784375 0.49183006458333334 0.73988970625 0.4946895416666666 0.7411151953124999 0.50694444375 0.7435661765625 0.5175653604166667 0.74448529375 0.5183823520833334 0.74448529375 0.5224673208333334 0.7435661765625 0.5236928104166666 0.7435661765625 0.5294117645833334 0.74448529375 0.5318627458333334 0.7481617640625 0.5310457520833334 0.7518382359375 0.528186275 0.7622549015625 0.5151143791666667 0.7732843140625 0.5057189541666667 0.7760416671875 0.49387254999999997 0.7794117640625 0.4934640520833333 0.7849264703125 0.49591503333333337 0.7931985296875 0.49591503333333337 0.796875 0.4877450979166667 0.796875 0.4685457520833333 0.7931985296875 0.45016339791666665 0.78982843125 0.4473039208333333 0.7858455875 0.44607843125 0.7745098046875001 0.44566993541666666 0.76960784375 0.4440359479166667 0.7671568625 0.44076797291666664 0.765625 0.43382352916666667 0.7619485296875 0.43055555624999997 0.7579656859375 0.43055555624999997 0.7549019609375 0.43341503333333337 0.751225490625 0.43300653541666667 0.75 0.43831699375 0.7478553921875 0.44076797291666664 0.7454044125 0.43668300625 0.74448529375 0.4276960791666667 0.7417279406249999 0.41625817083333333 0.7377450984375 0.41053921666666665 0.7310049015625 0.4125817 0.7236519609375 0.41789215625 0.7181372546875 0.4276960791666667 0.7153799015625 0.44035947708333334 0.7123161765625 0.44566993541666666 0.7107843140625 0.45261437916666664 0.7104779406249999 0.4579248375 0.708946078125 0.46282679791666664 0.71017156875 0.4840686270833333 0.7172181375 0.4852941166666667
0 0.9978553921875 0.07066993541666666 0.9993872546875 0.07066993541666666 0.9993872546875 0.039624183333333333 0.9981617640625 0.039624183333333333 0.9975490203125 0.03717320208333333 0.9975490203125 0.03472222291666667 0.9993872546875 0.03390522916666667 0.9993872546875 0.03186274583333333 0.99448529375 0.03063725416666667 0.9926470593750001 0.04084967291666666 0.9901960781250001 0.04452614375 0.98835784375 0.051879085416666665 0.9849877453125 0.05964052291666667 0.9849877453125 0.06290849583333333 0.980085784375 0.07393790833333333 0.98039215625 0.08129085 0.985600490625 0.08251633958333333 0.9926470593750001 0.07475490208333334 0.9978553921875 0.07066993541666666
0 0.980085784375 0.03267973958333333 0.9806985296875 0.03390522916666667 0.981617646875 0.031045752083333333 0.9849877453125 0.02900326875 0.9877450984375 0.024509804166666666 0.9877450984375 0.020833333333333332 0.9849877453125 0.021241829166666667 0.983149509375 0.023284314583333333 0.9825367640625 0.02614379166666667 0.980085784375 0.029411764583333333 0.981311275 0.031045752083333333 0.980085784375 0.03267973958333333
0 0.98988970625 0.015114379166666667 0.9911151953124999 0.01633986875 0.9911151953124999 0.012663397916666668 0.98988970625 0.015114379166666667
0 0.313725490625 0.02573529375 0.315257353125 0.02573529375 0.3140318625 0.024509804166666666 0.313725490625 0.02573529375
0 0.3437714453125 0 0.34375 0.0020424833333333335 0.3422181375 0 0.3422181375 0.0012254895833333332 0.3498774515625 0.01184640625 0.35079656875 0.015114379166666667 0.35079656875 0.03186274583333333 0.35232843125 0.03553921666666667 0.35232843125 0.039624183333333333 0.355085784375 0.04411764791666666 0.3609068625 0.04820261458333333 0.37254902031250003 0.060866012500000004 0.3844975484375 0.06576797291666667 0.389399509375 0.06617647083333333 0.39399509843749997 0.06821895416666666 0.40073529375000005 0.06821895416666666 0.4053308828125 0.06495098125 0.409007353125 0.05841503333333333 0.41053921562499995 0.042483660416666666 0.41237745156249994 0.03553921666666667 0.41329656875 0.01021241875 0.41237745156249994 0.004493464583333333 0.409007353125 0.0012254895833333332 0.409007353125 0 0.3437714453125 0
0 0.3118872546875 0 0.3118872546875 0.0012254895833333332 0.3140318625 0.0016339875 0.3146446078125 0 0.3118872546875 0
0 0.301164215625 0.00694444375 0.30085784375 0.008578431249999999 0.3017769609375 0.004084966666666667 0.30024509843749997 0 0.29993872499999996 0.0020424833333333335 0.30085784375 0.0032679729166666667 0.29993872499999996 0.00612745 0.301164215625 0.00694444375
0 0.352022059375 0.7520424833333333 0.353553921875 0.7532679729166667 0.36182597968749997 0.7642973854166667 0.36274509843749997 0.7647058833333333 0.36642156875 0.7614379083333334 0.369178921875 0.7536764708333333 0.3700980390625 0.7434640520833333 0.375 0.7365196083333333 0.375306371875 0.7299836604166666 0.3734681375 0.7238562083333334 0.365196078125 0.7120098041666666 0.3642769609375 0.7087418291666666 0.3609068625 0.7050653604166667 0.35079656875 0.7050653604166667 0.34773284375 0.7111928104166666 0.34068627500000004 0.7111928104166666 0.33823529375 0.7140522874999999 0.3373161765625 0.7185457520833333 0.3373161765625 0.7397875812500001 0.34037990156250003 0.7446895416666667 0.34742647031249996 0.7528594770833333 0.352022059375 0.7520424833333333
0 0.512867646875 0.5245098041666666 0.5079656859375 0.5355392166666667 0.50704656875 0.5420751625 0.5079656859375 0.5526960791666667 0.5088848046875001 0.5551470583333333 0.511335784375 0.5571895416666667 0.5174632359375 0.5555555562500001 0.519914215625 0.5535130729166667 0.52267156875 0.5535130729166667 0.5263480390625 0.5571895416666667 0.5287990203125 0.5535130729166667 0.530024509375 0.5457516333333333 0.5358455875 0.5367647062500001 0.5373774515624999 0.5363562083333334 0.5373774515624999 0.5261437916666667 0.5389093140625 0.5224673208333334 0.5389093140625 0.5175653604166667 0.535539215625 0.490604575 0.53829656875 0.48366013124999996 0.5435049015625 0.4767156854166667 0.5435049015625 0.46609477083333334 0.5416666671875 0.46323529375 0.5330882359375 0.45588235208333333 0.5291053921875 0.45547385625000003 0.52726715625 0.4575163395833333 0.5248161765625 0.46609477083333334 0.5245098046875001 0.4893790854166667 0.5220588234375 0.49142156875 0.5189950984375 0.4877450979166667 0.512867646875 0.48815359375 0.5104166671875 0.490604575 0.5094975484375001 0.4934640520833333 0.509803921875 0.5012254895833334 0.5137867640625 0.5130718958333333 0.5137867640625 0.5183823520833334 0.512867646875 0.5245098041666666
0 0.7015931375 0.5584150333333333 0.702818628125 0.5604575166666667 0.7022058828125 0.5637254895833334 0.703125 0.5665849666666667 0.70863970625 0.5694444437499999 0.7166053921875 0.5796568625 0.72732843125 0.5902777770833333 0.7306985296875 0.5919117645833333 0.734068628125 0.5902777770833333 0.7368259796875 0.5853758166666666 0.7408088234375 0.5825163395833334 0.7484681375 0.5825163395833334 0.7518382359375 0.5772058833333333 0.7521446078125 0.5735294125 0.754289215625 0.5694444437499999 0.7619485296875 0.5690359479166667 0.7637867640625 0.5653594770833333 0.765318628125 0.5563725500000001 0.765318628125 0.5424836604166666 0.762867646875 0.5334967312500001 0.7594975484375001 0.528186275 0.7552083328125 0.5261437916666667 0.7518382359375 0.5265522875 0.7490808828125 0.5306372541666666 0.7438725484375001 0.5314542479166666 0.7426470593750001 0.5285947708333334 0.7417279406249999 0.50857843125 0.740196078125 0.5044934645833333 0.7368259796875 0.5044934645833333 0.7306985296875 0.5142973854166667 0.730085784375 0.51184640625 0.7264093140625 0.50694444375 0.7205882359375 0.5040849666666667 0.7104779406249999 0.50694444375 0.706188725 0.51184640625 0.7046568625 0.5204248375 0.6969975484375001 0.528186275 0.6963848046875001 0.5310457520833334 0.6936274515624999 0.5457516333333333 0.6939338234375 0.5535130729166667 0.6969975484375001 0.5571895416666667 0.7015931375 0.5584150333333333
0 0.1599264703125 0.64133986875 0.1654411765625 0.6401143791666667 0.1666666671875 0.6290849666666667 0.17095588281250002 0.6156045750000001 0.17003676406249998 0.6127450979166666 0.1681985296875 0.6107026145833333 0.1608455875 0.6078431375 0.1541053921875 0.6119281041666667 0.1513480390625 0.6160130729166667 0.1498161765625 0.6205065354166667 0.1498161765625 0.6254084958333334 0.15318627499999998 0.63684640625 0.1599264703125 0.64133986875
0 0.751225490625 0.11887255000000001 0.75704656875 0.11805555625 0.7631740203125 0.11315359374999999 0.7693014703125 0.11070261458333334 0.7803308828125 0.11683006458333334 0.7830882359375 0.12581699375 0.7806372546875 0.14460784375 0.7806372546875 0.15808823541666667 0.7830882359375 0.16135620833333333 0.7861519609375 0.1625817 0.7947303921875 0.16993463958333335 0.7993259796875 0.17524509791666668 0.8042279406249999 0.17565359375 0.8103553921875 0.17401960833333333 0.8134191171875 0.17238562083333334 0.81801470625 0.16748366041666665 0.8210784312499999 0.16625817083333333 0.8318014703125 0.16625817083333333 0.8373161765624999 0.15849673125 0.8376225484375001 0.15645424791666668 0.842524509375 0.1535947708333333 0.8627450984375 0.15236928125 0.8664215687500001 0.15073529375 0.8676470593750001 0.14787581666666666 0.8728553921875 0.12091503333333334 0.8728553921875 0.11315359374999999 0.871936275 0.11111111041666667 0.8725490203125 0.10171568541666667 0.87101715625 0.09640522916666666 0.8575367640625 0.07679738541666666 0.8541666671874999 0.06862744999999999 0.8541666671874999 0.06454248333333333 0.856617646875 0.05923202708333333 0.8627450984375 0.05024509791666667 0.86335784375 0.036356208333333334 0.862438725 0.028594770833333335 0.860600490625 0.025326797916666664 0.856617646875 0.022058822916666665 0.8532475484375001 0.012663397916666668 0.8507965687500001 0.01021241875 0.8345588234375001 0.01184640625 0.8330269609375 0.014297385416666667 0.8330269609375 0.0265522875 0.8305759796875 0.031045752083333333 0.8305759796875 0.049836602083333334 0.828431371875 0.06045751666666667 0.8272058828125 0.060866012500000004 0.8244485296875 0.05841503333333333 0.8210784312499999 0.06372548958333334 0.8109681375 0.06740196041666667 0.8063725484375001 0.07148692708333333 0.7950367640625 0.07557189583333333 0.7904411765625 0.07883986875 0.7876838234375 0.07883986875 0.7858455875 0.07638888958333333 0.7858455875 0.07475490208333334 0.785539215625 0.07720588333333334 0.7827818625 0.07924836666666667 0.781556371875 0.06944444375 0.778186275 0.06454248333333333 0.776960784375 0.06045751666666667 0.77573529375 0.05923202708333333 0.7647058828125 0.06045751666666667 0.7545955875 0.06903594791666667 0.752757353125 0.08210784375 0.750306371875 0.08741829999999999 0.750306371875 0.10661764791666667 0.7484681375 0.11192810416666667 0.7481617640625 0.11642156875000001 0.751225490625 0.11887255000000001
0 0.69607843125 0.3435457520833333 0.6951593140625 0.35130718958333335 0.6920955875 0.35620915 0.6911764703125 0.35988562083333336 0.690257353125 0.36764705833333333 0.693321078125 0.37254901875 0.69761029375 0.37622548958333335 0.6979166671875 0.37785947708333334 0.7012867640625 0.37949346458333333 0.698835784375 0.38316993541666666 0.6994485296875 0.3888888895833333 0.703125 0.3941993458333333 0.7080269609375 0.3974673208333333 0.7110906859375 0.39787581666666666 0.71323529375 0.40032679791666664 0.7282475484375001 0.39011437916666664 0.7267156859375 0.384395425 0.7282475484375001 0.3860294125 0.731617646875 0.38521241875 0.734068628125 0.38194444375000003 0.73835784375 0.37173202708333336 0.7392769609375 0.3651960791666667 0.7392769609375 0.35089869375 0.7417279406249999 0.34558823541666667 0.7411151953124999 0.33700980416666665 0.73835784375 0.3300653604166667 0.734375 0.32434640625 0.7306985296875 0.321895425 0.72273284375 0.321895425 0.717524509375 0.31985294166666667 0.71323529375 0.31985294166666667 0.698835784375 0.3272058833333333 0.6969975484375001 0.3300653604166667 0.69301470625 0.33088235208333333 0.690257353125 0.3333333333333333 0.6893382359375 0.3349673208333333 0.691789215625 0.33905228750000005 0.6920955875 0.34150326875000003 0.69607843125 0.3435457520833333
0 0.8728553921875 0.15318627499999998 0.87898284375 0.15604575208333332 0.8829656859374999 0.16053921666666668 0.8869485296875 0.1625817 0.8921568625 0.17156862708333334 0.8927696078125 0.17524509791666668 0.8988970593750001 0.18218954166666668 0.9013480390625 0.18341503333333334 0.9148284312499999 0.20465686249999998 0.9295343140625001 0.22058823541666667 0.9353553921875 0.22426470625 0.938725490625 0.2234477125 0.9460784312499999 0.21568627499999998 0.9546568625 0.21037581666666666 0.9604779406249999 0.203022875 0.96476715625 0.1891339875 0.971507353125 0.17851307291666665 0.9724264703125 0.17401960833333333 0.971507353125 0.14256536041666665 0.969056371875 0.13398692708333335 0.9681372546875 0.115604575 0.9629289218749999 0.10743463958333334 0.9460784312499999 0.08823529375 0.9408700984375 0.08823529375 0.9356617640625 0.09313725416666667 0.92585784375 0.09354575208333334 0.917585784375 0.090686275 0.9099264703125 0.08986928125 0.90073529375 0.08578431458333333 0.8939950984375 0.08578431458333333 0.8854166671874999 0.0984477125 0.8795955875000001 0.1045751625 0.875306371875 0.11642156875000001 0.8743872546875 0.12785947708333334 0.87101715625 0.13684640625 0.87101715625 0.15073529375 0.8728553921875 0.15318627499999998
0 0.5147058828125 0 0.5104166671875 0.00612745 0.5104166671875 0.008986927083333334 0.5079656859375 0.013888889583333335 0.5079656859375 0.023284314583333333 0.5104166671875 0.028186275 0.511335784375 0.03267973958333333 0.5147058828125 0.03717320208333333 0.51960784375 0.038398693750000004 0.5327818625 0.023284314583333333 0.5364583328125 0.022875816666666667 0.5431985296875 0.01756536041666667 0.5818014703125 0.017156862499999998 0.58823529375 0.0204248375 0.5916053921875 0.014705883333333334 0.5974264703125 0.016748366666666667 0.6041666671875 0.014705883333333334 0.6056985296875 0.012254902083333333 0.6056985296875 0.00612745 0.605085784375 0.004493464583333333 0.5989583328125 0.0016339875 0.5983455875 0 0.5147058828125 0
0 0.9834558828125 0.3316993458333333 0.9892769609375 0.3239379083333333 0.9926470593750001 0.31740196041666663 0.996936275 0.3125 0.996936275 0.3108660125 0.9993872546875 0.31004901875 0.9993872546875 0.23325163333333335 0.99448529375 0.23120915 0.9911151953124999 0.23774509791666668 0.9901960781250001 0.23570261458333333 0.9877450984375 0.23488562083333334 0.985600490625 0.23202614375000002 0.984068628125 0.23202614375000002 0.981617646875 0.2295751625 0.980085784375 0.2295751625 0.9754901953124999 0.23325163333333335 0.9733455875000001 0.24468954166666668 0.9724264703125 0.26184640625 0.9733455875000001 0.2651143791666667 0.9764093140625001 0.2691993458333333 0.9773284312499999 0.2724673208333333 0.9767156859374999 0.27573529375 0.9681372546875 0.28390522916666666 0.9666053921875 0.28390522916666666 0.9604779406249999 0.2892156854166667 0.9555759796875 0.29738562083333336 0.9546568625 0.30514705833333333 0.9613970593750001 0.31576797291666664 0.980085784375 0.3325163395833333 0.9834558828125 0.3316993458333333
0 0.8207720593750001 0.3815359479166667 0.8247549015625 0.384395425 0.828431371875 0.3848039208333333 0.8363970593750001 0.3925653604166667 0.8403799015625 0.3917483666666667 0.8483455875000001 0.37704248333333334 0.859068628125 0.37540849583333336 0.8609068625 0.37295751666666666 0.8627450984375 0.365604575 0.8627450984375 0.3582516333333333 0.8587622546875 0.3443627458333333 0.8556985296875 0.34068627500000004 0.8486519609375 0.3431372541666667 0.8443627453125 0.34027777708333334 0.8416053921875 0.3374183 0.83976715625 0.33047385625000003 0.8348651953124999 0.3255718958333333 0.8314950984375 0.32516339791666665 0.825367646875 0.3272058833333333 0.8195465687500001 0.3316993458333333 0.812806371875 0.35620915 0.8125 0.37295751666666666 0.812806371875 0.37826797291666664 0.8140318625 0.3807189541666667 0.8207720593750001 0.3815359479166667
0 0.6743259796875 0.4877450979166667 0.6764705875 0.4922385625 0.68198529375 0.49591503333333337 0.6841299015625 0.50081699375 0.6825980390625 0.51633986875 0.6850490203125 0.5191993458333334 0.6927083328125 0.5208333333333334 0.7025122546875 0.51960784375 0.7064950984375 0.5151143791666667 0.707414215625 0.5110294125 0.7107843140625 0.50694444375 0.7169117640625 0.5036764708333333 0.7205882359375 0.5032679729166667 0.721507353125 0.4983660125 0.721507353125 0.4901960791666667 0.7205882359375 0.48815359375 0.712928921875 0.4869281041666667 0.7098651953124999 0.48488562083333336 0.708946078125 0.4832516333333333 0.7080269609375 0.4689542479166667 0.7064950984375 0.46609477083333334 0.702818628125 0.46609477083333334 0.7012867640625 0.46323529375 0.7022058828125 0.446895425 0.6994485296875 0.44117647083333333 0.6920955875 0.43668300625 0.68198529375 0.4391339875 0.677696078125 0.44444444375000003 0.6743259796875 0.453022875 0.6740196078125 0.45710784375 0.6709558828125 0.46119281041666665 0.6700367640625 0.4636437916666667 0.6700367640625 0.47140522916666666 0.6734068625 0.4767156854166667 0.6743259796875 0.4877450979166667